institution_id,checker_run,blind_equity_formal,blind_basis,blind_instrument,blind_scope,blind_disability_rule,merged_equity_formal,equity_check,scope_check,selectivity_fields_checked,selectivity_check,rate_comparability,disagreement,resolution,notes
GBR-CAM,K02,yes,income_or_socioeconomic;other,separate_track;lower_cutoff,access_programme_only,no,yes,agree,agree,applicants=21445;admitted=4553;entrants=3557,agree,ok,,none_needed,"Blind: Foundation Year (2023 entry, 120 UCAS points, educational-disadvantage eligibility) is a separate pre-degree track; the contextual-data page (entry Oct 2023) says contextual data is not used to systematically make lower offers, so no rule for degree courses: access_programme_only. No national UK rule reserving places (Office for Students access and participation plans are regulatory plans, not admission rules). Selectivity: all three figures confirmed in the 2023-cycle statistics; the same publication states applicants are usually permitted only one application per year, so 'applications' is close to unique applicants. Acceptances include deferred entry to Oct 2024 (noted in merged row). Rates readable as same cycle and population."
GBR-ED,K02,yes,income_or_socioeconomic;region_or_rural;public_school;other,lower_cutoff;contextual_offer,all_programmes,no,yes,agree,agree,applicants=69377;admitted=27608;entrants=6409,agree,ok,"basis only: blind adds public_school (Acorn/POLAR criteria require attending a state school in England, Wales or Northern Ireland); minor, not proposed as a correction",none_needed,"Blind: Plus Flag applicants guaranteed offers at the minimum entry requirement in most cases. The archived criteria page I opened is labelled '2024 entry' (capture Mar 2023), nearest year flagged; the merged row cites a 2023-entry page. Mandate: Scottish Government widening-access targets exist but I did not open them; institutional coding acceptable. Selectivity confirmed on a Sep-2024 capture of the admissions-statistics page (2023 row). Units are applications, offers and acceptances on the same basis, all fee statuses, same cycle: rates readable. Entry rate 9% vs offer rate 40% reflects many offers declined."
GBR-ICL,K02,yes,income_or_socioeconomic;region_or_rural;first_generation;other,lower_cutoff;contextual_offer,some_programmes,no,yes,agree,agree,applicants=30039;entrants=3032,agree,ok,,none_needed,"Blind (Dec-2022 capture, inside the 2023-entry cycle): guaranteed offers at the College minimum AAA in Life Sciences, Physics, Medical Biosciences; Mathematics guaranteed offer at departmental minimum with contextualised MAT; Medicine adjusted BMAT threshold and contextual offer AAA. Other departments only guarantee interviews (not a qualifying instrument), hence some_programmes. Selectivity confirmed (Statistics Guide 2023-24 p.5 Total row). Caveat: applications counted at 31 Oct 2023 include deferred-entry applications from 2022; Graduate Entry/Intercalated Medicine excluded on both sides. Same scope for both numbers; entry_rate readable with that caveat."
GBR-OX,K02,yes,income_or_socioeconomic;public_school;other,separate_track;lower_cutoff,access_programme_only,no,yes,agree,agree,applicants=23211;admitted=3721;entrants=3219,agree,ok,,none_needed,"Blind: Astrophoria Foundation Year, first entry September 2023, up to 50 places, UK state-school students meeting eligibility criteria: separate track. Contextual data only gives a strong recommendation to shortlist for interview conditional on likely achieving the standard offer (not a lower threshold): no rule for degree courses, so access_programme_only. I did not open the AFY offer level (BBB) myself; lower_cutoff rests on the collector's source. Selectivity: Table 1.1 row 2023 confirmed (report retrieved via a July-2026 archive capture). Applications in one UCAS cycle; offers and admitted same cycle; rates readable."
GBR-UCL,K02,yes,income_or_socioeconomic;region_or_rural;public_school;other,lower_cutoff;contextual_offer,all_programmes,no,yes,agree,agree,applicants=79082;admitted=19676;places=7001,agree,ok,,none_needed,"Blind: Access UCL contextual offers lower than standard entry requirements, with contextual requirements per programme (Jan-2023 capture, cites 25 January 2023 deadline). Selectivity: recomputed the sum of 11 faculty rows = 79082 apps / 19676 offers / 7001 places, matching the merged row. Applications are per programme choice; offers same basis and year: admission_rate readable. No entrants, so entry_rate not computable. 'Places' undefined in the source (may be intake); applicants_per_place should carry that caveat."
JPN-KYOTO,K02,no,,,,no,no,agree,na,applicants=7417;admitted=2709;entrants=2701;places=2660,agree,ok,,none_needed,"Blind: 2023 routes are 一般選抜 (前期) and 特色入試 (merit/aptitude, faculty-specific; table of 特色入試 in the 2023 要項 shows no disadvantage criterion) plus international routes. MEXT 2023 guideline only permits diversity-background selection; no national quota. Disability: reasonable accommodation in testing only (not a reserved-place rule). Selectivity: all four values confirmed; all refer to 一般選抜 前期. Admitted 2709 is as of 10 Mar 2023 before make-up exam admits (slight understatement, noted by collector); applicants as of 14 Feb. Same route and year: rates readable."
JPN-OSAKA,K02,no,,,,no,no,agree,na,applicants=8627;entrants=3323;places=3252,agree,ok,,none_needed,"Blind: 2023 総合型/学校推薦型 募集要項 contains no disadvantage-based admission rule (only scholarships, a women's entrance grant (financial, gender) and fee waivers for disaster victims). 一般選抜 2023 募集要項 not opened by me either; confidence medium. Selectivity: Profile 2023 p.22 read visually: 3,252 / 8,627 / 3,323 confirmed. Applicants and entrants from the same table and year; routes covered not stated but same on both sides; entry_rate readable. No admitted figure; admission_rate not computable."
JPN-TITECH,K02,no,,,,no,no,agree,na,applicants=4663;admitted=1065;entrants=1053;places=1028,agree,ok,,none_needed,"Blind: no disadvantage-based rule for April 2023 entry; the women's quota (女子枠) starts April 2024 and would be excluded anyway as a gender quota (D068/D071). I did not open the full 2023 選抜要項 (no archive capture found). Selectivity: route totals reopened and re-summed: 930+90+8=1028 places, 4167+480+16=4663 applicants, 966+91+8=1065 admitted, 954+91+8=1053 entrants. Same routes and year: rates readable."
JPN-TOHOKU,K02,no,,,,no,no,agree,na,applicants=7506;admitted=2527;entrants=2434;places=2359,agree,ok,,none_needed,"Blind: the 2023 選抜要項 web pamphlet lists general, AO II/III and special selections (science olympiad, IB, private international, returnee, global, international bachelor); no disadvantage-defined route. My blind search missed the medical 地域枠入試 (9 places: Miyagi 7, Iwate 2), which appears in the 総括表. After comparison I agree with the merged 'no': a prefecture-of-origin quota tied to future regional medical service is a territorial / service-obligation route (D071; task rules), not rural/remote-origin equity under D072. Flag for the investigator only if regional medical quotas are to be treated as region_or_rural. Selectivity: 合計 row reopened: 2,359 / 7,506 / 2,527 / 2,434 confirmed. Totals include international-student routes on both sides; rates readable."
JPN-UTOKYO,K02,no,,,,no,no,agree,na,applicants=9559;admitted=3085;entrants=3070;places=3060,agree,ok,,none_needed,"Blind: 2023 選抜要項 (July 2022) lists 一般選抜, 学校推薦型選抜, foreign-school special selection and PEAK; no disadvantage-based route; disability only as reasonable accommodation (事前相談). Selectivity: 合計 row confirmed (3,060 / 9,559 / 3,085 / 3,070); special selection excluded on all sides per 備考. Rates readable."
CHL-PUC,K02,yes,income_or_socioeconomic;public_school,reserved_places;separate_track,all_programmes,unknown,yes,agree,agree,applicants=61367;admitted=6369;entrants=5600;places=5622,agree,ok,"basis/instrument: merged adds race_ethnicity and lower_cutoff from the institutional Talento e Inclusion and Admision Intercultural routes, which I did not open; not a disagreement",none_needed,"Blind: national PACE (Mineduc; pupils of designated high-vulnerability schools; separate PACE vacancies) and BEA supernumerary places (top 10% of municipal/subsidised schools, income deciles 1-8) both operate inside the 2023 Sistema de Acceso; mandate government_regulation with university agreement. Codebook: every one of PUC's 59 centralised programmes has PACE (total 147) and CDP_VACANTES_ESPECIALES (total 187) places, so all_programmes holds. Selectivity reproduced exactly from DEMRE microdata (unique applicants 61,367; admitted 6,369; regular entrants 5,600; places 5,622; also BEA 100 and PACE 84 entrants). Rates: same process, regular track on all sides. Caveats: applicants list up to 20 programmes at several universities, so they are not exclusive to PUC; admitted = first selection list only. Optional (not a correction): equity_filled_entrants could be filled with DEMRE BEA+PACE enrolments (184) only if labelled partial, since institutional routes are not in the DEMRE file."
CHL-PUCV,K02,yes,income_or_socioeconomic;public_school;race_ethnicity,reserved_places;separate_track,all_programmes,no,yes,agree,agree,applicants=18606;admitted=3608;entrants=2950;places=3045,agree,ok,basis: merged also lists 'other' (technical-school graduates route); acceptable,none_needed,"Blind: PACE (171 places) and BEA supernumerary places (109) in all 54 centralised programmes per the 2023 codebook; institutional Pueblos Originarios route (race_ethnicity). PUCV's special-admission list (Oferta Definitiva 2023 pp.40-41) has no disability route: merged equity_disability_rule no confirmed. Women in science route excluded (gender, D071). Selectivity reproduced exactly from DEMRE microdata (BEA 21, PACE 28 entrants also match the notes). Rates: same caveats as other CHL rows (non-exclusive applicants; first selection list)."
CHL-UCH,K02,yes,income_or_socioeconomic;public_school,reserved_places;separate_track,all_programmes,unknown,yes,agree,agree,applicants=60385;admitted=6361;entrants=5550;places=5508,agree,ok,"basis: merged adds race_ethnicity (Pueblos Indigenas route), not opened by me; not a disagreement",none_needed,"Blind: PACE (84 places) and BEA supernumerary places (462) in all 58 centralised programmes; SIPEE (more than 500 places in 55 programmes, public-school pupils; quoted from Oferta Definitiva 2023 p.186). Selectivity reproduced exactly (BEA 298 and PACE 47 entrants match notes). Rates readable with the common CHL caveats. Disability: merged yes rests on the collector's source; I did not open it (blind unknown)."
CHL-UDEC,K02,yes,income_or_socioeconomic;public_school,reserved_places;separate_track,all_programmes,unknown,yes,agree,agree,applicants=37063;admitted=5771;entrants=4743;places=4883,agree,ok,,none_needed,"Blind: PACE (397 places) and BEA supernumerary places (255) in all 89 centralised programmes; institutional routes (vulnerable-school graduates, indigenous, visual disability, technical-school graduates) per merged notes, not opened by me. Selectivity reproduced exactly (BEA 71, PACE 74 entrants match). Merged notes flag that SIES first-year enrolment (4,642) is lower than DEMRE regular entrants (4,743): unresolved, but entrants as defined (DEMRE VIA=1) is confirmed."
CHL-USACH,K02,yes,income_or_socioeconomic;public_school,reserved_places;separate_track,all_programmes,unknown,yes,agree,agree,applicants=41115;admitted=5108;entrants=4048;places=4366,agree,ok,,none_needed,"Blind: PACE (444 places) and BEA supernumerary places (440) in all 73 centralised programmes. Institutional routes (indigenous, disability, technical-school academy) per merged notes, not opened by me. Selectivity reproduced exactly (BEA 109, PACE 162 entrants match). Rates readable with the common CHL caveats."
ARG-AUSTRAL,K03,no,,,,unknown,no,agree,na,entrants,agree,na,,none_needed,"Blind: private university, own admission; no group-based equity rule found (admission pages JS-rendered, not readable by checker); low confidence. | Compare: merged equity_formal no, scope empty: agree. entrants 1510 re-read from the Anuario 2023 xlsx (C 2.2.2, Austral, 2023): confirmed; unit is first-time enrolments per academic offer (pregrado+grado, incl. equivalence entrants), calendar 2023. No applicants/admitted/places, so no rates. Blind disability unknown vs merged no: no evidence either way; not a disagreement on equity_formal."
ARG-UBA,K03,no,,,,no,no,agree,na,entrants,agree,na,,none_needed,"Blind: national rule is open, unrestricted entry for secondary graduates (Ley 24.521 art. 7); no national quota for disadvantaged groups; disability provision is accommodation in evaluations (art. 13 f), not reserved places. No institutional reserved-place/bonus rule found (search limited; institution site JS-rendered). | Compare: merged equity_formal no, scope empty: agree. entrants 67304 re-read from the Anuario 2023 xlsx (C2.1.2, Buenos Aires, 2023): confirmed; unit is first-time enrolments per academic offer (pregrado+grado, incl. equivalence entrants), calendar 2023. No applicants/admitted/places, so no rates."
ARG-UCA,K03,no,,,,no,no,agree,na,entrants,agree,na,,none_needed,"Blind: UCA general admission regulation (2022 file, nearest) lists only curso de ingreso and ingreso directo; no group-based reserved places or bonuses. | Compare: merged equity_formal no, scope empty: agree. entrants 3860 re-read from the Anuario 2023 xlsx (C 2.2.2, Católica Argentina, 2023): confirmed; unit is first-time enrolments per academic offer (pregrado+grado, incl. equivalence entrants), calendar 2023. No applicants/admitted/places, so no rates. Regime: UCA reglamento (2022 file) describes a curso de ingreso with integrating evaluations, cognitive evaluation and interview where applicable, plus separate Medicina/Odontologia conditions; collector already flags own_admission vs mixed; checker does not propose a change (not established)."
ARG-UNC,K03,no,,,,no,no,agree,na,entrants,agree,na,,none_needed,"Blind: national rule is open, unrestricted entry for secondary graduates (Ley 24.521 art. 7); no national quota for disadvantaged groups; disability provision is accommodation in evaluations (art. 13 f), not reserved places. No institutional reserved-place/bonus rule found (search limited; institution site JS-rendered). | Compare: merged equity_formal no, scope empty: agree. entrants 32485 re-read from the Anuario 2023 xlsx (C2.1.2, Córdoba, 2023): confirmed; unit is first-time enrolments per academic offer (pregrado+grado, incl. equivalence entrants), calendar 2023. No applicants/admitted/places, so no rates."
ARG-UNLP,K03,no,,,,no,no,agree,na,entrants,agree,na,,none_needed,"Blind: national rule is open, unrestricted entry for secondary graduates (Ley 24.521 art. 7); no national quota for disadvantaged groups; disability provision is accommodation in evaluations (art. 13 f), not reserved places. No institutional reserved-place/bonus rule found (search limited; institution site JS-rendered). | Compare: merged equity_formal no, scope empty: agree. entrants 32859 re-read from the Anuario 2023 xlsx (C2.1.2, La Plata, 2023): confirmed; unit is first-time enrolments per academic offer (pregrado+grado, incl. equivalence entrants), calendar 2023. No applicants/admitted/places, so no rates."
BRA-UFMG,K03,yes,"public_school;income_or_socioeconomic;race_ethnicity (+disability, recorded separately)",reserved_places,all_programmes,yes,yes,agree,agree,applicants;entrants;places;equity_reserved_places;equity_filled_entrants,agree,ok,,none_needed,"Blind: federal university, Lei 12.711/2012 reserves >=50% of places per course and shift for public-school graduates, half of them low-income, filled by PPI and PcD in proportion to the state population (quilombolas added for 2024 by Lei 14.723/2023). Mandate national_law. | Compare: merged yes/all_programmes, basis public_school;income;race agrees with blind; merged adds separate_track (indigenous supplementary places, institutional) which the blind pass did not look for; not contested. Censo 2023 sums re-computed by checker and match exactly (6740/94675/6327; QT_ING_RESERVA_VAGA 3399 over QT_ING 7932). Edital SiSU 2023 table 6309/3157/3152 confirmed. Rate: applicants are Censo inscriptions per course option (SiSU registrations; one person counts per option and edition) while entrants are persons in new places: same year and source, but the entry_rate is per application, not per applicant -> ok as a rate per application (same Censo source, year and intake); the unit caveat (applications, not persons) is carried by sel_unit. Reserved (base 6,309 SiSU) and filled (base QT_ING 7,932) have different denominators, as the notes say."
BRA-UFRJ,K03,yes,"public_school;income_or_socioeconomic;race_ethnicity (+disability, recorded separately)",reserved_places,all_programmes,yes,yes,agree,agree,applicants;entrants;places;equity_reserved_places;equity_filled_entrants,agree,ok,,none_needed,"Blind: federal university, Lei 12.711/2012 reserves >=50% of places per course and shift for public-school graduates, half of them low-income, filled by PPI and PcD in proportion to the state population (quilombolas added for 2024 by Lei 14.723/2023). Mandate national_law. | Compare: merged yes/all_programmes/reserved_places/national_law agrees. Censo sums re-computed and match (9441/134021/8892; reserve 4443 over QT_ING 9613). equity_reserved_places 4420 re-derived independently: 232 rows of Edital 840/2022 Anexo I, total 8788, ampla 4368, reserved 4420 - matches. Rate: applications (SiSU registrations per course option) vs entrants (persons) -> ok as a rate per application (same Censo source, year and intake); unit caveat carried by sel_unit."
BRA-UNESP,K03,yes,public_school;race_ethnicity,reserved_places,all_programmes,unknown,yes,agree,agree,applicants;entrants;places;equity_reserved_places;equity_filled_entrants,agree,mixed_bases,,none_needed,"Blind: institutional; SRVEBP reserves >=50% of places per course (3,854 of 7,680 in Vestibular 2023) for public-school graduates, 35% of these (1,358) for PPI. Mandate institutional. | Compare: merged yes/all_programmes/public_school;race/institutional agrees. 67,657 - 1,071 treineiros = 66,586 and 7,680 places confirmed in candvaga_unesp_2023.pdf; SRVEBP 3,854 confirmed in the 2023 manual; entrants 6,867 and filled 3,373 confirmed in Censo (CO_IES=56). Rate: applicants (Vunesp vestibular registrants) and entrants (Censo QT_ING_VG_NOVA, whose own places 7,886 and applications 59,255 differ) come from different sources -> mixed_bases; entry_rate 0.1031 mixes the two."
BRA-UNICAMP,K03,yes,race_ethnicity;public_school,reserved_places;bonus_points;separate_track,all_programmes,unknown,yes,agree,agree,applicants;entrants;places;equity_filled_entrants,agree,ok,,none_needed,"Blind: institutional; >=25% of places in all courses and shifts reserved for self-declared pretos and pardos; PAAIS bonus points for public-school applicants; separate Vestibular Indigena (2023 menu). Mandate institutional. | Compare: merged yes/all_programmes/reserved_places;bonus_points;separate_track/institutional identical to blind. Anuario 2024: candidates 69,394 (unique by CPF), places 3,431, entrants 3,332, cotistas entrants 799 + indigenous 115 = 914 confirmed (pdftotext rows are shifted; read in pymupdf order). Censo correction CO_IES=54 confirmed (3828/83098/3580/4192/1872). Rate: unique applicants and entrants, same Anuario, all four routes, 2023 -> ok."
BRA-USP,K03,yes,public_school;race_ethnicity,reserved_places,all_programmes,unknown,yes,agree,agree,applicants;entrants;places;equity_reserved_places(empty),agree,ok,equity_reserved_places left empty in merged row although the source gives the SiSU breakdown,correction_proposed,"Blind: institutional policy; 50% of places per course and shift reserved for public-school graduates, with PPI share 37.5% (SP census) in 2023 entry (Fuvest and Sisu). Mandate institutional. | Compare: merged yes/all_programmes/public_school;race/institutional agrees. Censo sums re-computed and match (11684/185564/10301; QT_ING_RESERVA_VAGA only 99, rightly not used). The collector said the SiSU reserved count was not found, but Jornal da USP 21/06/2022 gives SiSU 2,917 = 599 AC + 1,233 EP + 1,085 EP/PPI and the combined table AC 5,560, EP 3,406, PPI 2,181, total 11,147: reserved = 5,587 of 11,147 places (50.1%). Proposed equity_reserved_places 5587 with base the 11,147 approved Fuvest+SiSU 2023 places. Rate: applications (Fuvest + SiSU registrations per course) vs entrants (persons) -> ok as a rate per application (same Censo source, year and intake); unit caveat carried by sel_unit."
COL-PUJ,K03,no,,,,unknown,unknown,unresolved,na,applicants;admitted;entrants,agree,ok,blind no (low confidence) vs merged unknown,unresolved,"Blind (low confidence): no admission reservation found; the indigenous/afro measure found (Javeriana Cali) is a scholarship, i.e. financial aid, and concerns the Cali campus. 2023 Bogota admission rules not read. | Compare: merged unknown; checker blind no rests only on the absence of any admission rule in search results. A Wayback capture (2023-12-11) of the Bogota inscription guide (https://www.javeriana.edu.co/estudia-en-la-javeriana/guia-proceso-de-inscripcion) describes a per-programme process with a field to select the tipo de inscripcion, but lists no group-based route; not enough to code no. Keep unknown. SNIES sums match (7,722+6,766; 5,292+4,579; 3,347+3,044). Rate ok."
COL-UDEA,K03,yes,race_ethnicity,reserved_places;lower_cutoff,all_programmes,unknown,yes,agree,agree,applicants;admitted;entrants,agree,ok,,none_needed,"Blind: Acuerdo Academico 236/2002 art. 9: two additional places per programme for indigenous and two for black-community applicants who are not admitted within the regular limit (minimum standardized score 40). Mandate institutional. Small absolute numbers but formally all programmes. | Compare: merged yes/all_programmes agrees (Acuerdo 236/2002 art. 9 confirmed). Merged adds region_or_rural via Ley 1084/2006 places (Acuerdo 330/2008; not opened by checker): applicants from departments without HEIs / hard-to-reach municipalities -> remote origin under D072, but the part defined by department of origin is close to the D071 territorial exclusion; flag only. SNIES sums re-computed and match (38,567+26,499; 6,740+6,278; 6,487+5,160). Rate: same SNIES files, same programmes and semesters; unit applications per programme-semester (labelled) -> ok."
COL-UNAL,K03,yes,race_ethnicity;income_or_socioeconomic,reserved_places;lower_cutoff,all_programmes,unknown,yes,agree,agree,applicants;admitted;entrants;equity_filled_entrants,agree,ok,"equity_filled_entrants 1778 includes PAES Mejores bachilleres (merit route, not equity) and cannot be split",correction_proposed,"Blind: PAES (CSU Acuerdo 022/1986, 018/1999): 2% additional places per programme for indigenous applicants, admitted below the last regular-admission score; search results also describe 2% per programme for Afro-Colombian/negro/raizal/palenquero and for best bachilleres of poor municipalities (strata 1-2) - only the indigenous page was opened. PEAMA (territorial sedes) would be excluded under D071. Mandate institutional. Year: current page citing 1986/1999 rules; 2023 force assumed, not verified. | Compare: merged yes/all_programmes agrees with blind (PAES 2% additional places per programme with lower cut-off). Merged basis adds region_or_rural (PEAMA, best bachilleres of poor municipalities) and other (conflict victims): consistent with D072 (remote origin counts); PEAMA is region-defined (Presencia Nacional sedes), borderline with D071 territorial exclusion - flag for coordinator, not changed. Numbers re-read from bulletin JSON: aspirantes 56,576+31,095=87,671; admitidos 6,238+5,620=11,858; matriculados primera vez 5,027+4,622=9,649; PAES 871 + PEAMA 907 = 1,778 confirmed. Rate: same bulletin, same periods, unique aspirants per period (two periods summed) -> ok. equity_filled_entrants: PAES total includes the merit-only Mejores bachilleres category, so 1,778 is not a count of entrants under equity rules; proposed to blank it (or keep only with an explicit upper-bound flag)."
COL-UNIANDES,K03,no,,,,unknown,no,agree,na,applicants;admitted;entrants,agree,ok,,none_needed,"Blind (low confidence): no group-based reserved places, points or separate track found; the only rule document found is dated 2026 (uniform conditions for all applicants). Need-based aid (e.g. Quiero Estudiar) is financial aid, excluded. 2023 rule not read. | Compare: merged no agrees. SNIES sums match (7,779+5,666; 5,474+4,536; 1,935+2,483). Rate ok (same SNIES base; unit applications)."
COL-USABANA,K03,no,,,,unknown,no,agree,na,applicants;admitted;entrants,agree,ok,,none_needed,"Blind (low confidence): search found only scholarship agreements with ethnic communities (financial aid); no admission reservation found. No primary rule document read. | Compare: merged no (low confidence) agrees with blind no (low confidence; no primary rule read by checker). SNIES sums match (5,147+2,974; 3,030+1,913; 1,166+908). Rate ok."
URY-OU,K03,no,,,,unknown,no,agree,na,entrants,agree,na,,none_needed,"Blind (low confidence): private (Universidad ORT Uruguay); search found only general entry requirements; no group-based admission rule found; no primary rule opened. | Compare: merged no agrees. entrants 2,478 confirmed (II-7.2.4 row 28). Regime own_admission vs open_admission unresolved (no admission test documented); no change proposed. No applicants -> na."
URY-UCU,K03,no,,,,unknown,no,agree,na,entrants,agree,na,,none_needed,"Blind (low confidence): private; search summary says entry requires secondary-completion certificate; no group-based admission rule found; no UCU primary rule opened. | Compare: merged no agrees. entrants 1,743 confirmed (II-7.2.4 row 22). Regime: collector suggests a checker consider open_admission; checker found no 2023 rule either way - no change proposed. No applicants -> na."
URY-UDELAR,K03,no,,,,unknown,no,agree,na,entrants,agree,na,,none_needed,"Blind: Udelar grado is free and essentially open (secondary completion); a few programmes with capacity limits use lotteries (sorteo), not group reservations. Ley 19.122 art. 6 reserves quotas for Afro-descendants in scholarships and student support, i.e. financial aid, not admission. No admission reservation found. | Compare: merged no agrees. entrants 20,233 persons confirmed (Sintesis 2023 p.2); MEC per-career figure 36,962.6 also confirmed in II-7.2.4 (not used, different unit). Regime mixed (some lottery-limited programmes) is defensible; open_admission as institution default would also be defensible - no change proposed. No applicants, so no rates."
URY-UM,K03,no,,,,unknown,no,agree,na,entrants,agree,na,,none_needed,"Blind: private; admission by interview and aptitude test (Reglamento de Alumnos 2021 art. 7); no group-based route found. Ley 19.122 quotas concern scholarships (aid). | Compare: merged no agrees; checker read Reglamento de Alumnos 2021 art. 7 (interview + aptitude test), consistent with own_admission. entrants 684 confirmed (II-7.2.4 row 34). Beca Liceos publicos is a tuition scholarship (aid), agree it is excluded. No applicants -> na."
MEX-IPN,K03,no,,,,unknown,no,agree,na,applicants;admitted,agree,ok,,none_needed,"Blind (low confidence): IPN admits by examen de admision; search found no affirmative-action admission rule; no IPN primary document opened (search budget used). | Compare: merged no agrees (collector read the Aug-Dec 2023 convocatoria; checker did not open an IPN rule). 132,672 and 28,414 (CDMX units) confirmed on Informe Anual 2023 p. 40. Rate ok: same process and scope (CDMX escolarizada); period ambiguity (one or both 2023-24 calls) flagged in notes; no entrants."
MEX-ITESM,K03,no,,,,unknown,no,agree,na,entrants,agree,na,,none_needed,"Blind (low confidence): private; Lideres del Manana and other need-based programmes are scholarships (financial aid); no admission reservation known; no primary document opened. | Compare: merged no agrees. 12,074 Profesional entrants Aug-Dec 2023 confirmed (Informe Anual 2023 panel and p. 75 text). Lideres del Manana: checker found no evidence of reserved places or a separate entry track; agree it is coded as aid. No applicants -> na."
MEX-UAM,K03,no,,,,no,no,agree,na,applicants;admitted;entrants,agree,ok,,none_needed,"Blind: 2023 (second process) convocatoria: selection by exam; no group-based provision found. | Compare: merged no agrees (checker also read the 2023 second-process convocatoria). 87,855 / 11,916 / 10,177 confirmed in the Anuario 2023 (pp. 9, 33, 75). Rate ok (same Anuario, same two 2023 processes). Note UAM itself computes acceptance on 73,823 exam-takers (16.1%); the merged 87,855 includes 14,032 registrants who did not sit - both readings are documented in notes."
MEX-UDG,K03,no,,,,unknown,no,agree,na,admitted,agree,na,,none_needed,"Blind: admission by descending puntaje (prior grades + aptitude test) within places; the only reserved share is up to 10% for staff, spouses and children (legacy-type, excluded) and up to 15% for foreigners (excluded). No disadvantage-based rule found; reglamento version for 2023 not verified. | Compare: merged no agrees; checker read the same Reglamento (art. 15 bis staff/children quota and art. 16 foreigners quota are excluded). 19,581 admitted 2023-B confirmed (udg.mx press release); applicants not stated (only 40.79%), rightly not back-computed. No applicants -> na."
MEX-UNAM,K03,no,,,,no,no,agree,na,applicants;admitted;entrants,agree,mixed_bases,,none_needed,"Blind: 2023 concurso de seleccion admits by exam score within published places; pase reglamentado from UNAM high schools is an internal route (not disadvantage-defined); no reserved places, points or separate track for disadvantaged groups in the 2023 convocatoria. Becas for indigenous/Afro-Mexican students are financial aid. | Compare: merged no agrees. 260,408 / 59,634 / 49,074 re-read from the UNAM xls tables: confirmed. Rate: applicants and admitted come from the same demand table, but both pool the non-selective pase reglamentado (32,921 demand = 32,921 admitted) with the concurso (227,487 -> 26,713); entrants come from the enrolment table (Poblacion escolar, includes SUAyED) and are lower than admitted. admission_rate is internally consistent but mixes a selective and a non-selective route (concurso-only rate 11.7%); entry_rate mixes two tables -> mixed_bases."
PER-PUCP,K04,no,,,,"yes (5% reserve per Ley 30220 Art. 98.6 / Ley 29973; 5% score bonus, 20% for total visual disability or Down syndrome)",no,agree,agree,applicants=14319; admitted=4686,agree,ok,,none_needed,"Blind: the 2023 vacancies page (capture 2023-03-19) lists only the disability reserve/bonus as a group rule; the 2023 modalities page lists Becas Fe y Alegria, Dintilhac and COAR, which are scholarships for top students (merit/aid), not disadvantage admission rules. Selectivity recount from the PUCP en cifras capture: 2023-2 2,599/593 + 2024-1 11,720/4,093 = 14,319/4,686, same table and cycles, so admitted/applicants is a consistent rate (unit applications)."
PER-ULIMA,K04,no,,,,"yes (5% of places reserved, stated on the 2023 admissions page)",no,agree,agree,applicants=9418; admitted=7059; entrants=6435,agree,ok,,none_needed,"Resolves the collector doubt: although the Reglamento de Admision 2023 does not mention disability, the admissions modalities page captured 2023-03-07 states ""*La Universidad reserva el 5% de las vacantes para personas con discapacidad"", so institutional implementation of the disability reserve is documented (equity_disability_rule yes stands; consider raising confidence). No disadvantage-based modality in the 2023 list. Table values verified visually (2023-1 7,284/5,602/5,057; 2023-2 2,134/1,457/1,378). Applicants, admitted and enrolled entrants come from the same table, periods and scope, so both rates are consistent (unit applications; calendar 2023, flagged)."
PER-UNMSM,K04,unknown,,,,yes (Ley 29973 / Ley 30220 Art. 98.6; disability modality in the 2022-II regulation),yes,agree,disagree,applicants=51820; admitted=6321; places=7113; equity_reserved_places=439 (313+48+37+41); equity_filled_entrants=101 (42+27+28+4),agree,mixed_bases,"Blind coding was unknown: the 2023/24 regulation is sold and could not be opened; the 2022-II regulation has no comunidades nativas modality and the 2023-I process ran only EBR/CEPRE. After comparison, the 2024 vacancy table (R.R. 010354-2023-R, Sep 2023) does reserve 48 Comunidades nativas places, which supports yes (race_ethnicity). Scope: Comunidades nativas places appear only in some programmes (e.g. ""-"" for Medicina Humana, Obstetricia, Enfermeria, Contabilidad, Economia), so all_programmes is wrong. equity_reserved_share_pct=5 is the disability rule alone, which D072 removes from equity. Reserved and filled counts include disability (313 places, 42 admitted).",correction_proposed,"Verified: vacancy totals 4905/216/56/701/326/124/86/92/51/313/48/37/41/63/43/6/5/7113 read visually; 2024-I 28,862 result rows and 2024-II 22,958 rows in the applicant scope (22,077+620+13+6+7+41+81+113) recounted in code; cobertura counts J 4, M 27, N 42, O 28 recounted. Admitted 6,321 recounted in code from the cobertura lists: 2024-I 2,561; 2024-II 3,760 (EBR 3,236 + primeros puestos 407 + deportistas 11+5 + victimas 4 + nativas 27 + discapacidad 42 + PIR 28). Rate comparability: applicants (rows incl. absentees, two processes) and admitted share scope and year, so admission_rate is usable, but applicants_per_place uses places 7,113 that include CEPRE, transfers, graduates and supernumerary places outside the applicant scope (collector derived 6,048 for the matching scope): mixed_bases for places. Victims of terrorism and PIR (victims of political violence) are coded basis other; under D071 they are not on the income-correlated list; the coordinator should decide whether they count (the corrections give both variants). equity_filled_entrants counts admitted, not enrolled, students."
PER-UPC,K04,no,,,,"yes (5% of places, item 7.15 of the 2024 regulation; national law)",no,agree,agree,applicants=38848; admitted=17651; places=56487,agree,ok,,none_needed,"Unresolved residual: a search snippet for UPC regulation version 08 (2023) mentions an Extraordinaria modality covering PRONABEC programmes (Beca 18, low-income), and the transparency tables split ORDINARIO/EXTRAORDINARIO; the v08 file returns HTTP 403 (cerbero.upc.edu.pe), so whether Beca 18 holders had a separate entry track with lower requirements in 2023-2 could not be checked. The 2024 version (v10) lists no such modality. Selectivity verified on the transparency pages (15,644+40,843; 6,095+32,753; 4,232+13,419). Same tables and processes, so admission rate is consistent; places far exceed applicants (capacity ceiling)."
PER-UPCH,K04,no,,,,yes (Art. 3: 5% reserve; disabled applicants enter through the Exonerados modality),no,agree,agree,applicants=5842; admitted=2533,agree,ok,,none_needed,"State-scholarship (becas nacionales) applicants face a higher pass mark (65% vs 40% of the top-decile mean): not equity. Minor locator error in the collector source PER-UPCH-X04-PER-05: the 5% reserve is in Art. 3 (p.4), not Art. 6. Totals verified visually (2023-1 5,112/2,012; 2023-II 730/521). The 2023-1 column is Ingresantes and the 2023-II column is APTO (reached a place, documents pending); the reglamento glossary makes these equivalent stages, so the rate is usable (calendar 2023, flagged)."
ECU-EPN,K04,yes,income_or_socioeconomic;race_ethnicity;region_or_rural,reserved_places;bonus_points,all_programmes,"yes (5 bonus points for disability >=30%, SENESCYT Art. 47 d)",yes,agree,agree,places=3938; entrants=1196,agree,na,share_includes_disability=yes is not supported: the 15% = 10% Grupo 1 (socioeconomic vulnerability) + 5% Grupo 3 (pueblos y nacionalidades); neither category includes disability.,correction_proposed,"Blind and merged agree on yes, basis, instruments and per-career scope (""por carrera""); the 5% women quota (Art. 24-25) correctly excluded (D068/D071). Mandate government_regulation;institutional confirmed (SENESCYT 2023-0003 binds public universities; EPN sets its own shares). Caveat kept from the draft: the 15% applies to the EPN-run process (CD-278-2023, Nov 2023); the 2023-A round predates the July 2023 SENESCYT rule. Numbers verified: 1,973+1,965=3,938 places; 501+695=1,196 nivelacion passes. No applicants, so no rates; places and entrants refer to different stages."
ECU-ESPL,K04,yes,income_or_socioeconomic;race_ethnicity;region_or_rural,reserved_places;bonus_points,all_programmes,yes (SENESCYT disability bonus points),yes,agree,agree,entrants=1789,agree,na,,none_needed,"Blind coding rests on the national SENESCYT 2023-0003 rule (binding on public universities from 07-Jul-2023); the ESPOL 2023 regulation was not opened blind. Merged adds public_school (ESPOL own 50 points for public-school graduates in zonas de desarrollo productivo): plausible, not re-verified by K04. Entrants 1,789 verified on RC 2023 p.31. No applicant count, so no rate."
ECU-PUCE,K04,no,,,,not found,unknown,disagree,na,none (no values),na,na,"Merged unknown; K04 blind no. The only PUCE text found is the enabling clause of Reglamento General de Estudiantes Art. 24 (""serán, entre otras: a) implementación de un sistema de cuotas o de preferencialidad""), with no group, number of places, points or cut-off; the SENESCYT 2023 admission regulation applies only to public universities (Art. 2). Under protocol 12.1 (explicit rule only) and ""no = searched, not found"", this is no.",correction_proposed,The PUCE Beca Politica de Cuotas noted by the collector is a scholarship (aid). Low confidence either way; the collector itself recommended recoding to no if nothing else was found. K04 found nothing else (one search).
ECU-ULAE,K04,no,,,,not found,no,agree,na,none (no values),na,na,,none_needed,"One K04 search returned only general non-discrimination/affirmative-action language for UDLA (statute), no admission rule; private university outside the SENESCYT admission regulation. Low confidence (searched, not found)."
ECU-USFQU,K04,no,,,,not found,no,agree,na,none (no values),na,na,,none_needed,"Programa de Diversidad Etnica: search results state PDE applicants must take the admission exam and reach the minimum score of the career (aid and support, not an admission rule). K04 could not open the USFQ pages (404 / DNS failure), so this rests on the collector archived page plus search snippets."
PRY-UNA,K04,yes,race_ethnicity,reserved_places;separate_track,unresolved (reserved through faculties per career; career coverage not published),not found,yes,agree,unresolved,applicants=13527; admitted=6726,agree,ok,"Scope: merged all_programmes. The UNA page says places are reserved ""a través de sus Facultades"" and conditions are set ""para cada carrera""; the 2023 offer was concentrated in a few units (secondary source), so some_programmes may be more accurate. Not proposed as a correction because no primary list of 2023 places by career was found.",unresolved,"Blind and merged agree on yes / race_ethnicity / reserved_places;separate_track / institutional mandate (INDI agreement, no national law found). Selectivity verified (13,527 and 6,726 Total rows). Both from the same yearbook, same year and programme scope, so the admission rate is consistent (unit applications; ingresante may already be entry)."
CAN-MU,K04,no,,,,not found,yes,agree,agree,applicants=41017; admitted=17620; entrants=6728,agree,ok,"Blind coding looked only at the institution-wide Indigenous Applicants Protocol (holistic consideration, not formal) and coded no; it did not reach the medicine pathways. On comparison the merged yes rests on the MDCM QFNIFMP reserved positions (""up to 8 positions"", Feb-2023 capture, verified) plus the Canadian Indigenous Path; MDCM is first-cycle in Quebec (CEGEP entry via Med-P), so yes with some_programmes is accepted.",none_needed,"The Feb-2023 medicine menu also lists a McGill Black Candidate Pathway and a Rural and Small Populations Pathway (RSPP), neither opened by collector or K04; if either reserves seats, basis would add race_ethnicity (already coded) and region_or_rural. Selectivity verified on the Fall 2023 admissions profile (41,017 / 17,620 / 6,728; applicants counted once). Same table and population, so both rates are consistent; scope includes Law/Medicine/transfer entry (noted by collector)."
CAN-UA,K04,yes,race_ethnicity,lower_cutoff,all_programmes (general University rule; faculty set-asides optional),not found,yes,agree,disagree,none (no values),na,na,"Merged codes only the Transition Year Program (access_programme_only, separate_track). The University Calendar (Undergraduate Admissions, Admission of Indigenous Applicants) has a general rule: additional Indigenous applicants may be admitted over and above the regular competition if they meet the program minimum (rather than the competitive average), and Faculties are encouraged to set aside places. This mirrors the UBC rule coded lower_cutoff / all_programmes and applies to all faculties.",correction_proposed,"Year caveat: K04 read the 2024-25 calendar (capture 2024-07-18); the 2023-24 catalog (catoid=39) could not be retrieved (HTTP 202 empty and no capture), so the rule is nearest-year. The ""may be considered"" wording is discretionary but names an explicit lower threshold (program minimum vs competitive average), the same as UBC. Search snippets also mention faculty set-asides such as ""up to 5% of admissions to the Faculty ... until Indigenous enrolment reaches 10%"" (not opened; not used). Selectivity: enrolment report login-restricted (not bypassed)."
CAN-UBC,K04,yes,race_ethnicity,lower_cutoff,all_programmes,not found (no lowered threshold for disability),yes,agree,agree,applicants=24664; admitted=12327; entrants=7677,agree,mixed_bases,,none_needed,"Merged adds basis other for BC Youth in Care (care leavers are on the disadvantage list), consistent with the protocol. Figure 3 values verified visually. admission_rate (Admitted Ch1 / Completed Ch1) is consistent; entry_rate is mixed: entrants 7,677 add 726 Ch2 registrations, which can come from applicants whose first choice was another programme or the Okanagan campus and so are not all in the Ch1 applicant base. Scope: domestic, all year levels (includes transfers)."
CAN-UDEM,K04,unknown,,,,not checked,yes,agree,agree,none (no values),na,na,"Blind coding not completed (CAN search budget used on other institutions). On comparison, the Volet Diversite text in the 18-Mar-2023 capture is verified: places may be attributed to Black and Indigenous candidates in three limited-capacity first-cycle programmes for Fall 2023, plus an Indigenous admission subcategory in medicine. Yes / some_programmes / race_ethnicity accepted.",none_needed,"""ouvre la possibilité d’attribuer des places"" is permissive and no number is stated; instrument reserved_places;lower_cutoff follows the collector reading of the admission mechanics (not re-read by K04 beyond the quoted section)."
CAN-UT,K04,no,,,,not found,yes,agree,agree,applicants=111500; entrants=17206; equity_filled_entrants=50 (base 17206),agree,mixed_bases,"Blind search found only MD/Law/MSW ISAP/BSAP streams (second-entry, ""no fixed seats or quotas"") and coded first-entry as no; it did not reach the Transitional Year Programme. On comparison the TYP (an access route for applicants who left school early for social or economic difficulties, leading to admission to Arts & Science) fits separate_track / access_programme_only as merged.",none_needed,"Verified in the 2023-24 Enrolment Report: ""nearly 111,500 applications"" (approximate, applications not persons) and Schedule 5 Total Direct Entry 17,206 and TYP 50 (2023-24 actual). entry_rate mixes units: applications (OUAC choices, one person several) against entrants (persons, incl. non-degree and all-year Arts & Science new students). No blind source row (search result only)."
USA-HARVARD,K04,no,,,,not found (accommodation only),no,agree,agree,applicants=56937; admitted=1965; entrants=1645,agree,ok,,none_needed,"Blind: no explicit 2023/24 rule reserving places, adding points, lowering thresholds or opening a disadvantage-defined track; fall 2023 decisions used holistic review (race-conscious review ended with SFFA, 29-Jun-2023; it was holistic, not formal). First-generation/low-income ""considered"" factors are holistic. Not a QuestBridge Match partner in 2022-23 per collector. Verified against IPEDS ADM2023 (APPLCN/ADMSSN/ENRLT) in code. Applicants, admitted and enrolled are first-time first-year persons for the same fall 2023 cohort, so both rates are consistent."
USA-MIT,K04,no,,,,not found (accommodation only),no,agree,agree,applicants=26904; admitted=1274; entrants=1091,agree,ok,,none_needed,"Blind: no explicit 2023/24 rule reserving places, adding points, lowering thresholds or opening a disadvantage-defined track; fall 2023 decisions used holistic review (race-conscious review ended with SFFA, 29-Jun-2023; it was holistic, not formal). First-generation/low-income ""considered"" factors are holistic. QuestBridge Match recoded no under D069 (coordinator); K04 agrees: same selection criteria, no reserved places/points/threshold. The MIT Treasurer report conflict (26,914/1,291/1,091) stays a preserved conflict; IPEDS confirmed. Verified against IPEDS ADM2023 (APPLCN/ADMSSN/ENRLT) in code. Applicants, admitted and enrolled are first-time first-year persons for the same fall 2023 cohort, so both rates are consistent."
USA-PRINCETON,K04,no,,,,not found (accommodation only),no,agree,agree,applicants=39644; admitted=1782; entrants=1366,agree,ok,,none_needed,"Blind: no explicit 2023/24 rule reserving places, adding points, lowering thresholds or opening a disadvantage-defined track; fall 2023 decisions used holistic review (race-conscious review ended with SFFA, 29-Jun-2023; it was holistic, not formal). First-generation/low-income ""considered"" factors are holistic. QuestBridge Match recoded no under D069; K04 agrees. Verified against IPEDS ADM2023 (APPLCN/ADMSSN/ENRLT) in code. Applicants, admitted and enrolled are first-time first-year persons for the same fall 2023 cohort, so both rates are consistent."
USA-STANFORD,K04,no,,,,not found (accommodation only),no,agree,agree,applicants=53733; admitted=2099; entrants=1699,agree,ok,,none_needed,"Blind: no explicit 2023/24 rule reserving places, adding points, lowering thresholds or opening a disadvantage-defined track; fall 2023 decisions used holistic review (race-conscious review ended with SFFA, 29-Jun-2023; it was holistic, not formal). First-generation/low-income ""considered"" factors are holistic. QuestBridge Match recoded no under D069; K04 agrees. Verified against IPEDS ADM2023 (APPLCN/ADMSSN/ENRLT) in code. Applicants, admitted and enrolled are first-time first-year persons for the same fall 2023 cohort, so both rates are consistent."
USA-UCB,K04,no,,,,not found (accommodation only),no,agree,agree,applicants=125910; admitted=14677; entrants=6641,agree,ok,,none_needed,"Blind: no explicit 2023/24 rule reserving places, adding points, lowering thresholds or opening a disadvantage-defined track; fall 2023 decisions used holistic review (race-conscious review ended with SFFA, 29-Jun-2023; it was holistic, not formal). First-generation/low-income ""considered"" factors are holistic. Proposition 209 bars race preferences; ELC/Statewide guarantee are top-9% rank rules (merit, not disadvantage-defined) giving a UC-system place, not admission to Berkeley. Berkeley CDS conflict (125,916 / 14,769) preserved; IPEDS confirmed. Verified against IPEDS ADM2023 (APPLCN/ADMSSN/ENRLT) in code. Applicants, admitted and enrolled are first-time first-year persons for the same fall 2023 cohort, so both rates are consistent."
USA-UCLA,K04,no,,,,not found (accommodation only),no,agree,agree,applicants=145903; admitted=12736; entrants=6585,agree,ok,,none_needed,"Blind: no explicit 2023/24 rule reserving places, adding points, lowering thresholds or opening a disadvantage-defined track; fall 2023 decisions used holistic review (race-conscious review ended with SFFA, 29-Jun-2023; it was holistic, not formal). First-generation/low-income ""considered"" factors are holistic. As UCB. IPEDS confirmed; UCLA CDS gender components not summed (collector note). Verified against IPEDS ADM2023 (APPLCN/ADMSSN/ENRLT) in code. Applicants, admitted and enrolled are first-time first-year persons for the same fall 2023 cohort, so both rates are consistent."
USA-YALE,K04,no,,,,not found (accommodation only),no,agree,agree,applicants=51803; admitted=2332; entrants=1641,agree,ok,,none_needed,"Blind: no explicit 2023/24 rule reserving places, adding points, lowering thresholds or opening a disadvantage-defined track; fall 2023 decisions used holistic review (race-conscious review ended with SFFA, 29-Jun-2023; it was holistic, not formal). First-generation/low-income ""considered"" factors are holistic. QuestBridge Match recoded no under D069; K04 agrees. Verified against IPEDS ADM2023 (APPLCN/ADMSSN/ENRLT) in code. Applicants, admitted and enrolled are first-time first-year persons for the same fall 2023 cohort, so both rates are consistent."
IRL-GALWAY,K05,yes,income_or_socioeconomic,reserved_places;lower_cutoff,all_programmes,yes (DARE reduced-points reserved places),yes,agree,agree,none (all selectivity fields empty),na,na,,none_needed,"BLIND: HEAR: each participating HEI reserves places offered at reduced CAO points to eligible socio-economically disadvantaged applicants; institution listed as participating (Oct 2023 capture). Mandate institutional (inter-institutional scheme). | CHECK: Merged yes/all_programmes/income_or_socioeconomic/reserved_places;lower_cutoff/institutional matches blind (HEAR reserved reduced-points places; institution on the HEAR 2023 participating list). Disability flag yes agrees (DARE is a category rule, D072). equity_reserved_share_pct 10 = HEAR 5 + DARE 5 is flagged share_includes_disability, consistent with D072. No selectivity values to check."
IRL-TCD,K05,yes,income_or_socioeconomic,reserved_places;lower_cutoff,all_programmes,yes (DARE reduced-points reserved places),yes,agree,agree,applicants=20813,agree,na,,none_needed,"BLIND: HEAR: each participating HEI reserves places offered at reduced CAO points to eligible socio-economically disadvantaged applicants; institution listed as participating (Oct 2023 capture). Mandate institutional (inter-institutional scheme). | CHECK: Merged yes/all_programmes/income_or_socioeconomic/reserved_places;lower_cutoff/institutional matches blind (HEAR reserved reduced-points places; institution on the HEAR 2023 participating list). Disability flag yes agrees (DARE is a category rule, D072). equity_reserved_share_pct 10 = HEAR 5 + DARE 5 is flagged share_includes_disability, consistent with D072. Applicants 20,813 reconfirmed in the TCD release of 9 Mar 2023 (preliminary March figure; 20,813/78,025 = 26.7%, i.e. persons with at least one TCD choice, so unique_applicants is reasonable). No admitted/entrants, so no rate."
IRL-UCC,K05,yes,income_or_socioeconomic,reserved_places;lower_cutoff,all_programmes,yes (DARE reduced-points reserved places),yes,agree,agree,none (all selectivity fields empty),na,na,,none_needed,"BLIND: HEAR: each participating HEI reserves places offered at reduced CAO points to eligible socio-economically disadvantaged applicants; institution listed as participating (Oct 2023 capture). Mandate institutional (inter-institutional scheme). | CHECK: Merged yes/all_programmes/income_or_socioeconomic/reserved_places;lower_cutoff/institutional matches blind (HEAR reserved reduced-points places; institution on the HEAR 2023 participating list). Disability flag yes agrees (DARE is a category rule, D072). equity_reserved_share_pct 10 = HEAR 5 + DARE 5 is flagged share_includes_disability, consistent with D072. The current UCC HEAR & DARE policy (v1.3, undated) states 5% HEAR + 5% DARE of school-leaver places on each programme; consistent with the merged 10."
IRL-UCD,K05,yes,income_or_socioeconomic,reserved_places;lower_cutoff,all_programmes,yes (DARE reduced-points reserved places),yes,agree,agree,applicants=26855; equity_reserved_places=562; equity_filled_entrants=422,agree,na,,none_needed,"BLIND: HEAR: each participating HEI reserves places offered at reduced CAO points to eligible socio-economically disadvantaged applicants; institution listed as participating (Oct 2023 capture). Mandate institutional (inter-institutional scheme). | CHECK: Merged yes/all_programmes/income_or_socioeconomic/reserved_places;lower_cutoff/institutional matches blind (HEAR reserved reduced-points places; institution on the HEAR 2023 participating list). Disability flag yes agrees (DARE is a category rule, D072). equity_reserved_share_pct 10 = HEAR 5 + DARE 5 is flagged share_includes_disability, consistent with D072. Applicants 26,855 reconfirmed (UCD news 30 Aug 2023, Wayback). The unit is stated as applications received in July; probably persons with at least one UCD choice, so the label is uncertain. UCD WP report Table 1, row 2023, checked visually: DARE quota 276, accepts 284; HEAR quota 286, accepts 138. So 562 = 276+286 and 422 = 284+138 are correct. Both counts include DARE (disability); the HEAR-only figures (286 reserved, 138 filled) would be the income-based part. Bases empty. No admitted/entrants, so no rate."
IRL-UL,K05,yes,income_or_socioeconomic,reserved_places;lower_cutoff,all_programmes,yes (DARE reduced-points reserved places),yes,agree,agree,none (all selectivity fields empty),na,na,,none_needed,"BLIND: HEAR: each participating HEI reserves places offered at reduced CAO points to eligible socio-economically disadvantaged applicants; institution listed as participating (Oct 2023 capture). Mandate institutional (inter-institutional scheme). | CHECK: Merged yes/all_programmes/income_or_socioeconomic/reserved_places;lower_cutoff/institutional matches blind (HEAR reserved reduced-points places; institution on the HEAR 2023 participating list). Disability flag yes agrees (DARE is a category rule, D072). equity_reserved_share_pct 10 = HEAR 5 + DARE 5 is flagged share_includes_disability, consistent with D072. UL is on the HEAR participating list (Oct 2023 capture). The 10% is the IUA system minimum, not a UL-stated figure, as the row notes. No selectivity values."
NLD-LEI,K05,no,,,,no,no,agree,na,entrants=5388,agree,na,,none_needed,"BLIND: WHW art. 7.53(2) (version 2023): numerus-fixus selection only on qualitative criteria; no group-based equity rule found. Caribbean-parts clause is territorial (D071). Institution-level regulations not individually opened (limitation). | CHECK: Merged no agrees with blind (WHW 7.53 2023: qualitative criteria only; Caribbean clause territorial, D071). Entrants 5388 recomputed exactly from the DUO 03b CSV (bachelor, voltijd, column 2023; 17 suppressed <5 cells excluded). All nationalities. Minor: sel_unit is unique_applicants although no applicant count exists; the collector says it refers to entrant persons. The coordinator may prefer to leave it blank. Not proposed as a correction."
NLD-RUG,K05,no,,,,no,no,agree,na,entrants=6309,agree,na,,none_needed,"BLIND: WHW art. 7.53(2) (version 2023): numerus-fixus selection only on qualitative criteria; no group-based equity rule found. Caribbean-parts clause is territorial (D071). Institution-level regulations not individually opened (limitation). | CHECK: Merged no agrees with blind (WHW 7.53 2023: qualitative criteria only; Caribbean clause territorial, D071). Entrants 6309 recomputed exactly from the DUO 03b CSV (bachelor, voltijd, column 2023; 17 suppressed <5 cells excluded). All nationalities. Minor: sel_unit is unique_applicants although no applicant count exists; the collector says it refers to entrant persons. The coordinator may prefer to leave it blank. Not proposed as a correction."
NLD-TUD,K05,no,,,,no,no,agree,na,entrants=3374,agree,na,,none_needed,"BLIND: WHW art. 7.53(2) (version 2023): numerus-fixus selection only on qualitative criteria; no group-based equity rule found. Caribbean-parts clause is territorial (D071). Institution-level regulations not individually opened (limitation). | CHECK: Merged no agrees with blind (WHW 7.53 2023: qualitative criteria only; Caribbean clause territorial, D071). Entrants 3374 recomputed exactly from the DUO 03b CSV (bachelor, voltijd, column 2023; 1 suppressed <5 cells excluded). All nationalities. Minor: sel_unit is unique_applicants although no applicant count exists; the collector says it refers to entrant persons. The coordinator may prefer to leave it blank. Not proposed as a correction."
NLD-UU,K05,no,,,,no,no,agree,na,entrants=6649,agree,na,,none_needed,"BLIND: WHW art. 7.53(2) (version 2023): numerus-fixus selection only on qualitative criteria; no group-based equity rule found. Caribbean-parts clause is territorial (D071). Institution-level regulations not individually opened (limitation). | CHECK: Merged no agrees with blind (WHW 7.53 2023: qualitative criteria only; Caribbean clause territorial, D071). Entrants 6649 recomputed exactly from the DUO 03b CSV (bachelor, voltijd, column 2023; 13 suppressed <5 cells excluded). All nationalities. Minor: sel_unit is unique_applicants although no applicant count exists; the collector says it refers to entrant persons. The coordinator may prefer to leave it blank. Not proposed as a correction."
NLD-UVA,K05,no,,,,no,no,agree,na,entrants=7963,agree,na,,none_needed,"BLIND: WHW art. 7.53(2) (version 2023): numerus-fixus selection only on qualitative criteria; no group-based equity rule found. Caribbean-parts clause is territorial (D071). Institution-level regulations not individually opened (limitation). | CHECK: Merged no agrees with blind (WHW 7.53 2023: qualitative criteria only; Caribbean clause territorial, D071). Entrants 7963 recomputed exactly from the DUO 03b CSV (bachelor, voltijd, column 2023; 19 suppressed <5 cells excluded). All nationalities. Minor: sel_unit is unique_applicants although no applicant count exists; the collector says it refers to entrant persons. The coordinator may prefer to leave it blank. Not proposed as a correction."
BEL-A,K05,no,,,,no,no,agree,na,entrants=3232,agree,na,,none_needed,"BLIND: Flemish open admission except medicine/dentistry entrance exam ranked on total score only (2023 regulation); disability = exam accommodations only. Institution-level rules not individually opened. | CHECK: Merged no agrees with blind (Flemish open admission; medicine/dentistry exam ranked on total score only per the 2023 regulation; disability = accommodations). Entrants 3,232 reconfirmed (Hoger onderwijs in cijfers 2022-2023 p.14). This is the 2022/23 nearest year, correctly flagged in ref_year."
BEL-G,K05,no,,,,no,no,agree,na,entrants=7727,agree,na,,none_needed,"BLIND: Flemish open admission except medicine/dentistry entrance exam ranked on total score only (2023 regulation); disability = exam accommodations only. Institution-level rules not individually opened. | CHECK: Merged no agrees with blind (Flemish open admission; medicine/dentistry exam ranked on total score only per the 2023 regulation; disability = accommodations). Entrants 7,727 reconfirmed (same table). This is the 2022/23 nearest year, flagged."
BEL-KL,K05,no,,,,no,no,agree,na,entrants=9330,agree,na,sel_scope wording,correction_proposed,"BLIND: Flemish open admission except medicine/dentistry entrance exam ranked on total score only (2023 regulation); disability = exam accommodations only. Institution-level rules not individually opened. | CHECK: Merged no agrees with blind (Flemish open admission; medicine/dentistry exam ranked on total score only per the 2023 regulation; disability = accommodations). Entrants 9,330 reconfirmed in the KU Leuven release (last update 20-10-2023). The merged sel_scope calls it a preliminary count, and the draft notes say it was taken before registration closed for all groups. But the release opens: ""Nu de inschrijvingen voor dit academiejaar zijn afgesloten"". So the release itself presents the count as post-registration. It is still an institutional count, not the official 31/10 count, and the definition mismatch with BEL-A/BEL-G remains. Wording correction proposed."
BEL-LB,K05,no,,,,no,no,agree,na,none (all selectivity fields empty),na,na,,none_needed,"BLIND: FWB: open admission except medicine/dentistry concours from 2023-24, ranked by marks; 15% non-resident cap is territorial/residence (excluded). Source is a party press release (secondary). Institution-level rules not individually opened. | CHECK: Merged no agrees with blind (FWB open admission; medicine/dentistry concours ranked by marks; 15% non-resident cap is residence-based, excluded). No selectivity values."
BEL-UCLOUVAIN,K05,no,,,,no,no,agree,na,none (all selectivity fields empty),na,na,,none_needed,"BLIND: FWB: open admission except medicine/dentistry concours from 2023-24, ranked by marks; 15% non-resident cap is territorial/residence (excluded). Source is a party press release (secondary). Institution-level rules not individually opened. | CHECK: Merged no agrees with blind (FWB open admission; medicine/dentistry concours ranked by marks; 15% non-resident cap is residence-based, excluded). No selectivity values."
FRA-IPP,K05,yes,income_or_socioeconomic,reserved_places,some_programmes,no,yes,agree,agree,applicants=208; admitted=35; entrants=11; places=10; equity_filled_entrants=0; equity_filled_entrants_base=10,agree,ok,,none_needed,"BLIND: Only the Ecole polytechnique Bachelor (Parcoursup 2023 capacity 10) is subject to the Parcoursup minimum boursier share; uncertainty whether rector set a rate for this Armees-ministry programme in 2023 (fiche today: 8% minimum in 2026). Engineering cycles enter after CPGE via concours (not first-year entry); no boursier bonus found. | CHECK: Merged yes/reserved_places/income_or_socioeconomic agrees with blind. The DGESIP note for Parcoursup session 2023 (FRA-IPP-K05-01) quotes L612-3 V-VI as applied in 2023: a minimum share of lycee scholarship holders in every initial formation of public institutions on Parcoursup. This fills the collector's gap (the 2023 L612-3 text had been read only via a mirror). Caveat on equity_filled_entrants: it counts all admitted boursier neo-bacheliers (acc_brs) over admitted neo-bacheliers (acc_neobac), not only students admitted because of the minimum. Its base also differs from entrants (acc_tot), as the notes document. some_programmes agrees: only the X Bachelor Parcoursup track (code 25951, on Parcoursup in 2023) is covered. The 2023 rate for this formation was not found; the current fiche states ""8% de boursiers au minimum en 2026"". All values recomputed exactly from the SIES Parcoursup 2023 export. Rates are ok as the formation's own rates, because a single formation has no duplication across formations. The scope is a tiny, unrepresentative slice of IP Paris (flagged in sel_scope)."
FRA-P1,K05,yes,income_or_socioeconomic,reserved_places,all_programmes,no (individual reexamination/accommodation only),yes,agree,agree,applicants=107735; admitted=27026; entrants=7628; places=7641; equity_filled_entrants=1182; base=5168,agree,mixed_bases,notes omission,correction_proposed,"BLIND: Code de l education L612-3 V-VI (loi ORE 2018), DGESIP note session 2023: rector-set minimum share of lycee scholarship holders among admitted for every initial programme of public institutions on Parcoursup (selective and non-selective). Non-resident maximum is territorial (excluded). PSL scope assumes first-year entry is via Parcoursup (not individually verified). | CHECK: Merged yes/reserved_places/income_or_socioeconomic agrees with blind. The DGESIP note for Parcoursup session 2023 (FRA-IPP-K05-01) quotes L612-3 V-VI as applied in 2023: a minimum share of lycee scholarship holders in every initial formation of public institutions on Parcoursup. This fills the collector's gap (the 2023 L612-3 text had been read only via a mirror). Caveat on equity_filled_entrants: it counts all admitted boursier neo-bacheliers (acc_brs) over admitted neo-bacheliers (acc_neobac), not only students admitted because of the minimum. Its base also differs from entrants (acc_tot), as the notes document. All values recomputed exactly (41 formations, paysage 6G2TU). Omission in the notes: the row's ""without IED"" alternative leaves out a second fully-distance formation, Licence Arts plastiques - Entierement en distanciel (250 places, 1,340 applications, 635 offers, 247 accepted, 18 boursiers of 49 neo-bacheliers). Without both distance formations: 5,891 / 102,683 / 22,830 / 5,901, boursiers 1,062 of 4,708. Whether distance formations belong in the full-time profile is a coordinator decision; FRA-SU also includes 2 distance formations. mixed_bases: voe_tot and prop_tot count candidates per formation, so a person applying to several formations of the institution counts once per formation. admitted/applicants is on one consistent per-formation base. entrants (acc_tot) are close to persons, so entrants/applicants mixes persons with per-formation applications and understates the person-level entry rate."
FRA-PSL,K05,yes,income_or_socioeconomic,reserved_places,all_programmes,no (individual reexamination/accommodation only),yes,agree,agree,applicants=28380; admitted=4958; entrants=1218; places=1203; equity_filled_entrants=162; base=1162,agree,mixed_bases,,none_needed,"BLIND: Code de l education L612-3 V-VI (loi ORE 2018), DGESIP note session 2023: rector-set minimum share of lycee scholarship holders among admitted for every initial programme of public institutions on Parcoursup (selective and non-selective). Non-resident maximum is territorial (excluded). PSL scope assumes first-year entry is via Parcoursup (not individually verified). | CHECK: Merged yes/reserved_places/income_or_socioeconomic agrees with blind. The DGESIP note for Parcoursup session 2023 (FRA-IPP-K05-01) quotes L612-3 V-VI as applied in 2023: a minimum share of lycee scholarship holders in every initial formation of public institutions on Parcoursup. This fills the collector's gap (the 2023 L612-3 text had been read only via a mirror). Caveat on equity_filled_entrants: it counts all admitted boursier neo-bacheliers (acc_brs) over admitted neo-bacheliers (acc_neobac), not only students admitted because of the minimum. Its base also differs from entrants (acc_tot), as the notes document. All values recomputed exactly from Dauphine (C6Ps7, 8 formations), CPES codes 21163/8973/21162/41381 and code 28142. The collector's open doubt is resolved: the Janson-de-Sailly CPES Sciences formations (35743, 33650) are labelled ""Universite Paris Cite / Lycee Janson De Sailly"", so excluding them from PSL is correct. The PSL CPES 40-50% boursier target was not verified (not searched). mixed_bases: voe_tot and prop_tot count candidates per formation, so a person applying to several formations of the institution counts once per formation. admitted/applicants is on one consistent per-formation base. entrants (acc_tot) are close to persons, so entrants/applicants mixes persons with per-formation applications and understates the person-level entry rate."
FRA-SU,K05,yes,income_or_socioeconomic,reserved_places,all_programmes,no (individual reexamination/accommodation only),yes,agree,agree,applicants=99448; admitted=34654; entrants=7394; places=8026; equity_filled_entrants=1185; base=4660,agree,mixed_bases,notes omission,correction_proposed,"BLIND: Code de l education L612-3 V-VI (loi ORE 2018), DGESIP note session 2023: rector-set minimum share of lycee scholarship holders among admitted for every initial programme of public institutions on Parcoursup (selective and non-selective). Non-resident maximum is territorial (excluded). PSL scope assumes first-year entry is via Parcoursup (not individually verified). | CHECK: Merged yes/reserved_places/income_or_socioeconomic agrees with blind. The DGESIP note for Parcoursup session 2023 (FRA-IPP-K05-01) quotes L612-3 V-VI as applied in 2023: a minimum share of lycee scholarship holders in every initial formation of public institutions on Parcoursup. This fills the collector's gap (the 2023 L612-3 text had been read only via a mirror). Caveat on equity_filled_entrants: it counts all admitted boursier neo-bacheliers (acc_brs) over admitted neo-bacheliers (acc_neobac), not only students admitted because of the minimum. Its base also differs from entrants (acc_tot), as the notes document. All values recomputed exactly (91 bxPQe formations after the stated exclusions; all 100: 8667/123694/39810/8024, boursiers 1253 of 4990, as in the notes). The included set has 2 fully-distance licences (Musicologie, 150 places; LLCER BCMS, 25 places), which are not mentioned in the notes. mixed_bases: voe_tot and prop_tot count candidates per formation, so a person applying to several formations of the institution counts once per formation. admitted/applicants is on one consistent per-formation base. entrants (acc_tot) are close to persons, so entrants/applicants mixes persons with per-formation applications and understates the person-level entry rate."
FRA-UPSACLAY,K05,yes,income_or_socioeconomic,reserved_places,all_programmes,no (individual reexamination/accommodation only),yes,agree,agree,applicants=126429; admitted=31725; entrants=4020; places=4086; equity_filled_entrants=649; base=3387,agree,mixed_bases,,none_needed,"BLIND: Code de l education L612-3 V-VI (loi ORE 2018), DGESIP note session 2023: rector-set minimum share of lycee scholarship holders among admitted for every initial programme of public institutions on Parcoursup (selective and non-selective). Non-resident maximum is territorial (excluded). PSL scope assumes first-year entry is via Parcoursup (not individually verified). | CHECK: Merged yes/reserved_places/income_or_socioeconomic agrees with blind. The DGESIP note for Parcoursup session 2023 (FRA-IPP-K05-01) quotes L612-3 V-VI as applied in 2023: a minimum share of lycee scholarship holders in every initial formation of public institutions on Parcoursup. This fills the collector's gap (the 2023 L612-3 text had been read only via a mirror). Caveat on equity_filled_entrants: it counts all admitted boursier neo-bacheliers (acc_brs) over admitted neo-bacheliers (acc_neobac), not only students admitted because of the minimum. Its base also differs from entrants (acc_tot), as the notes document. All values recomputed exactly (50 G2qA7 formations after excluding Polytech, PCSO, DU PAREO and licence pro; all 54: 4386/138218/35736/4316, as in the notes). mixed_bases: voe_tot and prop_tot count candidates per formation, so a person applying to several formations of the institution counts once per formation. admitted/applicants is on one consistent per-formation base. entrants (acc_tot) are close to persons, so entrants/applicants mixes persons with per-formation applications and understates the person-level entry rate."
DEU-FUB,K05,no,,,,"no (hardship quota individual, D070)",no,agree,na,entrants=3762,agree,na,equity_disability_rule,correction_proposed,"BLIND: Staatsvertrag Hochschulzulassung Art. 9: Vorabquoten for individual hardship (D070 no), public-need service obligation, foreigners, second degree; optional Land quota for vocationally qualified without other entrance qualification (qualification route, not disadvantage group). Main quotas merit/aptitude. No group equity rule. | CHECK: Merged equity_formal no agrees with blind (Art. 9 StV hardship quota is individual, D070; the vocational-qualification quota is a qualification route, not a disadvantage group). DISAGREEMENT on equity_disability_rule: merged yes, blind no. The hardship quota admits individuals case by case on social, family, health or disability grounds (StV Art. 9(3): ""besondere, vor allem soziale und familiaere Gruende in der Person""). It does not reserve places for disabled applicants as a category, and a disability certificate alone is not sufficient (collector notes). Under D070/D072 the disability flag records category rules (Irish DARE, Peru Ley 29973). The NLD rows (TU Delft regulation with an individual hardship clause) and the BEL rows carry equity_disability_rule no, so DEU yes is inconsistent across countries. Correction proposed: no, and share_includes_disability blank where set, since no share is kept. Entrants 3762 reconfirmed (Destatis 21311-06 FU Berlin 1HS Deutsche). WS only; German nationals as the domestic proxy; all degree types. sel_unit unique_applicants without applicants (same remark as NLD)."
DEU-HU,K05,no,,,,"no (hardship quota individual, D070)",no,agree,na,entrants=3164,agree,na,equity_disability_rule,correction_proposed,"BLIND: Staatsvertrag Hochschulzulassung Art. 9: Vorabquoten for individual hardship (D070 no), public-need service obligation, foreigners, second degree; optional Land quota for vocationally qualified without other entrance qualification (qualification route, not disadvantage group). Main quotas merit/aptitude. No group equity rule. | CHECK: Merged equity_formal no agrees with blind (Art. 9 StV hardship quota is individual, D070; the vocational-qualification quota is a qualification route, not a disadvantage group). DISAGREEMENT on equity_disability_rule: merged yes, blind no. The hardship quota admits individuals case by case on social, family, health or disability grounds (StV Art. 9(3): ""besondere, vor allem soziale und familiaere Gruende in der Person""). It does not reserve places for disabled applicants as a category, and a disability certificate alone is not sufficient (collector notes). Under D070/D072 the disability flag records category rules (Irish DARE, Peru Ley 29973). The NLD rows (TU Delft regulation with an individual hardship clause) and the BEL rows carry equity_disability_rule no, so DEU yes is inconsistent across countries. Correction proposed: no, and share_includes_disability blank where set, since no share is kept. Entrants 3164 reconfirmed (Destatis 21311-06 HU 1HS Deutsche). WS only; German nationals as the domestic proxy; all degree types. sel_unit unique_applicants without applicants (same remark as NLD)."
DEU-LMU,K05,no,,,,"no (hardship quota individual, D070)",no,agree,na,entrants=6825,agree,na,equity_disability_rule,correction_proposed,"BLIND: Staatsvertrag Hochschulzulassung Art. 9: Vorabquoten for individual hardship (D070 no), public-need service obligation, foreigners, second degree; optional Land quota for vocationally qualified without other entrance qualification (qualification route, not disadvantage group). Main quotas merit/aptitude. No group equity rule. | CHECK: Merged equity_formal no agrees with blind (Art. 9 StV hardship quota is individual, D070; the vocational-qualification quota is a qualification route, not a disadvantage group). DISAGREEMENT on equity_disability_rule: merged yes, blind no. The hardship quota admits individuals case by case on social, family, health or disability grounds (StV Art. 9(3): ""besondere, vor allem soziale und familiaere Gruende in der Person""). It does not reserve places for disabled applicants as a category, and a disability certificate alone is not sufficient (collector notes). Under D070/D072 the disability flag records category rules (Irish DARE, Peru Ley 29973). The NLD rows (TU Delft regulation with an individual hardship clause) and the BEL rows carry equity_disability_rule no, so DEU yes is inconsistent across countries. Correction proposed: no, and share_includes_disability blank where set, since no share is kept. Entrants 6825 reconfirmed (Destatis 21311-06 U Muenchen 1HS Deutsche). WS only; German nationals as the domestic proxy; all degree types. sel_unit unique_applicants without applicants (same remark as NLD)."
DEU-TUM,K05,no,,,,"no (hardship quota individual, D070)",no,agree,na,entrants=3947,agree,na,equity_disability_rule,correction_proposed,"BLIND: Staatsvertrag Hochschulzulassung Art. 9: Vorabquoten for individual hardship (D070 no), public-need service obligation, foreigners, second degree; optional Land quota for vocationally qualified without other entrance qualification (qualification route, not disadvantage group). Main quotas merit/aptitude. No group equity rule. | CHECK: Merged equity_formal no agrees with blind (Art. 9 StV hardship quota is individual, D070; the vocational-qualification quota is a qualification route, not a disadvantage group). DISAGREEMENT on equity_disability_rule: merged yes, blind no. The hardship quota admits individuals case by case on social, family, health or disability grounds (StV Art. 9(3): ""besondere, vor allem soziale und familiaere Gruende in der Person""). It does not reserve places for disabled applicants as a category, and a disability certificate alone is not sufficient (collector notes). Under D070/D072 the disability flag records category rules (Irish DARE, Peru Ley 29973). The NLD rows (TU Delft regulation with an individual hardship clause) and the BEL rows carry equity_disability_rule no, so DEU yes is inconsistent across countries. Correction proposed: no, and share_includes_disability blank where set, since no share is kept. Entrants 3947 reconfirmed (Destatis 21311-06 TU Muenchen 1HS Deutsche). WS only; German nationals as the domestic proxy; all degree types. sel_unit unique_applicants without applicants (same remark as NLD)."
DEU-UHD,K05,no,,,,"no (hardship quota individual, D070)",no,agree,na,entrants=3129,agree,na,equity_disability_rule,correction_proposed,"BLIND: Staatsvertrag Hochschulzulassung Art. 9: Vorabquoten for individual hardship (D070 no), public-need service obligation, foreigners, second degree; optional Land quota for vocationally qualified without other entrance qualification (qualification route, not disadvantage group). Main quotas merit/aptitude. No group equity rule. | CHECK: Merged equity_formal no agrees with blind (Art. 9 StV hardship quota is individual, D070; the vocational-qualification quota is a qualification route, not a disadvantage group). DISAGREEMENT on equity_disability_rule: merged yes, blind no. The hardship quota admits individuals case by case on social, family, health or disability grounds (StV Art. 9(3): ""besondere, vor allem soziale und familiaere Gruende in der Person""). It does not reserve places for disabled applicants as a category, and a disability certificate alone is not sufficient (collector notes). Under D070/D072 the disability flag records category rules (Irish DARE, Peru Ley 29973). The NLD rows (TU Delft regulation with an individual hardship clause) and the BEL rows carry equity_disability_rule no, so DEU yes is inconsistent across countries. Correction proposed: no, and share_includes_disability blank where set, since no share is kept. Entrants 3129 reconfirmed (Heidelberg Studierendenstatistik WS 2023/24 Tabelle 1 Erstimmatrikulierte Deutsche (checked visually)). WS only; German nationals as the domestic proxy; all degree types. sel_unit unique_applicants without applicants (same remark as NLD)."
AUT-GT,K06,no,,,,"no (national law: alternative examination method only, UG § 71b(7) Z 5 - accommodation)",no,agree,na,entrants=2446,agree,na,,none_needed,"Blind: Austrian national law for 2023/24 contains no reservation, bonus, lower threshold or separate track for a disadvantage-defined group; § 71b(7) Z 2 only requires non-discrimination by social origin; § 71c medicine quota is by school-certificate origin/nationality (excluded, D071) and medicine is not taught at this university. Institution-specific 2023/24 regulations not opened blind. Entrants 2446 reconfirmed in Statistik Austria table 2.3.2.2 (WS 2023/24). It is a person count of new ordinary students at all degree levels, domestic and foreign, not first-degree only (as the merged notes state). No applicants/admitted/places entered, so rates na. The merged sel_unit ""unique_applicants"" describes a person count although no applicant figure is entered; harmless but could read ""persons (entrants)""."
AUT-I,K06,no,,,,"no (national law: alternative examination method only, UG § 71b(7) Z 5 - accommodation)",no,agree,na,entrants=4553,agree,na,,none_needed,"Blind: Austrian national law for 2023/24 contains no reservation, bonus, lower threshold or separate track for a disadvantage-defined group; § 71b(7) Z 2 only requires non-discrimination by social origin; § 71c medicine quota is by school-certificate origin/nationality (excluded, D071) and medicine is not taught at this university. Institution-specific 2023/24 regulations not opened blind. Entrants 4553 reconfirmed in Statistik Austria table 2.3.2.2 (WS 2023/24). It is a person count of new ordinary students at all degree levels, domestic and foreign, not first-degree only (as the merged notes state). No applicants/admitted/places entered, so rates na. The merged sel_unit ""unique_applicants"" describes a person count although no applicant figure is entered; harmless but could read ""persons (entrants)""."
AUT-TW,K06,no,,,,"no (national law: alternative examination method only, UG § 71b(7) Z 5 - accommodation)",no,agree,na,entrants=3507,agree,na,,none_needed,"Blind: Austrian national law for 2023/24 contains no reservation, bonus, lower threshold or separate track for a disadvantage-defined group; § 71b(7) Z 2 only requires non-discrimination by social origin; § 71c medicine quota is by school-certificate origin/nationality (excluded, D071) and medicine is not taught at this university. Institution-specific 2023/24 regulations not opened blind. Entrants 3507 reconfirmed in Statistik Austria table 2.3.2.2 (WS 2023/24). It is a person count of new ordinary students at all degree levels, domestic and foreign, not first-degree only (as the merged notes state). No applicants/admitted/places entered, so rates na. The merged sel_unit ""unique_applicants"" describes a person count although no applicant figure is entered; harmless but could read ""persons (entrants)""."
AUT-UNIGRAZ,K06,no,,,,"no (national law: alternative examination method only, UG § 71b(7) Z 5 - accommodation)",no,agree,na,entrants=4139,agree,na,,none_needed,"Blind: Austrian national law for 2023/24 contains no reservation, bonus, lower threshold or separate track for a disadvantage-defined group; § 71b(7) Z 2 only requires non-discrimination by social origin; § 71c medicine quota is by school-certificate origin/nationality (excluded, D071) and medicine is not taught at this university. Institution-specific 2023/24 regulations not opened blind. Entrants 4139 reconfirmed in Statistik Austria table 2.3.2.2 (WS 2023/24). It is a person count of new ordinary students at all degree levels, domestic and foreign, not first-degree only (as the merged notes state). No applicants/admitted/places entered, so rates na. The merged sel_unit ""unique_applicants"" describes a person count although no applicant figure is entered; harmless but could read ""persons (entrants)""."
AUT-V,K06,no,,,,not checked blind beyond national law (accommodation only),no,agree,na,entrants=11721,agree,na,,none_needed,"Blind: Austrian national law for 2023/24 contains no reservation, bonus, lower threshold or separate track for a disadvantage-defined group; § 71b(7) Z 2 only requires non-discrimination by social origin; § 71c medicine quota is by school-certificate origin/nationality (excluded, D071) and medicine is not taught at this university. Institution-specific 2023/24 regulations not opened blind. Entrants 11721 reconfirmed in Statistik Austria table 2.3.2.2 (WS 2023/24). It is a person count of new ordinary students at all degree levels, domestic and foreign, not first-degree only (as the merged notes state). No applicants/admitted/places entered, so rates na. The merged sel_unit ""unique_applicants"" describes a person count although no applicant figure is entered; harmless but could read ""persons (entrants)"". Merged equity_disability_rule=yes rests on the University of Vienna regulation of 17.12.2021 § 2(3) (disabled applicants admitted without the procedure where an adapted test is not possible), which I did not reopen; equity_formal no is consistent with D070/D072 either way."
CHE-E,K06,no,,,,no rule found (not searched at institution level beyond medicine registration),no,agree,na,entrants=2392,agree,na,,none_needed,"Blind: Swiss Matura holders are admitted by right; the only national selection at entry is the medicine numerus clausus via swissuniversities/EMS (test rank; personal circumstances only affect study-place allocation, a hardship clause under D070). No disadvantage-group reservation, bonus or separate track found; institution regulations not opened blind (limited search, 1 WebSearch). Entrants reproduced from the BFS .px file: EPFL 2023/24 Schweiz 988 + Ausland 1404 = 2392, matching the merged value. It is a derived sum over 20 fields, first-degree (Bachelor/Lizenziat-Diplom) entrants, nationality not residence, so it includes foreign students. No applicants, so rates na. The refugee preparatory routes flagged by the collector (UNIGE Horizon académique, UNIL refugee route to the examen préalable) are eligibility/preparatory routes, not reserved places or lowered thresholds; I agree they stay uncoded."
CHE-EZ,K06,no,,,,no rule found (not searched at institution level beyond medicine registration),no,agree,na,entrants=2983,agree,na,,none_needed,"Blind: Swiss Matura holders are admitted by right; the only national selection at entry is the medicine numerus clausus via swissuniversities/EMS (test rank; personal circumstances only affect study-place allocation, a hardship clause under D070). No disadvantage-group reservation, bonus or separate track found; institution regulations not opened blind (limited search, 1 WebSearch). Entrants reproduced from the BFS .px file: ETHZ 2023/24 Schweiz 2103 + Ausland 880 = 2983, matching the merged value. It is a derived sum over 20 fields, first-degree (Bachelor/Lizenziat-Diplom) entrants, nationality not residence, so it includes foreign students. No applicants, so rates na. The refugee preparatory routes flagged by the collector (UNIGE Horizon académique, UNIL refugee route to the examen préalable) are eligibility/preparatory routes, not reserved places or lowered thresholds; I agree they stay uncoded."
CHE-UNIGE,K06,no,,,,no rule found (not searched at institution level beyond medicine registration),no,agree,na,entrants=2271,agree,na,,none_needed,"Blind: Swiss Matura holders are admitted by right; the only national selection at entry is the medicine numerus clausus via swissuniversities/EMS (test rank; personal circumstances only affect study-place allocation, a hardship clause under D070). No disadvantage-group reservation, bonus or separate track found; institution regulations not opened blind (limited search, 1 WebSearch). Entrants reproduced from the BFS .px file: GE 2023/24 Schweiz 1497 + Ausland 774 = 2271, matching the merged value. It is a derived sum over 20 fields, first-degree (Bachelor/Lizenziat-Diplom) entrants, nationality not residence, so it includes foreign students. No applicants, so rates na. The refugee preparatory routes flagged by the collector (UNIGE Horizon académique, UNIL refugee route to the examen préalable) are eligibility/preparatory routes, not reserved places or lowered thresholds; I agree they stay uncoded."
CHE-UNIL,K06,no,,,,no rule found (not searched at institution level beyond medicine registration),no,agree,na,entrants=2518,agree,na,,none_needed,"Blind: Swiss Matura holders are admitted by right; the only national selection at entry is the medicine numerus clausus via swissuniversities/EMS (test rank; personal circumstances only affect study-place allocation, a hardship clause under D070). No disadvantage-group reservation, bonus or separate track found; institution regulations not opened blind (limited search, 1 WebSearch). Entrants reproduced from the BFS .px file: LS 2023/24 Schweiz 1944 + Ausland 574 = 2518, matching the merged value. It is a derived sum over 20 fields, first-degree (Bachelor/Lizenziat-Diplom) entrants, nationality not residence, so it includes foreign students. No applicants, so rates na. The refugee preparatory routes flagged by the collector (UNIGE Horizon académique, UNIL refugee route to the examen préalable) are eligibility/preparatory routes, not reserved places or lowered thresholds; I agree they stay uncoded."
CHE-Z,K06,no,,,,no rule found (not searched at institution level beyond medicine registration),no,agree,na,entrants=3399,agree,na,,none_needed,"Blind: Swiss Matura holders are admitted by right; the only national selection at entry is the medicine numerus clausus via swissuniversities/EMS (test rank; personal circumstances only affect study-place allocation, a hardship clause under D070). No disadvantage-group reservation, bonus or separate track found; institution regulations not opened blind (limited search, 1 WebSearch). Entrants reproduced from the BFS .px file: UZH 2023/24 Schweiz 2933 + Ausland 466 = 3399, matching the merged value. It is a derived sum over 20 fields, first-degree (Bachelor/Lizenziat-Diplom) entrants, nationality not residence, so it includes foreign students. No applicants, so rates na. The refugee preparatory routes flagged by the collector (UNIGE Horizon académique, UNIL refugee route to the examen préalable) are eligibility/preparatory routes, not reserved places or lowered thresholds; I agree they stay uncoded."
ITA-AMSUB,K06,no,,,,"no (test accommodations only: aids and extra time under L. 104/1992, L. 170/2010)",no,agree,na,entrants=14555,agree,na,,none_needed,"Blind: Italian programmed-access framework for 2023/24 (L. 264/1999; L. 104/1992 and L. 170/2010 accommodations) has no reservation, bonus, lower cutoff or separate track for a disadvantage-defined group; quotas exist only for non-EU applicants resident abroad (international, excluded). Blind check at institution level only for PoliMi (2023/24 Engineering notice: Art. 5 non-EU contingent, Art. 6 disability/DSA aids and extra time). Two WebSearches for income/ISEE- or first-generation-based reserved places in 2023/24 notices found nothing; the MUR medicine decree (DM 1107/2022) PDF was blocked (HTML returned) and not read. Entrants 14555 = USTAT immatricolati 2023/24 F 8417 + M 6138, reconfirmed. Persons new to the Italian university system in first-degree programmes, all nationalities. No applicants entered, so rates na."
ITA-PM,K06,no,,,,"no (test accommodations only: aids and extra time under L. 104/1992, L. 170/2010)",no,agree,na,entrants=7477,agree,na,,none_needed,"Blind: Italian programmed-access framework for 2023/24 (L. 264/1999; L. 104/1992 and L. 170/2010 accommodations) has no reservation, bonus, lower cutoff or separate track for a disadvantage-defined group; quotas exist only for non-EU applicants resident abroad (international, excluded). Blind check at institution level only for PoliMi (2023/24 Engineering notice: Art. 5 non-EU contingent, Art. 6 disability/DSA aids and extra time). Two WebSearches for income/ISEE- or first-generation-based reserved places in 2023/24 notices found nothing; the MUR medicine decree (DM 1107/2022) PDF was blocked (HTML returned) and not read. Entrants 7477 = USTAT immatricolati 2023/24 F 2597 + M 4880, reconfirmed. Persons new to the Italian university system in first-degree programmes, all nationalities. No applicants entered, so rates na."
ITA-SUR,K06,no,,,,"no (test accommodations only: aids and extra time under L. 104/1992, L. 170/2010)",no,agree,na,entrants=17603,agree,na,,none_needed,"Blind: Italian programmed-access framework for 2023/24 (L. 264/1999; L. 104/1992 and L. 170/2010 accommodations) has no reservation, bonus, lower cutoff or separate track for a disadvantage-defined group; quotas exist only for non-EU applicants resident abroad (international, excluded). Blind check at institution level only for PoliMi (2023/24 Engineering notice: Art. 5 non-EU contingent, Art. 6 disability/DSA aids and extra time). Two WebSearches for income/ISEE- or first-generation-based reserved places in 2023/24 notices found nothing; the MUR medicine decree (DM 1107/2022) PDF was blocked (HTML returned) and not read. Entrants 17603 = USTAT immatricolati 2023/24 F 10246 + M 7357, reconfirmed. Persons new to the Italian university system in first-degree programmes, all nationalities. No applicants entered, so rates na."
ITA-UNIMI,K06,no,,,,"no (test accommodations only: aids and extra time under L. 104/1992, L. 170/2010)",no,agree,na,entrants=10187,agree,na,,none_needed,"Blind: Italian programmed-access framework for 2023/24 (L. 264/1999; L. 104/1992 and L. 170/2010 accommodations) has no reservation, bonus, lower cutoff or separate track for a disadvantage-defined group; quotas exist only for non-EU applicants resident abroad (international, excluded). Blind check at institution level only for PoliMi (2023/24 Engineering notice: Art. 5 non-EU contingent, Art. 6 disability/DSA aids and extra time). Two WebSearches for income/ISEE- or first-generation-based reserved places in 2023/24 notices found nothing; the MUR medicine decree (DM 1107/2022) PDF was blocked (HTML returned) and not read. Entrants 10187 = USTAT immatricolati 2023/24 F 6071 + M 4116, reconfirmed. Persons new to the Italian university system in first-degree programmes, all nationalities. No applicants entered, so rates na. The 28,327 first-choice applications to programmed-access programmes are only in notes (unit applications, partial scope); I agree they should not be paired with institution-wide entrants."
ITA-UP,K06,no,,,,"no (test accommodations only: aids and extra time under L. 104/1992, L. 170/2010)",no,agree,na,entrants=12555,agree,na,,none_needed,"Blind: Italian programmed-access framework for 2023/24 (L. 264/1999; L. 104/1992 and L. 170/2010 accommodations) has no reservation, bonus, lower cutoff or separate track for a disadvantage-defined group; quotas exist only for non-EU applicants resident abroad (international, excluded). Blind check at institution level only for PoliMi (2023/24 Engineering notice: Art. 5 non-EU contingent, Art. 6 disability/DSA aids and extra time). Two WebSearches for income/ISEE- or first-generation-based reserved places in 2023/24 notices found nothing; the MUR medicine decree (DM 1107/2022) PDF was blocked (HTML returned) and not read. Entrants 12555 = USTAT immatricolati 2023/24 F 6954 + M 5601, reconfirmed. Persons new to the Italian university system in first-degree programmes, all nationalities. No applicants entered, so rates na. Merged equity_confidence low (only an open-access Law notice opened by the collector); my blind check adds nothing Padova-specific, so the residual risk of a programme-specific rule remains."
ESP-CUM,K06,no,,,,yes (RD 412/2014 art. 26: at least 5% reserved for disability >=33%),no,agree,na,applicants=22676; admitted=16976; entrants=12438; places=12151,unresolved,mixed_bases,"admitted: the source contradicts itself (16,976 vs 16,676)",unresolved,"Blind: national RD 412/2014 (in force for 2023/24) reserves places only for disability (art. 26, at least 5%), elite athletes, over-25/40/45 and graduates; none is disadvantage-defined under the protocol. Comunidad de Madrid / DUM add-on rules were not located blind (guessed UCM/UAM URLs returned 404; the ESP WebSearch budget went to Andalusia and Catalonia), so a Madrid-specific equity reserve cannot be fully excluded. I reopened the UCM release of 14 July 2023. It confirms 22,676 first-option applicants and 16,976 places assigned verbatim, but the same release also says 16,676 were admitted at UCM. The 73.55% it quotes fits 16,676/22,676 (73.54%) better than 16,976 (74.86%), and the district totals also differ (47,733 vs 47,793). This source cannot settle which UCM figure is right; the collector preserved the conflict. Entrants 12,438 confirmed in the SIIU CSV. Places 12,151 confirmed as the sum of all offer entries in the UCM 2023/24 offer PDF. The bases are mixed: applicants are first-option persons (July allocation), admitted are places assigned in the first allocation (possibly including applicants who did not choose UCM first), and entrants are the SIIU annual new-entrant count including affiliated centres."
ESP-UAM,K06,no,,,,yes (RD 412/2014 art. 26),no,agree,na,admitted=6822; entrants=5767; places=6117,agree,na,,none_needed,"Blind: national RD 412/2014 (in force for 2023/24) reserves places only for disability (art. 26, at least 5%), elite athletes, over-25/40/45 and graduates; none is disadvantage-defined under the protocol. Comunidad de Madrid / DUM add-on rules were not located blind (guessed UCM/UAM URLs returned 404; the ESP WebSearch budget went to Andalusia and Catalonia), so a Madrid-specific equity reserve cannot be fully excluded. Places 5,218 own + 899 affiliated = 6,117 confirmed in the BOUAM PDF; the ONCE-only Fisioterapia line (24 places) is a disability-defined track and is correctly coded out under D072. Entrants 5,767 confirmed visually on the rendered chart (UAM en cifras 2024-25, p. 11); SIIU gives 5,717 (an alternative figure, preserved in notes). Admitted 6,822 confirmed in the Aula Magna article of 25 July 2023, a secondary source that does not say whether affiliated centres are included. No applicants, so rates are na."
ESP-UB,K06,yes,other (care leavers); race_ethnicity (Roma),reserved_places,all_programmes,yes (5% disability reserve),yes,agree,agree,applicants=17090; admitted=14135; entrants=11030; places=10633; equity_filled_entrants=204,agree,mixed_bases,"equity_reserved_share_pct (5) and equity_filled_entrants are disability-only figures, while the qualifying rules are the care-leaver and Roma reserves",correction_proposed,"Blind: the Catalan 2023 pre-enrolment reserved one place per study centre for DGAIA care leavers (in or formerly in care, up to the calendar year they turn 21) and one per study centre for students in the Generalitat Programa del Poble Gitano (Roma), plus 5% for disability (D072, not equity). The 2023 evidence is a secondary school information sheet reproducing the rules (the official 2023 govern.cat dossier returned 403 to me; the collector used a Wayback copy). The 1% socio-economic vulnerability reserve on the current Canal Universitats page is absent from both the 2023 and the 2024 sheets I read, so it was not in force for 2023/24 entry and is correctly not coded. Basis: care leavers = other (listed in the task as qualifying); Roma = race_ethnicity. For the coordinator: Roma are an ethnic group rather than a territorial or national-minority quota of the D071 kind, but the investigator may wish to confirm. The care-leaver reserve alone keeps equity_formal yes. I did not verify the mandate either (CIC agreements vs Generalitat regulation). I reopened Dades_2023.xlsx sheet 7.1: places 10633, first-preference June applicants 17090, total assigned in the J, M, S and Y calls 14135, new-entry enrolment 11030, of which disability 204, Roma 0 and care leavers 0 (the footnote says these are included in the totals). All match the merged row. The bases are mixed: applicants are June-call first-preference persons only, admitted covers all four calls and anyone assigned to the university at any preference, and entrants are all new-entry enrolment. On the equity counts, the merged equity_reserved_share_pct of 5 is the disability reserve only, and equity_filled_entrants 204 = 204 disability + 0 Roma + 0 care leavers. Under D072 disability is not equity, and these figures are separable (unlike a single stated combined share), so I propose a blank reserved share and filled entrants = 0. For UCM/UAM the same 5% was already coded out at merge."
ESP-UAB,K06,yes,other (care leavers); race_ethnicity (Roma),reserved_places,all_programmes,yes (5% disability reserve),yes,agree,agree,applicants=11433; admitted=10808; entrants=8326; places=8650; equity_filled_entrants=84,agree,mixed_bases,"equity_reserved_share_pct (5) and equity_filled_entrants are disability-only figures, while the qualifying rules are the care-leaver and Roma reserves",correction_proposed,"Blind: the Catalan 2023 pre-enrolment reserved one place per study centre for DGAIA care leavers (in or formerly in care, up to the calendar year they turn 21) and one per study centre for students in the Generalitat Programa del Poble Gitano (Roma), plus 5% for disability (D072, not equity). The 2023 evidence is a secondary school information sheet reproducing the rules (the official 2023 govern.cat dossier returned 403 to me; the collector used a Wayback copy). The 1% socio-economic vulnerability reserve on the current Canal Universitats page is absent from both the 2023 and the 2024 sheets I read, so it was not in force for 2023/24 entry and is correctly not coded. Basis: care leavers = other (listed in the task as qualifying); Roma = race_ethnicity. For the coordinator: Roma are an ethnic group rather than a territorial or national-minority quota of the D071 kind, but the investigator may wish to confirm. The care-leaver reserve alone keeps equity_formal yes. I did not verify the mandate either (CIC agreements vs Generalitat regulation). I reopened Dades_2023.xlsx sheet 7.1: places 8650, first-preference June applicants 11433, total assigned in the J, M, S and Y calls 10808, new-entry enrolment 8326, of which disability 83, Roma 0 and care leavers 1 (the footnote says these are included in the totals). All match the merged row. The bases are mixed: applicants are June-call first-preference persons only, admitted covers all four calls and anyone assigned to the university at any preference, and entrants are all new-entry enrolment. On the equity counts, the merged equity_reserved_share_pct of 5 is the disability reserve only, and equity_filled_entrants 84 = 83 disability + 0 Roma + 1 care leavers. Under D072 disability is not equity, and these figures are separable (unlike a single stated combined share), so I propose a blank reserved share and filled entrants = 1. For UCM/UAM the same 5% was already coded out at merge."
ESP-UGR,K06,yes,income_or_socioeconomic,reserved_places (additional places),all_programmes,yes (5% disability reserve),yes,agree,agree,applicants=115689; entrants=9830; places=9347; equity_filled_entrants=75 (base 7314),agree,mixed_bases,"equity_reserved_share_pct 6 and equity_filled_entrants 75 add disability (5%; 53) to the risk-of-exclusion rule (1%; 22), although the source states them separately",correction_proposed,"Blind: art. 12(g) of the Andalusian DUA agreement of 1 March 2023 (BOJA 56/2023) adds 1% extra places (at least one) in every programme for applicants at risk of exclusion resident in Andalusia. Art. 5.4 defines this group as recipients of rentas mínimas de inserción or ingreso mínimo vital and their household members. This is an income-defined reserve set by regional regulation and covering all programmes. Art. 12(c) reserves 5% for disability (D072). The gender-violence clause (art. 5.3) is only a reassignment and is not coded. Selectivity reproduced from the UGR report 06 table (102 rows for 2023-24): places 9,347, applications 115,689, entrants 9,830, first-preference applications 20,238. Filled counts reproduced from report 07: Exclusión Social 22, Personas con Discapacidad 53, total first-preference entrants 7,314. The bases are mixed: applicants are applications (one per programme preference, phases 1 and 2), not persons, and places cover the cupo general in phase 1 only, so entry_rate 0.085 and applicants_per_place 12.38 mix units. Because the disability and exclusion shares are stated separately, I propose equity_reserved_share_pct 1 (noted as additional to the offer) and equity_filled_entrants 22 (first-preference entrants only; base 7,314)."
PRT-C,K06,yes,income_or_socioeconomic,reserved_places,all_programmes,"yes (4% or two places, CNA 1st phase)",yes,agree,agree,applicants=19920; admitted=3296; entrants=3311; places=3396; equity_filled_entrants=93 (Deficientes 12 + ASE 81),agree,mixed_bases,equity_reserved_share_pct and equity_filled_entrants include disability (6; 93),correction_proposed,"Blind: Portaria 104/2023 art. 10(3)(f) and art. 16 create, for 2023/24 entry, a priority contingent in the CNA 1st phase for beneficiaries of escalão A of school social action (income-tested), with 2% of 1st-phase places or two places; candidates not placed compete in the general contingent. This is reserved_places, income_or_socioeconomic, government_regulation. Art. 10(3)(e) disability contingent of 4% or two places (D072). The Azores and Madeira contingents (territorial, D071), emigrants/luso-descendants and military contingents are excluded. My blind scope was all_programmes for every institution, because the Portaria applies to all CNA programmes; I did not know about the institutional exceptions until the comparison step. All selectivity values reproduced from DGES and InfoCursos files: places 3396 and 1st-phase placements 3296 (fase1_a23.xlsx), applications 19920 (StatsEstab23.pdf, my own parse), CNA-2023 enrolments 3311 (InfoCursos 2024), and contingent placements Deficientes 12 + ASE 81 = 93 (StCEs23.pdf). Rates mixed: applicants are applications (a candidate is counted once per programme of the institution listed in any of six preferences), whereas admitted are persons placed in the 1st phase and entrants are persons enrolled via the CNA (presumably all phases), so admission_rate and entry_rate are placements or enrolments per application, not per person. The merged equity counts include disability: equity_reserved_share_pct 6 and equity_filled_entrants 93. Because Portaria 104/2023 states the shares separately and StCEs23 reports the contingents separately, I propose removing disability (D072). The DGES 2023 page confirms that all CNA programmes of this institution carry the ASE contingent, so all_programmes holds."
PRT-L,K06,yes,income_or_socioeconomic,reserved_places,all_programmes,"yes (4% or two places, CNA 1st phase)",yes,agree,disagree,applicants=41270; admitted=7348; entrants=7241; places=7424; equity_filled_entrants=66 (Deficientes 25 + ASE 41),agree,mixed_bases,equity_scope all_programmes refers to the disability contingent; the ASE contingent covers only some programmes. equity_reserved_share_pct and equity_filled_entrants include disability (4; 66),correction_proposed,"Blind: Portaria 104/2023 art. 10(3)(f) and art. 16 create, for 2023/24 entry, a priority contingent in the CNA 1st phase for beneficiaries of escalão A of school social action (income-tested), with 2% of 1st-phase places or two places; candidates not placed compete in the general contingent. This is reserved_places, income_or_socioeconomic, government_regulation. Art. 10(3)(e) disability contingent of 4% or two places (D072). The Azores and Madeira contingents (territorial, D071), emigrants/luso-descendants and military contingents are excluded. My blind scope was all_programmes for every institution, because the Portaria applies to all CNA programmes; I did not know about the institutional exceptions until the comparison step. All selectivity values reproduced from DGES and InfoCursos files: places 7424 and 1st-phase placements 7348 (fase1_a23.xlsx), applications 41270 (StatsEstab23.pdf, my own parse), CNA-2023 enrolments 7241 (InfoCursos 2024), and contingent placements Deficientes 25 + ASE 41 = 66 (StCEs23.pdf). Rates mixed: applicants are applications (a candidate is counted once per programme of the institution listed in any of six preferences), whereas admitted are persons placed in the 1st phase and entrants are persons enrolled via the CNA (presumably all phases), so admission_rate and entry_rate are placements or enrolments per application, not per person. The merged equity counts include disability: equity_reserved_share_pct 4 and equity_filled_entrants 66. Because Portaria 104/2023 states the shares separately and StCEs23 reports the contingents separately, I propose removing disability (D072). The DGES 2023 page (Wayback 2023-06-07) states that ULisboa and NOVA set ASE places only for some programmes (lists: 23 of 107 ULisboa and 16 of 42 NOVA programmes). With disability excluded under D072, the only qualifying rule covers some programmes, so equity_scope should be some_programmes. My blind all_programmes was wrong for this institution. The legal basis for the exception is not stated in the Portaria; equity_formal yes is unaffected."
PRT-NL,K06,yes,income_or_socioeconomic,reserved_places,all_programmes,"yes (4% or two places, CNA 1st phase)",yes,agree,disagree,applicants=18323; admitted=2777; entrants=2804; places=2821; equity_filled_entrants=38 (Deficientes 15 + ASE 23),agree,mixed_bases,equity_scope all_programmes refers to the disability contingent; the ASE contingent covers only some programmes. equity_reserved_share_pct and equity_filled_entrants include disability (4; 38),correction_proposed,"Blind: Portaria 104/2023 art. 10(3)(f) and art. 16 create, for 2023/24 entry, a priority contingent in the CNA 1st phase for beneficiaries of escalão A of school social action (income-tested), with 2% of 1st-phase places or two places; candidates not placed compete in the general contingent. This is reserved_places, income_or_socioeconomic, government_regulation. Art. 10(3)(e) disability contingent of 4% or two places (D072). The Azores and Madeira contingents (territorial, D071), emigrants/luso-descendants and military contingents are excluded. My blind scope was all_programmes for every institution, because the Portaria applies to all CNA programmes; I did not know about the institutional exceptions until the comparison step. All selectivity values reproduced from DGES and InfoCursos files: places 2821 and 1st-phase placements 2777 (fase1_a23.xlsx), applications 18323 (StatsEstab23.pdf, my own parse), CNA-2023 enrolments 2804 (InfoCursos 2024), and contingent placements Deficientes 15 + ASE 23 = 38 (StCEs23.pdf). Rates mixed: applicants are applications (a candidate is counted once per programme of the institution listed in any of six preferences), whereas admitted are persons placed in the 1st phase and entrants are persons enrolled via the CNA (presumably all phases), so admission_rate and entry_rate are placements or enrolments per application, not per person. The merged equity counts include disability: equity_reserved_share_pct 4 and equity_filled_entrants 38. Because Portaria 104/2023 states the shares separately and StCEs23 reports the contingents separately, I propose removing disability (D072). The DGES 2023 page (Wayback 2023-06-07) states that ULisboa and NOVA set ASE places only for some programmes (lists: 23 of 107 ULisboa and 16 of 42 NOVA programmes). With disability excluded under D072, the only qualifying rule covers some programmes, so equity_scope should be some_programmes. My blind all_programmes was wrong for this institution. The legal basis for the exception is not stated in the Portaria; equity_formal yes is unaffected."
PRT-P,K06,yes,income_or_socioeconomic,reserved_places,all_programmes,"yes (4% or two places, CNA 1st phase)",yes,agree,agree,applicants=26544; admitted=4635; entrants=4643; places=4706; equity_filled_entrants=112 (Deficientes 18 + ASE 94),agree,mixed_bases,equity_reserved_share_pct and equity_filled_entrants include disability (6; 112),correction_proposed,"Blind: Portaria 104/2023 art. 10(3)(f) and art. 16 create, for 2023/24 entry, a priority contingent in the CNA 1st phase for beneficiaries of escalão A of school social action (income-tested), with 2% of 1st-phase places or two places; candidates not placed compete in the general contingent. This is reserved_places, income_or_socioeconomic, government_regulation. Art. 10(3)(e) disability contingent of 4% or two places (D072). The Azores and Madeira contingents (territorial, D071), emigrants/luso-descendants and military contingents are excluded. My blind scope was all_programmes for every institution, because the Portaria applies to all CNA programmes; I did not know about the institutional exceptions until the comparison step. All selectivity values reproduced from DGES and InfoCursos files: places 4706 and 1st-phase placements 4635 (fase1_a23.xlsx), applications 26544 (StatsEstab23.pdf, my own parse), CNA-2023 enrolments 4643 (InfoCursos 2024), and contingent placements Deficientes 18 + ASE 94 = 112 (StCEs23.pdf). Rates mixed: applicants are applications (a candidate is counted once per programme of the institution listed in any of six preferences), whereas admitted are persons placed in the 1st phase and entrants are persons enrolled via the CNA (presumably all phases), so admission_rate and entry_rate are placements or enrolments per application, not per person. The merged equity counts include disability: equity_reserved_share_pct 6 and equity_filled_entrants 112. Because Portaria 104/2023 states the shares separately and StCEs23 reports the contingents separately, I propose removing disability (D072). The DGES 2023 page confirms that all CNA programmes of this institution carry the ASE contingent, so all_programmes holds."
PRT-UMINHO,K06,yes,income_or_socioeconomic,reserved_places,all_programmes,"yes (4% or two places, CNA 1st phase)",yes,agree,agree,applicants=19977; admitted=2882; entrants=2912; places=2967; equity_filled_entrants=83 (Deficientes 12 + ASE 71),agree,mixed_bases,equity_reserved_share_pct and equity_filled_entrants include disability (6; 83),correction_proposed,"Blind: Portaria 104/2023 art. 10(3)(f) and art. 16 create, for 2023/24 entry, a priority contingent in the CNA 1st phase for beneficiaries of escalão A of school social action (income-tested), with 2% of 1st-phase places or two places; candidates not placed compete in the general contingent. This is reserved_places, income_or_socioeconomic, government_regulation. Art. 10(3)(e) disability contingent of 4% or two places (D072). The Azores and Madeira contingents (territorial, D071), emigrants/luso-descendants and military contingents are excluded. My blind scope was all_programmes for every institution, because the Portaria applies to all CNA programmes; I did not know about the institutional exceptions until the comparison step. All selectivity values reproduced from DGES and InfoCursos files: places 2967 and 1st-phase placements 2882 (fase1_a23.xlsx), applications 19977 (StatsEstab23.pdf, my own parse), CNA-2023 enrolments 2912 (InfoCursos 2024), and contingent placements Deficientes 12 + ASE 71 = 83 (StCEs23.pdf). Rates mixed: applicants are applications (a candidate is counted once per programme of the institution listed in any of six preferences), whereas admitted are persons placed in the 1st phase and entrants are persons enrolled via the CNA (presumably all phases), so admission_rate and entry_rate are placements or enrolments per application, not per person. The merged equity counts include disability: equity_reserved_share_pct 6 and equity_filled_entrants 83. Because Portaria 104/2023 states the shares separately and StCEs23 reports the contingents separately, I propose removing disability (D072). The DGES 2023 page confirms that all CNA programmes of this institution carry the ASE contingent, so all_programmes holds. The 40 nursing-school placements under the regional preference (art. 19) are local-origin, not disadvantage, and are correctly excluded."
GRC-AT,K07,no,,,,"yes (5% supernumerary places for candidates with listed serious illnesses, admitted without exams)",no,agree,agree,places=5851;entrants=7088,agree,na,,none_needed,"BLIND: national Panhellenic allocation; 2023/24 special categories found: serious illnesses 5% supernumerary (disability rule, D072), Muslim minority of Thrace 0.5% (national-minority quota, excluded D071), natural-disaster-area pupils up to 2% (territorial, excluded D071), Greeks abroad/foreigners, athletes, EPAL and evening-lyceum pools (not disadvantage-defined). No income, large-family, orphan or first-generation rule for first-year entry in L. 4777/2021 or FEK B 2996/2023. Process note: the blind code was formed from these sources before the merged row was read, but was written to file only after the merged GRC rows had been displayed. | CHECK: merged no / disability yes matches blind; equity_scope correctly empty. places 5851 reproduced exactly by summing the 42 lines of the institution block in FEK B 2320/2023; entrants 7088 reproduced from the HAHE 2023-2024 institution record (all entry routes, persons). Scopes of places (base Panhellenic places, excl. supernumerary) and entrants (all routes) differ, as the merged notes say; no applicants or admitted, so no rate (central allocation). Minor: sel_unit=unique_applicants is attached to an entrant headcount with no applicant count; harmless but the label is not meaningful here."
GRC-KA,K07,no,,,,"yes (5% supernumerary places for candidates with listed serious illnesses, admitted without exams)",no,agree,agree,places=6326;entrants=7803,agree,na,,none_needed,"BLIND: national Panhellenic allocation; 2023/24 special categories found: serious illnesses 5% supernumerary (disability rule, D072), Muslim minority of Thrace 0.5% (national-minority quota, excluded D071), natural-disaster-area pupils up to 2% (territorial, excluded D071), Greeks abroad/foreigners, athletes, EPAL and evening-lyceum pools (not disadvantage-defined). No income, large-family, orphan or first-generation rule for first-year entry in L. 4777/2021 or FEK B 2996/2023. Process note: the blind code was formed from these sources before the merged row was read, but was written to file only after the merged GRC rows had been displayed. | CHECK: merged no / disability yes matches blind; equity_scope correctly empty. places 6326 reproduced exactly by summing the 41 lines of the institution block in FEK B 2320/2023; entrants 7803 reproduced from the HAHE 2023-2024 institution record (all entry routes, persons). Scopes of places (base Panhellenic places, excl. supernumerary) and entrants (all routes) differ, as the merged notes say; no applicants or admitted, so no rate (central allocation). Minor: sel_unit=unique_applicants is attached to an entrant headcount with no applicant count; harmless but the label is not meaningful here."
GRC-TA,K07,no,,,,"yes (5% supernumerary places for candidates with listed serious illnesses, admitted without exams)",no,agree,agree,places=1176;entrants=1651,agree,na,,none_needed,"BLIND: national Panhellenic allocation; 2023/24 special categories found: serious illnesses 5% supernumerary (disability rule, D072), Muslim minority of Thrace 0.5% (national-minority quota, excluded D071), natural-disaster-area pupils up to 2% (territorial, excluded D071), Greeks abroad/foreigners, athletes, EPAL and evening-lyceum pools (not disadvantage-defined). No income, large-family, orphan or first-generation rule for first-year entry in L. 4777/2021 or FEK B 2996/2023. Process note: the blind code was formed from these sources before the merged row was read, but was written to file only after the merged GRC rows had been displayed. | CHECK: merged no / disability yes matches blind; equity_scope correctly empty. places 1176 reproduced exactly by summing the 9 lines of the institution block in FEK B 2320/2023; entrants 1651 reproduced from the HAHE 2023-2024 institution record (all entry routes, persons). Scopes of places (base Panhellenic places, excl. supernumerary) and entrants (all routes) differ, as the merged notes say; no applicants or admitted, so no rate (central allocation). Minor: sel_unit=unique_applicants is attached to an entrant headcount with no applicant count; harmless but the label is not meaningful here."
GRC-C,K07,no,,,,"yes (5% supernumerary places for candidates with listed serious illnesses, admitted without exams)",no,agree,agree,places=2607;entrants=1904,agree,na,,none_needed,"BLIND: national Panhellenic allocation; 2023/24 special categories found: serious illnesses 5% supernumerary (disability rule, D072), Muslim minority of Thrace 0.5% (national-minority quota, excluded D071), natural-disaster-area pupils up to 2% (territorial, excluded D071), Greeks abroad/foreigners, athletes, EPAL and evening-lyceum pools (not disadvantage-defined). No income, large-family, orphan or first-generation rule for first-year entry in L. 4777/2021 or FEK B 2996/2023. Process note: the blind code was formed from these sources before the merged row was read, but was written to file only after the merged GRC rows had been displayed. | CHECK: merged no / disability yes matches blind; equity_scope correctly empty. places 2607 reproduced exactly by summing the 17 lines of the institution block in FEK B 2320/2023; entrants 1904 reproduced from the HAHE 2023-2024 institution record (all entry routes, persons). Scopes of places (base Panhellenic places, excl. supernumerary) and entrants (all routes) differ, as the merged notes say; no applicants or admitted, so no rate (central allocation). Minor: sel_unit=unique_applicants is attached to an entrant headcount with no applicant count; harmless but the label is not meaningful here."
GRC-P,K07,no,,,,"yes (5% supernumerary places for candidates with listed serious illnesses, admitted without exams)",no,agree,agree,places=5385;entrants=4667,agree,na,,none_needed,"BLIND: national Panhellenic allocation; 2023/24 special categories found: serious illnesses 5% supernumerary (disability rule, D072), Muslim minority of Thrace 0.5% (national-minority quota, excluded D071), natural-disaster-area pupils up to 2% (territorial, excluded D071), Greeks abroad/foreigners, athletes, EPAL and evening-lyceum pools (not disadvantage-defined). No income, large-family, orphan or first-generation rule for first-year entry in L. 4777/2021 or FEK B 2996/2023. Process note: the blind code was formed from these sources before the merged row was read, but was written to file only after the merged GRC rows had been displayed. | CHECK: merged no / disability yes matches blind; equity_scope correctly empty. places 5385 reproduced exactly by summing the 31 lines of the institution block in FEK B 2320/2023; entrants 4667 reproduced from the HAHE 2023-2024 institution record (all entry routes, persons). Scopes of places (base Panhellenic places, excl. supernumerary) and entrants (all routes) differ, as the merged notes say; no applicants or admitted, so no rate (central allocation). Minor: sel_unit=unique_applicants is attached to an entrant headcount with no applicant count; harmless but the label is not meaningful here."
HRV-JJSO,K07,no,,,,yes (>=60% physical impairment / disability grade 2-4 admitted outside the quota above threshold),no,agree,agree,applicants=12839;admitted=2341;places=3477,agree,mixed_bases,,none_needed,"BLIND (recorded before opening merged/draft rows): Osijek 2023/24 call gives supernumerary admission to veteran/war-victim categories (excluded) and disability categories (D072); alternative-care and single-parent students get only a non-binding encouragement to ""olakšati pristup"", no admission rule -> no. | CHECK: merged no / disability yes agrees; the collector flagged the same alternative-care wording. SELECTIVITY: applicants (sum of Broj prijava), admitted (Ostvarili pravo upisa) and places (Ukupna upisna kvota) reproduced exactly from the AZVO 2023 summer-round xlsx (HRV-JJSO-K07-01). Rate comparability: same year, round and programme set, but applicants are APPLICATIONS (each candidate lists several programmes) while admitted are persons who obtained the right to enrol (one per candidate), so admission_rate mixes units and understates a per-person rate. No entrants."
HRV-R,K07,no,,,,yes (>=60% physical impairment / disability grade 2-4 admitted outside the quota above threshold),no,agree,agree,applicants=14729;admitted=2514;places=3457,agree,mixed_bases,,none_needed,"BLIND: Rijeka 2023/24 call 4.2 lists only veteran/war-victim and disability categories for direct admission outside the quota; no alternative-care/single-parent rule anywhere in the file -> no, disability yes. | CHECK: merged no / disability yes agrees. SELECTIVITY: applicants (sum of Broj prijava), admitted (Ostvarili pravo upisa) and places (Ukupna upisna kvota) reproduced exactly from the AZVO 2023 summer-round xlsx (HRV-JJSO-K07-01). Rate comparability: same year, round and programme set, but applicants are APPLICATIONS (each candidate lists several programmes) while admitted are persons who obtained the right to enrol (one per candidate), so admission_rate mixes units and understates a per-person rate. No entrants."
HRV-S,K07,yes (provisional at blind stage),other (care leavers from the alternative-care system; single parents),lower_cutoff (supernumerary admission above the threshold),all_programmes,yes (>=60% physical impairment / disability grade 2-4 admitted outside the quota above threshold),yes,agree,agree,applicants=19110;admitted=3243;places=4540,agree,mixed_bases,,none_needed,"BLIND: at the blind stage only the 2023/24 graduate call (university-wide general part listing alternative-care candidates and single parents) was found; marked provisional. After opening the draft, the 2023/24 undergraduate call (HRV-S-K07-01, general part I.5) was read and confirms the university-wide rule. | CHECK: merged yes / all_programmes / other agrees. Instrument: merged separate_track vs blind lower_cutoff - both describe supernumerary admission of candidates who pass the threshold; not a classification disagreement. SELECTIVITY: applicants (sum of Broj prijava), admitted (Ostvarili pravo upisa) and places (Ukupna upisna kvota) reproduced exactly from the AZVO 2023 summer-round xlsx (HRV-JJSO-K07-01). Rate comparability: same year, round and programme set, but applicants are APPLICATIONS (each candidate lists several programmes) while admitted are persons who obtained the right to enrol (one per candidate), so admission_rate mixes units and understates a per-person rate. No entrants."
HRV-Z,K07,yes,other (care leavers from the alternative-care system; single parents),lower_cutoff (supernumerary admission above the threshold),some_programmes,yes (>=60% physical impairment / disability grade 2-4 admitted outside the quota above threshold),yes,agree,disagree,applicants=61665;admitted=10858;places=14263,agree,mixed_bases,"equity_scope: merged all_programmes; the only qualifying (non-disability) rule is optional per faculty and is adopted in the special parts of only 4 constituent faculties (FER, Graphic Arts, Food Technology and Biotechnology, Education and Rehabilitation Sciences).",correction_proposed,"BLIND: UNIZG general part point 7 says constituent units ""mogu"" (may) admit alternative-care and single-parent candidates outside the quota; full-text search shows the opt-in only in 4 faculty special parts -> yes, some_programmes (D068). Disability rule university-wide. | CHECK: merged equity_formal yes agrees, but equity_scope all_programmes contradicts the merged notes themselves (""applies only where a faculty states it in its special part""); all_programmes fits only the disability clause, which D072 removes from equity. Proposed: some_programmes. SELECTIVITY: applicants (sum of Broj prijava), admitted (Ostvarili pravo upisa) and places (Ukupna upisna kvota) reproduced exactly from the AZVO 2023 summer-round xlsx (HRV-JJSO-K07-01). Rate comparability: same year, round and programme set, but applicants are APPLICATIONS (each candidate lists several programmes) while admitted are persons who obtained the right to enrol (one per candidate), so admission_rate mixes units and understates a per-person rate. No entrants."
SVN-L,K07,no,,,,yes (special-needs candidates added if they reach 90% of the minimum points),no,agree,agree,applicants=9523;places=9569,disagree,mixed_bases,"Merged applicants/places (9523/9569) are the press figures at the close of applications (RTV/STA, 8 Apr 2023). The ministry first-round table for 2023/24 gives 9516 first-choice applications, 9624 places and 7265 accepted for UL; the merged row leaves admitted empty although an official count exists.",correction_proposed,"BLIND (recorded before opening merged rows): national joint call/Pravilnik: candidates with special needs (disability list) or special status (athletes, artists, competition participants, young parents) are admitted if they reach 90% of the minimum points -> disability rule yes; special status is not a disadvantage group; no income/ethnic/care/regional rule; places for Slovenians abroad and non-EU foreigners excluded -> no. At the blind stage the category definitions came from a 2025 UL document; the 2023/24 joint-call text (SVN-L-K07-03) was opened afterwards and states the same rule. | CHECK: merged no / disability yes agrees. SELECTIVITY: press figures 9523/9569 reproduced verbatim from RTV (SVN-L-K07-02). The ministry table (SVN-L-K07-01) gives the final first-round figures 9516/9624/7265 (incl. part-time: izredni 882 places, 183 first-choice applications, 216 accepted). Proposed to replace with the official table and add admitted. Rate comparability: same table, round and population (Slovenian/EU citizens), but applicants are first-choice applications only while ŠT. SPREJETIH counts everyone accepted to the programme, including candidates placed on a 2nd/3rd choice, so admitted is not a subset of applicants (mixed_bases); entry_rate n/a (no entrants)."
SVN-M,K07,no,,,,yes (special-needs candidates added if they reach 90% of the minimum points),no,agree,agree,applicants=3543;places=4573,disagree,mixed_bases,"Collector conflict on places (press 4774 vs UM annual report 4573). The ministry first-round table gives 4778 places (3993 full-time + 785 part-time), 3537 first-choice applications and 2952 accepted; the first-round call places (4774/4778) are the figure that pairs with first-choice applicants, not the 4573 annual-report total.",correction_proposed,"BLIND (recorded before opening merged rows): national joint call/Pravilnik: candidates with special needs (disability list) or special status (athletes, artists, competition participants, young parents) are admitted if they reach 90% of the minimum points -> disability rule yes; special status is not a disadvantage group; no income/ethnic/care/regional rule; places for Slovenians abroad and non-EU foreigners excluded -> no. At the blind stage the category definitions came from a 2025 UL document; the 2023/24 joint-call text (SVN-L-K07-03) was opened afterwards and states the same rule. | CHECK: merged no / disability yes agrees. SELECTIVITY: applicants 3543 and press places 4774 reproduced from RTV (SVN-L-K07-02); 4573 is from the UM annual report (collector source, not reopened). Resolution of the noted conflict: the official first-round table (SVN-L-K07-01) has 4778 places for UM, consistent with the press figure (4774 at the close of applications) and not with 4573; the part-time component (785) matches the annual report, so the difference lies in full-time places (3993 vs 3788). Proposed: applicants 3537, places 4778, admitted 2952. Rate comparability: admitted includes 2nd/3rd-choice placements (mixed_bases)."
SVN-P,K07,no,,,,yes (special-needs candidates added if they reach 90% of the minimum points),no,agree,agree,applicants=1226;admitted=915;places=1591,disagree,mixed_bases,"Merged admitted 915 is a preliminary lower bound (""vsaj"") from a UP news item; the ministry first-round table gives 924 accepted, 1220 first-choice applications and 1591 places. Places agree.",correction_proposed,"BLIND (recorded before opening merged rows): national joint call/Pravilnik: candidates with special needs (disability list) or special status (athletes, artists, competition participants, young parents) are admitted if they reach 90% of the minimum points -> disability rule yes; special status is not a disadvantage group; no income/ethnic/care/regional rule; places for Slovenians abroad and non-EU foreigners excluded -> no. At the blind stage the category definitions came from a 2025 UL document; the 2023/24 joint-call text (SVN-L-K07-03) was opened afterwards and states the same rule. | CHECK: merged no / disability yes agrees. SELECTIVITY: places 1591 confirmed by both RTV and the ministry table. Applicants 1226 (press, close of applications) vs 1220 (ministry final table). The collector inferred that the UP press figure is first-choice; RTV states ""Pri vseh omenjenih prijavah gre za prve želje"", which confirms it. Admitted 915 (UP news, at least) vs 924 (ministry table); proposed 924. UP news item not reopened. Rate comparability: admitted includes 2nd/3rd-choice placements (mixed_bases); the merged admission_rate 0.7463 should be read with that caveat."
NOR-NUSAT,K07,no,,,,"no (only § 7-13 individual assessment, D070)",no,agree,agree,applicants=20983;admitted=15236;entrants=8273;places=8234,agree,mixed_bases,"No classification disagreement; rationale differs (NTNU social-work international-background quota is not disadvantage-defined, rather than a D071 territorial/minority case).",none_needed,"BLIND (recorded before opening merged rows): national opptaksforskrift has a first-time-diploma quota (age/merit), gender points (excluded), age/folk-high-school/service points, ministry special quotas (Sami language, North-Norway, Nord-Troms/Finnmark - excluded under D071) and § 7-13 individual special assessment for illness/disability/other mother tongue (individual, D070; no category rule, so disability flag no). No income, ethnic, first-generation or care-leaver rule found for this institution. | CHECK: merged no / disability no agrees. Missed at the blind stage and found in the draft: NTNU Bachelor in Social Work reserves 20% of places (programme-level) for applicants with international background/experience (NOR-NUSAT-K07-06, Sept 2023 capture, verified). The coordinator coded it out citing D071; the better rationale is that eligibility includes having lived five years abroad after primary school, so the group is defined by intercultural experience for diversity, not by disadvantage. The immigrant/refugee-background limb is close to race_ethnicity; flag for the investigator if immigrant background alone should count. SELECTIVITY: applicants (priority-1, B3+M5+PR, Samordna autumn 2023) reproduced exactly from DBH table 379; places reproduced exactly from table 370 mapped to levels via 379. Offers and entrants re-queried at a coarser grouping differ by 1-8 from the merged values (DBH suppresses cells below 3, so totals depend on grouping); immaterial, no correction. Rate comparability: applicants are first-choice persons, while offers and entrants include applicants whose first choice was another institution/programme, so admission_rate and entry_rate mix bases. Checker re-query: applicants 20983, offers 15241, entrants 8275, places 8234."
NOR-UB,K07,no,,,,"no (only § 7-13 individual assessment, D070)",no,agree,agree,applicants=9035;admitted=6681;entrants=3570;places=3433,agree,mixed_bases,,none_needed,"BLIND (recorded before opening merged rows): national opptaksforskrift has a first-time-diploma quota (age/merit), gender points (excluded), age/folk-high-school/service points, ministry special quotas (Sami language, North-Norway, Nord-Troms/Finnmark - excluded under D071) and § 7-13 individual special assessment for illness/disability/other mother tongue (individual, D070; no category rule, so disability flag no). No income, ethnic, first-generation or care-leaver rule found for this institution. | CHECK: merged no / disability no agrees. SELECTIVITY: applicants (priority-1, B3+M5+PR, Samordna autumn 2023) reproduced exactly from DBH table 379; places reproduced exactly from table 370 mapped to levels via 379. Offers and entrants re-queried at a coarser grouping differ by 1-8 from the merged values (DBH suppresses cells below 3, so totals depend on grouping); immaterial, no correction. Rate comparability: applicants are first-choice persons, while offers and entrants include applicants whose first choice was another institution/programme, so admission_rate and entry_rate mix bases. Checker re-query: applicants 9035, offers 6681, entrants 3570, places 3433."
NOR-UIS,K07,no,,,,"no (only § 7-13 individual assessment, D070)",no,agree,agree,applicants=5428;admitted=4888;entrants=2262;places=2178,agree,mixed_bases,,none_needed,"BLIND (recorded before opening merged rows): national opptaksforskrift has a first-time-diploma quota (age/merit), gender points (excluded), age/folk-high-school/service points, ministry special quotas (Sami language, North-Norway, Nord-Troms/Finnmark - excluded under D071) and § 7-13 individual special assessment for illness/disability/other mother tongue (individual, D070; no category rule, so disability flag no). No income, ethnic, first-generation or care-leaver rule found for this institution. | CHECK: merged no / disability no agrees; hotel-management work-experience quota is not equity. SELECTIVITY: applicants (priority-1, B3+M5+PR, Samordna autumn 2023) reproduced exactly from DBH table 379; places reproduced exactly from table 370 mapped to levels via 379. Offers and entrants re-queried at a coarser grouping differ by 1-8 from the merged values (DBH suppresses cells below 3, so totals depend on grouping); immaterial, no correction. Rate comparability: applicants are first-choice persons, while offers and entrants include applicants whose first choice was another institution/programme, so admission_rate and entry_rate mix bases. Checker re-query: applicants 5428, offers 4894, entrants 2268, places 2178."
NOR-UO,K07,no,,,,"no (only § 7-13 individual assessment, D070)",no,agree,agree,applicants=15428;admitted=9355;entrants=4626;places=5160,agree,mixed_bases,,none_needed,"BLIND (recorded before opening merged rows): national opptaksforskrift has a first-time-diploma quota (age/merit), gender points (excluded), age/folk-high-school/service points, ministry special quotas (Sami language, North-Norway, Nord-Troms/Finnmark - excluded under D071) and § 7-13 individual special assessment for illness/disability/other mother tongue (individual, D070; no category rule, so disability flag no). No income, ethnic, first-generation or care-leaver rule found for this institution. | CHECK: merged no / disability no agrees. SELECTIVITY: applicants (priority-1, B3+M5+PR, Samordna autumn 2023) reproduced exactly from DBH table 379; places reproduced exactly from table 370 mapped to levels via 379. Offers and entrants re-queried at a coarser grouping differ by 1-8 from the merged values (DBH suppresses cells below 3, so totals depend on grouping); immaterial, no correction. Rate comparability: applicants are first-choice persons, while offers and entrants include applicants whose first choice was another institution/programme, so admission_rate and entry_rate mix bases. Checker re-query: applicants 15428, offers 9356, entrants 4627, places 5160."
NOR-UTTAUN,K07,no,,,,"no (only § 7-13 individual assessment, D070)",no,agree,agree,applicants=6293;admitted=6430;entrants=2897;places=4273,agree,mixed_bases,,none_needed,"BLIND (recorded before opening merged rows): national opptaksforskrift has a first-time-diploma quota (age/merit), gender points (excluded), age/folk-high-school/service points, ministry special quotas (Sami language, North-Norway, Nord-Troms/Finnmark - excluded under D071) and § 7-13 individual special assessment for illness/disability/other mother tongue (individual, D070; no category rule, so disability flag no). No income, ethnic, first-generation or care-leaver rule found for this institution. | CHECK: merged no / disability no agrees (Sami-language and North-Norway quotas coded out under D071). Edge case for the investigator: within the North-Norway medicine quota, 8 places are reserved for applicants from Nord-Troms (7 named municipalities) and Finnmark (NOR-NUSAT-K07-02, current page; the draft cites a Feb 2022 capture with the same wording). D072 counts remote-municipality origin as region_or_rural, D071 excludes North-Norway quotas; this sub-quota is territorial and is coded out consistently with D071 here. admitted (offers, all priorities incl. priorities 21-30) exceeds first-choice applicants; the merged check_flag is correct. SELECTIVITY: applicants (priority-1, B3+M5+PR, Samordna autumn 2023) reproduced exactly from DBH table 379; places reproduced exactly from table 370 mapped to levels via 379. Offers and entrants re-queried at a coarser grouping differ by 1-8 from the merged values (DBH suppresses cells below 3, so totals depend on grouping); immaterial, no correction. Rate comparability: applicants are first-choice persons, while offers and entrants include applicants whose first choice was another institution/programme, so admission_rate and entry_rate mix bases. Checker re-query: applicants 6293, offers 6438, entrants 2899, places 4273."
SWE-GU,K07,no,,,,"no (only individual HF 7:16 deviations, D070)",no,agree,agree,applicants=30177;admitted=4712;entrants=4166,agree,ok,,none_needed,"BLIND (recorded before opening merged rows): HF 7 kap. allocates places on grades (>=1/3), Högskoleprovet (>=1/3) and institution-set criteria (<=1/3) that must be relevant to the programme; 16 § allows individual deviations (D070). Widening-participation work is outreach, not an admission rule. No disadvantage-group quota, bonus, lower cutoff or separate track -> no; no category disability rule. | CHECK: merged no / disability no agrees. Reopened GU 2023/2301 section 4.1.7: deviation for medical reasons or long-lasting disability is ""I undantagsfall"" with ""En samlad bedömning"" - an individual hardship clause (D070), so no and no category disability flag. Year caveat as in the merged notes (version decided 13 Sep 2023). SELECTIVITY: applicants, admitted and entrants (persons new to higher education, HT2023) reproduced exactly from SCB Tabell 9 (SWE-GU-K07-02). Rate comparability: same table, semester and population; persons counted once per institution; admitted are a subset of applicants and entrants (registered) a subset of admitted -> ok. Caveats already in the merged notes: autumn only, programmes and freestanding courses combined, mostly domestic (complete personal numbers), applicants include ineligible ones."
SWE-KRT,K07,no,,,,"no (only individual HF 7:16 deviations, D070)",no,agree,agree,applicants=10798;admitted=2665;entrants=2041,agree,ok,,none_needed,"BLIND (recorded before opening merged rows): HF 7 kap. allocates places on grades (>=1/3), Högskoleprovet (>=1/3) and institution-set criteria (<=1/3) that must be relevant to the programme; 16 § allows individual deviations (D070). Widening-participation work is outreach, not an admission rule. No disadvantage-group quota, bonus, lower cutoff or separate track -> no; no category disability rule. | CHECK: merged no / disability no agrees. KTH local rules not reopened by the checker. SELECTIVITY: applicants, admitted and entrants (persons new to higher education, HT2023) reproduced exactly from SCB Tabell 9 (SWE-GU-K07-02). Rate comparability: same table, semester and population; persons counted once per institution; admitted are a subset of applicants and entrants (registered) a subset of admitted -> ok. Caveats already in the merged notes: autumn only, programmes and freestanding courses combined, mostly domestic (complete personal numbers), applicants include ineligible ones."
SWE-L,K07,no,,,,"no (only individual HF 7:16 deviations, D070)",no,agree,agree,applicants=30553;admitted=5193;entrants=4205,agree,ok,,none_needed,"BLIND (recorded before opening merged rows): HF 7 kap. allocates places on grades (>=1/3), Högskoleprovet (>=1/3) and institution-set criteria (<=1/3) that must be relevant to the programme; 16 § allows individual deviations (D070). Widening-participation work is outreach, not an admission rule. No disadvantage-group quota, bonus, lower cutoff or separate track -> no; no category disability rule. | CHECK: merged no / disability no agrees. Reopened Lund STYR 2021/1876 section 3.2.3: individual review (""Vid enstaka fall"", ""helhetsbedömning"") for medical or similar reasons, with a standard add-on if granted - an individual hardship clause (D070). SELECTIVITY: applicants, admitted and entrants (persons new to higher education, HT2023) reproduced exactly from SCB Tabell 9 (SWE-GU-K07-02). Rate comparability: same table, semester and population; persons counted once per institution; admitted are a subset of applicants and entrants (registered) a subset of admitted -> ok. Caveats already in the merged notes: autumn only, programmes and freestanding courses combined, mostly domestic (complete personal numbers), applicants include ineligible ones."
SWE-S,K07,no,,,,"no (only individual HF 7:16 deviations, D070)",no,agree,agree,applicants=25784;admitted=5025;entrants=4311,agree,ok,,none_needed,"BLIND (recorded before opening merged rows): HF 7 kap. allocates places on grades (>=1/3), Högskoleprovet (>=1/3) and institution-set criteria (<=1/3) that must be relevant to the programme; 16 § allows individual deviations (D070). Widening-participation work is outreach, not an admission rule. No disadvantage-group quota, bonus, lower cutoff or separate track -> no; no category disability rule. | CHECK: merged no / disability no agrees. SU local rules not reopened by the checker. SELECTIVITY: applicants, admitted and entrants (persons new to higher education, HT2023) reproduced exactly from SCB Tabell 9 (SWE-GU-K07-02). Rate comparability: same table, semester and population; persons counted once per institution; admitted are a subset of applicants and entrants (registered) a subset of admitted -> ok. Caveats already in the merged notes: autumn only, programmes and freestanding courses combined, mostly domestic (complete personal numbers), applicants include ineligible ones."
SWE-U,K07,no,,,,"no (only individual HF 7:16 deviations, D070)",no,agree,agree,applicants=31751;admitted=5140;entrants=4409,agree,ok,,none_needed,"BLIND (recorded before opening merged rows): HF 7 kap. allocates places on grades (>=1/3), Högskoleprovet (>=1/3) and institution-set criteria (<=1/3) that must be relevant to the programme; 16 § allows individual deviations (D070). Widening-participation work is outreach, not an admission rule. No disadvantage-group quota, bonus, lower cutoff or separate track -> no; no category disability rule. | CHECK: merged no / disability no agrees. Uppsala regulations not reopened by the checker. SELECTIVITY: applicants, admitted and entrants (persons new to higher education, HT2023) reproduced exactly from SCB Tabell 9 (SWE-GU-K07-02). Rate comparability: same table, semester and population; persons counted once per institution; admitted are a subset of applicants and entrants (registered) a subset of admitted -> ok. Caveats already in the merged notes: autumn only, programmes and freestanding courses combined, mostly domestic (complete personal numbers), applicants include ineligible ones."
DNK-AU,K08,no,,,,"no (individual adjustment only, BEK 69/2023 § 15 stk. 7; test accommodations)",no,agree,na,applicants 29249; admitted 7383; entrants 6638,agree,mixed_bases,,none_needed,"Blind: no group-defined equity rule in BEK 69/2023 for 2023 entry. Greenlandic special arrangement (§ 23, admission outside the cap) is territorial/residence-defined: excluded under D071 (noted). Individual quotient adjustment for unusual circumstances incl. disability (§ 15 stk. 7) is an individual hardship clause (D070), not a group disability rule. Kvote 2 = institution-set holistic assessment. Selectivity: KOT hovedtal 2023 and Danske Universiteter Tabel F 2023 values reopened and match exactly (DNK-AU-K08-05/06). Rate comparability mixed_bases: applicants are applications summed over programme offerings (a person counted at each programme applied for), admitted are persons offered a place in the KOT summer round (28 July 2023), entrants come from a different source (Tabel F, calendar 2023, 1 March + 1 October counts incl. winter intake and second-round admission). "
DNK-AU2,K08,no,,,,"no (individual adjustment only, BEK 69/2023 § 15 stk. 7; test accommodations)",no,agree,na,applicants 13252; admitted 3801; entrants 3438,agree,mixed_bases,,none_needed,"Blind: no group-defined equity rule in BEK 69/2023 for 2023 entry. Greenlandic special arrangement (§ 23, admission outside the cap) is territorial/residence-defined: excluded under D071 (noted). Individual quotient adjustment for unusual circumstances incl. disability (§ 15 stk. 7) is an individual hardship clause (D070), not a group disability rule. Kvote 2 = institution-set holistic assessment. Selectivity: KOT hovedtal 2023 and Danske Universiteter Tabel F 2023 values reopened and match exactly (DNK-AU-K08-05/06). Rate comparability mixed_bases: applicants are applications summed over programme offerings (a person counted at each programme applied for), admitted are persons offered a place in the KOT summer round (28 July 2023), entrants come from a different source (Tabel F, calendar 2023, 1 March + 1 October counts incl. winter intake and second-round admission). No AAU institution page opened for equity (national regulation governs; UFSN 2025 kvote-2 overview shows no social criteria)."
DNK-TUD,K08,no,,,,"no (individual adjustment only, BEK 69/2023 § 15 stk. 7; test accommodations)",no,agree,na,applicants 7760; admitted 2283; entrants 2283,agree,mixed_bases,"DTU entrants concept (possibly offers, not enrolment)",unresolved,"Blind: no group-defined equity rule in BEK 69/2023 for 2023 entry. Greenlandic special arrangement (§ 23, admission outside the cap) is territorial/residence-defined: excluded under D071 (noted). Individual quotient adjustment for unusual circumstances incl. disability (§ 15 stk. 7) is an individual hardship clause (D070), not a group disability rule. Kvote 2 = institution-set holistic assessment. Selectivity: KOT hovedtal 2023 and Danske Universiteter Tabel F 2023 values reopened and match exactly (DNK-AU-K08-05/06). Rate comparability mixed_bases: applicants are applications summed over programme offerings (a person counted at each programme applied for), admitted are persons offered a place in the KOT summer round (28 July 2023), entrants come from a different source (Tabel F, calendar 2023, 1 March + 1 October counts incl. winter intake and second-round admission). Collector flag (entrants = admitted = 2283) checked: DTU's own 2023 cohort profiles give 'Antal optagne' 1378 (civilbachelor) + 905 (diplomingeniør) = 2283, the same figure as the KOT offers of 28 July. DTU's Tabel F entry therefore appears to be its admitted/'optagne' count rather than enrolment net of no-shows (the label does not settle which). Value confirmed as published; DTU entry_rate likely equals its admission rate by construction and is not comparable with other DNK entry rates. Not changed; unresolved."
DNK-UC,K08,no,,,,"no (individual adjustment only, BEK 69/2023 § 15 stk. 7; test accommodations)",no,agree,na,applicants 31398; admitted 7204; entrants 6544,agree,mixed_bases,,none_needed,"Blind: no group-defined equity rule in BEK 69/2023 for 2023 entry. Greenlandic special arrangement (§ 23, admission outside the cap) is territorial/residence-defined: excluded under D071 (noted). Individual quotient adjustment for unusual circumstances incl. disability (§ 15 stk. 7) is an individual hardship clause (D070), not a group disability rule. Kvote 2 = institution-set holistic assessment. Selectivity: KOT hovedtal 2023 and Danske Universiteter Tabel F 2023 values reopened and match exactly (DNK-AU-K08-05/06). Rate comparability mixed_bases: applicants are applications summed over programme offerings (a person counted at each programme applied for), admitted are persons offered a place in the KOT summer round (28 July 2023), entrants come from a different source (Tabel F, calendar 2023, 1 March + 1 October counts incl. winter intake and second-round admission). KU's own page (31788 applications, 18598 unique applicants, 7180 admitted) differs from KOT, as the collector noted; not reconciled; KOT values kept for cross-institution consistency."
DNK-USD,K08,no,,,,"no (individual adjustment only, BEK 69/2023 § 15 stk. 7; test accommodations)",no,agree,na,applicants 20835; admitted 4348; entrants 4001,agree,mixed_bases,,none_needed,"Blind: no group-defined equity rule in BEK 69/2023 for 2023 entry. Greenlandic special arrangement (§ 23, admission outside the cap) is territorial/residence-defined: excluded under D071 (noted). Individual quotient adjustment for unusual circumstances incl. disability (§ 15 stk. 7) is an individual hardship clause (D070), not a group disability rule. Kvote 2 = institution-set holistic assessment. Selectivity: KOT hovedtal 2023 and Danske Universiteter Tabel F 2023 values reopened and match exactly (DNK-AU-K08-05/06). Rate comparability mixed_bases: applicants are applications summed over programme offerings (a person counted at each programme applied for), admitted are persons offered a place in the KOT summer round (28 July 2023), entrants come from a different source (Tabel F, calendar 2023, 1 March + 1 October counts incl. winter intake and second-round admission). No SDU institution page opened for equity (national regulation governs)."
FIN-AU,K08,no,,,,no (exam accommodations only; none found),no,agree,na,places 2422; applicants 28239; admitted 3489; entrants 1907,agree,ok,,none_needed,"Blind: no disadvantage-defined admission rule. Universities Act 36 § allows grouping by educational background only and a limited deviation to secure a language group's education needs (Swedish-language targets/quotas: language group, treated like national-minority quotas under D071, not equity); 36 b § first-time-applicant quota (ensikertalaiskiintiö) is not disadvantage-defined; open-university route (avoimen väylä) is not disadvantage-defined; SIMHE is counselling. Merged no: agree. Selectivity: checker re-downloaded the Vipunen 2023 extract and summed autumn-2023 first-cycle rows; all four values match the merged row exactly. Rate comparability ok: applicants, admitted and entrants come from the same dataset, same targets, same autumn-2023 intake (unit = applications; a person may be counted at up to six targets, so admission_rate is per application, as labelled). "
FIN-UH,K08,no,,,,no (exam accommodations only; none found),no,agree,na,places 3907; applicants 43635; admitted 4566; entrants 3475,agree,ok,,none_needed,"Blind: no disadvantage-defined admission rule. Universities Act 36 § allows grouping by educational background only and a limited deviation to secure a language group's education needs (Swedish-language targets/quotas: language group, treated like national-minority quotas under D071, not equity); 36 b § first-time-applicant quota (ensikertalaiskiintiö) is not disadvantage-defined; open-university route (avoimen väylä) is not disadvantage-defined; SIMHE is counselling. Merged no: agree. Selectivity: checker re-downloaded the Vipunen 2023 extract and summed autumn-2023 first-cycle rows; all four values match the merged row exactly. Rate comparability ok: applicants, admitted and entrants come from the same dataset, same targets, same autumn-2023 intake (unit = applications; a person may be counted at up to six targets, so admission_rate is per application, as labelled). UH 2023 seminar confirms only a language-group quota (Swedish-language biology target) and an open-university route."
FIN-TAU,K08,no,,,,no (exam accommodations only; none found),no,agree,na,places 2822; applicants 38913; admitted 3525; entrants 2292,agree,ok,,none_needed,"Blind: no disadvantage-defined admission rule. Universities Act 36 § allows grouping by educational background only and a limited deviation to secure a language group's education needs (Swedish-language targets/quotas: language group, treated like national-minority quotas under D071, not equity); 36 b § first-time-applicant quota (ensikertalaiskiintiö) is not disadvantage-defined; open-university route (avoimen väylä) is not disadvantage-defined; SIMHE is counselling. Merged no: agree. Selectivity: checker re-downloaded the Vipunen 2023 extract and summed autumn-2023 first-cycle rows; all four values match the merged row exactly. Rate comparability ok: applicants, admitted and entrants come from the same dataset, same targets, same autumn-2023 intake (unit = applications; a person may be counted at up to six targets, so admission_rate is per application, as labelled). No TAU-specific 2023 document opened by the checker; national law + 2024 all-university webinar only."
FIN-UT,K08,no,,,,no (exam accommodations only; none found),no,agree,na,places 2585; applicants 37632; admitted 2916; entrants 2187,agree,ok,,none_needed,"Blind: no disadvantage-defined admission rule. Universities Act 36 § allows grouping by educational background only and a limited deviation to secure a language group's education needs (Swedish-language targets/quotas: language group, treated like national-minority quotas under D071, not equity); 36 b § first-time-applicant quota (ensikertalaiskiintiö) is not disadvantage-defined; open-university route (avoimen väylä) is not disadvantage-defined; SIMHE is counselling. Merged no: agree. Selectivity: checker re-downloaded the Vipunen 2023 extract and summed autumn-2023 first-cycle rows; all four values match the merged row exactly. Rate comparability ok: applicants, admitted and entrants come from the same dataset, same targets, same autumn-2023 intake (unit = applications; a person may be counted at up to six targets, so admission_rate is per application, as labelled). No UT-specific 2023 document opened by the checker; national law + 2024 all-university webinar only."
FIN-JYU,K08,no,,,,"unknown for 2023 (2024: yes, 1 of 57 places in liikuntapedagogiikka reserved as vammaiskiintiö)",no,agree,na,places 2175; applicants 20733; admitted 2169; entrants 1670,agree,ok,equity_disability_rule (merged no; 2024 evidence of a 1-place disability quota),correction_proposed,"Blind: no disadvantage-defined admission rule. Universities Act 36 § allows grouping by educational background only and a limited deviation to secure a language group's education needs (Swedish-language targets/quotas: language group, treated like national-minority quotas under D071, not equity); 36 b § first-time-applicant quota (ensikertalaiskiintiö) is not disadvantage-defined; open-university route (avoimen väylä) is not disadvantage-defined; SIMHE is counselling. Merged no: agree. Selectivity: checker re-downloaded the Vipunen 2023 extract and summed autumn-2023 first-cycle rows; all four values match the merged row exactly. Rate comparability ok: applicants, admitted and entrants come from the same dataset, same targets, same autumn-2023 intake (unit = applications; a person may be counted at up to six targets, so admission_rate is per application, as labelled). Disability: the 2024-entry webinar shows a disability quota (1 'vammaiskiintiön opiskelija' of 57 places) in JYU's sport-pedagogy programme; the 2023 Vipunen row shows the same 57 places, consistent with but not proof of the same split in 2023. Merged equity_disability_rule = no is not supported for 2024 and unconfirmed for 2023; equity_formal stays no under D072 either way. Proposed a notes addition (equity_disability_rule is not in the correction field list)."
EST-EMU,K08,no,,,,no (equal conditions; no preference),no,agree,na,places 589; entrants 537,agree,na,,none_needed,"Blind: no. The only group rule is up to three out-of-competition places for candidates from Setomaa municipality nominated by Seto bodies: territorial/minority-community quota, excluded under D071. Other out-of-competition routes are athletes and olympiads (merit). Merged no (D071) agrees. Selectivity: annual report reopened; places 589 and matriculated 537 confirmed (as of the report's count). The same sentence gives 568 'õppima asus / õppima tulijaks registreerus' (> 537); unexplained - 537 (matriculated) is the consistent concept with other EST rows; flagged, not changed. No applicants, so rates na. National: no statutory reservation rule; each university sets its admission rules (UT rules cite KHaS § 13(1)); national law text not separately opened by checker."
EST-TALTECH,K08,no,,,,no (none found),no,agree,na,entrants 1725,agree,na,,none_needed,"Blind: no. The 2023/24 admission page lists only olympiad/competition-based special-condition admission; athletes out-of-competition. Caveat: the current regulation shows § 8 items 4-7 repealed on 30.11.2023, so four special conditions in force for 2023 entry were not seen in the regulation text; the archived 2023/24 admission page lists only olympiads, contests and a TV science contest ('Rakett 69'), so they were most likely merit routes, but unconfirmed. Selectivity: 1725 confirmed in the 12.10.2023 news item; the 11.09.2023 summary's '1072' is internally inconsistent (1659 + 43 > 1072; 1072 + 1040 != 2783 while 1725 + 1058 = 2783), so 1725 is the better-supported figure. Annual-report 1818 (collector) not reopened. No applicants: rates na. National: no statutory reservation rule; each university sets its admission rules (UT rules cite KHaS § 13(1)); national law text not separately opened by checker."
EST-TLU,K08,no,,,,yes (threshold-passing candidates with severe/profound disability admitted to Estonian-language curricula),no,agree,na,entrants 1174,agree,na,,none_needed,"Blind: equity no; disability rule yes (D072). Merged equity_formal no with equity_disability_rule yes agrees. Other special conditions are merit (state-exam results, olympiads, gold medal +5) and volunteer-work points (not disadvantage). Selectivity: Joonis 5 rendered and visually checked: 2023 RKH 100 + BA 1074 = 1174 (derived sum, matriculations, incl. international students). No applicants: rates na. National: no statutory reservation rule; each university sets its admission rules (UT rules cite KHaS § 13(1)); national law text not separately opened by checker."
EST-UT,K08,no,,,,"no (exam accommodation only, pt 50.3)",no,agree,na,admitted 3435; entrants 2907,agree,na,,none_needed,"Blind: no. UT 2023/24 rules: special conditions are olympiads, academic test >= 65, up to 12 athletes (merit/athletes); erivajadus only exam adaptation. Merged no agrees. Selectivity: 3435 (first-wave decisions 11 July 2023, Estonian-language first level) and 2907 (Activity Report 2023, all first-level admitted/started incl. foreign-language) confirmed; different scopes as the collector noted. No first-level applicants, so admission/entry rates na. National: no statutory reservation rule; each university sets its admission rules (UT rules cite KHaS § 13(1)); national law text not separately opened by checker."
POL-AMP,K08,no,,,,no (same rules; individual adaptation only),no,agree,na,applicants 29160,agree,na,,none_needed,"Blind: no. Merged no agrees. Selectivity: 29 160 confirmed in the ministry release (applications to full-time first-cycle + long-cycle, all citizenships). Only applicants filled, so rates na. National: no statutory reservation/bonus rule for disadvantaged groups identified; admission conditions are set by each senate under PSWN art. 70(1) (as cited in the resolutions); the Act text itself was not opened by the checker (ISAP download failed)."
POL-J,K08,no,,,,no (exam adaptation only),no,agree,na,places 8474; applicants 36171; entrants 7745,agree,ok,,none_needed,"Blind: no. Merged no agrees. Selectivity: checker independently re-summed the 2023 block of the UJ table (pymupdf word positions): 112 full-time rows give places 8474, applications 36171, enrolled 7745 - exact match; part-time 961/1636/781 also matches the note. Rate comparability ok: same table, same programmes (Polish citizens, full-time), same 2023 recruitment (all rounds), applications unit. Ministry 39 434 (all citizenships) correctly not mixed in. National: no statutory reservation/bonus rule for disadvantaged groups identified; admission conditions are set by each senate under PSWN art. 70(1) (as cited in the resolutions); the Act text itself was not opened by the checker (ISAP download failed)."
POL-UWR,K08,no,,,,no (modified procedure only),no,agree,na,places 6038; applicants 25581; entrants 4774,agree,ok,,none_needed,"Blind: no (based on the 2024/25 resolution and a 2023 amendment; collector cites the 2023/24 base resolution 109/2022 with the same § 17). Merged no agrees. Selectivity: EN-1 'Ogółem' row 25581 candidates / 4774 przyjęci and the 6 038 limit reopened and confirmed. Rate comparability ok: applicants and entrants from the same EN-1 return (same programmes, same date 1 Oct 2023, all citizenships; applications unit). Places from a separate news page for the same programme set. National: no statutory reservation/bonus rule for disadvantaged groups identified; admission conditions are set by each senate under PSWN art. 70(1) (as cited in the resolutions); the Act text itself was not opened by the checker (ISAP download failed)."
POL-W,K08,no,,,,no (same procedure; exam adaptation only),no,agree,na,applicants 50198; entrants 9718,agree,ok,applicants: ministry 50 198 vs UW news 51 194 (pre-existing dispute),unresolved,"Blind: no. The Ukrainian-refugee admission limit (ch. 4a) is nationality/displacement-based for foreign candidates, not on the disadvantage list - agree it is excluded. Merged no agrees. Selectivity: ministry release reopened, UW 50 198 confirmed; UW news reopened, 9718 and the conflicting 51 194 confirmed. The 50 198 vs 51 194 dispute (both attributed to ministry data) remains unresolved; the ministry figure is the primary publication. Rate comparability ok (approximately): both counts are ministry/POL-on figures for full-time first-cycle + long-cycle programmes, 1 Oct 2023, all citizenships; applications unit. National: no statutory reservation/bonus rule for disadvantaged groups identified; admission conditions are set by each senate under PSWN art. 70(1) (as cited in the resolutions); the Act text itself was not opened by the checker (ISAP download failed)."
POL-WT,K08,no,,,,no (information on studying with a disability only),no,agree,na,places 5620; applicants 11096,agree,na,,none_needed,"Blind: no (resolution 247/L/2022 text has no disadvantage-group provision; olympiad preferences are merit). Merged no agrees. Selectivity: PW news of July 2023 reopened: 5 620 places, 11 096 candidates (persons), 31 773 applications confirmed; unit unique_applicants correct for 11 096. No admitted/entrants, so admission/entry rates na (applicants_per_place uses persons over places; ministry 38 091 applications is a different basis, correctly not mixed). National: no statutory reservation/bonus rule for disadvantaged groups identified; admission conditions are set by each senate under PSWN art. 70(1) (as cited in the resolutions); the Act text itself was not opened by the checker (ISAP download failed)."
CZE-BUT,K08,no,,,,no (accommodation / adapted exams only),no,agree,na,applicants 9311 (persons); admitted 6557; entrants 4929,agree,mixed_bases,,none_needed,"Blind: no. Act 111/1998 § 49(1) limits admission conditions to knowledge, abilities, talent and school results with ranking of the best; no disadvantage-group provision; disability = supportive measures/accommodation (§ 21(5)), not an admission preference. Faculty-level conditions not opened by the checker (same gap as collector). Merged no agrees. Selectivity: Tab. 5.1 total row reopened: 9311 persons / 11462 applications / 6557 admissions / 4929 enrolments, long-cycle 0 - confirmed. Rate comparability mixed_bases: applicants are unique persons while admitted/enrolled are counts of admissions/enrolments (possibly several per person); and the unit differs from CZE-CU/MU/UPOL (applications). Using applications (11462) would give a same-unit-family ratio; not changed (collector choice documented)."
CZE-CTU,K08,no,,,,no (accommodation / adapted exams only),no,agree,na,applicants 10104 (persons); admitted 6344; entrants 4986,agree,mixed_bases,,none_needed,"Blind: no. Act 111/1998 § 49(1) limits admission conditions to knowledge, abilities, talent and school results with ranking of the best; no disadvantage-group provision; disability = supportive measures/accommodation (§ 21(5)), not an admission preference. Faculty-level conditions not opened by the checker (same gap as collector). Merged no agrees. Selectivity: Tab. 5.1 total row reopened: 10104 persons / 13447 applications / 6344 / 4986 - confirmed. Rate comparability mixed_bases for the same reason as CZE-BUT (persons denominator vs admission/enrolment counts; unit differs from CU/MU/UPOL)."
CZE-CU,K08,no,,,,no (accommodation / adapted exams only),no,agree,na,applicants 55812; admitted 18663; entrants 11754,agree,ok,,none_needed,"Blind: no. Act 111/1998 § 49(1) limits admission conditions to knowledge, abilities, talent and school results with ranking of the best; no disadvantage-group provision; disability = supportive measures/accommodation (§ 21(5)), not an admission preference. Faculty-level conditions not opened by the checker (same gap as collector). Merged no agrees. Selectivity: table 5.1 total row reopened (Bc. 34 940 / 13 075 / 8 221; long-cycle Mgr. 20 872 / 5 588 / 3 533); sums 55812 / 18663 / 11754 confirmed. Rate comparability ok: same table, same year, same scope; applications denominator, admissions/enrolments numerators (unit labelled applications)."
CZE-MU,K08,no,,,,no (accommodation / adapted exams only),no,agree,na,applicants 41641; admitted 12070; entrants 8674,agree,ok,,none_needed,"Blind: no. Act 111/1998 § 49(1) limits admission conditions to knowledge, abilities, talent and school results with ranking of the best; no disadvantage-group provision; disability = supportive measures/accommodation (§ 21(5)), not an admission preference. Faculty-level conditions not opened by the checker (same gap as collector). Merged no agrees. Selectivity: Tabulka 26 row reopened (32 708 + 8 933; 9 852 + 2 218; 6 967 + 1 707); sums confirmed. Rate comparability ok (same table, all rounds of 2023/24 procedure, applications unit)."
CZE-UPOL,K08,no,,,,no (accommodation / adapted exams only),no,agree,na,applicants 29105; admitted 8071; entrants 5904,agree,ok,,none_needed,"Blind: no. Act 111/1998 § 49(1) limits admission conditions to knowledge, abilities, talent and school results with ranking of the best; no disadvantage-group provision; disability = supportive measures/accommodation (§ 21(5)), not an admission preference. Faculty-level conditions not opened by the checker (same gap as collector). Merged no agrees. Selectivity: Tab. 5.1 část 2a UP CELKEM row reopened (21 702 + 7 403; 6 474 + 1 597; 4 896 + 1 008); sums confirmed. Rate comparability ok (same table and scope, applications unit)."
HUN-BTE,K09,yes,income_or_socioeconomic,bonus_points,all_programmes,yes,yes,agree,agree,entrants=3368,agree,na,,none_needed,"Blind coding: national rule (felvi.hu 2023A guide 2.3.3.1/2.3.3.2/3.3.6): 40 bonus points for disadvantaged applicants (hátrányos helyzet: means-tested regular child-protection allowance plus a further condition) on every bachelor/undivided programme except practical-exam programmes; 40 points for disability (separate disability flag). Same rule for every Hungarian institution in the general procedure; institution-specific 2023 regulations not opened (gap shared with collector). Process note: the blind codes were decided from the sources above before the merged rows were read, but the merged HUN-BTE row was displayed by a listing command before these codes were written to file. Entrants 3368 reproduced exactly from FIR Hallgató_202321.xlsx (BME, A+O, új belépő; all citizenships and modes). BME news (2023-07-27) confirms only 'közel 4100' admitted on bachelor/undivided, so admitted rightly left empty. No applicants -> rates na."
HUN-D,K09,yes,income_or_socioeconomic,bonus_points,all_programmes,yes,yes,agree,agree,applicants=34150; admitted=6577; entrants=6206,agree,mixed_bases,,none_needed,"Blind coding: national rule (felvi.hu 2023A guide 2.3.3.1/2.3.3.2/3.3.6): 40 bonus points for disadvantaged applicants (hátrányos helyzet: means-tested regular child-protection allowance plus a further condition) on every bachelor/undivided programme except practical-exam programmes; 40 points for disability (separate disability flag). Same rule for every Hungarian institution in the general procedure; institution-specific 2023 regulations not opened (gap shared with collector). Process note: the blind codes were decided from the sources above before the merged rows were read, but the merged HUN-BTE row was displayed by a listing command before these codes were written to file. Re-parsed both DE PDFs with pymupdf: state A 21949/4447, O 4187/731; self-financed A 6950/1116, O 1064/283 (applications/admitted); every all-level sum equals the printed 'Egyetemi összesen' row; collector's 34150 and 6577 confirmed. Entrants 6206 reproduced from FIR. Rate comparability mixed_bases: applicants are applications (one per programme choice; persons ranking DE lower included; one person can apply to several DE programmes), so admitted/applicants is admissions per application, not a per-person rate; entrants come from the FIR autumn file (all citizenships, incl. foreign students admitted outside the general procedure) while applicants/admitted cover only the September 2023 general procedure. The first-choice count (9380 persons) is an alternative unique-person denominator."
HUN-EL,K09,yes,income_or_socioeconomic,bonus_points,all_programmes,yes,yes,agree,agree,admitted=9081; entrants=6795,agree,na,,none_needed,"Blind coding: national rule (felvi.hu 2023A guide 2.3.3.1/2.3.3.2/3.3.6): 40 bonus points for disadvantaged applicants (hátrányos helyzet: means-tested regular child-protection allowance plus a further condition) on every bachelor/undivided programme except practical-exam programmes; 40 points for disability (separate disability flag). Same rule for every Hungarian institution in the general procedure; institution-specific 2023 regulations not opened (gap shared with collector). Process note: the blind codes were decided from the sources above before the merged rows were read, but the merged HUN-BTE row was displayed by a listing command before these codes were written to file. ELTE news 2023-07-27 reopened: 7802 bachelor + 1279 undivided = 9081 admitted. Entrants 6795 reproduced from FIR. No applicants -> na."
HUN-P,K09,yes,income_or_socioeconomic,bonus_points,all_programmes,yes,yes,agree,agree,entrants=4362,agree,na,,none_needed,"Blind coding: national rule (felvi.hu 2023A guide 2.3.3.1/2.3.3.2/3.3.6): 40 bonus points for disadvantaged applicants (hátrányos helyzet: means-tested regular child-protection allowance plus a further condition) on every bachelor/undivided programme except practical-exam programmes; 40 points for disability (separate disability flag). Same rule for every Hungarian institution in the general procedure; institution-specific 2023 regulations not opened (gap shared with collector). Process note: the blind codes were decided from the sources above before the merged rows were read, but the merged HUN-BTE row was displayed by a listing command before these codes were written to file. Entrants 4362 reproduced from FIR (PTE, A+O, új belépő). Admitted/applicants rightly left empty (only all-level figures and rounded level shares published). No applicants -> na."
HUN-S,K09,yes,income_or_socioeconomic,bonus_points,all_programmes,yes,yes,agree,agree,admitted=6459; entrants=5171,agree,na,,none_needed,"Blind coding: national rule (felvi.hu 2023A guide 2.3.3.1/2.3.3.2/3.3.6): 40 bonus points for disadvantaged applicants (hátrányos helyzet: means-tested regular child-protection allowance plus a further condition) on every bachelor/undivided programme except practical-exam programmes; 40 points for disability (separate disability flag). Same rule for every Hungarian institution in the general procedure; institution-specific 2023 regulations not opened (gap shared with collector). Process note: the blind codes were decided from the sources above before the merged rows were read, but the merged HUN-BTE row was displayed by a listing command before these codes were written to file. SZTE news 2023-07-27 reopened: 5445 bachelor + 1014 undivided = 6459 (worded 'kezdik meg tanulmányaikat' but the level counts sum to the 7896 who 'jutottak be', i.e. admitted). Entrants 5171 reproduced from FIR. No applicants -> na."
ROU-AIC,K09,yes,race_ethnicity;region_or_rural;other,reserved_places,all_programmes,yes,yes,agree,agree,applicants=11596; places=7955; equity_reserved_places=179,disagree,na,equity_reserved_places 179 includes 15 CES/disability places stated separately by the source (D072),correction_proposed,"Blind (recorded in scratch rou_blind.txt before the merged rows were opened): separate budget-funded places for Roma (ministry allocation), graduates of rural high schools (ministry list/allocation) and care leavers from the social protection system (at least 10 per state university, Law 221/2019 / OM 3102/2022 art.13(8)); separate CES/disability places (disability flag only, D072). 'other' = care leavers. Scope coded all_programmes because the allocation is university-wide (distributed by faculty; not every programme has every category). Applicants 11596 confirmed visually (TOTAL UNIVERSITATE row, 'Total CANDIDAȚI ROMÂNI'; counted 'cumulat, după prima opțiune' = one per candidate within UAIC; July session only). Places 7955 = 4100 budget + 3855 fee confirmed in the release. Scope note: applicants include 1254 fee ID/IFR candidates; whether the 3855 fee places include ID/IFR is not stated (collector flag stands, unresolved). Reserved: release lists 104 rural + 30 Roma + 30 social protection + 15 CES; D072 -> 164 excluding CES. No admitted/entrants -> admission/entry rates not computable (na); only applicants_per_place, whose scope match is uncertain as noted."
ROU-B,K09,yes,race_ethnicity;region_or_rural;other,reserved_places,all_programmes,yes,yes,agree,agree,applicants=43921; places=10904; equity_reserved_places=216,disagree,na,"(1) equity_reserved_places 216 includes 7 CES places stated separately (D072). (2) places 10904 is the printed TOTAL column, but the printed budget (4461) and fee (6474) totals sum to 10935; the gap of 31 comes from the Limbi si Literaturi Straine faculty subtotal printed as 1238 although its budget 525 + fee 744 = 1269 (all other faculty subtotals add up; budget and fee column totals reproduce 4461 and 6474 from faculty subtotals).",correction_proposed,"Blind (recorded in scratch rou_blind.txt before the merged rows were opened): separate budget-funded places for Roma (ministry allocation), graduates of rural high schools (ministry list/allocation) and care leavers from the social protection system (at least 10 per state university, Law 221/2019 / OM 3102/2022 art.13(8)); separate CES/disability places (disability flag only, D072). 'other' = care leavers. Scope coded all_programmes because the allocation is university-wide (distributed by faculty; not every programme has every category). Applicants 43921 confirmed in Rector's report 2023 p.27 as 'opțiuni la programe de licență' for the 2023 sessions (unit applications); the July press release used the same figure as partial data - possible scope conflict left as flagged by collector. Equity table p.1: 2023 Roma 66, rural 128, social protection 15, CES 7; the 23 June 2023 release states '100 de locuri ... candidaților de etnie romă' without level - plausibly licence + master (not verified); merged row uses the licence table (66), which is the correct scope. Correction: reserved places 209 excl. CES; places 10935 (sum of printed budget and fee totals) with base updated. No admitted/entrants -> na."
ROU-BB,K09,yes,race_ethnicity;region_or_rural;other,reserved_places,all_programmes,yes,yes,agree,agree,applicants=13581; places=16190 (5298+10892); equity_reserved_places=221,agree,na,,none_needed,"Blind (recorded in scratch rou_blind.txt before the merged rows were opened): separate budget-funded places for Roma (ministry allocation), graduates of rural high schools (ministry list/allocation) and care leavers from the social protection system (at least 10 per state university, Law 221/2019 / OM 3102/2022 art.13(8)); separate CES/disability places (disability flag only, D072). 'other' = care leavers. Scope coded all_programmes because the allocation is university-wide (distributed by faculty; not every programme has every category). Brochure pp.77 and 116 reopened: 13581 full-time licence files (of 15948; 2097 ID/IFR), 5298 budget + 10892 fee places, Roma 30 + rural 176 + social protection 15 = 221 (no disability number in the release, so 221 already excludes disability; share_includes_disability = no is correct). Applicants are files per faculty (applications) and partial (July session) - unit/scope caveats as flagged. Whether the 10892 fee places are full-time only is not explicit in the release. No admitted/entrants -> na."
ROU-TB,K09,yes,race_ethnicity;region_or_rural;other,reserved_places,all_programmes,yes,yes,agree,agree,applicants=12151; places=6075; equity_reserved_places=107,disagree,na,equity_reserved_places 107 includes 5 places for persons with special educational needs/disabilities shown in a separate column (D072),correction_proposed,"Blind (recorded in scratch rou_blind.txt before the merged rows were opened): separate budget-funded places for Roma (ministry allocation), graduates of rural high schools (ministry list/allocation) and care leavers from the social protection system (at least 10 per state university, Law 221/2019 / OM 3102/2022 art.13(8)); separate CES/disability places (disability flag only, D072). 'other' = care leavers. Scope coded all_programmes because the allocation is university-wide (distributed by faculty; not every programme has every category). No 2023 UNITBV admission methodology was found in the blind phase (Wayback CDX search returned only 2022 and 2024 versions); blind code relied on the national rules (UBB regulation and Law 221/2019 citation, ROU-BB-K09-01) plus UNITBV's current page; the collector's Methodology 18.01.2023 (Annex 5, 5 bis) and the July 2023 table confirm the rule for 2023 entry. Places table p.4 TOTAL GENERAL reconfirmed: 6075; Roma 5, rural 97, CES 5. Applicants 12151 confirmed in the newspaper (secondary; 'candidați' with 'dosare' wording; July session) - low confidence stands. Correction: reserved 102 excl. CES. No admitted/entrants -> na."
ROU-VDTWT,K09,yes,race_ethnicity;region_or_rural;other,reserved_places,all_programmes,yes,yes,agree,agree,places=5562; equity_reserved_places=105,disagree,na,equity_reserved_places 105 includes 10 places for candidates with special educational needs/disabilities listed in a separate row (D072),correction_proposed,"Blind (recorded in scratch rou_blind.txt before the merged rows were opened): separate budget-funded places for Roma (ministry allocation), graduates of rural high schools (ministry list/allocation) and care leavers from the social protection system (at least 10 per state university, Law 221/2019 / OM 3102/2022 art.13(8)); separate CES/disability places (disability flag only, D072). 'other' = care leavers. Scope coded all_programmes because the allocation is university-wide (distributed by faculty; not every programme has every category). UVT Regulation 2023-2024 Art. 11(1) reopened (Wayback). Places 5562 reproduced by summing the 71 full-time licence rows of the 28 June 2023 capture (budget 2270 + 105 university-level special places = 2375 TOTAL). Special rows: Roma 20, 'medii socio-economice defavorizate' 10 (the Regulation's social-protection/placement-centre category; either reading qualifies as equity), CES/disability 10, rural 65. Correction: 95 excl. disability. No applicants -> na."
LTU-KT,K09,no,,,,no,no,agree,na,entrants=1471,agree,na,,none_needed,"Blind (scratch ltu_blind.txt, written before merged rows were opened): 2023 national rules (LAMA BPO 2023 procedure pts 33-36 referring to the KE aprasas V-1901 of 30 Nov 2022) and VU's 2023 methodology contain only merit/achievement/service points and tie-breaks; the second competitive queue for socially vulnerable applicants (up to 10% of state-funded places) starts with 2024 entry (LRT 2022-06-30). KE aprasas 2023 itself not read (gap shared with collector, e-tar). Institution-specific 2023 rules for KTU, MRU, VILNIUS TECH and VDU were not opened by the checker; the collector's reading of them (fee waivers only) is plausible but unverified here. Disability: no 2023 admission rule found (fee waivers are financial). KTU report p.11 reopened: 1471 (1233 state-funded + 238 non-funded). LAMA table 7: 1255 + 110 = 1365 central contracts (conflict as noted by collector; unresolved - KTU figure likely includes direct admissions). Cross-institution caveat: LTU entrants mix institution-wide totals (KT, VGT, V) and LAMA-only counts (MR, VM). No applicants -> na."
LTU-MR,K09,no,,,,no,no,agree,na,entrants=537,agree,na,,none_needed,"Blind (scratch ltu_blind.txt, written before merged rows were opened): 2023 national rules (LAMA BPO 2023 procedure pts 33-36 referring to the KE aprasas V-1901 of 30 Nov 2022) and VU's 2023 methodology contain only merit/achievement/service points and tie-breaks; the second competitive queue for socially vulnerable applicants (up to 10% of state-funded places) starts with 2024 entry (LRT 2022-06-30). KE aprasas 2023 itself not read (gap shared with collector, e-tar). Institution-specific 2023 rules for KTU, MRU, VILNIUS TECH and VDU were not opened by the checker; the collector's reading of them (fee waivers only) is plausible but unverified here. Disability: no 2023 admission rule found (fee waivers are financial). LAMA table 7 reopened: MRU 273 + 264 = 537 (central admission only). No applicants -> na."
LTU-V,K09,no,,,,no,no,agree,na,applicants=32452; entrants=4772,agree,mixed_bases,,none_needed,"Blind (scratch ltu_blind.txt, written before merged rows were opened): 2023 national rules (LAMA BPO 2023 procedure pts 33-36 referring to the KE aprasas V-1901 of 30 Nov 2022) and VU's 2023 methodology contain only merit/achievement/service points and tie-breaks; the second competitive queue for socially vulnerable applicants (up to 10% of state-funded places) starts with 2024 entry (LRT 2022-06-30). KE aprasas 2023 itself not read (gap shared with collector, e-tar). Institution-specific 2023 rules for KTU, MRU, VILNIUS TECH and VDU were not opened by the checker; the collector's reading of them (fee waivers only) is plausible but unverified here. Disability: no 2023 admission rule found (fee waivers are financial). VU report reopened: applications 28163 bachelor + 4289 integrated = 32452 (diagram, p.37/38: 'pageidavimų skaičius visais prioritetais' - preferences across all priorities, all citizenships); entrants 4772 (p.41; = 4094 + 678, p.40). LAMA table 7 gives 3533 + 693 = 4226 central contracts; the 546 gap (plausibly direct/international admission) is unresolved. Rate comparability mixed_bases: applicants count ranked preferences (one person many times, incl. foreign applications) while entrants count persons; entry_rate 0.147 is persons per application, not a per-person rate."
LTU-VGT,K09,no,,,,no,no,agree,na,entrants=1646,agree,na,,none_needed,"Blind (scratch ltu_blind.txt, written before merged rows were opened): 2023 national rules (LAMA BPO 2023 procedure pts 33-36 referring to the KE aprasas V-1901 of 30 Nov 2022) and VU's 2023 methodology contain only merit/achievement/service points and tie-breaks; the second competitive queue for socially vulnerable applicants (up to 10% of state-funded places) starts with 2024 entry (LRT 2022-06-30). KE aprasas 2023 itself not read (gap shared with collector, e-tar). Institution-specific 2023 rules for KTU, MRU, VILNIUS TECH and VDU were not opened by the checker; the collector's reading of them (fee waivers only) is plausible but unverified here. Disability: no 2023 admission rule found (fee waivers are financial). VILNIUS TECH 2023 report p.36 reopened: 1646 first-cycle+integrated incl. foreign; central subset 1305 = LAMA 1150 + 155. No applicants -> na."
LTU-VM,K09,no,,,,no,no,agree,na,entrants=1366,agree,na,,none_needed,"Blind (scratch ltu_blind.txt, written before merged rows were opened): 2023 national rules (LAMA BPO 2023 procedure pts 33-36 referring to the KE aprasas V-1901 of 30 Nov 2022) and VU's 2023 methodology contain only merit/achievement/service points and tie-breaks; the second competitive queue for socially vulnerable applicants (up to 10% of state-funded places) starts with 2024 entry (LRT 2022-06-30). KE aprasas 2023 itself not read (gap shared with collector, e-tar). Institution-specific 2023 rules for KTU, MRU, VILNIUS TECH and VDU were not opened by the checker; the collector's reading of them (fee waivers only) is plausible but unverified here. Disability: no 2023 admission rule found (fee waivers are financial). VDU report p.59 reopened: 1366 admitted in LAMA BPO central admission; equals LAMA 897 + 469. No applicants -> na."
SVK-SPU,K09,no,,,,no,no,agree,na,applicants=2099; admitted=1744; entrants=1235,agree,ok,,none_needed,"Blind (scratch svk_blind.txt, before merged rows were opened): no; admission conditions are set by faculties on ability (merit); two searches found no Slovak quota/bonus for disadvantaged groups; the Act could not be read in the blind phase (JS page; Cloudflare-protected mirror not bypassed), so the blind code had low confidence. After opening the collector's sources the static Slov-Lex copy was read: 'sociálne znevýhodnen' occurs only in a scholarship provision; § 57(4) gives applicants with specific needs an adapted exam form (accommodation), consistent with equity_disability_rule = no. Faculty-level 2023/24 admission conditions not opened (gap shared with collector). SPU report p.36-37 reopened: Bc full-time 1806/1488/1022 + external 293/256/213. Rates: same table, same procedure and scope (bachelor, all forms, all nationalities); applicants built from programme rows (possibly multiple per person), so rates are per application - interpretable but not per unique person."
SVK-STU,K09,no,,,,no,no,agree,na,applicants=8245; admitted=5336; entrants=3527; places=5055,agree,ok,,none_needed,"Blind (scratch svk_blind.txt, before merged rows were opened): no; admission conditions are set by faculties on ability (merit); two searches found no Slovak quota/bonus for disadvantaged groups; the Act could not be read in the blind phase (JS page; Cloudflare-protected mirror not bypassed), so the blind code had low confidence. After opening the collector's sources the static Slov-Lex copy was read: 'sociálne znevýhodnen' occurs only in a scholarship provision; § 57(4) gives applicants with specific needs an adapted exam form (accommodation), consistent with equity_disability_rule = no. Faculty-level 2023/24 admission conditions not opened (gap shared with collector). STU report p.39-40 reopened (text and Tab. 20 row STU: 5055 8245 1,63 5336 1,06 3527 1050). All four from the same table/procedure; units summed over faculties (applications). Form-of-study ambiguity (Graph 11 'denná') remains flagged."
SVK-TUKE,K09,no,,,,no,no,agree,na,applicants=8231; admitted=8018; entrants=4602,agree,ok,,none_needed,"Blind (scratch svk_blind.txt, before merged rows were opened): no; admission conditions are set by faculties on ability (merit); two searches found no Slovak quota/bonus for disadvantaged groups; the Act could not be read in the blind phase (JS page; Cloudflare-protected mirror not bypassed), so the blind code had low confidence. After opening the collector's sources the static Slov-Lex copy was read: 'sociálne znevýhodnen' occurs only in a scholarship provision; § 57(4) gives applicants with specific needs an adapted exam form (accommodation), consistent with equity_disability_rule = no. Faculty-level 2023/24 admission conditions not opened (gap shared with collector). TUKE report p.46-47 reopened: applications 8231, admitted 8018, enrolled 4602 (TUKE itself reports 97.41% and 55.91%). Same procedure and scope; 4648 applications from non-Slovak nationals included in all three."
SVK-UK,K09,no,,,,no,no,agree,na,applicants=16292; admitted=8049; entrants=5508,agree,ok,,none_needed,"Blind (scratch svk_blind.txt, before merged rows were opened): no; admission conditions are set by faculties on ability (merit); two searches found no Slovak quota/bonus for disadvantaged groups; the Act could not be read in the blind phase (JS page; Cloudflare-protected mirror not bypassed), so the blind code had low confidence. After opening the collector's sources the static Slov-Lex copy was read: 'sociálne znevýhodnen' occurs only in a scholarship provision; § 57(4) gives applicants with specific needs an adapted exam form (accommodation), consistent with equity_disability_rule = no. Faculty-level 2023/24 admission conditions not opened (gap shared with collector). UK report p.58 reopened: 16292 applications, 14520 participating applicants, 8049 admitted, 5508 enrolled (bachelor + long-cycle, full-time + external). Same table/procedure; rates per application (alternative denominator 14520 participants)."
SVK-UPJS,K09,no,,,,no,no,agree,na,applicants=6007; admitted=3008; entrants=1899,agree,ok,,none_needed,"Blind (scratch svk_blind.txt, before merged rows were opened): no; admission conditions are set by faculties on ability (merit); two searches found no Slovak quota/bonus for disadvantaged groups; the Act could not be read in the blind phase (JS page; Cloudflare-protected mirror not bypassed), so the blind code had low confidence. After opening the collector's sources the static Slov-Lex copy was read: 'sociálne znevýhodnen' occurs only in a scholarship provision; § 57(4) gives applicants with specific needs an adapted exam form (accommodation), consistent with equity_disability_rule = no. Faculty-level 2023/24 admission conditions not opened (gap shared with collector). UPJŠ report pp.49-50 reopened: 5780 + 227 = 6007 applicants; admitted 2819 + 189 = 3008; enrolled 1770 + 129 = 1899. Same procedure and scope; per-person deduplication not stated."
UKR-LNU,K09,yes,other,reserved_places,all_programmes,yes,yes,agree,agree,entrants=5115,agree,na,,none_needed,"Blind (scratch ukr_blind.txt): national Procedure 2023 (MON order 276, original edition 28.03.2023, розділ VIII п.8) gives orphans and children deprived of parental care (care leavers -> basis other) access to quota-1 reserved state-order places (up to 10%, shared with combat veterans/Revolution of Dignity victims and disabled applicants with NMT-barrier conditions; disability flag yes); quota-2 is territorial (TOT/front-line residence) and excluded under D071. Institution rules not opened by the checker; national rule is binding on all state-order offers. Process note: while listing ROU rows the checker's command also printed the UKR rows' corrections/share_includes_disability fields before this blind code was written; the blind code rests on the Procedure text quoted. Merged share 10 = quota-1 ceiling only (after D071), one indivisible figure covering orphans, disabled persons and veterans, so share_includes_disability = yes is correct; note it also includes a non-equity (veteran) category. EDEBO open data re-queried: bachelor ПЗСО 2225+2604+55+231 = 5115; no integrated programme. No applicants -> na."
UKR-LP,K09,yes,other,reserved_places,all_programmes,yes,yes,agree,agree,applicants=18325; places=3467; entrants=6478,agree,mixed_bases,,none_needed,"Blind (scratch ukr_blind.txt): national Procedure 2023 (MON order 276, original edition 28.03.2023, розділ VIII п.8) gives orphans and children deprived of parental care (care leavers -> basis other) access to quota-1 reserved state-order places (up to 10%, shared with combat veterans/Revolution of Dignity victims and disabled applicants with NMT-barrier conditions; disability flag yes); quota-2 is territorial (TOT/front-line residence) and excluded under D071. Institution rules not opened by the checker; national rule is binding on all state-order offers. Process note: while listing ROU rows the checker's command also printed the UKR rows' corrections/share_includes_disability fields before this blind code was written; the blind code rests on the Procedure text quoted. Merged share 10 = quota-1 ceiling only (after D071), one indivisible figure covering orphans, disabled persons and veterans, so share_includes_disability = yes is correct; note it also includes a non-equity (veteran) category. vstup.osvita capture: applications 18181 + 144 = 18325, max state order 3444 + 23 = 3467; EDEBO: 6439 + 39 = 6478 (snapshot 01.12.2023 gives 2865+3579+18+21 = 6483). Rate comparability mixed_bases: applicants are applications (up to 20 per person, 5 for budget places) dated 01.12.2023; entrants are persons from EDEBO open data generated later; places are budget places only, so applicants_per_place is applications per budget place although applications also cover contract places."
UKR-TSK,K09,yes,other,reserved_places,all_programmes,yes,yes,agree,agree,applicants=15997; places=3800; entrants=5134,agree,mixed_bases,,none_needed,"Blind (scratch ukr_blind.txt): national Procedure 2023 (MON order 276, original edition 28.03.2023, розділ VIII п.8) gives orphans and children deprived of parental care (care leavers -> basis other) access to quota-1 reserved state-order places (up to 10%, shared with combat veterans/Revolution of Dignity victims and disabled applicants with NMT-barrier conditions; disability flag yes); quota-2 is territorial (TOT/front-line residence) and excluded under D071. Institution rules not opened by the checker; national rule is binding on all state-order offers. Process note: while listing ROU rows the checker's command also printed the UKR rows' corrections/share_includes_disability fields before this blind code was written; the blind code rests on the Procedure text quoted. Merged share 10 = quota-1 ceiling only (after D071), one indivisible figure covering orphans, disabled persons and veterans, so share_includes_disability = yes is correct; note it also includes a non-equity (veteran) category. vstup.osvita capture: 15831 + 166 = 15997 applications; 3740 + 60 = 3800 max state order; EDEBO: 5073 + 61 = 5134 (snapshot: 2740+2251+53+6 = 5050). mixed_bases as for UKR-LP (applications vs persons, different extraction dates; budget-only places)."
UKR-TUISKP,K09,yes,other,reserved_places,all_programmes,yes,yes,agree,agree,applicants=19248; places=4971; entrants=5161,agree,mixed_bases,,none_needed,"Blind (scratch ukr_blind.txt): national Procedure 2023 (MON order 276, original edition 28.03.2023, розділ VIII п.8) gives orphans and children deprived of parental care (care leavers -> basis other) access to quota-1 reserved state-order places (up to 10%, shared with combat veterans/Revolution of Dignity victims and disabled applicants with NMT-barrier conditions; disability flag yes); quota-2 is territorial (TOT/front-line residence) and excluded under D071. Institution rules not opened by the checker; national rule is binding on all state-order offers. Process note: while listing ROU rows the checker's command also printed the UKR rows' corrections/share_includes_disability fields before this blind code was written; the blind code rests on the Procedure text quoted. Merged share 10 = quota-1 ceiling only (after D071), one indivisible figure covering orphans, disabled persons and veterans, so share_includes_disability = yes is correct; note it also includes a non-equity (veteran) category. vstup.osvita capture: 19248 applications, 4971 max state order; EDEBO 5161 (snapshot 3515+1571 = 5086). mixed_bases as for UKR-LP."
UKR-VNKK,K09,yes,other,reserved_places,all_programmes,yes,yes,agree,agree,entrants=2734,agree,na,,none_needed,"Blind (scratch ukr_blind.txt): national Procedure 2023 (MON order 276, original edition 28.03.2023, розділ VIII п.8) gives orphans and children deprived of parental care (care leavers -> basis other) access to quota-1 reserved state-order places (up to 10%, shared with combat veterans/Revolution of Dignity victims and disabled applicants with NMT-barrier conditions; disability flag yes); quota-2 is territorial (TOT/front-line residence) and excluded under D071. Institution rules not opened by the checker; national rule is binding on all state-order offers. Process note: while listing ROU rows the checker's command also printed the UKR rows' corrections/share_includes_disability fields before this blind code was written; the blind code rests on the Procedure text quoted. Merged share 10 = quota-1 ceiling only (after D071), one indivisible figure covering orphans, disabled persons and veterans, so share_includes_disability = yes is correct; note it also includes a non-equity (veteran) category. EDEBO: bachelor 2630 + integrated (222 Medicine) 104 = 2734. No applicants -> na. Kharkiv-oblast quota-2 at 40% (national rule) is territorial and correctly excluded from the share."
TUR-B,K10,no,,,,"yes (national rule; special-aptitude programmes Resim, Müzik, Tiyatro only)",no,agree,agree,places,agree,na,,none_needed,"National 2023-YKS rules: the only reserved seat categories are okul birincisi (merit, school top graduate), şehit/gazi family (service-related), women 34+ (gender/age, D071) and depremzede (earthquake-region residence, territorial, D071); MEB column is a scholarship status, not admission. None qualifies as formal equity. Disability: the national guide evaluates documented disabled candidates in a separate aptitude exam among themselves for special-aptitude (Tablo 5) programmes only. Bilkent has depremzede 26 and şehit/gazi 47 seats (both excluded); places 2245+47+26=2318 reproduced from Tablo 4; Tablo 5 programmes present (Resim, Müzik, Tiyatro), so disability flag yes is consistent. Merged equity_scope empty, consistent with equity no. Institution-specific 2023 admission rules not opened (national allocation governs)."
TUR-BU,K10,no,,,,no (no Tablo 5 programme),no,agree,agree,places,agree,na,,none_needed,"National 2023-YKS rules: the only reserved seat categories are okul birincisi (merit, school top graduate), şehit/gazi family (service-related), women 34+ (gender/age, D071) and depremzede (earthquake-region residence, territorial, D071); MEB column is a scholarship status, not admission. None qualifies as formal equity. Disability: the national guide evaluates documented disabled candidates in a separate aptitude exam among themselves for special-aptitude (Tablo 5) programmes only. Places 1991+66+39=2096 reproduced. Activity-report cross-check (2057+39) not reopened."
TUR-IT,K10,no,,,,yes (national rule; Türk Musikisi Devlet Konservatuvarı aptitude programmes only),no,agree,agree,places,agree,na,,none_needed,"National 2023-YKS rules: the only reserved seat categories are okul birincisi (merit, school top graduate), şehit/gazi family (service-related), women 34+ (gender/age, D071) and depremzede (earthquake-region residence, territorial, D071); MEB column is a scholarship status, not admission. None qualifies as formal equity. Disability: the national guide evaluates documented disabled candidates in a separate aptitude exam among themselves for special-aptitude (Tablo 5) programmes only. Tablo 4 total incl. KKTC campus 3405+92+14=3511 reproduced, consistent with merged 3157 Istanbul + 354 KKTC (campus split not re-derived row by row). ITU Conservatory 2023-24 rules (TYT 100 for disabled) not reopened."
TUR-K,K10,no,,,,no (no Tablo 5 programme),no,agree,agree,places,agree,na,,none_needed,"National 2023-YKS rules: the only reserved seat categories are okul birincisi (merit, school top graduate), şehit/gazi family (service-related), women 34+ (gender/age, D071) and depremzede (earthquake-region residence, territorial, D071); MEB column is a scholarship status, not admission. None qualifies as formal equity. Disability: the national guide evaluates documented disabled candidates in a separate aptitude exam among themselves for special-aptitude (Tablo 5) programmes only. Koç depremzede 22 seats correctly coded out under D071. Places 1384+27+22=1433 reproduced."
TUR-MET,K10,no,,,,no (no Tablo 5 programme),no,agree,agree,places;admitted;entrants,unresolved,na,Reading of the registrar sentence for admitted/entrants (2623/2596).,unresolved,"National 2023-YKS rules: the only reserved seat categories are okul birincisi (merit, school top graduate), şehit/gazi family (service-related), women 34+ (gender/age, D071) and depremzede (earthquake-region residence, territorial, D071); MEB column is a scholarship status, not admission. None qualifies as formal equity. Disability: the national guide evaluates documented disabled candidates in a separate aptitude exam among themselves for special-aptitude (Tablo 5) programmes only. Places: total incl. NCC 3119+72+30=3221 reproduced (merged Ankara 2610 + NCC 611). Admitted 2623 / entrants 2596 match the quoted numbers, but the reading is doubtful: the parallel DGS sentence (30 placed, 27 registered, 3 registered via DGS ek kontenjan) also adds up exactly (27+3=30), as does 2596+27=2623; this pattern suggests 2623 = all registered (main placement 2596 + additional placement 27) rather than 2623 placed with 27 non-registrants. The collector already flagged this. Not corrected (no source settles it); recommend flagging entrants as possibly 2623. Scope Ankara is plausible (registrar of Ankara campus) but not stated. Rates na (no applicants)."
ISR-BGN,K10,yes,income_or_socioeconomic;region_or_rural,lower_cutoff;separate_track,all_programmes,no (none found),yes,agree,agree,none (all empty),na,na,,none_needed,"Ra'uyim LeKidum (Society for Advancement of Education score >=30 on school, residence area, parental education, family size, family circumstances); Student Rights Law permits easing admission on socio-economic grounds; not mandatory (Knesset RIC 2025). BGU 2023/24 handbook p. 23: track for candidates who do not meet cut-offs, places allotted per department, capped at 5% of admitted (ceiling, correctly not entered as reserved share). Knesset doc adds BGU medicine-specific tracks (Haredi, Nitzanei Refua) not assessed."
ISR-HAIFA,K10,no,,,,no (none found),yes,disagree,disagree,none (all empty),na,na,"Merged yes/separate_track (collector low confidence). The Haifa 2023 page states the points are only an indication, are not added to the sechem, and Haifa does not commit to admit; no reserved places, bonus or lowered threshold is stated.",correction_proposed,"Ra'uyim LeKidum (Society for Advancement of Education score >=30 on school, residence area, parental education, family size, family circumstances); Student Rights Law permits easing admission on socio-economic grounds; not mandatory (Knesset RIC 2025). Haifa participates (EDRF 2021) but its own 2023/24 rule gives no stated advantage: this is consideration within committee discretion (holistic, D066) and parallels D069 (channel with no reserved places, points or lower threshold). Proposed equity_formal no; record the channel in notes. If the coordinator reads the named ""אפיק"" as a separate track, keep yes but low confidence."
ISR-HJ,K10,yes,income_or_socioeconomic;region_or_rural,lower_cutoff,all_programmes,no (none found),yes,agree,agree,none (all empty),na,na,,none_needed,"Ra'uyim LeKidum (Society for Advancement of Education score >=30 on school, residence area, parental education, family size, family circumstances); Student Rights Law permits easing admission on socio-economic grounds; not mandatory (Knesset RIC 2025). HUJI 2023 Wayback capture (collector source ISR-HJ-X10-ISR-01: all first-degree departments, admission slightly below the regular threshold) not reopened by me: the Internet Archive was intermittently offline; my blind yes rests on the national sources plus the HUJI participation (EDRF 2021, Knesset 2025: six places in medicine reserved for Ra'uyim LeKidum). Merged separate_track in addition to lower_cutoff is acceptable."
ISR-TA,K10,yes,income_or_socioeconomic;region_or_rural,lower_cutoff;reserved_places,all_programmes,no (none found),yes,agree,agree,none (all empty),na,na,,none_needed,"Ra'uyim LeKidum (Society for Advancement of Education score >=30 on school, residence area, parental education, family size, family circumstances); Student Rights Law permits easing admission on socio-economic grounds; not mandatory (Knesset RIC 2025). TAU May-2023 capture reopened: lower cut-off, per-programme affirmative-action quota of unstated size. Medicine-specific Adamas (Ethiopian origin) and peripheral-excellence tracks exist (Knesset 2025, describing 2023-2025) - would add race_ethnicity basis for some programmes; not needed for the yes code; coordinator may add."
ISR-TIT,K10,yes,income_or_socioeconomic;region_or_rural,bonus_points;lower_cutoff,some_programmes,"no (exceptional-background committee is individual, D070)",yes,agree,agree,entrants,agree,na,,none_needed,"Ra'uyim LeKidum (Society for Advancement of Education score >=30 on school, residence area, parental education, family size, family circumstances); Student Rights Law permits easing admission on socio-economic grounds; not mandatory (Knesset RIC 2025). Technion Oct-2023 capture reopened: 1-2 sechem points or slightly lower threshold in some programmes, limited numbers. Entrants 2,070 confirmed in press release dated 11.01.2024 (announced pre-opening figure, all citizenships). Rates na (no applicants)."
EGY-A,K10,no,,,,"yes (SCU 2023/24, named faculties)",no,agree,agree,entrants,agree,na,,none_needed,"Public universities: Tansik central allocation by Thanaweya score; geographic distribution (territorial, D071) and top-1,500 exemption (merit) not equity; no income/socioeconomic, rural or other qualifying rule found. Disability: SCU 2023/24 rule admits students with disabilities directly with a 50% minimum to named faculties (news report only). Entrants 46,081 confirmed (accepted = first-time enrolled first-year, incl. foreign students; may include fee-paying parallel programmes - flag kept)."
EGY-AC,K10,no,,,,no (none found; disability scholarship is aid),no,agree,agree,entrants,agree,na,,none_needed,"Private, own admission; public-school and Upper-Egypt scholarships are financial aid (excluded). Entrants 855 confirmed in CAPMAS Table 96 (text layer present); low relative to 5,558 enrolled - collector flag kept. Aggregator applicants/admitted correctly not entered."
EGY-ASC,K10,no,,,,"yes (SCU 2023/24, named faculties)",no,agree,agree,entrants,agree,na,,none_needed,"Public universities: Tansik central allocation by Thanaweya score; geographic distribution (territorial, D071) and top-1,500 exemption (merit) not equity; no income/socioeconomic, rural or other qualifying rule found. Disability: SCU 2023/24 rule admits students with disabilities directly with a 50% minimum to named faculties (news report only). Entrants 40,977 confirmed."
EGY-C,K10,no,,,,"yes (SCU 2023/24, named faculties)",no,agree,agree,entrants,agree,na,,none_needed,"Public universities: Tansik central allocation by Thanaweya score; geographic distribution (territorial, D071) and top-1,500 exemption (merit) not equity; no income/socioeconomic, rural or other qualifying rule found. Disability: SCU 2023/24 rule admits students with disabilities directly with a 50% minimum to named faculties (news report only). Entrants 28,490 confirmed."
EGY-DELTA,K10,no,,,,unknown (applicability of SCU rule to private universities not established),no,agree,agree,entrants,agree,na,,none_needed,"Private university; uniform national minimum scores, no qualifying rule found (low confidence, no Delta admission rules document opened by me either). Merged equity_disability_rule no should strictly be unknown (not searched). Entrants 5,483 confirmed (second table on PDF p. 149, Table 117 title present on page)."
SAU-KAU,K10,unknown,,,,unknown,no,unresolved,agree,none (all empty),na,na,Merged no rests on the 1445 regular-programme page; supplementary (ilhaqi) admission rules for social-security beneficiaries were not searched by the collector.,unresolved,"National: no 2023/24 national rule found. A Ministry of HR and Social Development statement (May 2024) describes exceptional admission of social-security beneficiaries' children through university-decided reserved seats in the supplementary admission round; this would be income-based reserved_places if in force at the institution for 1445, but neither the year nor institution-level application is established. The disability-only programme (Fashion Manufacturing for deaf female students, 1445 Wayback page) not reopened by me; coding it out under D072 with disability flag yes is consistent. Recommend searching KAU 1445 supplementary-admission announcements before finalising no."
SAU-KFU,K10,unknown,,,,unknown,no,unresolved,agree,none (all empty; 71k applications in notes only),agree,na,"Collector searched the 1445 FAQ for ""social security"" and found nothing; the MHRSD mechanism operates in supplementary admission and may not appear there.",unresolved,"National: no 2023/24 national rule found. A Ministry of HR and Social Development statement (May 2024) describes exceptional admission of social-security beneficiaries' children through university-decided reserved seats in the supplementary admission round; this would be income-based reserved_places if in force at the institution for 1445, but neither the year nor institution-level application is established. The "">71 thousand applications"" (SPA 13 Jul 2023, bachelor+diploma) correctly kept out of the numeric field. Individual NCA-exemption review is D070-type, not a group rule."
SAU-KFUPM,K10,no,,,,no (none found),no,agree,agree,none (all empty),na,na,,none_needed,"National: no 2023/24 national rule found. A Ministry of HR and Social Development statement (May 2024) describes exceptional admission of social-security beneficiaries' children through university-decided reserved seats in the supplementary admission round; this would be income-based reserved_places if in force at the institution for 1445, but neither the year nor institution-level application is established. KFUPM 2023-cycle tracks are merit-only (early admission, SAT, Olympiad, regular, international); low confidence, as the collector notes (regular-track conditions not retrieved)."
SAU-KKU,K10,unknown,,,,unknown,unknown,agree,agree,none (all empty),na,na,,none_needed,"National: no 2023/24 national rule found. A Ministry of HR and Social Development statement (May 2024) describes exceptional admission of social-security beneficiaries' children through university-decided reserved seats in the supplementary admission round; this would be income-based reserved_places if in force at the institution for 1445, but neither the year nor institution-level application is established. 1445 guide inaccessible to the collector; unknown is correct."
SAU-KSU,K10,unknown,,,,"unknown for 1445 (current KSU page, seen in search, allocates seats to disabled students; year not established)",no,unresolved,agree,admitted,agree,na,As for KAU/KFU: supplementary-admission seats for social-security beneficiaries not checked for 1445.,unresolved,"National: no 2023/24 national rule found. A Ministry of HR and Social Development statement (May 2024) describes exceptional admission of social-security beneficiaries' children through university-decided reserved seats in the supplementary admission round; this would be income-based reserved_places if in force at the institution for 1445, but neither the year nor institution-level application is established. Admitted 15,961 confirmed (bachelor column total, dataset year ""2024""; includes Common First Year 14,587 + Muzahimiyah 559 + others). Year label ambiguous (1445 vs 1446) and ""admitted"" vs ""new students"" ambiguous - keep the flag. Merged equity_disability_rule no for 1445 is defensible (exemption without preference)."
ARE-AJMAN,K10,no,,,,"no (PoD policy gives scholarship/adjustments, not admission preference)",no,agree,agree,none (all empty),na,na,,none_needed,"No federal or emirate rule reserving places, adding points, lowering thresholds or opening a separate track for a disadvantaged group was found in one search; nationality priority (Emirati citizens, children of Emirati mothers) is not a disadvantage basis. Institution 2023-24 admission policy not reopened by me (relied on collector)."
ARE-AUS,K10,no,,,,no (none found),no,agree,agree,admitted;entrants,agree,na,,none_needed,"No federal or emirate rule reserving places, adding points, lowering thresholds or opening a separate track for a disadvantaged group was found in one search; nationality priority (Emirati citizens, children of Emirati mothers) is not a disadvantage basis. Chart reopened: 1368 enrolled / 1438 fully admitted, Bachelor's, Fall 2023 only. 'Fully admitted' undefined (yield 95% suggests it counts admitted who completed requirements, not all offers) - keep flag; no applicants, so rates na."
ARE-KU,K10,no,,,,no (none found),no,agree,agree,none (all empty),na,na,,none_needed,"No federal or emirate rule reserving places, adding points, lowering thresholds or opening a separate track for a disadvantaged group was found in one search; nationality priority (Emirati citizens, children of Emirati mothers) is not a disadvantage basis. KU catalog not reopened by me."
ARE-UAEU,K10,no,,,,no (none found),no,agree,agree,entrants,agree,na,,none_needed,"No federal or emirate rule reserving places, adding points, lowering thresholds or opening a separate track for a disadvantaged group was found in one search; nationality priority (Emirati citizens, children of Emirati mothers) is not a disadvantage basis. Entrants 4,764 confirmed; college breakdown sums to 4,764; level (UG only?) not stated - keep caveat."
ARE-UOS,K10,no,,,,no (none found),no,agree,agree,none (all empty),na,na,,none_needed,"No federal or emirate rule reserving places, adding points, lowering thresholds or opening a separate track for a disadvantaged group was found in one search; nationality priority (Emirati citizens, children of Emirati mothers) is not a disadvantage basis. UoS 2023/24 admission policy not reopened by me."
OMN-ASU,K11,yes,region_or_rural,separate_track;lower_cutoff,some_programmes,"no (A'Sharqiyah University not in the guide's list of 18 private HEIs receiving disabled scholarship students, PDF pp.143-144)",no,disagree,disagree,entrants,agree,na,"Merged equity_formal no; blind coding yes via the remote-villages teacher-localisation B.Ed. scholarship track (region_or_rural, D072). Collector set it aside as a service-obligation route, but the guide states no obligation.",correction_proposed,"Blind coding formed before opening the merged row: the HEAC 2023/24 guide (PDF p.110) reserves Bachelor of Education internal-scholarship codes (BS440/BS441 and following, 'programme for localising teaching jobs in remote villages') for students resident in remote villages (Al Wusta schools and some schools elsewhere, last three school years there), tenable at Dhofar, Sohar, A'Sharqiyah and Nizwa, with a 65% minimum versus 80% for the regular B.Ed. internal scholarship (BS280, same page). Under D072 (remote/rural origin counts as region_or_rural) this reads as a formal separate track with a lower minimum. The collector excluded it as a 'regional service obligation', but no service or employment obligation is stated in the programme notes (PDF pp.110-111, text searched); the obligation is inferred from the programme title only. The seats are government scholarship seats at a private university (ProUni analogue, counted per 12.1). Classification judgement (D071 territorial vs D072 remote origin); flagged for coordinator. Limited-income (SP, income <= RO 600) and social-security (SF) reserved internal scholarships exist only at DIPLOMA level (PDF p.49): agree with the collector that they do not cover first-degree entry. 'Full Internal Grant - Social Welfare' (20 entrants, AR Table 4-4): no rule found in the 2023/24 guide (text search); level and institutions unresolved. Selectivity: entrants 898 reproduced from HEAC Annual Report 2023 Table (4-2) (PDF p.46): Omani entrants in HEAC internal scholarships/grants at this HEI only, all levels (bachelor and diploma not separated) - a subset of all entrants, as the merged sel_scope says. No applicants -> rates na. Disability flag merged no agrees with blind."
OMN-DU,K11,yes,region_or_rural,separate_track;lower_cutoff,some_programmes,yes (HEAC 2023/24 guide PDF pp.142-144: bachelor internal scholarships reserved for disabled applicants at the private HEIs listed on p.143),no,disagree,disagree,entrants,agree,na,"Merged equity_formal no; blind coding yes via the remote-villages teacher-localisation B.Ed. scholarship track (region_or_rural, D072). Collector set it aside as a service-obligation route, but the guide states no obligation.",correction_proposed,"Blind coding formed before opening the merged row: the HEAC 2023/24 guide (PDF p.110) reserves Bachelor of Education internal-scholarship codes (BS440/BS441 and following, 'programme for localising teaching jobs in remote villages') for students resident in remote villages (Al Wusta schools and some schools elsewhere, last three school years there), tenable at Dhofar, Sohar, A'Sharqiyah and Nizwa, with a 65% minimum versus 80% for the regular B.Ed. internal scholarship (BS280, same page). Under D072 (remote/rural origin counts as region_or_rural) this reads as a formal separate track with a lower minimum. The collector excluded it as a 'regional service obligation', but no service or employment obligation is stated in the programme notes (PDF pp.110-111, text searched); the obligation is inferred from the programme title only. The seats are government scholarship seats at a private university (ProUni analogue, counted per 12.1). Classification judgement (D071 territorial vs D072 remote origin); flagged for coordinator. Limited-income (SP, income <= RO 600) and social-security (SF) reserved internal scholarships exist only at DIPLOMA level (PDF p.49): agree with the collector that they do not cover first-degree entry. 'Full Internal Grant - Social Welfare' (20 entrants, AR Table 4-4): no rule found in the 2023/24 guide (text search); level and institutions unresolved. Selectivity: entrants 963 reproduced from HEAC Annual Report 2023 Table (4-2) (PDF p.46): Omani entrants in HEAC internal scholarships/grants at this HEI only, all levels (bachelor and diploma not separated) - a subset of all entrants, as the merged sel_scope says. No applicants -> rates na. Disability flag merged yes agrees."
OMN-SOHAR,K11,yes,region_or_rural,separate_track;lower_cutoff,some_programmes,yes (HEAC 2023/24 guide PDF pp.142-144: bachelor internal scholarships reserved for disabled applicants at the private HEIs listed on p.143),no,disagree,disagree,entrants,agree,na,"Merged equity_formal no; blind coding yes via the remote-villages teacher-localisation B.Ed. scholarship track (region_or_rural, D072). Collector set it aside as a service-obligation route, but the guide states no obligation.",correction_proposed,"Blind coding formed before opening the merged row: the HEAC 2023/24 guide (PDF p.110) reserves Bachelor of Education internal-scholarship codes (BS440/BS441 and following, 'programme for localising teaching jobs in remote villages') for students resident in remote villages (Al Wusta schools and some schools elsewhere, last three school years there), tenable at Dhofar, Sohar, A'Sharqiyah and Nizwa, with a 65% minimum versus 80% for the regular B.Ed. internal scholarship (BS280, same page). Under D072 (remote/rural origin counts as region_or_rural) this reads as a formal separate track with a lower minimum. The collector excluded it as a 'regional service obligation', but no service or employment obligation is stated in the programme notes (PDF pp.110-111, text searched); the obligation is inferred from the programme title only. The seats are government scholarship seats at a private university (ProUni analogue, counted per 12.1). Classification judgement (D071 territorial vs D072 remote origin); flagged for coordinator. Limited-income (SP, income <= RO 600) and social-security (SF) reserved internal scholarships exist only at DIPLOMA level (PDF p.49): agree with the collector that they do not cover first-degree entry. 'Full Internal Grant - Social Welfare' (20 entrants, AR Table 4-4): no rule found in the 2023/24 guide (text search); level and institutions unresolved. Selectivity: entrants 1737 reproduced from HEAC Annual Report 2023 Table (4-2) (PDF p.46): Omani entrants in HEAC internal scholarships/grants at this HEI only, all levels (bachelor and diploma not separated) - a subset of all entrants, as the merged sel_scope says. No applicants -> rates na. Sohar annual-report figure of 6,336 new students (all levels) correctly not used. Disability flag merged yes agrees."
OMN-UNIZWA,K11,yes,region_or_rural,separate_track;lower_cutoff,some_programmes,yes (HEAC 2023/24 guide PDF pp.142-144: bachelor internal scholarships reserved for disabled applicants at the private HEIs listed on p.143),no,disagree,disagree,entrants,agree,na,"Merged equity_formal no; blind coding yes via the remote-villages teacher-localisation B.Ed. scholarship track (region_or_rural, D072). Collector set it aside as a service-obligation route, but the guide states no obligation.",correction_proposed,"Blind coding formed before opening the merged row: the HEAC 2023/24 guide (PDF p.110) reserves Bachelor of Education internal-scholarship codes (BS440/BS441 and following, 'programme for localising teaching jobs in remote villages') for students resident in remote villages (Al Wusta schools and some schools elsewhere, last three school years there), tenable at Dhofar, Sohar, A'Sharqiyah and Nizwa, with a 65% minimum versus 80% for the regular B.Ed. internal scholarship (BS280, same page). Under D072 (remote/rural origin counts as region_or_rural) this reads as a formal separate track with a lower minimum. The collector excluded it as a 'regional service obligation', but no service or employment obligation is stated in the programme notes (PDF pp.110-111, text searched); the obligation is inferred from the programme title only. The seats are government scholarship seats at a private university (ProUni analogue, counted per 12.1). Classification judgement (D071 territorial vs D072 remote origin); flagged for coordinator. Limited-income (SP, income <= RO 600) and social-security (SF) reserved internal scholarships exist only at DIPLOMA level (PDF p.49): agree with the collector that they do not cover first-degree entry. 'Full Internal Grant - Social Welfare' (20 entrants, AR Table 4-4): no rule found in the 2023/24 guide (text search); level and institutions unresolved. Selectivity: entrants 1557 reproduced from HEAC Annual Report 2023 Table (4-2) (PDF p.46): Omani entrants in HEAC internal scholarships/grants at this HEI only, all levels (bachelor and diploma not separated) - a subset of all entrants, as the merged sel_scope says. No applicants -> rates na. Disability flag merged yes agrees."
OMN-SQU,K11,no,,,,"yes (separate SQU programme codes for disabled applicants, guide PDF pp.139-141)",no,agree,agree,entrants,agree,na,,none_needed,"Blind coding formed before opening the merged row. HEAC 2023/24 guide: social-security-only programmes are listed for UTAS and vocational colleges; limited-income/social-security reserved internal scholarships are diploma-level at private HEIs; the remote-village teacher-localisation track is not tenable at SQU (SQU College of Education appears on PDF p.112 only for PDO concession-area grants, a territorial company grant excluded by D071). No income/race/rural reserved seats found for SQU. Disability: dedicated SQU codes -> equity_disability_rule yes (D072). Selectivity: entrants 2982 reproduced from HEAC Annual Report 2023 Table (3-1) (PDF p.37), Omani public-seat entrants 2023/24; the conflicting 2882 on SQU's open-data page was not reopened (unresolved, as the collector noted). No institution-level applicants -> rates na."
NGA-ABU,K11,no,,,,no (JAMB only appeals to institutions to admit blind candidates; no reserved places or lower thresholds found for 2023/24),yes,disagree,na,none (no selectivity values entered),na,na,"Merged codes the ELDS 20% quota as equity (region_or_rural). Blind coding (formed before opening the merged row) treated it as a territorial quota under D071: eligibility is by STATE OF ORIGIN (whole states designated as educationally less developed, including their urban populations), not by rural/remote residence or household disadvantage; the 35% catchment quota is likewise territorial. D072 admits rural/remote origin, but ELDS is closer to the D071 class (quotas defined by territory). The facts in the merged row are correct (45/35/20 allotment, separate ELDS category on CAPS, lower ELDS cut-offs documented at OAU); only the classification differs. Coordinator/investigator call; no correction filed.",unresolved,"ABU absence from JAMB's top-ten first-choice table confirmed (PDF p.60); no applicants/admitted/entrants/places entered, consistent with sources. The 45/35/20 shares come from JAMB's 2021 guidelines (nearest year); the 2023 deck confirms the Merit/Catchment/ELDS categories for 2023/24 but not the shares (flag kept). Disability: merged no agrees."
NGA-I,K11,no,,,,no (JAMB only appeals to institutions to admit blind candidates; no reserved places or lower thresholds found for 2023/24),yes,disagree,na,applicants,agree,na,"Merged codes the ELDS 20% quota as equity (region_or_rural). Blind coding (formed before opening the merged row) treated it as a territorial quota under D071: eligibility is by STATE OF ORIGIN (whole states designated as educationally less developed, including their urban populations), not by rural/remote residence or household disadvantage; the 35% catchment quota is likewise territorial. D072 admits rural/remote origin, but ELDS is closer to the D071 class (quotas defined by territory). The facts in the merged row are correct (45/35/20 allotment, separate ELDS category on CAPS, lower ELDS cut-offs documented at OAU); only the classification differs. Coordinator/investigator call; no correction filed.",unresolved,"applicants 41,134 reproduced from JAMB 2023 deck PDF p.60 (rendered and read visually): 2023 UTME first-choice candidates, column header 'TOTAL NUMBER OF APPLICATIONS'; unique_applicants is defensible (one first choice per candidate; percentage column is a share of all candidates). No admitted/entrants -> no rate. The 45/35/20 shares come from JAMB's 2021 guidelines (nearest year); the 2023 deck confirms the Merit/Catchment/ELDS categories for 2023/24 but not the shares (flag kept). Disability: merged no agrees."
NGA-L,K11,no,,,,no (JAMB only appeals to institutions to admit blind candidates; no reserved places or lower thresholds found for 2023/24),yes,disagree,na,applicants;entrants,agree,mixed_bases,"Merged codes the ELDS 20% quota as equity (region_or_rural). Blind coding (formed before opening the merged row) treated it as a territorial quota under D071: eligibility is by STATE OF ORIGIN (whole states designated as educationally less developed, including their urban populations), not by rural/remote residence or household disadvantage; the 35% catchment quota is likewise territorial. D072 admits rural/remote origin, but ELDS is closer to the D071 class (quotas defined by territory). The facts in the merged row are correct (45/35/20 allotment, separate ELDS category on CAPS, lower ELDS cut-offs documented at OAU); only the classification differs. Coordinator/investigator call; no correction filed.",unresolved,"applicants 61,606 reproduced from JAMB 2023 deck PDF p.60 (visual read; the BusinessDay 60,606 is a transcription variant). entrants 8,448 reproduced from UNILAG news (?p=33449): matriculants of the MERGED 2022/2023 and 2023/2024 sessions; Direct Entry inclusion not stated, while applicants are 2023 UTME first-choice only. entry_rate 0.137 therefore mixes bases (possible DE inclusion; UNILAG's own 'over 53,000 that applied' is a different applicant base). Keep the number but label mixed_bases. The 45/35/20 shares come from JAMB's 2021 guidelines (nearest year); the 2023 deck confirms the Merit/Catchment/ELDS categories for 2023/24 but not the shares (flag kept). Disability: merged no agrees."
NGA-OAU,K11,no,,,,no (JAMB only appeals to institutions to admit blind candidates; no reserved places or lower thresholds found for 2023/24),yes,disagree,na,applicants,agree,na,"Merged codes the ELDS 20% quota as equity (region_or_rural). Blind coding (formed before opening the merged row) treated it as a territorial quota under D071: eligibility is by STATE OF ORIGIN (whole states designated as educationally less developed, including their urban populations), not by rural/remote residence or household disadvantage; the 35% catchment quota is likewise territorial. D072 admits rural/remote origin, but ELDS is closer to the D071 class (quotas defined by territory). The facts in the merged row are correct (45/35/20 allotment, separate ELDS category on CAPS, lower ELDS cut-offs documented at OAU); only the classification differs. Coordinator/investigator call; no correction filed.",unresolved,"applicants 41,959 reproduced from JAMB 2023 deck PDF p.60. Collector's decision not to enter the 7,732 '2023/2024' matriculants (OAU calendar lag; possibly 2024 UTME cohort) is sound; not resolved further. The 45/35/20 shares come from JAMB's 2021 guidelines (nearest year); the 2023 deck confirms the Merit/Catchment/ELDS categories for 2023/24 but not the shares (flag kept). Disability: merged no agrees."
NGA-UNN,K11,no,,,,no (JAMB only appeals to institutions to admit blind candidates; no reserved places or lower thresholds found for 2023/24),yes,disagree,na,applicants,agree,na,"Merged codes the ELDS 20% quota as equity (region_or_rural). Blind coding (formed before opening the merged row) treated it as a territorial quota under D071: eligibility is by STATE OF ORIGIN (whole states designated as educationally less developed, including their urban populations), not by rural/remote residence or household disadvantage; the 35% catchment quota is likewise territorial. D072 admits rural/remote origin, but ELDS is closer to the D071 class (quotas defined by territory). The facts in the merged row are correct (45/35/20 allotment, separate ELDS category on CAPS, lower ELDS cut-offs documented at OAU); only the classification differs. Coordinator/investigator call; no correction filed.",unresolved,"applicants 43,660 reproduced from JAMB 2023 deck PDF p.60. The derived 4,045 primary-list count is correctly kept out of 'admitted' (primary list only, not visually verified). The 45/35/20 shares come from JAMB's 2021 guidelines (nearest year); the 2023 deck confirms the Merit/Catchment/ELDS categories for 2023/24 but not the shares (flag kept). Disability: merged no agrees."
ZAF-SU,K11,yes,race_ethnicity;income_or_socioeconomic,reserved_places;separate_track,all_programmes,no (policy 7.10 only supports disabled applicants; no reserved places),yes,agree,agree,applicants;entrants,agree,mixed_bases,,none_needed,"Blind coding formed before opening the merged row; matches merged on all equity fields. Policy dating caveat stands (2017 policy; that it governed 2023 entry is inferred). Selectivity: applicants 88,606 (2024; SA 84,255 + international 4,351) and entrants 6,733 (2024 HEMIS FTEN) reproduced from AIR 2024 pp.45/43; 2023 FTEN 6,113 also confirmed. Rates mix bases: applicants are 'undergraduate applicants' incl. international and possibly non-first-year, counted at an unstated date; entrants are HEMIS FTEN excluding certain groups; year is 2024, not 2023 (flagged nearest year)."
ZAF-UCT,K11,yes,income_or_socioeconomic;race_ethnicity,bonus_points;reserved_places;lower_cutoff,all_programmes,no (none found in the NSC admission guidelines),yes,agree,agree,entrants,agree,na,,none_needed,"Blind coding formed before opening the merged row from the 2024 NSC guidelines (disadvantage factor 0-10%/0-20% added to FPS; apartheid-classification redress categories with lower Band C thresholds, e.g. Health Sciences 580/610/680 FPS by redress category); merged row relies on the 2023 prospectus - same rule. 'reserved_places' for Band C is a target-met-by-priority rule rather than a fixed quota (collector's caveat); acceptable. entrants 4,170 reproduced (UCT AR 2023 PDF p.29 and p.33 table). No applicants -> na."
ZAF-UP,K11,yes,race_ethnicity,reserved_places,some_programmes,no (none found),yes,agree,agree,entrants;equity_reserved_places;equity_reserved_places_base,agree,na,,none_needed,"Blind coding formed before opening the merged row (2023 MBChB selection document). Places table reproduced visually: Designated Groups 78 (cat.8) + 35 (cat.9) + 50% of the minimum 30 mid-year places (15) = 128 of 300 MBChB places; base and scope (MBChB only) correctly labelled. 'Provincial representation' category is territorial (D071), correctly excluded. entrants 8,972 reproduced (UP AR 2023 PDF p.120, HEMIS); the 8,653 figure (p.71) is a different count, rightly not used. No applicants -> na."
ZAF-UW,K11,unknown,,,,unknown,unknown,agree,na,entrants,agree,na,,unresolved,"Blind: only a 2014 announcement of the Health Sciences 40% merit / ~20% rural / ~20% quintile 1-2 / ~20% African and Coloured allocation was found; it does not establish the 2023 rule, so unknown (likely yes, some_programmes, if confirmed). Wayback CDX was offline at the time of checking; the Wits FHS 2023 selection policy remains unlocated. entrants 5,945 reproduced (Wits AR 2023 PDF p.92). Scorecard p.281 rendered: '6 263' sits in the 'Strategies and activities' column beside the KPI 'Manage FTEN enrolments in line with the DHET targets', so it is probably a target or actual of a different definition (full-time excluding occasional and online); not entered - collector's choice upheld."
ZAF-UJ,K11,unknown,,,,unknown,no,unresolved,na,applicants;entrants;places,agree,mixed_bases,,unresolved,"No independent equity source opened for UJ (country search budget used on SU/UCT/Wits/UP; uj.ac.za behind Cloudflare, not bypassed; Wayback CDX offline), so the collector's 'no' (policy states redress principles without reserved places, points, lower thresholds or a restricted track) is neither confirmed nor contradicted; the version in force for 2023 entry (Nov 2022) and the SDG 'bottom financial quintile admission target' page remain unopened. Selectivity: applicants 383,163 (p.16 table, 2023 column, read visually), places 10,504 (p.4/p.19) and entrants 11,507 (AR 2023 PDF p.98) reproduced. Rates mix bases: applicants are faculty-summed (persons applying to two faculties may count twice; unit 'applications' is the right conservative label), all undergraduate qualifications incl. diplomas/certificates; entrants include the 2024 TVET reclassification; whether the '2023' applicant column is the 2023 intake is an inference (a 2024 column appears in the 2023 report)."
IND-IIS,K11,yes,caste_tribe;income_or_socioeconomic,reserved_places;lower_cutoff,all_programmes,yes (PwD 5% horizontal reservation; PwD rank lists with lower minimum marks),yes,agree,agree,entrants;places,agree,na,Only the share_includes_disability flag (yes in merged) - see correction.,correction_proposed,"Blind coding formed before opening the merged row: GoI reservation for SC/ST/OBC-NCL/EWS with lower qualifying marks for category rank lists (JoSAA 2023 business rules) and, at IISc, relaxed qualifying-exam threshold for SC/ST; PwD horizontal reservation is a separate disability rule (D072); female supernumerary seats are gender (D071), excluded. Statutory share text (CEI Act s.3) not reopened (indiacode/indiankanoon returned 403 to WebFetch; national search budget used); the 15/7.5/27/10 figures are confirmed institutionally by IITD and IITM annual reports as cited by the collector. entrants 172 = 108 BS(Research) + 64 B.Tech (M&C) reproduced (IISc AR 2023-24 PDF p.202); places 151 (NIRF) not reopened. Entrants exceed places due to women's supernumerary quotas, as noted. IISc's 59.5% rests on GoI norms, not an IISc-stated percentage (collector's caveat stands). No applicants -> na. share_includes_disability: the sources state the PwD component separately (5% horizontal), and the merged 59.5% excludes it (sum of SC 15 + ST 7.5 + OBC-NCL 27 + EWS 10); the reserved-place counts exclude OPEN-PwD and include caste-category PwD sub-seats, which are part of the vertical caste/EWS reservation, not an added disability share. So the flag should be 'no' (D072)."
IND-IITB,K11,yes,caste_tribe;income_or_socioeconomic,reserved_places;lower_cutoff,all_programmes,yes (PwD 5% horizontal reservation; PwD rank lists with lower minimum marks),yes,agree,agree,places;admitted;equity_reserved_places;equity_reserved_places_base,agree,na,Only the share_includes_disability flag (yes in merged) - see correction.,correction_proposed,"Blind coding formed before opening the merged row: GoI reservation for SC/ST/OBC-NCL/EWS with lower qualifying marks for category rank lists (JoSAA 2023 business rules) and, at IISc, relaxed qualifying-exam threshold for SC/ST; PwD horizontal reservation is a separate disability rule (D072); female supernumerary seats are gender (D071), excluded. Statutory share text (CEI Act s.3) not reopened (indiacode/indiankanoon returned 403 to WebFetch; national search budget used); the 15/7.5/27/10 figures are confirmed institutionally by IITD and IITM annual reports as cited by the collector. places 1356, admitted 1358 (JIC report 13.3) and reserved 807 of 1356 (13.1: GN 650 + FO 157) reproduced from the rendered pages. Separate_track (preparatory course) in merged instruments is consistent with the JoSAA preparatory-course rank lists (2.5/8.75% minima). No applicants -> na. share_includes_disability: the sources state the PwD component separately (5% horizontal), and the merged 59.5% excludes it (sum of SC 15 + ST 7.5 + OBC-NCL 27 + EWS 10); the reserved-place counts exclude OPEN-PwD and include caste-category PwD sub-seats, which are part of the vertical caste/EWS reservation, not an added disability share. So the flag should be 'no' (D072)."
IND-IITD,K11,yes,caste_tribe;income_or_socioeconomic,reserved_places;lower_cutoff,all_programmes,yes (PwD 5% horizontal reservation; PwD rank lists with lower minimum marks),yes,agree,agree,places;admitted;entrants;equity_reserved_places;equity_reserved_places_base,agree,na,Only the share_includes_disability flag (yes in merged) - see correction.,correction_proposed,"Blind coding formed before opening the merged row: GoI reservation for SC/ST/OBC-NCL/EWS with lower qualifying marks for category rank lists (JoSAA 2023 business rules) and, at IISc, relaxed qualifying-exam threshold for SC/ST; PwD horizontal reservation is a separate disability rule (D072); female supernumerary seats are gender (D071), excluded. Statutory share text (CEI Act s.3) not reopened (indiacode/indiankanoon returned 403 to WebFetch; national search budget used); the 15/7.5/27/10 figures are confirmed institutionally by IITD and IITM annual reports as cited by the collector. places 1229 and entrants 1231 (IITD AR Table I, incl. 20 B.Des via UCEED) and admitted 1211 / JoSAA seats 1209 (JIC 13.3) reproduced; reserved 721 of 1209 (GN 573 + FO 148) reproduced. Scope difference (B.Des) correctly documented in sel_scope. No applicants -> na. share_includes_disability: the sources state the PwD component separately (5% horizontal), and the merged 59.5% excludes it (sum of SC 15 + ST 7.5 + OBC-NCL 27 + EWS 10); the reserved-place counts exclude OPEN-PwD and include caste-category PwD sub-seats, which are part of the vertical caste/EWS reservation, not an added disability share. So the flag should be 'no' (D072)."
IND-IITK2,K11,yes,caste_tribe;income_or_socioeconomic,reserved_places;lower_cutoff,all_programmes,yes (PwD 5% horizontal reservation; PwD rank lists with lower minimum marks),yes,agree,agree,places;admitted;equity_reserved_places;equity_reserved_places_base,agree,na,Only the share_includes_disability flag (yes in merged) - see correction.,correction_proposed,"Blind coding formed before opening the merged row: GoI reservation for SC/ST/OBC-NCL/EWS with lower qualifying marks for category rank lists (JoSAA 2023 business rules) and, at IISc, relaxed qualifying-exam threshold for SC/ST; PwD horizontal reservation is a separate disability rule (D072); female supernumerary seats are gender (D071), excluded. Statutory share text (CEI Act s.3) not reopened (indiacode/indiankanoon returned 403 to WebFetch; national search budget used); the 15/7.5/27/10 figures are confirmed institutionally by IITD and IITM annual reports as cited by the collector. places 1210, admitted 1211 and reserved 721 of 1210 (GN 572 + FO 149) reproduced from the JIC report. No applicants -> na. share_includes_disability: the sources state the PwD component separately (5% horizontal), and the merged 59.5% excludes it (sum of SC 15 + ST 7.5 + OBC-NCL 27 + EWS 10); the reserved-place counts exclude OPEN-PwD and include caste-category PwD sub-seats, which are part of the vertical caste/EWS reservation, not an added disability share. So the flag should be 'no' (D072)."
IND-IITM,K11,yes,caste_tribe;income_or_socioeconomic,reserved_places;lower_cutoff,all_programmes,yes (PwD 5% horizontal reservation; PwD rank lists with lower minimum marks),yes,agree,agree,places;admitted;entrants;equity_reserved_places;equity_reserved_places_base;equity_filled_entrants;equity_filled_entrants_base,agree,na,Only the share_includes_disability flag (yes in merged) - see correction.,correction_proposed,"Blind coding formed before opening the merged row: GoI reservation for SC/ST/OBC-NCL/EWS with lower qualifying marks for category rank lists (JoSAA 2023 business rules) and, at IISc, relaxed qualifying-exam threshold for SC/ST; PwD horizontal reservation is a separate disability rule (D072); female supernumerary seats are gender (D071), excluded. Statutory share text (CEI Act s.3) not reopened (indiacode/indiankanoon returned 403 to WebFetch; national search budget used); the 15/7.5/27/10 figures are confirmed institutionally by IITD and IITM annual reports as cited by the collector. places 1134, admitted 1135, reserved 675 of 1134 (GN 538 + FO 137) reproduced; entrants 1138 = 1037 + 101 and filled 697 = (109+290+159+80) + (11+28+13+7) of base 1138 reproduced from IITM AR Table 1 (PDF p.42). The 3-seat gap between entrants and final allotments is unexplained (unresolved). No applicants -> na. share_includes_disability: the sources state the PwD component separately (5% horizontal), and the merged 59.5% excludes it (sum of SC 15 + ST 7.5 + OBC-NCL 27 + EWS 10); the reserved-place counts exclude OPEN-PwD and include caste-category PwD sub-seats, which are part of the vertical caste/EWS reservation, not an added disability share. So the flag should be 'no' (D072)."
PAK-LUMS,K11,no,,,,no (none found),no,agree,na,none (no selectivity values entered),na,na,,none_needed,"Blind coding formed before opening the merged row: NOP is a low-income outreach/coaching and scholarship channel with the same admission criteria and no quota - a D069-type channel, not formal equity. Evidence is a current page (nearest year), as the collector flagged. The '1100+ admitted' lower bound is correctly kept out of numeric fields."
PAK-NUST,K11,unknown,,,,unknown,no,agree,na,none (no selectivity values entered),na,na,,none_needed,"No primary NUST document opened in the blind step (nust.edu.pk behind Cloudflare; one search returned only secondary mentions of provincial/regional quota seats for Balochistan, KP, AJK, FATA at NUST). Such seats would be territorial (D071) and excluded, so the merged 'no' holds either way; not independently verified from a primary 2023/24 source."
PAK-PU,K11,no,,,,"yes (2% BS seats for special (disabled) persons, Annexure-I)",no,agree,na,none (no selectivity values entered),na,na,Only share_includes_disability: merged yes although the disability 2% is stated separately and the 4% share was coded out (D071/D072).,correction_proposed,"Blind coding formed before opening the merged row: 2023-24 regulations reserve 2% disabled (disability flag), 2% religious minorities (minority status, coded out under D071 - a judgement the coordinator may want the investigator to confirm, as religious minorities in Pakistan are a disadvantaged group but not defined by income/race/school), Baluchistan/AJK/GB/Sindh nominee seats (territorial, D071), plus staff-children, martyrs, overseas, sports, co-curricular and Hafiz-e-Quran (+20 marks) routes (not equity). Quotes reproduced from the Sep 2023 Wayback copy (PDF pp.10-11)."
PAK-QIA,K11,yes,region_or_rural,reserved_places,all_programmes,yes (01 seat in each department for disabled persons),no,disagree,disagree,none (no selectivity values entered),na,na,"Merged no (minorities coded out under D071; regional quota not coded). Blind yes: the regional quota for regular seats splits Sindh's 19% into Rural 60% / Urban 40%, i.e. a reserved rural-Sindh share of regular seats - a rural-origin rule, which D072 counts as region_or_rural. The other provincial shares (Punjab, KP, Balochistan, GB/FATA, AJK) are territorial and stay excluded (D071). The collector flagged exactly this as a checker decision.",correction_proposed,"Rural Sindh is defined by domicile under the federal quota system (the page does not define 'Rural'), so the rural/territorial boundary is a judgement for the coordinator; I lean to D072 because the category is explicitly labelled rural. The quota applies to regular (normal-fee) seats only (about half of seats per the collector's allocation-of-seats source), so any share should carry that base; 60% x 19% = 11.4% of regular seats is a derived figure and is not proposed as a typed value. Disability and minorities seats reproduced from the Dec 2023 capture; minorities excluded (D071)."
PAK-UOL,K11,unknown,,,,unknown,unknown,agree,na,none (no selectivity values entered),na,na,,unresolved,Country search budget used before UOL; no UOL source opened (collector reports uol.edu.pk 403 and no capture of the 2023-24 prospectus). Unknown stands.
CHN-FDU,K12,yes,region_or_rural,reserved_places;separate_track;lower_cutoff,all_programmes,no,yes,agree,unresolved,admitted=3663;equity_filled_entrants=598;equity_filled_entrants_base=3663,agree,na,"equity_basis race_ethnicity and the 62 ethnic-route admissions in the filled count: the routes (State Ethnic Affairs Commission special plan, inland Xinjiang/Tibet classes, Xinjiang preparatory) are defined by national-minority status and region of residence, which D071 excludes; scope all_programmes here vs some_programmes at PKU/SJTU/THU/ZJU for the same national instruments",correction_proposed,"Blind coding: National Special Plan + University Special Plan (Tengfei) for rural students of designated counties; Tengfei 2023 admits from first-tier control line + 70 (lower_cutoff by construction). Report confirms 3663 admitted (sum of routes) and 251 + 285 + 62. Rural plans alone = 536 (verified in report). Proposed: drop race_ethnicity and use 536 as filled (D071); if the investigator treats Chinese ethnic-minority routes as race/ethnicity, keep 598. Scope: Tengfei 2023 brochure section 二 lists no major subset (plan set per province), so all_programmes is not contradicted, but FDU is the only CHN row coded all_programmes for the same instruments; coordinator to harmonise. Disability: no admission-preference rule found (agree with no)."
CHN-PKU,K12,yes,region_or_rural,reserved_places;separate_track;lower_cutoff,all_programmes,no,yes,agree,agree,admitted=3130;equity_filled_entrants=391;equity_filled_entrants_base=3018,agree,na,,none_needed,"admitted 3130 confirmed in PKU 2022-2023 information-disclosure annual report (main campus, domestic incl. 42 pilot cadets and 70 HMT; 3018 mainland). Filled 391 (277 + 114) rests on a secondary qq.com article, not re-verified in an official source (kept as flagged by the collector). Zhumeng 2023 brochure confirms rural-hukou eligibility and a score reduction set by the admissions committee. Scope: my blind all_programmes was based on the national plan only; the collector documented a named major list for Zhumeng, so some_programmes accepted. No rates (no applicants)."
CHN-SJTU,K12,yes,region_or_rural,reserved_places;separate_track;lower_cutoff,all_programmes,no,yes,agree,agree,admitted=4680;entrants=4637;equity_filled_entrants=662;equity_filled_entrants_base=4680,agree,na,"equity_basis race_ethnicity and the 103 ethnic/regional-route admissions (inland Xinjiang/Tibet classes 52, preparatory transfers 49, State Ethnic Affairs Commission plan 2) in the filled count: territorial/national-minority routes excluded by D071",correction_proposed,"Report confirms 4680 admitted, 4637 registered, National Special Plan 315 and Siyuan 244 (rural plans = 559). Siyuan 2023: majors mainly science/engineering and medicine (some_programmes accepted); threshold first-tier line + 70. Proposed filled 559 and basis region_or_rural only under D071 (keep 662 if the investigator counts Chinese ethnic-minority routes as race/ethnicity). No applicants, rates na."
CHN-THU,K12,yes,region_or_rural,reserved_places;separate_track;lower_cutoff,all_programmes,no,yes,agree,agree,equity_filled_entrants=461;equity_filled_share_pct=12.9,agree,na,,none_needed,"Teaching quality report confirms 'mainland 3500余', 294 National Special Plan, 167 Ziqiang entrants and '460余人，占比12.9%'; news repost gives 461. Admitted correctly left empty (approximate totals only). 461 mixes 294 admissions with 167 who 'successfully entered' (as the collector notes). Ziqiang brochure section 六.1 confirms the score-reduction rule. No applicants, rates na."
CHN-ZJU,K12,yes,region_or_rural,reserved_places;separate_track;lower_cutoff,all_programmes,no,yes,agree,unresolved,none (all selectivity fields empty),na,na,,unresolved,"Blind: ZJU, an MoE-affiliated former independent-admission university, ran the University Special Plan in 2023 (eol.cn page with 2023 registration dates; Hunan notice assigns the plan to such universities). Merged yes agrees. Scope some_programmes is stated by the collector as assumed (2023 major list not found); I could not find it either (ZJU admissions list page now shows only 2025 items; Wayback offline on 2026-10-01). No selectivity values to check."
HKG-CITYU,K12,no,,,,no (blind reading: special consideration only),no,agree,na,entrants=2227,agree,na,equity_disability_rule: blind no vs merged yes; after reading the 2023 capture (separate disability category with its own offer stage) I accept merged yes,none_needed,"No income/race/school/rural rule found for 2023/24 entry; NCS alternative Chinese qualifications are defined by language-learning history, not disadvantage (agree with not coding). Disability: JUPAS 2023 capture confirms a verified disability category with special-consideration offers; merged equity_disability_rule=yes accepted (my first reading was 'consideration only'; the separate offer stage supports recording it under D072). Entrants 2227 re-pulled from UGC CSDI GeoJSON (OBJECTID 398): local students, UGC-funded FYFD, FTE, 2023/24 - matches. Unit is FTE not headcount, and self-financed programmes excluded (as flagged by collector). No applicants/admitted/places, so rates na."
HKG-CUHK,K12,no,,,,no (blind reading: special consideration only),no,agree,na,entrants=3522,agree,na,equity_disability_rule: blind no vs merged yes; after reading the 2023 capture (separate disability category with its own offer stage) I accept merged yes,none_needed,"No income/race/school/rural rule found for 2023/24 entry; NCS alternative Chinese qualifications are defined by language-learning history, not disadvantage (agree with not coding). Disability: JUPAS 2023 capture confirms a verified disability category with special-consideration offers; merged equity_disability_rule=yes accepted (my first reading was 'consideration only'; the separate offer stage supports recording it under D072). Entrants 3522 re-pulled from UGC CSDI GeoJSON (OBJECTID 410): local students, UGC-funded FYFD, FTE, 2023/24 - matches. Unit is FTE not headcount, and self-financed programmes excluded (as flagged by collector). No applicants/admitted/places, so rates na."
HKG-HKU,K12,no,,,,no (blind reading: special consideration only),no,agree,na,entrants=3246,agree,na,equity_disability_rule: blind no vs merged yes; after reading the 2023 capture (separate disability category with its own offer stage) I accept merged yes,none_needed,"No income/race/school/rural rule found for 2023/24 entry; NCS alternative Chinese qualifications are defined by language-learning history, not disadvantage (agree with not coding). Disability: JUPAS 2023 capture confirms a verified disability category with special-consideration offers; merged equity_disability_rule=yes accepted (my first reading was 'consideration only'; the separate offer stage supports recording it under D072). Entrants 3246 re-pulled from UGC CSDI GeoJSON (OBJECTID 426): local students, UGC-funded FYFD, FTE, 2023/24 - matches. Unit is FTE not headcount, and self-financed programmes excluded (as flagged by collector). No applicants/admitted/places, so rates na."
HKG-HKUST,K12,no,,,,no (blind reading: special consideration only),no,agree,na,entrants=2055,agree,na,equity_disability_rule: blind no vs merged yes; after reading the 2023 capture (separate disability category with its own offer stage) I accept merged yes,none_needed,"No income/race/school/rural rule found for 2023/24 entry; NCS alternative Chinese qualifications are defined by language-learning history, not disadvantage (agree with not coding). Disability: JUPAS 2023 capture confirms a verified disability category with special-consideration offers; merged equity_disability_rule=yes accepted (my first reading was 'consideration only'; the separate offer stage supports recording it under D072). Entrants 2055 re-pulled from UGC CSDI GeoJSON (OBJECTID 422): local students, UGC-funded FYFD, FTE, 2023/24 - matches. Unit is FTE not headcount, and self-financed programmes excluded (as flagged by collector). No applicants/admitted/places, so rates na."
HKG-POLYU,K12,no,,,,no (blind reading: special consideration only),no,agree,na,entrants=2496,agree,na,equity_disability_rule: blind no vs merged yes; after reading the 2023 capture (separate disability category with its own offer stage) I accept merged yes,none_needed,"No income/race/school/rural rule found for 2023/24 entry; NCS alternative Chinese qualifications are defined by language-learning history, not disadvantage (agree with not coding). Disability: JUPAS 2023 capture confirms a verified disability category with special-consideration offers; merged equity_disability_rule=yes accepted (my first reading was 'consideration only'; the separate offer stage supports recording it under D072). Entrants 2496 re-pulled from UGC CSDI GeoJSON (OBJECTID 418): local students, UGC-funded FYFD, FTE, 2023/24 - matches. Unit is FTE not headcount, and self-financed programmes excluded (as flagged by collector). No applicants/admitted/places, so rates na."
TWN-NTU,K12,yes,race_ethnicity;income_or_socioeconomic;region_or_rural;other,reserved_places;bonus_points;separate_track,all_programmes,unknown,yes,agree,agree,places=3467;entrants=3434;equity_reserved_places=57;equity_reserved_places_base=3467;equity_reserved_share_pct=2,agree,na,,none_needed,"Hope groups (希望組) in the 112 application channel restricted to certified low/middle-low-income, special-circumstance families, new-immigrant children and 3-year remote-area high-school students (112 須知). 57 = 12+3+6+8+13+4+9+2 confirmed visually on the CAC 112 PNG. equity_reserved_share_pct 2 is the indigenous supernumerary share only (correctly not summed). Places and entrants re-pulled from MOE udb 學12-2 (112, day bachelor): match. Column C (within-quota registrations) exceeds A (approved places) at NTNU, NTHU and NYCU, so places is not a hard cap (not explained in the source). No applicants or admitted, so rates na. Indigenous national rule (bonus 10%/35% in exam allocation; supernumerary places 2%) verified in the current law text (amended 2019-12-18, in force for 2023 entry); whether indigenous status is race/ethnicity (counted) or national-minority status (D071) is for the investigator - merged and blind both count it. Disability: a national separate disabled-student examination exists per the collector; institution-level participation not verified by me (unchanged)."
TWN-TH,K12,yes,race_ethnicity,reserved_places;bonus_points,all_programmes,unknown,yes,agree,agree,places=1963;entrants=1985;equity_reserved_places=36 (CAC image not re-read);equity_reserved_share_pct=2,agree,na,"Sunrise (旭日) groups counted as separate_track with 36 reserved places and basis income_or_socioeconomic, but entry is not restricted to a defined group: the 2023 guide's 'main' target includes economically disadvantaged applicants without any government certification, and the (undated, current) Q&A says ordinary applicants without certification are welcome while certified ones get priority consideration (優先考量) - a holistic rule, not a formal one",correction_proposed,"equity_formal stays yes through the national indigenous rule. Proposed: drop income_or_socioeconomic from basis, separate_track from instrument, institutional from mandate, and empty equity_reserved_places (36) and its base; record 旭日 in notes as a holistic disadvantaged-priority track. Caveat: the Q&A page is undated (2023 version not found); the 2023 guide alone already shows the track is open to uncertified, self-described disadvantaged applicants. Coordinator/investigator to decide. Places and entrants re-pulled from MOE udb 學12-2 (112, day bachelor): match. Column C (within-quota registrations) exceeds A (approved places) at NTNU, NTHU and NYCU, so places is not a hard cap (not explained in the source). No applicants or admitted, so rates na. Indigenous national rule (bonus 10%/35% in exam allocation; supernumerary places 2%) verified in the current law text (amended 2019-12-18, in force for 2023 entry); whether indigenous status is race/ethnicity (counted) or national-minority status (D071) is for the investigator - merged and blind both count it. Disability: a national separate disabled-student examination exists per the collector; institution-level participation not verified by me (unchanged)."
TWN-NCKU,K12,yes,race_ethnicity,reserved_places;bonus_points,all_programmes,unknown,yes,agree,agree,"places=2729;entrants=2691;equity_reserved_places=87 (collector's NCKU 112 table, not re-opened);equity_reserved_share_pct=2",agree,na,"equity_basis includes region_or_rural only because of offshore-island (離島) supernumerary places; offshore-island residence is a territorial quota of the Azores/Madeira kind excluded by D071 (D072 keeps rural/remote origin, not island territories)",correction_proposed,"Blind: national indigenous rule only (NCKU 成星 track not found blind). Merged adds 成星 groups (certified low/middle-low-income or special-circumstance families in 2 of the last 3 years) - accepted from the collector's quoted NCKU 112 table. Proposed equity_basis income_or_socioeconomic;race_ethnicity. Places and entrants re-pulled from MOE udb 學12-2 (112, day bachelor): match. Column C (within-quota registrations) exceeds A (approved places) at NTNU, NTHU and NYCU, so places is not a hard cap (not explained in the source). No applicants or admitted, so rates na. Indigenous national rule (bonus 10%/35% in exam allocation; supernumerary places 2%) verified in the current law text (amended 2019-12-18, in force for 2023 entry); whether indigenous status is race/ethnicity (counted) or national-minority status (D071) is for the investigator - merged and blind both count it. Disability: a national separate disabled-student examination exists per the collector; institution-level participation not verified by me (unchanged)."
TWN-NTNU,K12,yes,race_ethnicity,reserved_places;bonus_points,all_programmes,unknown,yes,agree,agree,places=1708;entrants=1710;equity_reserved_places=12 (CAC image not re-read);equity_reserved_share_pct=2,agree,na,,none_needed,"Blind: national indigenous rule; merged adds 晨光 2.0 groups (lowered GSAT screening, guaranteed places for middle-low-income/special-circumstance and new-immigrant second generation) from a June-2023 capture - accepted, not re-opened. Places and entrants re-pulled from MOE udb 學12-2 (112, day bachelor): match. Column C (within-quota registrations) exceeds A (approved places) at NTNU, NTHU and NYCU, so places is not a hard cap (not explained in the source). No applicants or admitted, so rates na. Indigenous national rule (bonus 10%/35% in exam allocation; supernumerary places 2%) verified in the current law text (amended 2019-12-18, in force for 2023 entry); whether indigenous status is race/ethnicity (counted) or national-minority status (D071) is for the investigator - merged and blind both count it. Disability: a national separate disabled-student examination exists per the collector; institution-level participation not verified by me (unchanged)."
TWN-YMCT,K12,yes,race_ethnicity,reserved_places;bonus_points,all_programmes,unknown,yes,agree,agree,places=1738;entrants=1746;equity_reserved_places=79 (CAC image not re-read);equity_reserved_share_pct=2,agree,na,,none_needed,"Blind: national indigenous rule; merged adds 屯蒙 groups (economically disadvantaged, new immigrants and children, disabled students/children of disabled persons, indigenous) - one indivisible track, so share_includes_disability=yes and equity_disability_rule=yes are consistent with D072 (no stated split). Places and entrants re-pulled from MOE udb 學12-2 (112, day bachelor): match. Column C (within-quota registrations) exceeds A (approved places) at NTNU, NTHU and NYCU, so places is not a hard cap (not explained in the source). No applicants or admitted, so rates na. Indigenous national rule (bonus 10%/35% in exam allocation; supernumerary places 2%) verified in the current law text (amended 2019-12-18, in force for 2023 entry); whether indigenous status is race/ethnicity (counted) or national-minority status (D071) is for the investigator - merged and blind both count it. Disability: a national separate disabled-student examination exists per the collector; institution-level participation not verified by me (unchanged)."
KOR-S,K12,yes,income_or_socioeconomic;region_or_rural,separate_track;reserved_places,all_programmes,yes,yes,agree,agree,applicants=18567;admitted=3470;entrants=3435;places=3474;equity_reserved_places=188;equity_reserved_places_base=3474;equity_filled_entrants=154;equity_filled_entrants_base=3435,agree,mixed_bases,"share_includes_disability is empty although the 188 reserved (and 154 filled) include 기회균형III, a single 'up to 18' quota (5 filled) shared by students with severe disabilities and North Korean defectors, with no split stated",correction_proposed,"Blind from the decree (art. 29(2)14 가/라 supernumerary categories, art. 29(2)4 disability) plus general knowledge of SNU 기회균형 tracks; press release Table 1 confirms all numbers (86/465/86/85; 88/142/68/64; 18 이내/36/5/5; totals 3,474 이내/18,567/3,470/3,435). Rates: applicants are applications across 수시 and 정시 (a person may apply in both), admitted are initial offers including carry-over seats, entrants are persons - unit mismatch, so admission_rate 0.187 and entry_rate 0.185 are not person-level rates (mixed_bases)."
KOR-K,K12,yes,income_or_socioeconomic;region_or_rural,separate_track;reserved_places,all_programmes,yes,yes,agree,agree,applicants=42666 (35694+6972);equity_reserved_places=412 (168+116+67+36+25),agree,na,"equity_reserved_places 412 includes the separately stated disability-only track 기회균등전형-특수교육대상자 (36), which D072 says to exclude, and the vocational-school track 특성화고교졸업자 (25), not a disadvantage group under D071 (SNU's row excludes its agricultural-vocational places); the 168 고른기회 places combine 특수교육대상자 with other groups, so share_includes_disability should be yes",correction_proposed,"All UWAY totals and track counts re-read and match. Basis 'other' in the merged row has no evident qualifying group (national merit is not disadvantage); coordinator may drop it. No admitted/entrants, so rates na; applicants are applications."
KOR-Y,K12,yes,income_or_socioeconomic;region_or_rural,separate_track;reserved_places,all_programmes,yes,yes,agree,agree,"applicants=33383;entrants=3751;equity_filled_entrants=310;equity_filled_entrants_base=3751;equity_reserved_places=284 (guide preview, not re-opened)",agree,mixed_bases,"equity_filled_entrants 310 includes separately stated disability-only registrants (특수교육대상자 1 + 14 = 15, D072) and vocational-school registrants (특성화고교졸업자 24); the 284 reserved places combine disability with other categories, so share_includes_disability should be yes",correction_proposed,"Release Table 1 re-read visually: subtotals 1,964/25,735/1,827; 146/1,047/143; 1,651/6,097/1,641; 141/504/140; equity rows as in the merged notes; 310 reproduced. Rates: applicants are applications (multiple tracks and rounds), entrants are persons, so entry_rate 0.112 is mixed_bases. Not resolved: 284 vs 316 places."
KOR-SKKU,K12,yes,income_or_socioeconomic;region_or_rural,separate_track;reserved_places,all_programmes,yes,yes,agree,agree,equity_reserved_places=170 (from collector's quoted Wayback capture; not re-opened),unresolved,na,equity_reserved_places 170 includes the separately stated disability track 학생부종합(장애인등 대상자) 10 (D072),correction_proposed,"Could not reopen the Wayback capture of the 2023 수시 competition page (the archive was not usable for this capture in this session); correction relies on the collector's quoted row. Eligibility read from the 2024 guide (nearest year), as flagged by the collector. No selectivity values to check."
KOR-KKAST,K12,unknown,,,,unknown,unknown,disagree,na,applicants=4812;places=860 (approximate);applicants_per_place=5.60,agree,na,"merged equity unknown; a secondary transcription of the official 2023 KAIST guide table states that the 고른기회 track (40 in-quota + 5 supernumerary = 45 places) requires rural, basic-livelihood, near-poverty, single-parent, national-merit or North Korean defector status",correction_proposed,"Blind: no KAIST-specific source found before opening the draft (KAIST is under the KAIST Act; decree art. 29 may not apply). After the draft: KAIST 2023 competition page re-read (고른기회 45 내외/230; total 860 내외/4,812 - match). samsungedu.kr reproduces the 2023 guide table as an image (secondary); it also notes 2023 barred science/special-purpose high-school students from the rural qualification. Proposed yes with low confidence pending the official 2023 guide; reserved count 45 is approximate ('내외') and includes national-merit eligibility (not separable). No disability category in the track description. Rates na (no admitted); applicants_per_place uses approximate places and applications."
MYS-UKM,K12,yes,income_or_socioeconomic;race_ethnicity,separate_track,all_programmes,yes,yes,agree,agree,applicants=49484;admitted=4286;entrants=6294,agree,mixed_bases,"entry_rate 0.1272 = KPT calendar-2023 bachelor intake (6,294) / UKM 2023/24 applications (49,484): different source, period and scope (the collector's own notes say not to compute it)",correction_proposed,"Laluan Khas (B40, OKU, Orang Asli, athletes) is a separate UPU selection mode for all public universities; the 2023/24 KPT statement confirms offers under it. Orang Asli counted as race_ethnicity (indigenous); OKU recorded as disability rule (D072); athletes excluded. Laluan Khas offers are national, not institution-level - count fields correctly empty. KPT Table 2.2(iv) entrants re-read visually: match. UKM news re-read: 49,484 applications and 4,286 'layak dan dipilih' for 2023/24, all programmes - admission_rate 0.0866 is within one source (applications vs selected persons; level not stated); entry_rate should be suppressed."
MYS-UM,K12,yes,income_or_socioeconomic;race_ethnicity,separate_track,all_programmes,yes,yes,agree,agree,entrants=4960,agree,na,,none_needed,"Laluan Khas (B40, OKU, Orang Asli, athletes) is a separate UPU selection mode for all public universities; the 2023/24 KPT statement confirms offers under it. Orang Asli counted as race_ethnicity (indigenous); OKU recorded as disability rule (D072); athletes excluded. Laluan Khas offers are national, not institution-level - count fields correctly empty. KPT Table 2.2(iv) entrants re-read visually: match. No applicants, so rates na."
MYS-UPM,K12,yes,income_or_socioeconomic;race_ethnicity,separate_track,all_programmes,yes,yes,agree,agree,entrants=4007,agree,na,,none_needed,"Laluan Khas (B40, OKU, Orang Asli, athletes) is a separate UPU selection mode for all public universities; the 2023/24 KPT statement confirms offers under it. Orang Asli counted as race_ethnicity (indigenous); OKU recorded as disability rule (D072); athletes excluded. Laluan Khas offers are national, not institution-level - count fields correctly empty. KPT Table 2.2(iv) entrants re-read visually: match. No applicants, so rates na."
MYS-USM,K12,yes,income_or_socioeconomic;race_ethnicity,separate_track,all_programmes,yes,yes,agree,agree,entrants=5300,agree,na,,none_needed,"Laluan Khas (B40, OKU, Orang Asli, athletes) is a separate UPU selection mode for all public universities; the 2023/24 KPT statement confirms offers under it. Orang Asli counted as race_ethnicity (indigenous); OKU recorded as disability rule (D072); athletes excluded. Laluan Khas offers are national, not institution-level - count fields correctly empty. KPT Table 2.2(iv) entrants re-read visually: match. No applicants, so rates na."
MYS-UTM,K12,yes,income_or_socioeconomic;race_ethnicity,separate_track,all_programmes,yes,yes,agree,agree,entrants=4703,agree,na,,none_needed,"Laluan Khas (B40, OKU, Orang Asli, athletes) is a separate UPU selection mode for all public universities; the 2023/24 KPT statement confirms offers under it. Orang Asli counted as race_ethnicity (indigenous); OKU recorded as disability rule (D072); athletes excluded. Laluan Khas offers are national, not institution-level - count fields correctly empty. KPT Table 2.2(iv) entrants re-read visually: match. No applicants, so rates na."
SGP-NTUS,K13,no,,,,no (none found),no,agree,na,entrants,agree,na,,none_needed,"Blind: holistic/aptitude-based admission only (NUS 2023 capture; NTU 2024 capture); First Choice Bonus Points (NUS) and national-servicemen reserved places are not disadvantage rules. For SMU/SUTD I did not obtain a usable institution page (SMU 2023 capture blank/blocked, SUTD capture navigation only); blind no rests on the country-level negative search; collector cited SMU Nov-2022 and SUTD Feb-2023 captures, consistent. entrants=2023 MF value reopened in MOE 'Intake by Institutions' datastore API: 6448 (matches). Unit: full-time first-degree intake, includes direct entry into 2nd+ years; nationality scope unstated. Metadata note 3 sentence on 'increase in the AY2023 figures' sits in the NIE/Education note; NIE column rises 527->1204 2022->2023, so it most plausibly concerns NIE/NTU education accounting; not resolvable further from the source. NTU 2022=6184, 2024=6501: no visible break, so the NIE note does not appear to distort NTU materially (judgement)."
SGP-NUS,K13,no,,,,no (none found),no,agree,na,entrants,agree,na,,none_needed,"Blind: holistic/aptitude-based admission only (NUS 2023 capture; NTU 2024 capture); First Choice Bonus Points (NUS) and national-servicemen reserved places are not disadvantage rules. For SMU/SUTD I did not obtain a usable institution page (SMU 2023 capture blank/blocked, SUTD capture navigation only); blind no rests on the country-level negative search; collector cited SMU Nov-2022 and SUTD Feb-2023 captures, consistent. entrants=2023 MF value reopened in MOE 'Intake by Institutions' datastore API: 7470 (matches). Unit: full-time first-degree intake, includes direct entry into 2nd+ years; nationality scope unstated. Metadata note 3 sentence on 'increase in the AY2023 figures' sits in the NIE/Education note; NIE column rises 527->1204 2022->2023, so it most plausibly concerns NIE/NTU education accounting; not resolvable further from the source."
SGP-SMU,K13,no,,,,no (none found),no,agree,na,entrants,agree,na,,none_needed,"Blind: holistic/aptitude-based admission only (NUS 2023 capture; NTU 2024 capture); First Choice Bonus Points (NUS) and national-servicemen reserved places are not disadvantage rules. For SMU/SUTD I did not obtain a usable institution page (SMU 2023 capture blank/blocked, SUTD capture navigation only); blind no rests on the country-level negative search; collector cited SMU Nov-2022 and SUTD Feb-2023 captures, consistent. entrants=2023 MF value reopened in MOE 'Intake by Institutions' datastore API: 2572 (matches). Unit: full-time first-degree intake, includes direct entry into 2nd+ years; nationality scope unstated. Metadata note 3 sentence on 'increase in the AY2023 figures' sits in the NIE/Education note; NIE column rises 527->1204 2022->2023, so it most plausibly concerns NIE/NTU education accounting; not resolvable further from the source. SMU 2022 and 2024 both = 2380 as published; 2023 value confirmed as published."
SGP-SUTD,K13,no,,,,no (none found),no,agree,na,entrants,agree,na,,none_needed,"Blind: holistic/aptitude-based admission only (NUS 2023 capture; NTU 2024 capture); First Choice Bonus Points (NUS) and national-servicemen reserved places are not disadvantage rules. For SMU/SUTD I did not obtain a usable institution page (SMU 2023 capture blank/blocked, SUTD capture navigation only); blind no rests on the country-level negative search; collector cited SMU Nov-2022 and SUTD Feb-2023 captures, consistent. entrants=2023 MF value reopened in MOE 'Intake by Institutions' datastore API: 541 (matches). Unit: full-time first-degree intake, includes direct entry into 2nd+ years; nationality scope unstated. Metadata note 3 sentence on 'increase in the AY2023 figures' sits in the NIE/Education note; NIE column rises 527->1204 2022->2023, so it most plausibly concerns NIE/NTU education accounting; not resolvable further from the source. SUTD 2022=405, 2024=494 as published."
IDN-ITB,K13,yes,income_or_socioeconomic;region_or_rural,reserved_places,all_programmes,no (none found),yes,agree,agree,entrants,agree,na,,none_needed,"National rule (Permendikbudristek 48/2022 art. 19(1)) obliges every PTN to admit at least 20% economically disadvantaged and/or 3T-region candidates, spread across all programmes: I code equity yes, basis income_or_socioeconomic;region_or_rural (3T = frontier/outermost/underdeveloped regions, treated as remote origin per D072, not a territorial-minority quota), instrument reserved_places (a minimum-admission obligation filled through ordinary routes, not a ring-fenced pool with its own cut-off; judgement flagged; I accept the merged coding), scope all_programmes, mandate government_regulation (Law 12/2012 art. 74 per collector, not reopened). Art. 17 (access for disabled applicants) is an accommodation duty, not a reserved track. Merged adds separate_track (ITB Program Dukungan Daerah 3T; ADik) and institutional mandate; not independently verified, does not change the code. Entrants 4651 = new Program Sarjana students TA 2023/2024 (reopened, matches). Route figures in notes (SNBP 15,451 registrants / 2,093 admitted) not used; no institution-wide applicants, so rates na."
IDN-UB,K13,yes,income_or_socioeconomic;region_or_rural,reserved_places,all_programmes,likely yes (SMPD 2023 disability track seen only in search results; page inaccessible),yes,agree,agree,places,agree,na,"share_includes_disability = yes is wrong: the only stated share (20%) comes from the national art. 19 rule for economically disadvantaged / 3T candidates, which has no disability component; the SMPD disability track has no stated share.",correction_proposed,"National rule (Permendikbudristek 48/2022 art. 19(1)) obliges every PTN to admit at least 20% economically disadvantaged and/or 3T-region candidates, spread across all programmes: I code equity yes, basis income_or_socioeconomic;region_or_rural (3T = frontier/outermost/underdeveloped regions, treated as remote origin per D072, not a territorial-minority quota), instrument reserved_places (a minimum-admission obligation filled through ordinary routes, not a ring-fenced pool with its own cut-off; judgement flagged; I accept the merged coding), scope all_programmes, mandate government_regulation (Law 12/2012 art. 74 per collector, not reopened). Art. 17 (access for disabled applicants) is an accommodation duty, not a reserved track. Places 17415 reproduced from a Wayback capture (2025-02-19) of the SELMA 2023/2024 capacity table: S-1 16,975 (78 rows) + D-4 440 (2 rows) = 17,415; table TOTAL 18,285 includes D-3 870. Derived sum correct. No applicants -> rates na."
IDN-UGM,K13,yes,income_or_socioeconomic;region_or_rural,reserved_places;separate_track,all_programmes,no (none found),yes,agree,agree,entrants,agree,na,,none_needed,"National rule (Permendikbudristek 48/2022 art. 19(1)) obliges every PTN to admit at least 20% economically disadvantaged and/or 3T-region candidates, spread across all programmes: I code equity yes, basis income_or_socioeconomic;region_or_rural (3T = frontier/outermost/underdeveloped regions, treated as remote origin per D072, not a territorial-minority quota), instrument reserved_places (a minimum-admission obligation filled through ordinary routes, not a ring-fenced pool with its own cut-off; judgement flagged; I accept the merged coding), scope all_programmes, mandate government_regulation (Law 12/2012 art. 74 per collector, not reopened). Art. 17 (access for disabled applicants) is an accommodation duty, not a reserved track. Institutional: PBUTM (low-income track) and PBU 3T separate tracks within Seleksi Mandiri 2023 confirmed from UGM PPID 31 Mar 2023 (via WebFetch). Merged lower_cutoff (wider candidate windows in Peraturan Rektor 3/2023) not reopened by me. Entrants 10,106 reopened (UGM news 2 Aug 2023) = Sarjana 8,317 + Sarjana Terapan 1,789, all routes, includes a few foreign students. No institution-wide applicants -> rates na."
IDN-UI,K13,yes,income_or_socioeconomic;region_or_rural,reserved_places,all_programmes,no (none found),yes,agree,agree,none (all selectivity fields empty),na,na,,none_needed,"National rule (Permendikbudristek 48/2022 art. 19(1)) obliges every PTN to admit at least 20% economically disadvantaged and/or 3T-region candidates, spread across all programmes: I code equity yes, basis income_or_socioeconomic;region_or_rural (3T = frontier/outermost/underdeveloped regions, treated as remote origin per D072, not a territorial-minority quota), instrument reserved_places (a minimum-admission obligation filled through ordinary routes, not a ring-fenced pool with its own cut-off; judgement flagged; I accept the merged coding), scope all_programmes, mandate government_regulation (Law 12/2012 art. 74 per collector, not reopened). Art. 17 (access for disabled applicants) is an accommodation duty, not a reserved track. No UI-specific 2023 rule located by me either (no UI institutional page opened). Merged separate_track rests on the government ADik programme (not reopened)."
IDN-UNAIR,K13,yes,income_or_socioeconomic;region_or_rural,reserved_places,all_programmes,no (none found),yes,agree,agree,none (all selectivity fields empty),na,na,,none_needed,"National rule (Permendikbudristek 48/2022 art. 19(1)) obliges every PTN to admit at least 20% economically disadvantaged and/or 3T-region candidates, spread across all programmes: I code equity yes, basis income_or_socioeconomic;region_or_rural (3T = frontier/outermost/underdeveloped regions, treated as remote origin per D072, not a territorial-minority quota), instrument reserved_places (a minimum-admission obligation filled through ordinary routes, not a ring-fenced pool with its own cut-off; judgement flagged; I accept the merged coding), scope all_programmes, mandate government_regulation (Law 12/2012 art. 74 per collector, not reopened). Art. 17 (access for disabled applicants) is an accommodation duty, not a reserved track. No UNAIR-specific rule found. Merged separate_track rests on ADik (not reopened). Route figures in notes not in coded fields, not checked."
THA-CMU,K13,yes,region_or_rural,reserved_places,some_programmes,not searched by me,yes,agree,agree,applicants;admitted,agree,mixed_bases,,none_needed,"Blind: CMU 2566 Northern Quota Part 1 reserves an 'outer-district quota' for students of schools outside each province's capital district (amount proportional to applicants, announced 3 Apr 2023). I code this region_or_rural (non-capital-district origin) under D072, with the caveat (shared with collector) that the stated aim is distribution of opportunity, not an explicit disadvantage definition; the 17-province Northern quota itself is a territorial preference and excluded (D071). Merged also adds race_ethnicity for a hill-tribe (ชาวไทยภูเขา) track that neither I nor the collector opened; whether a hill-tribe quota is race/ethnicity (counts) or a national-minority quota (D071, excluded, cf. Sami) is an investigator question; the yes code does not depend on it. Round 3 sums reproduced exactly from CUPT TCAS66_maxmin.xlsx (applicants = sum of สมัคร, admitted = sum of ผ่าน, 142 rows). Rate comparability: same file, year and round, but applicants are applications (a candidate may list up to 10 ranked choices) while ผ่าน counts candidates allocated (each at most once), so admission_rate = persons/applications understates the per-person rate; and Round 3 is only part of intake (Rounds 1, 2, 4 excluded). Labelled mixed_bases (applications vs persons, Round 3 only)."
THA-CU,K13,yes,income_or_socioeconomic;region_or_rural,reserved_places;separate_track,some_programmes,not searched by me,yes,agree,agree,applicants;admitted;equity_reserved_places,agree,mixed_bases,"equity_reserved_places 170 includes the 9 Pondok special-school places, defined by schools in the 4 southern border provinces; in the page read no income test is stated for that scheme, so under D071 (territorial/minority quotas excluded) it may need to come out (161). Not proposed as a correction because the 2566 Pondok announcement (not opened by me or the collector) may carry the Chula-Chonnabot income test, as TU's southern-border scheme does.",unresolved,"Chula-Chonnabot 2566: 161 places in 16 of 19 faculties (reopened, matches) for poor rural students; Pondok scheme 9 places. Reserved-places 161 confirmed; 170 = 161 + 9 confirmed as arithmetic. Round 3 sums reproduced exactly from CUPT TCAS66_maxmin.xlsx (applicants = sum of สมัคร, admitted = sum of ผ่าน, 133 rows). Rate comparability: same file, year and round, but applicants are applications (a candidate may list up to 10 ranked choices) while ผ่าน counts candidates allocated (each at most once), so admission_rate = persons/applications understates the per-person rate; and Round 3 is only part of intake (Rounds 1, 2, 4 excluded). Labelled mixed_bases (applications vs persons, Round 3 only)."
THA-KU,K13,no,,,,not searched by me,no,agree,na,applicants;admitted,agree,mixed_bases,,none_needed,"Blind (secondary source only, Dek-D via LINE TODAY): KU Round 2 2566 has 14 projects; candidates considered and not counted: 'เมล็ดพันธุ์สู่ศาสตร์แห่งแผ่นดิน' (309 seats; children of persons in occupations specified by each programme - occupation-linked, not defined by disadvantage in the text read; if the occupations are e.g. farmers this is borderline and should be checked in the KU announcement), '30-province quota' (793 seats; territorial, D071), southern-border-provinces project (17 seats; territorial, D071), veterinary 'return-home' quota (schools outside Bangkok and 4 neighbouring provinces; regional/service, not explicit rural). Merged no (disability-only track coded out under D072) consistent. Round 3 sums reproduced exactly from CUPT TCAS66_maxmin.xlsx (applicants = sum of สมัคร, admitted = sum of ผ่าน, 310 rows). Rate comparability: same file, year and round, but applicants are applications (a candidate may list up to 10 ranked choices) while ผ่าน counts candidates allocated (each at most once), so admission_rate = persons/applications understates the per-person rate; and Round 3 is only part of intake (Rounds 1, 2, 4 excluded). Labelled mixed_bases (applications vs persons, Round 3 only)."
THA-MU,K13,unknown,,,,not found by me,no,unresolved,na,applicants;admitted,agree,mixed_bases,"Not a disagreement with the code but an open classification: the collector's flagged Ratchasuda College track (B.Ed. Education of the Deaf, 15 places) open to students of Nakhon Pathom area schools OR 51 listed welfare schools (โรงเรียนศึกษาสงเคราะห์/ราชประชานุเคราะห์, state boarding schools for disadvantaged children). Welfare-school status is a disadvantage proxy comparable to a public-school basis, but it is pooled with an area quota in one place count. I did not open the Mahidol criteria PDFs (Google Drive) myself.",unresolved,"My blind search (WebFetch of TCASter MU Round 2 list) was inconclusive, so I cannot independently confirm 'no'. Merged 'no' is defensible if the pooled welfare/area track is not counted; if counted: equity_formal yes, basis income_or_socioeconomic, some_programmes, 15 places. Investigator/coordinator decision needed. Note that Mahidol medicine allocated via กสพท is under a separate CUPT 'institution', so the Round 3 sums exclude it. Round 3 sums reproduced exactly from CUPT TCAS66_maxmin.xlsx (applicants = sum of สมัคร, admitted = sum of ผ่าน, 68 rows). Rate comparability: same file, year and round, but applicants are applications (a candidate may list up to 10 ranked choices) while ผ่าน counts candidates allocated (each at most once), so admission_rate = persons/applications understates the per-person rate; and Round 3 is only part of intake (Rounds 1, 2, 4 excluded). Labelled mixed_bases (applications vs persons, Round 3 only)."
THA-TU,K13,yes,income_or_socioeconomic,reserved_places;separate_track,some_programmes,not searched by me,yes,agree,agree,applicants;admitted;equity_reserved_places,agree,mixed_bases,,none_needed,"White Elephant 2566: 150 scholarship places (maximum), family income <= 300,000 baht/year (reopened, matches). The 9 southern-border places carry the same income ceiling per the collector (second PDF not reopened by me), so 159 is consistent with D071 (income-defined, not purely territorial). Round 3 sums reproduced exactly from CUPT TCAS66_maxmin.xlsx (applicants = sum of สมัคร, admitted = sum of ผ่าน, 156 rows). Rate comparability: same file, year and round, but applicants are applications (a candidate may list up to 10 ranked choices) while ผ่าน counts candidates allocated (each at most once), so admission_rate = persons/applications understates the per-person rate; and Round 3 is only part of intake (Rounds 1, 2, 4 excluded). Labelled mixed_bases (applications vs persons, Round 3 only)."
PHL-ADAMSON,K13,no,,,,no (none found),no,agree,na,none (all selectivity fields empty),na,na,,none_needed,Blind no rests on a negative search and on RA 10931 not imposing admission quotas on private HEIs; no institution page opened by me. Collector flag on regime (own_admission vs open_admission) left to coordinator: the current page sentence quoted by the collector is not 2023/24 evidence.
PHL-ATENEO,K13,no,,,,no (none found),no,agree,na,applicants;admitted;entrants,agree,ok,,none_needed,"Values 14743/7358/2195 confirmed visually on p.5 chart (Wayback copy of the Oct-2023 PDF). The year ambiguity is NOT resolvable from the document: the cover says higher-education coverage ends SY 2021-2022 and p.3 says undergraduate enrolment 'peaked at 10,012 ... in SY 2021-2022', yet the intake chart and text run to 'school year 2022-2023'. Keep nearest-year flag (entry 2022/23 as labelled; possibly applications made in SY 2022-23 for entry 2023/24). Rates: the three series are from the same chart and label, so admission and entry rates are internally comparable (ok), subject to the year flag; whether the series is freshman-only is not stated (scope flag stays). Fee waiver for public-school applicants is not an admission preference."
PHL-DLSU,K13,no,,,,no (none found),no,agree,na,applicants;entrants,agree,mixed_bases,,none_needed,"19,488 applicants and 7,397 first-year freshmen enrolled confirmed in the 3 Oct 2023 Wayback capture (block 'AY 2021-2022'); nearest year (two years early, pandemic cycle without DCAT) - flag stays. entry_rate is mixed_bases: 'undergraduate applicants' is undefined (may include transferees) while entrants are 'freshmen, 1st year, undergraduates'. Star Scholars is a scholarship (aid) - excluded."
PHL-UP,K13,yes,income_or_socioeconomic;region_or_rural;race_ethnicity,lower_cutoff,all_programmes,no (none found),yes,agree,agree,applicants;admitted;equity_reserved_share_pct;equity_reserved_places;equity_reserved_places_base (reasoned from collector quotes only; INB guideline PDF not reopened),agree,ok,"Basis/instrument incomplete: merged codes only the Iskolar ng Bayan (INB) public-school slots. UP's Excellence-Equity Admissions System, described for the UPCA 2023 cycle, fills the next 30% of the UP System quota after the top-70% excellence round with 'adjustments for economic equity (i.e., from low-income groups) as well as geographic equity (i.e., applicants outside NCR and those from cultural minority groups)'. That is an explicit rule (a defined band with adjustments for defined groups), not mere holistic consideration. Caveat: the source is a signed opinion column in the Inquirer (2 Sep 2022), not a UP regulation; the size of the adjustments is not stated.",correction_proposed,"Applicants 111,128 and qualifiers 17,527 (UPCA 2023, UP System) reopened on UP at a Glance - match. Same cycle, persons, same system scope: admission rate comparable (ok). INB 5% / 624 / 12,488 are AY 2022-23 values (flag kept; INB is top-ten public-school graduates, partly merit). Proposed basis additions: income_or_socioeconomic, region_or_rural ('outside NCR' is broad - closer to a territorial preference; 'remote and underserved areas' supports rural/remote; coordinator may keep only the economic and cultural-minority parts), race_ethnicity for cultural-minority groups (indigenous peoples; investigator may treat under D071 if indigenous status is considered a national-minority quota). Instrument addition: lower_cutoff (adjustments within the equity band)."
PHL-UST,K13,no,,,,no (none found),no,agree,na,none (all selectivity fields empty),na,na,,none_needed,"Collector correctly declined to enter the 43,000 USTET takers (covers junior high, senior high and college applicants) and the 41,554 total enrolment. Fee waivers are not admission preferences."
AUS-ANU,K13,yes,income_or_socioeconomic;region_or_rural;other,bonus_points,all_programmes,"yes (EAS P01A, up to 5 points)",yes,agree,agree,applicants;admitted;entrants,agree,mixed_bases,,none_needed,"ANU EAS schedule (Feb 2023 publication; nearest year for 2023 entry) confirms equity adjustments: financial hardship up to 6, rural/regional/remote school S01R, out-of-home care H04B = 6 (care leavers, 'other'), refugee 6, disability up to 5. This makes the merged basis (previously inferred from the UAC framework, low confidence) directly supported. Values 6971 / 5811 / 3088 reopened and match. Rates: mixed_bases. Applicants (unique domestic CSP applicants, semester 1 2023, assigned to the institution of highest preference) and offers (one per applicant, may come from a lower preference; offer rates can exceed 100% per the department) are not a numerator/denominator pair from the same population; entrants (Table 1.6) are full-year 2023 commencing domestic Bachelor students of all entry bases. Neither admission_rate nor entry_rate is a clean institutional rate."
AUS-MU,K13,yes,income_or_socioeconomic;region_or_rural;race_ethnicity;other,lower_cutoff;bonus_points,all_programmes,yes (SEAS category),yes,agree,agree,applicants;admitted;entrants,agree,mixed_bases,"Merged codes only the Monash Guarantee (lower_cutoff) and equity_disability_rule = no. The Monash 2023 entry-schemes brochure states SEAS 'adjusts your Monash selection rank' for categories including regional/remote school and 'disability or medical condition'. Proposed: add bonus_points, add region_or_rural, set equity_disability_rule yes.",correction_proposed,"Values 13703 / 10703 / 9924 reopened and match. Under-represented schools: coded public_school by the collector; the brochure does not define the list by sector, so income_or_socioeconomic/other may be more accurate (not proposed). Monash Indigenous Entry Scheme appears in the brochure (possible separate_track; not proposed, details not opened). Rates: mixed_bases. Applicants (unique domestic CSP applicants, semester 1 2023, assigned to the institution of highest preference) and offers (one per applicant, may come from a lower preference; offer rates can exceed 100% per the department) are not a numerator/denominator pair from the same population; entrants (Table 1.6) are full-year 2023 commencing domestic Bachelor students of all entry bases. Neither admission_rate nor entry_rate is a clean institutional rate."
AUS-TUM,K13,yes,income_or_socioeconomic;region_or_rural;race_ethnicity,lower_cutoff,all_programmes,yes (Access Melbourne category per secondary source),yes,agree,agree,applicants;admitted;entrants,agree,mixed_bases,,none_needed,"Guaranteed ATARs for 2023 (74 Arts/Design/Science, 80 Commerce, 88 Biomedicine; Indigenous lower) match the merged notes (my source is a secondary school-careers PDF; collector used a Wayback capture of the University page). Values 9596 / 6671 / 6759 reopened and match; note entrants (6759) exceed offers (6671), illustrating the mixed bases. Rates: mixed_bases. Applicants (unique domestic CSP applicants, semester 1 2023, assigned to the institution of highest preference) and offers (one per applicant, may come from a lower preference; offer rates can exceed 100% per the department) are not a numerator/denominator pair from the same population; entrants (Table 1.6) are full-year 2023 commencing domestic Bachelor students of all entry bases. Neither admission_rate nor entry_rate is a clean institutional rate."
AUS-TUNSW,K13,yes,income_or_socioeconomic;other,lower_cutoff,all_programmes,not checked by me,yes,agree,agree,applicants;admitted;entrants,agree,mixed_bases,,none_needed,"Gateway Admission Pathway confirmed (Dec 2022 capture): Gateway school or low-SES SEIFA area -> significantly lower ATAR. I did not reopen the ACCESS/EAS page; merged bonus_points and disability rule rest on the collector's Aug 2022 capture. Gateway schools are defined by socio-educational disadvantage, not sector: public_school in merged basis is approximate (collector already flagged). Values 10670 / 8234 / 8647 reopened and match (entrants > offers). Rates: mixed_bases. Applicants (unique domestic CSP applicants, semester 1 2023, assigned to the institution of highest preference) and offers (one per applicant, may come from a lower preference; offer rates can exceed 100% per the department) are not a numerator/denominator pair from the same population; entrants (Table 1.6) are full-year 2023 commencing domestic Bachelor students of all entry bases. Neither admission_rate nor entry_rate is a clean institutional rate."
AUS-TUS,K13,yes,income_or_socioeconomic;region_or_rural,lower_cutoff,all_programmes,not found by me (E12 2023 categories exclude disability),yes,agree,agree,applicants;admitted;entrants,agree,mixed_bases,,none_needed,"E12 2023 eligibility confirmed (financial hardship, low-SES area, rural/regional school). MySydney (2023, low-SES area) not reopened by me. Sydney's general UAC EAS adjustments (which may include disability) not checked, so equity_disability_rule = no is unverified rather than wrong. Values 11761 / 7388 / 7345 reopened and match. Rates: mixed_bases. Applicants (unique domestic CSP applicants, semester 1 2023, assigned to the institution of highest preference) and offers (one per applicant, may come from a lower preference; offer rates can exceed 100% per the department) are not a numerator/denominator pair from the same population; entrants (Table 1.6) are full-year 2023 commencing domestic Bachelor students of all entry bases. Neither admission_rate nor entry_rate is a clean institutional rate."
NZL-MU,K14,yes,race_ethnicity,separate_track,some_programmes,no (none found),yes,agree,agree,none (no selectivity values in merged row),na,na,,none_needed,"Blind: Massey describes VetMAP (BVSc) as 'a targeted entry and support pathway' introduced in 2020 and open only to domestic Maori or Indigenous Pacific applicants, who apply through it instead of the General pathway; in force for 2023 selection (introduced 2020; collector's Feb 2023 capture of the BVSc page shows the A2 VetMAP group). Neither my sources nor the collector's state reserved places or a lower GPA bar, so the code rests on the pathway being an ethnicity-restricted separate selection track; borderline with 'holistic consideration'. BVSc selection is after a pre-selection semester, not first-year entry. No national NZ statute on equity admission found; University Entrance is the national minimum. Nursing/teaching not searched."
NZL-TUA,K14,yes,race_ethnicity;income_or_socioeconomic;other(refugee),reserved_places;lower_cutoff,all_programmes,yes,yes,agree,agree,none (no selectivity values in merged row),na,na,,none_needed,"UTAS Policy (approved June 2016, review date June 2021, so in force for 2023 entry) reserves places below the guaranteed entry score for Maori, Pacific, disabled, low-SES (decile 1-3 school) and refugee-background applicants and applies to each limited-entry undergraduate programme. I read the live policy page (curl blocked with HTTP 406; WebFetch summary only, so my quotes are paraphrase-level, the collector holds verbatim Feb 2023 captures). Scope all_programmes accepted on the policy wording; I did not independently confirm that every 2023 bachelor programme had a guaranteed entry score. Disability rule flagged yes, correct."
NZL-UC,K14,"no (searched, not found)",,,,no (none found),yes,agree,agree,none (no selectivity values in merged row),na,na,"Blind search (web search only, no calendar opened) found no UC equity admission rule; merged row codes yes from the 2023 Calendar Law schedule.",none_needed,"After step 2 I downloaded the UC Calendar 2023 PDF cited by the collector and confirmed the Schedule to the Enrolment Regulations, Law: LAWS202-206 'Up to 10 of Maori descent per course' and 'Up to 5 of Pasifika descent per course' (course limits 265/320/280/320/320). My blind 'no' reflected an insufficient search, not contrary evidence; I accept the merged yes/some_programmes. The places are 'up to' ceilings inside second-year course limits; reserved_places is a fair instrument code. Second-year course entry, not first-year entry."
NZL-UO,K14,yes,race_ethnicity;income_or_socioeconomic;region_or_rural;other(refugee),separate_track (sub-category entry),some_programmes,"no for 2023 entry (disability added in Te Kauae Paraoa, applied from 2024 entry)",yes,agree,agree,entrants=3982; equity_filled_entrants=87; equity_filled_entrants_base=256,agree,na,Rural sub-category excluded from the merged basis and filled count; under D072 rural-origin rules count as formal equity (region_or_rural).,correction_proposed,"Entrants 3,982 confirmed on Otago Quick statistics (2023 column, 'First year'); scope is all levels and domiciles, an upper bound for first-degree entrants, as the collector said. OIA response 29 Mar 2023 reopened: HSFY Indigenous Pacific 11, Maori 32, Refugee 7, Rural 23, Socio-economic Equity 9, HSFY Total 195; Graduate 5, 12, 6, 12, 5, Total 61 -> 87/256 without rural (confirmed) and 122/256 with rural. Note the listed HSFY cells sum to 190 (with General 108) against a stated total of 195, and Graduate to 60 against 61; the OIA does not explain the gap. The NZMJ article (2024) describes the policy as admitting Maori, Indigenous Pacific, rural, refugee and lower-SES-school applicants through subcategories. Correction proposed: add region_or_rural and use filled 122 (MB ChB 2023 intake only). Collector's workforce-objective argument is noted, but the sub-category is defined by rural background, which D072 counts."
NZL-VUW,K14,no (not found in blind search; only access diplomas found),,,"(access_programme_only candidates: Tohu Maoritanga, DipUS Pasifika Pathways; eligibility unverified)",no (none found),yes,agree,agree,equity_reserved_share_pct=15,agree,na,Blind search did not reach the limited-entry pages; merged yes rests on Law 200-level reservations and Architecture/Design GPA +1.,none_needed,"After step 2 I reopened the VUW Law limited-entry page (live): 'Ten percent of available places at 200-level Law are reserved for Maori students applying under the Maori Admissions Process' and 'Five percent ... reserved for Pasifika students applying under the Targeted Admissions for Pasifika Achievement'. Collector cites Feb 2023 captures with the same text. 15% = 10 + 5 applies to 200-level Law only, not institution places; keep with note. Second-year entry."
KAZ-ABAI,K14,yes,region_or_rural;other(orphans/care leavers; large and single-parent families),reserved_places (quotas within state grants),all_programmes (grant places only; rural quota some programmes),yes,yes,agree,agree,none (no selectivity values in merged row),na,na,"Basis omits region_or_rural (rural-youth quota, D072); reserved share 9 includes disability categories stated separately.",correction_proposed,"National rule (blind): Law on Education art. 26(8) lists admission quota categories; Government Decree 264 as amended 26 July 2023 (in force 1 Aug 2023, i.e. for the 2023 grant competition) sets shares of the state educational order: disability 1%, veterans 0.5%, rural youth on rural-development programmes 35%, non-citizen ethnic Kazakhs 4%, orphans/care leavers 1%, relocating rural youth 5%, families with 4+ minor children 5%, single-parent families 1%, families raising disabled children 1%. The quotas reserve state-grant (free) places in the national grant competition, not fee-paying places; the institutions apply them, they do not set them. Merged equity yes and scope all_programmes agree. Two problems with the merged row: (a) the 35% rural-youth quota is a rural-origin rule, which D072 counts as formal equity (region_or_rural), but the merged basis is only 'other'; (b) the 9% share includes 2 points of disability-defined categories (applicant disability 1% + families raising disabled children 1%), which the decree states separately, so per D072/K14 instructions the share should be 7 with share_includes_disability = no. If the family-of-disabled-child category is read as family hardship rather than disability, the share would be 8; I propose 7, matching the collector's own basis split (disability 1+1). The rural 35% is programme-limited and stays out of the summed share. Non-citizen ethnic Kazakhs (D071), veterans and relocating rural youth (a regional resettlement programme) excluded, as in the merged row."
KAZ-ENU,K14,yes,region_or_rural;other(orphans/care leavers; large and single-parent families),reserved_places (quotas within state grants),all_programmes (grant places only; rural quota some programmes),yes,yes,agree,agree,none (no selectivity values in merged row),na,na,"Basis omits region_or_rural (rural-youth quota, D072); reserved share 9 includes disability categories stated separately.",correction_proposed,"National rule (blind): Law on Education art. 26(8) lists admission quota categories; Government Decree 264 as amended 26 July 2023 (in force 1 Aug 2023, i.e. for the 2023 grant competition) sets shares of the state educational order: disability 1%, veterans 0.5%, rural youth on rural-development programmes 35%, non-citizen ethnic Kazakhs 4%, orphans/care leavers 1%, relocating rural youth 5%, families with 4+ minor children 5%, single-parent families 1%, families raising disabled children 1%. The quotas reserve state-grant (free) places in the national grant competition, not fee-paying places; the institutions apply them, they do not set them. Merged equity yes and scope all_programmes agree. Two problems with the merged row: (a) the 35% rural-youth quota is a rural-origin rule, which D072 counts as formal equity (region_or_rural), but the merged basis is only 'other'; (b) the 9% share includes 2 points of disability-defined categories (applicant disability 1% + families raising disabled children 1%), which the decree states separately, so per D072/K14 instructions the share should be 7 with share_includes_disability = no. If the family-of-disabled-child category is read as family hardship rather than disability, the share would be 8; I propose 7, matching the collector's own basis split (disability 1+1). The rural 35% is programme-limited and stays out of the summed share. Non-citizen ethnic Kazakhs (D071), veterans and relocating rural youth (a regional resettlement programme) excluded, as in the merged row."
KAZ-KAZNARU,K14,yes,region_or_rural;other(orphans/care leavers; large and single-parent families),reserved_places (quotas within state grants),all_programmes (grant places only; rural quota some programmes),yes,yes,agree,agree,none (no selectivity values in merged row),na,na,"Basis omits region_or_rural (rural-youth quota, D072); reserved share 9 includes disability categories stated separately.",correction_proposed,"National rule (blind): Law on Education art. 26(8) lists admission quota categories; Government Decree 264 as amended 26 July 2023 (in force 1 Aug 2023, i.e. for the 2023 grant competition) sets shares of the state educational order: disability 1%, veterans 0.5%, rural youth on rural-development programmes 35%, non-citizen ethnic Kazakhs 4%, orphans/care leavers 1%, relocating rural youth 5%, families with 4+ minor children 5%, single-parent families 1%, families raising disabled children 1%. The quotas reserve state-grant (free) places in the national grant competition, not fee-paying places; the institutions apply them, they do not set them. Merged equity yes and scope all_programmes agree. Two problems with the merged row: (a) the 35% rural-youth quota is a rural-origin rule, which D072 counts as formal equity (region_or_rural), but the merged basis is only 'other'; (b) the 9% share includes 2 points of disability-defined categories (applicant disability 1% + families raising disabled children 1%), which the decree states separately, so per D072/K14 instructions the share should be 7 with share_includes_disability = no. If the family-of-disabled-child category is read as family hardship rather than disability, the share would be 8; I propose 7, matching the collector's own basis split (disability 1+1). The rural 35% is programme-limited and stays out of the summed share. Non-citizen ethnic Kazakhs (D071), veterans and relocating rural youth (a regional resettlement programme) excluded, as in the merged row. For KazNARU (agrarian) the rural 35% quota plausibly covers most programmes; list of qualifying programmes for 2023 not read (unresolved)."
KAZ-KAZNU,K14,yes,region_or_rural;other(orphans/care leavers; large and single-parent families),reserved_places (quotas within state grants),all_programmes (grant places only; rural quota some programmes),yes,yes,agree,agree,equity_filled_entrants=99; equity_filled_entrants_base=4090,agree,na,"Basis omits region_or_rural (rural-youth quota, D072); reserved share 9 includes disability categories stated separately.",correction_proposed,"National rule (blind): Law on Education art. 26(8) lists admission quota categories; Government Decree 264 as amended 26 July 2023 (in force 1 Aug 2023, i.e. for the 2023 grant competition) sets shares of the state educational order: disability 1%, veterans 0.5%, rural youth on rural-development programmes 35%, non-citizen ethnic Kazakhs 4%, orphans/care leavers 1%, relocating rural youth 5%, families with 4+ minor children 5%, single-parent families 1%, families raising disabled children 1%. The quotas reserve state-grant (free) places in the national grant competition, not fee-paying places; the institutions apply them, they do not set them. Merged equity yes and scope all_programmes agree. Two problems with the merged row: (a) the 35% rural-youth quota is a rural-origin rule, which D072 counts as formal equity (region_or_rural), but the merged basis is only 'other'; (b) the 9% share includes 2 points of disability-defined categories (applicant disability 1% + families raising disabled children 1%), which the decree states separately, so per D072/K14 instructions the share should be 7 with share_includes_disability = no. If the family-of-disabled-child category is read as family hardship rather than disability, the share would be 8; I propose 7, matching the collector's own basis split (disability 1+1). The rural 35% is programme-limited and stays out of the summed share. Non-citizen ethnic Kazakhs (D071), veterans and relocating rural youth (a regional resettlement programme) excluded, as in the merged row. KazNU news of 7 Aug 2023 reopened: 4090 grant winners, 'в том числе 99 человек получили государственный образовательный грант в рамках льготных программ по категориям, предусмотренным правительством РК'; kandas 51 reported separately. 99 and 4090 are confirmed; 99 is an upper bound (may include veterans, relocating rural youth and disability quotas) and both counts are grant winners, not enrolled entrants. No applicants: rate comparability na."
KAZ-SATBAYEV,K14,yes,region_or_rural;other(orphans/care leavers; large and single-parent families),reserved_places (quotas within state grants),all_programmes (grant places only; rural quota some programmes),yes,yes,agree,agree,none (no selectivity values in merged row),na,na,"Basis omits region_or_rural (rural-youth quota, D072); reserved share 9 includes disability categories stated separately.",correction_proposed,"National rule (blind): Law on Education art. 26(8) lists admission quota categories; Government Decree 264 as amended 26 July 2023 (in force 1 Aug 2023, i.e. for the 2023 grant competition) sets shares of the state educational order: disability 1%, veterans 0.5%, rural youth on rural-development programmes 35%, non-citizen ethnic Kazakhs 4%, orphans/care leavers 1%, relocating rural youth 5%, families with 4+ minor children 5%, single-parent families 1%, families raising disabled children 1%. The quotas reserve state-grant (free) places in the national grant competition, not fee-paying places; the institutions apply them, they do not set them. Merged equity yes and scope all_programmes agree. Two problems with the merged row: (a) the 35% rural-youth quota is a rural-origin rule, which D072 counts as formal equity (region_or_rural), but the merged basis is only 'other'; (b) the 9% share includes 2 points of disability-defined categories (applicant disability 1% + families raising disabled children 1%), which the decree states separately, so per D072/K14 instructions the share should be 7 with share_includes_disability = no. If the family-of-disabled-child category is read as family hardship rather than disability, the share would be 8; I propose 7, matching the collector's own basis split (disability 1+1). The rural 35% is programme-limited and stays out of the summed share. Non-citizen ethnic Kazakhs (D071), veterans and relocating rural youth (a regional resettlement programme) excluded, as in the merged row. Satbayev's 17 May 2023 guidance (reopened) says grants are first allocated by the rural quota ('сельской квоте, которая составляет 30% грантов'), so the rural quota does apply to Satbayev's programmes; the 30% vs 35% conflict with the decree stays as recorded by the collector (the decree is the governing text)."
UZB-NUUZ,K14,yes,other(orphans/care leavers);income_or_socioeconomic(needy-women track),reserved_places;separate_track;lower_cutoff (women track 30% minimum),all_programmes,yes,yes,agree,agree,applicants=36782; equity_reserved_places=123 (orphans daytime 41 + disability daytime 82); equity_reserved_share_pct=3,agree,na,"Reserved share and places include the disability quota, which is stated separately.",correction_proposed,"Blind (national rules, 2023/24): (1) orphans/care leavers: additional up-to-1% state-grant quota (PQ-5216 of 09.08.2021 para. 11; State Commission 4 Jul 2023 table titled 'qo'shimcha bir foizli' quota) - care leavers count as equity; (2) needy-women track: additional grants (CM 402 nizom, 'qo'shimcha to'rt foizli'; F-31 2023: 2,000 grants) for women from needy families with a Family and Women Committee recommendation, minimum 30% of maximum score - eligibility is household need, so I coded it income_or_socioeconomic despite being women-only (D071 excludes pure gender quotas; coordinator may want to confirm); (3) disability 2% additional quota (CM 417 as edited by PQ-279) -> disability flag only; (4) women 2,000 grants and the Karakalpakstan/regional targeted quotas, military, sports: excluded. Merged equity yes, scope all_programmes, basis other;income_or_socioeconomic agree with my blind coding. Problem: equity_reserved_share_pct 3 = disability 2 + orphans 1 and equity_reserved_places = daytime disability + orphan places, although the sources state the disability component separately (separate decree, separate State Commission table). Per D072/K14 instructions: share 1, reserved places = orphan daytime places only, share_includes_disability no. I re-read the State Commission orphan-quota table (t.me/eduuz/14829, row 3 (image 1)): daytime (kunduzgi) 41, confirming the collector's figure. Applicants 36,782 confirmed (BaholashUz post 6012, first-choice registrants, all study forms). No admitted/entrants -> rates na. Disability daytime 82 also confirmed in the 14826 table."
UZB-SAMSU,K14,yes,other(orphans/care leavers);income_or_socioeconomic(needy-women track),reserved_places;separate_track;lower_cutoff (women track 30% minimum),all_programmes,yes,yes,agree,agree,equity_reserved_places=53 (orphans daytime 18 + disability daytime 35); equity_reserved_share_pct=3,agree,na,"Reserved share and places include the disability quota, which is stated separately.",correction_proposed,"Blind (national rules, 2023/24): (1) orphans/care leavers: additional up-to-1% state-grant quota (PQ-5216 of 09.08.2021 para. 11; State Commission 4 Jul 2023 table titled 'qo'shimcha bir foizli' quota) - care leavers count as equity; (2) needy-women track: additional grants (CM 402 nizom, 'qo'shimcha to'rt foizli'; F-31 2023: 2,000 grants) for women from needy families with a Family and Women Committee recommendation, minimum 30% of maximum score - eligibility is household need, so I coded it income_or_socioeconomic despite being women-only (D071 excludes pure gender quotas; coordinator may want to confirm); (3) disability 2% additional quota (CM 417 as edited by PQ-279) -> disability flag only; (4) women 2,000 grants and the Karakalpakstan/regional targeted quotas, military, sports: excluded. Merged equity yes, scope all_programmes, basis other;income_or_socioeconomic agree with my blind coding. Problem: equity_reserved_share_pct 3 = disability 2 + orphans 1 and equity_reserved_places = daytime disability + orphan places, although the sources state the disability component separately (separate decree, separate State Commission table). Per D072/K14 instructions: share 1, reserved places = orphan daytime places only, share_includes_disability no. I re-read the State Commission orphan-quota table (t.me/eduuz/14829, row 39 (image 1)): daytime (kunduzgi) 18, confirming the collector's figure. Disability daytime 35 confirmed in the 14826 table."
UZB-TIIAME,K14,yes,other(orphans/care leavers);income_or_socioeconomic(needy-women track),reserved_places;separate_track;lower_cutoff (women track 30% minimum),all_programmes,yes,yes,agree,agree,equity_reserved_places=59 (orphans daytime 20 + disability daytime 39); equity_reserved_share_pct=3,agree,na,"Reserved share and places include the disability quota, which is stated separately.",correction_proposed,"Blind (national rules, 2023/24): (1) orphans/care leavers: additional up-to-1% state-grant quota (PQ-5216 of 09.08.2021 para. 11; State Commission 4 Jul 2023 table titled 'qo'shimcha bir foizli' quota) - care leavers count as equity; (2) needy-women track: additional grants (CM 402 nizom, 'qo'shimcha to'rt foizli'; F-31 2023: 2,000 grants) for women from needy families with a Family and Women Committee recommendation, minimum 30% of maximum score - eligibility is household need, so I coded it income_or_socioeconomic despite being women-only (D071 excludes pure gender quotas; coordinator may want to confirm); (3) disability 2% additional quota (CM 417 as edited by PQ-279) -> disability flag only; (4) women 2,000 grants and the Karakalpakstan/regional targeted quotas, military, sports: excluded. Merged equity yes, scope all_programmes, basis other;income_or_socioeconomic agree with my blind coding. Problem: equity_reserved_share_pct 3 = disability 2 + orphans 1 and equity_reserved_places = daytime disability + orphan places, although the sources state the disability component separately (separate decree, separate State Commission table). Per D072/K14 instructions: share 1, reserved places = orphan daytime places only, share_includes_disability no. I re-read the State Commission orphan-quota table (t.me/eduuz/14829, row 57 (image 2)): daytime (kunduzgi) 20, confirming the collector's figure."
UZB-TSTRU,K14,yes,other(orphans/care leavers);income_or_socioeconomic(needy-women track),reserved_places;separate_track;lower_cutoff (women track 30% minimum),all_programmes,yes,yes,agree,agree,applicants=30421; equity_reserved_places=66 (orphans daytime 22 + disability daytime 44); equity_reserved_share_pct=3,agree,na,"Reserved share and places include the disability quota, which is stated separately.",correction_proposed,"Blind (national rules, 2023/24): (1) orphans/care leavers: additional up-to-1% state-grant quota (PQ-5216 of 09.08.2021 para. 11; State Commission 4 Jul 2023 table titled 'qo'shimcha bir foizli' quota) - care leavers count as equity; (2) needy-women track: additional grants (CM 402 nizom, 'qo'shimcha to'rt foizli'; F-31 2023: 2,000 grants) for women from needy families with a Family and Women Committee recommendation, minimum 30% of maximum score - eligibility is household need, so I coded it income_or_socioeconomic despite being women-only (D071 excludes pure gender quotas; coordinator may want to confirm); (3) disability 2% additional quota (CM 417 as edited by PQ-279) -> disability flag only; (4) women 2,000 grants and the Karakalpakstan/regional targeted quotas, military, sports: excluded. Merged equity yes, scope all_programmes, basis other;income_or_socioeconomic agree with my blind coding. Problem: equity_reserved_share_pct 3 = disability 2 + orphans 1 and equity_reserved_places = daytime disability + orphan places, although the sources state the disability component separately (separate decree, separate State Commission table). Per D072/K14 instructions: share 1, reserved places = orphan daytime places only, share_includes_disability no. I re-read the State Commission orphan-quota table (t.me/eduuz/14829, row 103 (image 3)): daytime (kunduzgi) 22, confirming the collector's figure. Applicants 30,421 confirmed (BaholashUz post 6012). No admitted/entrants -> rates na."
UZB-TSTU,K14,yes,other(orphans/care leavers);income_or_socioeconomic(needy-women track),reserved_places;separate_track;lower_cutoff (women track 30% minimum),all_programmes,yes,yes,agree,agree,equity_reserved_places=110 (orphans daytime 37 + disability daytime 73); equity_reserved_share_pct=3,agree,na,"Reserved share and places include the disability quota, which is stated separately.",correction_proposed,"Blind (national rules, 2023/24): (1) orphans/care leavers: additional up-to-1% state-grant quota (PQ-5216 of 09.08.2021 para. 11; State Commission 4 Jul 2023 table titled 'qo'shimcha bir foizli' quota) - care leavers count as equity; (2) needy-women track: additional grants (CM 402 nizom, 'qo'shimcha to'rt foizli'; F-31 2023: 2,000 grants) for women from needy families with a Family and Women Committee recommendation, minimum 30% of maximum score - eligibility is household need, so I coded it income_or_socioeconomic despite being women-only (D071 excludes pure gender quotas; coordinator may want to confirm); (3) disability 2% additional quota (CM 417 as edited by PQ-279) -> disability flag only; (4) women 2,000 grants and the Karakalpakstan/regional targeted quotas, military, sports: excluded. Merged equity yes, scope all_programmes, basis other;income_or_socioeconomic agree with my blind coding. Problem: equity_reserved_share_pct 3 = disability 2 + orphans 1 and equity_reserved_places = daytime disability + orphan places, although the sources state the disability component separately (separate decree, separate State Commission table). Per D072/K14 instructions: share 1, reserved places = orphan daytime places only, share_includes_disability no. I re-read the State Commission orphan-quota table (t.me/eduuz/14829, row 5 (image 1)): daytime (kunduzgi) 37, confirming the collector's figure. Disability daytime 73 confirmed in the 14826 table."
AZE-ASOIU,K14,no,,,,no (exam accommodation only),no,agree,na,entrants=3354; places=3605,agree,na,,none_needed,"Blind: the Cabinet of Ministers Admission Rules (consolidated text, direktor.az copy dated 2026; applicability of the exact edition to 2023 not confirmed) make admission a competition on exam score with exceptions only for Law on Education art. 26.5/26.5-3 (olympiad winners, international curricula); a full-text search found no quota, bonus, lower cut-off or separate track for any disadvantaged group (no hits for kvota, güzəşt, şəhid, himayə, kənd); para 3.11 is an exam accommodation for disabled candidates, not an admission rule. Tuition payment for martyrs' families, IDPs, orphans and disabled students is financial aid, outside this variable. Merged equity_formal no and disability_rule no agree. Residual gap shared with the collector: the 'Special education' law was not opened and the 2023 edition of the Rules was not seen directly. DIM Abituriyent No 12 (2023) reopened with PyMuPDF: Table 1.7 row 2 total 3605 and Table 1.68 row 2 'Qəbul olunub' 3354 confirmed; national 49,612 after additional placement and registration (p.42) confirmed. Entrants include subbakalavr (vocational-diploma) entrants and are post-registration counts, as the collector noted. No institution-level applicants -> rates na; entrants/places is a fill rate, not an admission rate."
AZE-AZTU,K14,no,,,,no (exam accommodation only),no,agree,na,entrants=2258; places=2585,agree,na,,none_needed,"Blind: the Cabinet of Ministers Admission Rules (consolidated text, direktor.az copy dated 2026; applicability of the exact edition to 2023 not confirmed) make admission a competition on exam score with exceptions only for Law on Education art. 26.5/26.5-3 (olympiad winners, international curricula); a full-text search found no quota, bonus, lower cut-off or separate track for any disadvantaged group (no hits for kvota, güzəşt, şəhid, himayə, kənd); para 3.11 is an exam accommodation for disabled candidates, not an admission rule. Tuition payment for martyrs' families, IDPs, orphans and disabled students is financial aid, outside this variable. Merged equity_formal no and disability_rule no agree. Residual gap shared with the collector: the 'Special education' law was not opened and the 2023 edition of the Rules was not seen directly. DIM Abituriyent No 12 (2023) reopened with PyMuPDF: Table 1.7 row 3 total 2585 and Table 1.68 row 3 'Qəbul olunub' 2258 confirmed; national 49,612 after additional placement and registration (p.42) confirmed. Entrants include subbakalavr (vocational-diploma) entrants and are post-registration counts, as the collector noted. No institution-level applicants -> rates na; entrants/places is a fill rate, not an admission rate."
AZE-AZUAC,K14,no,,,,no (exam accommodation only),no,agree,na,entrants=2287; places=2580,agree,na,,none_needed,"Blind: the Cabinet of Ministers Admission Rules (consolidated text, direktor.az copy dated 2026; applicability of the exact edition to 2023 not confirmed) make admission a competition on exam score with exceptions only for Law on Education art. 26.5/26.5-3 (olympiad winners, international curricula); a full-text search found no quota, bonus, lower cut-off or separate track for any disadvantaged group (no hits for kvota, güzəşt, şəhid, himayə, kənd); para 3.11 is an exam accommodation for disabled candidates, not an admission rule. Tuition payment for martyrs' families, IDPs, orphans and disabled students is financial aid, outside this variable. Merged equity_formal no and disability_rule no agree. Residual gap shared with the collector: the 'Special education' law was not opened and the 2023 edition of the Rules was not seen directly. DIM Abituriyent No 12 (2023) reopened with PyMuPDF: Table 1.7 row 4 total 2580 and Table 1.68 row 4 'Qəbul olunub' 2287 confirmed; national 49,612 after additional placement and registration (p.42) confirmed. Entrants include subbakalavr (vocational-diploma) entrants and are post-registration counts, as the collector noted. No institution-level applicants -> rates na; entrants/places is a fill rate, not an admission rate."
AZE-BEU,K14,no,,,,no (exam accommodation only),no,agree,na,entrants=947; places=1185,agree,na,,none_needed,"Blind: the Cabinet of Ministers Admission Rules (consolidated text, direktor.az copy dated 2026; applicability of the exact edition to 2023 not confirmed) make admission a competition on exam score with exceptions only for Law on Education art. 26.5/26.5-3 (olympiad winners, international curricula); a full-text search found no quota, bonus, lower cut-off or separate track for any disadvantaged group (no hits for kvota, güzəşt, şəhid, himayə, kənd); para 3.11 is an exam accommodation for disabled candidates, not an admission rule. Tuition payment for martyrs' families, IDPs, orphans and disabled students is financial aid, outside this variable. Merged equity_formal no and disability_rule no agree. Residual gap shared with the collector: the 'Special education' law was not opened and the 2023 edition of the Rules was not seen directly. DIM Abituriyent No 12 (2023) reopened with PyMuPDF: Table 1.7 row 10 total 1185 and Table 1.68 row 10 'Qəbul olunub' 947 confirmed; national 49,612 after additional placement and registration (p.42) confirmed. Entrants include subbakalavr (vocational-diploma) entrants and are post-registration counts, as the collector noted. No institution-level applicants -> rates na; entrants/places is a fill rate, not an admission rate."
AZE-BSU,K14,no,,,,no (exam accommodation only),no,agree,na,entrants=5959; places=6241,agree,na,,none_needed,"Blind: the Cabinet of Ministers Admission Rules (consolidated text, direktor.az copy dated 2026; applicability of the exact edition to 2023 not confirmed) make admission a competition on exam score with exceptions only for Law on Education art. 26.5/26.5-3 (olympiad winners, international curricula); a full-text search found no quota, bonus, lower cut-off or separate track for any disadvantaged group (no hits for kvota, güzəşt, şəhid, himayə, kənd); para 3.11 is an exam accommodation for disabled candidates, not an admission rule. Tuition payment for martyrs' families, IDPs, orphans and disabled students is financial aid, outside this variable. Merged equity_formal no and disability_rule no agree. Residual gap shared with the collector: the 'Special education' law was not opened and the 2023 edition of the Rules was not seen directly. DIM Abituriyent No 12 (2023) reopened with PyMuPDF: Table 1.7 row 1 total 6241 and Table 1.68 row 1 'Qəbul olunub' 5959 confirmed; national 49,612 after additional placement and registration (p.42) confirmed. Entrants include subbakalavr (vocational-diploma) entrants and are post-registration counts, as the collector noted. No institution-level applicants -> rates na; entrants/places is a fill rate, not an admission rate."
AZE-UNEC,K14,no,,,,no (exam accommodation only),no,agree,na,entrants=4023; places=4185,agree,na,,none_needed,"Blind: the Cabinet of Ministers Admission Rules (consolidated text, direktor.az copy dated 2026; applicability of the exact edition to 2023 not confirmed) make admission a competition on exam score with exceptions only for Law on Education art. 26.5/26.5-3 (olympiad winners, international curricula); a full-text search found no quota, bonus, lower cut-off or separate track for any disadvantaged group (no hits for kvota, güzəşt, şəhid, himayə, kənd); para 3.11 is an exam accommodation for disabled candidates, not an admission rule. Tuition payment for martyrs' families, IDPs, orphans and disabled students is financial aid, outside this variable. Merged equity_formal no and disability_rule no agree. Residual gap shared with the collector: the 'Special education' law was not opened and the 2023 edition of the Rules was not seen directly. DIM Abituriyent No 12 (2023) reopened with PyMuPDF: Table 1.7 row 7 total 4185 and Table 1.68 row 7 'Qəbul olunub' 4023 confirmed; national 49,612 after additional placement and registration (p.42) confirmed. Entrants include subbakalavr (vocational-diploma) entrants and are post-registration counts, as the collector noted. No institution-level applicants -> rates na; entrants/places is a fill rate, not an admission rate."
KGZ-AUCA,K14,unknown,,,,unknown,unknown,agree,na,none (no selectivity values in merged row),na,na,,none_needed,"Blind: AUCA is private and runs its own exam; I found no AUCA rule (the 4-search country budget was spent on the national rules). A 2022 private-university rule (MUK) restates the national out-of-competition fee-paying entry for orphans and the disabled, which suggests the national para 72 nominally covers private HEIs, but AUCA's application of it is not documented. Merged unknown agrees."
KGZ-KNU,K14,yes,other(orphans/care leavers);region_or_rural (unverified in blind step),reserved_places;lower_cutoff,all_programmes,yes,yes,agree,agree,none (no selectivity values in merged row),na,na,,none_needed,"National rule, reopened after step 2 (kgma.kg consolidated copy of CM Resolution 355 of 30.06.2022, amendments through No 106 of 28.02.2023): para 45 separate grant competitions by applicant category, per the Instruction on categories (Bishkek / regional centres and small towns / rural schools / high-mountain-zone schools), with shares proportional to registered applicants (Nk/Nобщ); para 52 grant quota (disability, orphans, plus ethnic Kyrgyz, kayrylman, victims' children); para 72 out-of-competition fee-paying admission with a passing score for orphans and persons with disabilities. I agree that orphans/children without parental care (care leavers) make the rule formal equity, and that the location-category split, which ranks rural and high-mountain school graduates separately for grants, is a rural-origin separate track (region_or_rural, D072). 'separate_track' would describe the split better than 'reserved_places', because the shares follow applicant counts rather than a fixed reservation. This is a minor instrument note, not a correction. KNU's own 2023 rules (paras 7.3, 7.9) were not reopened by me; the national text covers the rule."
KGZ-KRSU,K14,yes,other(orphans/care leavers);region_or_rural (unverified in blind step),reserved_places;lower_cutoff,all_programmes,yes,yes,agree,agree,equity_reserved_places=37; equity_reserved_places_base=310,agree,na,"share_includes_disability is empty, although the 37 'особая квота' seats are one indivisible figure covering disability and orphan categories.",correction_proposed,"National rule, reopened after step 2 (kgma.kg consolidated copy of CM Resolution 355 of 30.06.2022, amendments through No 106 of 28.02.2023): para 45 separate grant competitions by applicant category, per the Instruction on categories (Bishkek / regional centres and small towns / rural schools / high-mountain-zone schools), with shares proportional to registered applicants (Nk/Nобщ); para 52 grant quota (disability, orphans, plus ethnic Kyrgyz, kayrylman, victims' children); para 72 out-of-competition fee-paying admission with a passing score for orphans and persons with disabilities. I agree that orphans/children without parental care (care leavers) make the rule formal equity, and that the location-category split, which ranks rural and high-mountain school graduates separately for grants, is a rural-origin separate track (region_or_rural, D072). 'separate_track' would describe the split better than 'reserved_places', because the shares follow applicant counts rather than a fixed reservation. This is a minor instrument note, not a correction. KRSU KCP2023 (Wayback id_ capture 20230721081722) reopened with PyMuPDF: 19 bachelor/specialist rows, places sum 310, 'особая квота' sum 37, 'специальная квота' 0, confirming the collector. The Russian особая квота (273-FZ art. 71) covers disabled applicants and orphans in one figure (I did not reopen the 2023 text of art. 71; whether combat veterans were still included in 2023 is unverified). Under the K14/D072 rule a single indivisible combined figure is kept and flagged: share_includes_disability should be 'yes'. The base 310 covers only the RF-budget track."
KGZ-KSTU,K14,yes,other(orphans/care leavers);region_or_rural (unverified in blind step),reserved_places;lower_cutoff,all_programmes,yes,yes,agree,agree,none (no selectivity values in merged row),na,na,,none_needed,"National rule, reopened after step 2 (kgma.kg consolidated copy of CM Resolution 355 of 30.06.2022, amendments through No 106 of 28.02.2023): para 45 separate grant competitions by applicant category, per the Instruction on categories (Bishkek / regional centres and small towns / rural schools / high-mountain-zone schools), with shares proportional to registered applicants (Nk/Nобщ); para 52 grant quota (disability, orphans, plus ethnic Kyrgyz, kayrylman, victims' children); para 72 out-of-competition fee-paying admission with a passing score for orphans and persons with disabilities. I agree that orphans/children without parental care (care leavers) make the rule formal equity, and that the location-category split, which ranks rural and high-mountain school graduates separately for grants, is a rural-origin separate track (region_or_rural, D072). 'separate_track' would describe the split better than 'reserved_places', because the shares follow applicant counts rather than a fixed reservation. This is a minor instrument note, not a correction. KSTU's own rules were not reopened."
KGZ-MANAS,K14,unknown (own-exam route; national rules plausibly cover ORT grant route),,,,unknown,yes,agree,unresolved,applicants=7321,agree,na,Blind step did not reach KTMU's rules; merged yes rests on KTMU rules para 4.6 for the ORT state-grant route only.,unresolved,"National rule, reopened after step 2 (kgma.kg consolidated copy of CM Resolution 355 of 30.06.2022, amendments through No 106 of 28.02.2023): para 45 separate grant competitions by applicant category, per the Instruction on categories (Bishkek / regional centres and small towns / rural schools / high-mountain-zone schools), with shares proportional to registered applicants (Nk/Nобщ); para 52 grant quota (disability, orphans, plus ethnic Kyrgyz, kayrylman, victims' children); para 72 out-of-competition fee-paying admission with a passing score for orphans and persons with disabilities. I agree that orphans/children without parental care (care leavers) make the rule formal equity, and that the location-category split, which ranks rural and high-mountain school graduates separately for grants, is a rural-origin separate track (region_or_rural, D072). 'separate_track' would describe the split better than 'reserved_places', because the shares follow applicant counts rather than a fixed reservation. This is a minor instrument note, not a correction. Manas news 4227 (9 Jul 2023) reopened: '7321'i aday olmak üzere yaklaşık 18 bin kişiyi ağırladı', and 'yaklaşık 1300' students to be placed. 7,321 confirmed as own-exam candidates. 1,300 is approximate, so no admitted value, and rates are na. Equity yes is accepted for the ORT grant route (KTMU rules para 4.6 per collector, quoted from the live page stating 2023-2024). Scope is unresolved: the rule covers one admission route of unknown size, not all programmes on the main (Manas ÖSYS) route, where no equity rule was found. The coordinator should decide whether a route-limited rule is all_programmes or some_programmes."
