institution_id,country_iso3,country_name,institution,qs2024_rank,control,control_basis,govt_dependent_flag,control_group,tuition_std,compulsory_fees_std,headline_charge,currency,averaging_rule,charge_min,charge_max,gdp_pc_2023_lcu,charge_ratio,charge_band,price_group,band_min,band_max,band_unstable,charge_band_alt,govt_fee_aid,govt_cash_aid,inst_fee_aid,inst_cash_aid,govt_fee_share_pct,govt_cash_share_pct,inst_fee_share_pct,inst_cash_share_pct,zero_pay_entrant_share_pct,year_observed,confidence,control_check,band_check,checker_run,enrolment,enrolment_measure,enrolment_year,enrolment_confidence,enrolment_url,enrolment_note,n_sources,notes
BRA-USP,BRA,Brazil,University of Sao Paulo,85,public,ownership,no,public,0,0,0,BRL,uniform,,,51829.62,0.0000,free,free,,,no,free,not_applicable,unknown,not_applicable,yes,,,,25,,2023,medium,agree,agree,V003,62874,first_degree_headcount,"2023 (Censo da Educação Superior 2023, calendar year)",high,https://download.inep.gov.br/microdados/microdados_censo_da_educacao_superior_2023.zip,"Derived sum of QT_MAT over all course rows with CO_IES=55 and TP_NIVEL_ACADEMICO=1 (graduação, i.e. first-degree undergraduate); bacharelado 49,817 + licenciatura 8,619 + área básica de ingresso 4,438; all on-site (presencial). QT_MAT counts enrolments with status 'Cursando' and/or 'Formado' in 2023 (so includes students who graduated during 2023); course-enrolment counts, a student in two courses would count twice.",9,"Tuition 0: USP states all graduação courses are free (undated page; 2023/24 corroboration from Unesp Guia 2024) and CF art. 206 IV. Fees 0 is a rule application (STF SV 12 bars a taxa de matrícula) plus no recurring fee found by collector or auditor (BRA-AS-0006: broad component stays missing); the Fuvest exam fee (R$191) is one-off and excluded. No need-based aid evidence was collected; tuition is zero, so aid coding is moot. | [R103] R103 (v1.3): 'aid coding is moot' is superseded. Institution aid is targeted (PAPFE cash, 25% of enrolled undergraduates in 2023). Government aid is unknown: PNAES is federal-only, and the start year of the state Provão Paulista bolsa is not established."
BRA-UNICAMP,BRA,Brazil,State University of Campinas,220,public,ownership,no,public,0,0,0,BRL,uniform,,,51829.62,0.0000,free,free,,,no,free,not_applicable,no,not_applicable,yes,,,,,,2023,high,agree,agree,V003,41211,first_degree_headcount,"2023 (Censo da Educação Superior 2023, calendar year)",high,https://download.inep.gov.br/microdados/microdados_censo_da_educacao_superior_2023.zip,"Derived sum of QT_MAT over all course rows with CO_IES=2 and TP_NIVEL_ACADEMICO=1 (graduação, i.e. first-degree undergraduate); bacharelado 30,802 + licenciatura 9,115 + área básica de ingresso 1,294; includes 1,320 distance (EaD) enrolments. QT_MAT counts enrolments with status 'Cursando' and/or 'Formado' in 2023 (so includes students who graduated during 2023); course-enrolment counts, a student in two courses would count twice.",8,Auditor BRA-AS-0007 re-opened the International Office page in a Wayback capture dated 2023-12-06: graduação is free and the student pays no 'taxas ou mensalidades' (a positive zero for 2023). Paid DAC taxas cover only extraordinary services; the Vestibular fee (R$192) is one-off and excluded. No need-based aid evidence was collected; moot at zero charge.
BRA-UFRJ,BRA,Brazil,Federal University of Rio de Janeiro,371,public,ownership,no,public,0,0,0,BRL,uniform,,,51829.62,0.0000,free,free,,,no,free,not_applicable,yes,not_applicable,unknown,,,,,,2023,medium,agree,agree,V003,48808,first_degree_headcount,"2023 (Censo da Educação Superior 2023, calendar year)",high,https://download.inep.gov.br/microdados/microdados_censo_da_educacao_superior_2023.zip,"Derived sum of QT_MAT over all course rows with CO_IES=586 and TP_NIVEL_ACADEMICO=1 (graduação, i.e. first-degree undergraduate); bacharelado 38,858 + licenciatura 9,582 + área básica de ingresso 368; includes 3,312 distance (EaD) enrolments. QT_MAT counts enrolments with status 'Cursando' and/or 'Formado' in 2023 (so includes students who graduated during 2023); course-enrolment counts, a student in two courses would count twice.",8,"Tuition 0 is a rule application (CF art. 206 IV + UFRJ's status as a federal public-law autarquia); no UFRJ page states on-campus graduação is free (packet M2). Fees 0 rests on STF SV 12 (matrícula only) and the silence of the 2023 and 2024 SiSU editais (BRA-AS-0008: broad component stays missing). The Enem fee (R$85, national exam) is one-off and excluded. No aid evidence collected; moot at zero charge."
BRA-UNESP,BRA,Brazil,Sao Paulo State University,419,public,ownership,no,public,0,0,0,BRL,uniform,,,51829.62,0.0000,free,free,,,no,free,not_applicable,no,not_applicable,yes,,,,,,2023,high,agree,agree,V003,35575,first_degree_headcount,"2023 (Censo da Educação Superior 2023, calendar year)",high,https://download.inep.gov.br/microdados/microdados_censo_da_educacao_superior_2023.zip,"Derived sum of QT_MAT over all course rows with CO_IES=56 and TP_NIVEL_ACADEMICO=1 (graduação, i.e. first-degree undergraduate); bacharelado 26,162 + licenciatura 8,040 + área básica de ingresso 1,373; includes 458 distance (EaD) enrolments; all campuses. QT_MAT counts enrolments with status 'Cursando' and/or 'Formado' in 2023 (so includes students who graduated during 2023); course-enrolment counts, a student in two courses would count twice.",7,Tuition 0 from Unesp's dated Guia de Profissões 2024 ('sem cobrança de mensalidades'). Fees 0: auditor BRA-AS-0009 cites Unesp Statute art. 110 ('O ensino ... é gratuito na Unesp') and STF SV 12 for 2023; the Franca campus FAQ ('não temos taxas de matrículas ou mensalidades') is 2024 corroboration. No aid evidence collected; moot at zero charge.
BRA-PUCRIO,BRA,Brazil,Pontifical Catholic University of Rio de Janeiro,595,private_nonprofit,legal_form,no,private_not_govt_dependent,53034,0,53034,BRL,midpoint_of_range,38028,68040,51829.62,1.0232,high,moderate_or_high,high,high,no,high,yes,unknown,yes,unknown,,,,,,2023,medium,agree,agree,V003,9571,first_degree_headcount,"2023 (Censo da Educação Superior 2023, calendar year)",high,https://download.inep.gov.br/microdados/microdados_censo_da_educacao_superior_2023.zip,"Derived sum of QT_MAT over all course rows with CO_IES=528 and TP_NIVEL_ACADEMICO=1 (graduação, i.e. first-degree undergraduate); bacharelado 9,166 + licenciatura 401 + tecnológico 4; all on-site. QT_MAT counts enrolments with status 'Cursando' and/or 'Formado' in 2023 (so includes students who graduated during 2023); course-enrolment counts, a student in two courses would count twice.",8,"Audit-corrected 2023 mensalidade range at the recommended first-enrolment load: R$3.169 (Nutrição) to R$5.670 (Econ./Ciclo Básico 26 cr) x 12 parcelas (2023 edital; annual=12x monthly in band table); the collector's 4.116 minimum is a stale hidden 2022 row (BRA-AS-0012: 2023 Serviço Social = 4.363). Excluding Nutrição the range is 4.151-5.670 (midpoint 58,926). No separate recurring fee found by collector or auditor (BRA-AS-0010); scholarships (Bolsas page) and federal schemes exist but were not documented."
IRL-TCD,IRL,Ireland,Trinity College Dublin,=81,public,ownership,no,public,0,2191.75,2191.75,EUR,uniform,,,98790.36,0.0222,low,low_to_low_moderate,,,no,free,yes,yes,unknown,unknown,,,,,,2023/24,medium,agree,agree,V001,13420,first_degree_headcount,2022/23 (nearest available; CSO/HEA table HEA03 ends at 2022/23),medium,https://ws.cso.ie/public/api.restful/PxStat.Data.Cube_API.ReadDataset/HEA03/CSV/1.0/en,"Undergraduate Honours Degree (13405) + Undergraduate General Degree (15) students at Trinity College Dublin, 2022/23. Excludes undergraduate diplomas, occasional/visiting students, certificates, access courses and postgraduates (All Programme Types: 19795). HEA values rounded to nearest 5. Full-time/part-time coverage not stated in the table (not verified). 2023/24 figure only available in HEA Shiny dashboard (not machine-readable here).",20,"Tuition 0 by the Free Fees rule; the student contribution is a compulsory fee, EUR 3,000 cut to EUR 2,000 for every Free-Fees student by the once-off 2023/24 measure (pre-reduction sensitivity +EUR 1,000); fees = 2,000 + SLC 191.75 (199.75 less the optional EUR 8 USI membership; split read by source auditor IRL-AS-0031 from TCD's 2023/24 SLC table, not a collector record). Control public (statutory, State-designated, CSO 'publicly controlled market producer') but left unresolved by the comparability review (no UOE governing-body test; Minister names 3 of 19); SUSI contribution grant (100% <EUR 50,840, 50% <EUR 62,000, EUR 500 <EUR 100,000) coded targeted, recipient share undocumented; institutional aid not searched."
IRL-UCD,IRL,Ireland,University College Dublin,=171,public,ownership,no,public,0,2254,2254,EUR,uniform,,,98790.36,0.0228,low,low_to_low_moderate,,,no,free,yes,yes,unknown,unknown,,,,,,2023/24,high,agree,agree,V001,18085,first_degree_headcount,2022/23 (nearest available; CSO/HEA table HEA03 ends at 2022/23),medium,https://ws.cso.ie/public/api.restful/PxStat.Data.Cube_API.ReadDataset/HEA03/CSV/1.0/en,"Undergraduate Honours Degree (18085) (Undergraduate General Degree cell empty) students at University College Dublin, 2022/23. Excludes undergraduate diplomas, occasional/visiting students, certificates, access courses and postgraduates (All Programme Types: 32130). HEA values rounded to nearest 5. Full-time/part-time coverage not stated in the table (not verified). 2023/24 figure only available in HEA Shiny dashboard (not machine-readable here).",18,"Tuition 0 by the Free Fees rule; the student contribution is a compulsory fee, EUR 3,000 cut to EUR 2,000 for every Free-Fees student by the once-off 2023/24 measure (pre-reduction sensitivity +EUR 1,000); fees = 2,000 (stated by UCD) + Student Centre Levy 254 (UCD's stale 'EUR 3,254 combined' is the pre-reduction sum). Control public (statutory, State-designated, CSO 'publicly controlled market producer') but left unresolved by the comparability review (no UOE governing-body test; Minister names 3 of 19); SUSI contribution grant (100% <EUR 50,840, 50% <EUR 62,000, EUR 500 <EUR 100,000) coded targeted, recipient share undocumented; institutional aid not searched."
IRL-GALWAY,IRL,Ireland,University of Galway,289,public,ownership,no,public,0,2140,2140,EUR,uniform,,,98790.36,0.0217,low,low_to_low_moderate,,,no,free,yes,yes,unknown,unknown,,,,,,2023/24,high,agree,agree,V001,12570,first_degree_headcount,2022/23 (nearest available; CSO/HEA table HEA03 ends at 2022/23),medium,https://ws.cso.ie/public/api.restful/PxStat.Data.Cube_API.ReadDataset/HEA03/CSV/1.0/en,"Undergraduate Honours Degree (12570) (Undergraduate General Degree cell empty) students at University of Galway, 2022/23. Excludes undergraduate diplomas, occasional/visiting students, certificates, access courses and postgraduates (All Programme Types: 19185). HEA values rounded to nearest 5. Full-time/part-time coverage not stated in the table (not verified). 2023/24 figure only available in HEA Shiny dashboard (not machine-readable here).",18,"Tuition 0 by the Free Fees rule; the student contribution is a compulsory fee, EUR 3,000 cut to EUR 2,000 for every Free-Fees student by the once-off 2023/24 measure (pre-reduction sensitivity +EUR 1,000); fees = 2,000 (national rule, Galway confirms it was applied) + student levy 140, and Galway states programmes have only three elements. Control public (statutory, State-designated, CSO 'publicly controlled market producer') but left unresolved by the comparability review (no UOE governing-body test; Minister names 3 of 19); SUSI contribution grant (100% <EUR 50,840, 50% <EUR 62,000, EUR 500 <EUR 100,000) coded targeted, recipient share undocumented; institutional aid not searched."
IRL-UCC,IRL,Ireland,University College Cork,=292,public,ownership,no,public,0,2138,2138,EUR,uniform,,,98790.36,0.0216,low,low_to_low_moderate,,,no,free,yes,yes,unknown,unknown,,,,,,2023/24,high,agree,agree,V001,14880,first_degree_headcount,2022/23 (nearest available; CSO/HEA table HEA03 ends at 2022/23),medium,https://ws.cso.ie/public/api.restful/PxStat.Data.Cube_API.ReadDataset/HEA03/CSV/1.0/en,"Undergraduate Honours Degree (14880) (Undergraduate General Degree cell empty) students at University College Cork, 2022/23. Excludes undergraduate diplomas, occasional/visiting students, certificates, access courses and postgraduates (All Programme Types: 23610). HEA values rounded to nearest 5. Full-time/part-time coverage not stated in the table (not verified). 2023/24 figure only available in HEA Shiny dashboard (not machine-readable here).",18,"Tuition 0 by the Free Fees rule; the student contribution is a compulsory fee, EUR 3,000 cut to EUR 2,000 for every Free-Fees student by the once-off 2023/24 measure (pre-reduction sensitivity +EUR 1,000); fees = 2,000 (national rule, UCC confirms it was processed) + capitation 138; later-year Medicine/Dentistry charges and graduate-entry CK791 are out of scope. Control public (statutory, State-designated, CSO 'publicly controlled market producer') but left unresolved by the comparability review (no UOE governing-body test; Minister names 3 of 19); SUSI contribution grant (100% <EUR 50,840, 50% <EUR 62,000, EUR 500 <EUR 100,000) coded targeted, recipient share undocumented; institutional aid not searched."
IRL-UL,IRL,Ireland,University of Limerick,426,public,ownership,no,public,0,2000,2000,EUR,uniform,,,98790.36,0.0202,low,low_to_low_moderate,,,no,free,yes,yes,unknown,unknown,,,,,,2023/24,medium,agree,agree,V001,12200,first_degree_headcount,2022/23 (nearest available; CSO/HEA table HEA03 ends at 2022/23),medium,https://ws.cso.ie/public/api.restful/PxStat.Data.Cube_API.ReadDataset/HEA03/CSV/1.0/en,"Undergraduate Honours Degree (12200) (Undergraduate General Degree cell empty) students at University of Limerick, 2022/23. Excludes undergraduate diplomas, occasional/visiting students, certificates, access courses and postgraduates (All Programme Types: 17645). HEA values rounded to nearest 5. Full-time/part-time coverage not stated in the table (not verified). 2023/24 figure only available in HEA Shiny dashboard (not machine-readable here).",18,"Tuition 0 by the Free Fees rule; the student contribution is a compulsory fee, EUR 3,000 cut to EUR 2,000 for every Free-Fees student by the once-off 2023/24 measure (pre-reduction sensitivity +EUR 1,000); fees = 2,000 only (national rule, UL's page shows 'Rate AY 2023/24 = EUR 3,000' and never confirms the reduction), because UL's student levy exists but its 2023/24 amount is undocumented (EUR 102 is 2025/26). Control public (statutory, State-designated, CSO 'publicly controlled market producer') but left unresolved by the comparability review (no UOE governing-body test; Minister names 3 of 19); SUSI contribution grant (100% <EUR 50,840, 50% <EUR 62,000, EUR 500 <EUR 100,000) coded targeted, recipient share undocumented; institutional aid not searched."
USA-MIT,USA,United States,Massachusetts Institute of Technology,1,private_nonprofit,legal_form,no,private_not_govt_dependent,59750,406,60156,USD,uniform,,,82586.78,0.7284,high,moderate_or_high,,,no,high,yes,unknown,yes,unknown,19,,58,,,2023/24,high,agree,agree,V001,4576,undergraduate_headcount,Fall 2023 (2023/24),high,https://nces.ed.gov/ipeds/datacenter/data/DRVEF2023.zip,"IPEDS Fall Enrollment derived file DRVEF2023, UNITID 166683; EFUG = all undergraduates enrolled for credit (incl. non-degree-seeking EFUGNDG=5; degree/certificate-seeking = 4571); all campuses, full- and part-time; total incl. graduate ENRTOT=11920.",16,"Private nonprofit (IPEDS 'Private not-for-profit'); no parallel tracks. Tuition $29,875 per term x 2 = $59,750; student life fee $406 (four sources) vs $416 on the Registrar schedule (CONFLICTS C2, unresolved, immaterial); SHIP $3,237 waivable, excluded. Tuition-free below $140,000 with typical assets (about 58% on need-based aid); federal Pell reaches about 19%."
USA-HARVARD,USA,United States,Harvard University,4,private_nonprofit,legal_form,no,private_not_govt_dependent,54269,4807,59076,USD,uniform,,,82586.78,0.7153,high,moderate_or_high,,,no,high,yes,unknown,yes,unknown,,,,,,2023/24,high,agree,agree,V001,9095,undergraduate_headcount,Fall 2023 (2023/24),high,https://nces.ed.gov/ipeds/datacenter/data/DRVEF2023.zip,"IPEDS Fall Enrollment derived file DRVEF2023, UNITID 166027; EFUG = all undergraduates enrolled for credit (incl. non-degree-seeking EFUGNDG=1340; degree/certificate-seeking = 7755); all campuses, full- and part-time; total incl. graduate ENRTOT=30386.",13,"Private nonprofit (IPEDS 'Private not-for-profit'); no parallel tracks. Required fees $4,807 = Student Services Fee $3,399 + Health Services Fee $1,408 (not waivable); SHIP amount missing and excluded as insurance. Zero parent contribution below $85,000 (tuition, fees, housing, food), at most 10% of income up to $150,000; 54.3% on need-based grants; the packet does not break out federal/state grants, so govt_need_aid is unknown."
USA-STANFORD,USA,United States,Stanford University,5,private_nonprofit,legal_form,no,private_not_govt_dependent,61731,753,62484,USD,uniform,,,82586.78,0.7566,high,moderate_or_high,,,no,high,yes,unknown,yes,unknown,,,,,,2023/24,high,agree,agree,V001,8054,undergraduate_headcount,Fall 2023 (2023/24),high,https://nces.ed.gov/ipeds/datacenter/data/DRVEF2023.zip,"IPEDS Fall Enrollment derived file DRVEF2023, UNITID 243744; EFUG = all undergraduates enrolled for credit (incl. non-degree-seeking EFUGNDG=213; degree/certificate-seeking = 7841); all campuses, full- and part-time; total incl. graduate ENRTOT=18446.",15,"Private nonprofit (IPEDS 'Private not-for-profit'); no parallel tracks. Tuition $20,577 per quarter x 3 = $61,731 (CDS); Campus Health Service Fee $251 x 3 = $753; waivable ASSU fee ($624), Cardinal Care (amount missing) and the one-time $250 document fee are excluded. 'No tuition below $150,000' comes from undated current pages (packet MISSING #12), so the aid coding for 2023/24 is less secure; 49.5% on need-based aid; federal/state grants not broken out."
USA-UCB,USA,United States,University of California Berkeley,10,public,ownership_and_appointment,no,public,12522,3315,15837,USD,uniform,,,82586.78,0.1918,moderate,moderate_or_high,,,no,moderate,yes,unknown,yes,unknown,27,,,,,2023/24,high,agree,agree,V001,33078,undergraduate_headcount,Fall 2023 (2023/24),high,https://nces.ed.gov/ipeds/datacenter/data/DRVEF2023.zip,"IPEDS Fall Enrollment derived file DRVEF2023, UNITID 110635; EFUG = all undergraduates enrolled for credit (incl. non-degree-seeking EFUGNDG=5; degree/certificate-seeking = 33073); all campuses, full- and part-time; total incl. graduate ENRTOT=45699.",19,"Baseline = California resident entering 2023/24 (cohort price frozen); fees = Student Services Fee $1,230 + campus fee $820, transit $105 and IREF $117.50 per semester x 2; one-time $224 document fee and waivable SHIP excluded; nonresidents pay a further $32,574 NRST. Cal Grant (guaranteed if eligible) and Pell (27-29%) coded targeted; UC Blue and Gold (<$80,000, systemwide tuition and fees) coded targeted since aid covers tuition and fees for 'over a third', below the 40% indicative cut."
USA-UCHICAGO,USA,United States,University of Chicago,11,private_nonprofit,legal_form,no,private_not_govt_dependent,63801,1818,65619,USD,uniform,,,82586.78,0.7945,high,moderate_or_high,,,no,high,yes,unknown,yes,unknown,,,,,,2023/24,high,agree,agree,V001,7643,undergraduate_headcount,Fall 2023 (2023/24),high,https://nces.ed.gov/ipeds/datacenter/data/DRVEF2023.zip,"IPEDS Fall Enrollment derived file DRVEF2023, UNITID 144050; EFUG = all undergraduates enrolled for credit (incl. non-degree-seeking EFUGNDG=103; degree/certificate-seeking = 7540); all campuses, full- and part-time; total incl. graduate ENRTOT=18339.",14,"Private nonprofit (IPEDS 'Private not-for-profit'); no parallel tracks. Tuition $21,267 per quarter x 3 = $63,801; Student Life Fee $1,818 (services $500 + U-Pass $106 per quarter); the one-time $1,320 first-year class fee and waivable U-SHIP are excluded. Empower guarantees free tuition below $125,000, but only 33.7% hold need-based aid, so 'broad' rests on the protocol's 'free below $X' example and should be checked; federal grants $10.1m (CDS H1)."
ARG-UBA,ARG,Argentina,University of Buenos Aires,#=95,public,ownership,no,public,0,0,0,ARS,uniform,,,4225186.74,0.0000,free,free,,,no,free,not_applicable,yes,not_applicable,yes,,,,,,2023,medium,agree,agree,V003,326421,undergraduate_headcount,2023 (calendar/academic year 2023),high,https://www.argentina.gob.ar/sites/default/files/rv_anuario_finales_todos.zip,"'Estudiantes' of pregrado y grado titles (pregrado = short sub-degree titles, grado = first degree/licenciatura); the table does not separate pregrado from grado, so measure is undergraduate_headcount. All locations and modalities of the institution; excludes posgrado.",11,"Tuition and registration/exam fees 0 stated by UBA's 2023 FAQ ('no hay que abonar para inscribirse, cursar o rendir') and Ley 24.521 art. 2 bis (2015 wording, in force 2023). Faculty-level compulsory items exist with undocumented amounts (FCE credencial universitaria; Derecho medical exam), hence medium confidence; secondary-title legalisation and diploma fees are one-off and excluded. Aid codes refer to need-based maintenance stipends (PROGRESAR, income <=3 SMVM; UBA Beca Sarmiento, 3,220 awards, with a waiver of trámite aranceles), not tuition waivers, because tuition is zero."
ARG-UCA,ARG,Argentina,Pontifical Catholic University of Argentina,#=514,private_nonprofit,legal_form,no,private_not_govt_dependent,1254847,114077,1368924,ARS,midpoint_of_range,468672,2269176,4225186.74,0.3240,high,moderate_or_high,moderate,high,yes,high,no,no,yes,unknown,,,,,,2023,low,agree,agree,V003,19628,undergraduate_headcount,2023 (calendar/academic year 2023),high,https://www.argentina.gob.ar/sites/default/files/rv_anuario_finales_todos.zip,"'Estudiantes' of pregrado y grado titles (pregrado = short sub-degree titles, grado = first degree/licenciatura); the table does not separate pregrado from grado, so measure is undergraduate_headcount. All locations and modalities of the institution; excludes posgrado.",10,"Monthly cuota as at 14 May 2023 (month closest to mid-2023 in the evidence; press only, iProfesional, no URL in packet), sede Buenos Aires: ARS 39,056 (Prof. de Historia) to 189,098 (Medicina); annualised as 11 cuotas + 1 matrícula equal to one cuota (2024 Normas; matrícula=cuota is an inference, CONFLICTS #16); UCA applied monthly updates, so a full-year total at the May rate is a simplification. Derecho de inscripción is one-off and excluded; PROGRESAR closed to private institutions; UCA 'Beca por Situación Económica' (15-100%) is institutional need aid; loans excluded. | [V003] Month of amounts: May 2023 (sede Buenos Aires). Within-2023 trajectory (Ciencias Politicas ARS 80,533 early 2023, about 120,000 in August, about 208,000 in December) means the May snapshot understates a full-year sum; band high is robust in that direction."
ARG-AUSTRAL,ARG,Argentina,Austral University,#=520,private_nonprofit,legal_form,no,private_not_govt_dependent,,,,ARS,,,,,,,,,,,,no,no,yes,unknown,,,,,,2023,low,agree,unresolved,V003,4717,undergraduate_headcount,2023 (calendar/academic year 2023),high,https://www.argentina.gob.ar/sites/default/files/rv_anuario_finales_todos.zip,"'Estudiantes' of pregrado y grado titles (pregrado = short sub-degree titles, grado = first degree/licenciatura); the table does not separate pregrado from grado, so measure is undergraduate_headcount. All locations and modalities of the institution; excludes posgrado.",8,"Headline charge not established: Austral published no grado cuota, matrícula or number of cuotas for 2023 (packet MISSING 18-19); the only figure (Chequeado, Sept 2024) is 2024 and not used. Curso de Ingreso fees (ARS 0-78,000 in 2023) are one-off and excluded. Beca Austral (BAU, need-based, up to 100%, subject to cupos) is institutional need aid; the 49-51% share receiving 'some beca or incentive' includes merit and sibling discounts. PROGRESAR closed to private institutions. | [V003] New 2023 press datum: Psicologia cuota ARS 168,000/month in November 2023 and ARS 198,000 from December 2023 (La Nacion 28 Nov 2023; Ambito 29 Nov 2023, quoting Austral admissions); Austral applies monthly inflation updates. Number of cuotas and 2023 programme range still undocumented, so headline stays empty; the band is very likely high (Psicologia x 12 at the November rate = 47.7% of GDP pc) but not established."
ARG-UP,ARG,Argentina,University of Palermo,#=530,private_nonprofit,legal_form,no,private_not_govt_dependent,794400,,794400,ARS,midpoint_of_range,432000,1156800,4225186.74,0.1880,moderate,moderate_or_high,moderate,high,yes,moderate,no,no,no,no,,,,,,2023,low,agree,unresolved,V003,17700,undergraduate_headcount,2023 (calendar/academic year 2023),high,https://www.argentina.gob.ar/sites/default/files/rv_anuario_finales_todos.zip,"'Estudiantes' of pregrado y grado titles (pregrado = short sub-degree titles, grado = first degree/licenciatura); the table does not separate pregrado from grado, so measure is undergraduate_headcount. All locations and modalities of the institution; excludes posgrado.",7,"Press-only monthly cuotas, no URLs, 4 programmes only: Marketing de Moda 36,000 ('para 2023', month unstated) to Arquitectura 96,400 (May 2023, second-year students); Publicidad 96,300 (May 2023), Producción Musical 68,000 (Jan/May 2023). x 12 cuotas (iProfesional 2023; Normas 2026). Headline is a lower bound: the recurring matrícula (independent of the cuota) and the first-year Arancel de Ingreso are undocumented for the baseline student and left out; fees column left blank, not zero. No needs-based UP beca found (searched 2026-era documents only); PROGRESAR closed to private institutions. | [V003] Checker V003: band moderate is not secure. Headline mixes an early-2023 price with May-2023 prices and omits the matricula; an average cuota above about ARS 88,000/month would make it high. In September 2024 UP (ARS 400-500k/month) was priced at or above UCA (141-575k), which is coded high for 2023."
ARG-UNLP,ARG,Argentina,National University of La Plata,#=540,public,ownership,no,public,0,0,0,ARS,uniform,,,4225186.74,0.0000,free,free,,,no,free,not_applicable,yes,not_applicable,yes,,,,,,2023,high,agree,agree,V003,116182,undergraduate_headcount,2023 (calendar/academic year 2023),high,https://www.argentina.gob.ar/sites/default/files/rv_anuario_finales_todos.zip,"'Estudiantes' of pregrado y grado titles (pregrado = short sub-degree titles, grado = first degree/licenciatura); the table does not separate pregrado from grado, so measure is undergraduate_headcount. All locations and modalities of the institution; excludes posgrado.",9,"Tuition 0 by Ley 24.521 art. 2 bis (2015 wording) and UNLP Estatuto art. 21; fees 0 by rule (Estatuto art. 116 inc. g bars charges for services required by grado students) with documented absence across 11 faculties (Odontología instruments/insurance unverifiable). Aid codes refer to need-based maintenance support (PROGRESAR; UNLP Beca de Ayuda Económica, 451 awards in 2023), not tuition waivers."
GBR-CAM,GBR,United Kingdom,University of Cambridge,2,private_nonprofit,legal_form,no,private_not_govt_dependent,9250,0,9250,GBP,uniform,,,40162.33,0.2303,moderate,moderate_or_high,,,no,moderate,no,no,no,yes,,,,,,2023/24,medium,agree,agree,V001,12820,first_degree_headcount,2023/24,high,https://blobofsproduks.blob.core.windows.net/files/SizeandShapedashboard/2025/Size_shape_provision_CSVs_2025-2_by_provider.zip,"Derived sum of OfS size-and-shape student-number cells, cohort ""All students"", academic year 2023-24, UKPRN 10007788 (University of Cambridge): Full-time First degree 8980 + Full-time Undergraduate with postgraduate components 3840 = 12820. First degree includes ""Undergraduate with postgraduate components"" (integrated masters such as MEng/MSci, treated as integrated first degrees). Part-time first degree: none listed. Excludes other undergraduate, postgraduate, apprenticeships and offshore TNE. Headcounts rounded to nearest 10 by OfS; source data are HESA student returns. HESA provider tables themselves were not accessible (Cloudflare 403).",17,"GBP 9,250 on all 33 courses for Home first-degree students with no separate College fee; a College Kitchen Fixed Charge (GBP 258-625, some Colleges, no URL) is treated as board and excluded, and the SU charge is unverified, not assumed zero. Control contested: exempt charity / chartered corporation, and ONS classifies UK universities as NPISH 'not subject to public sector control' (quote without URL), so private_nonprofit with govt_dependent_flag yes (OfS fee cap plus SFE tuition loans). Only SFE loans recorded (govt_need_aid none); Cambridge Bursary up to GBP 3,500 below GBP 62,215. | [R101] v1.3 (R101): govt_dependent_flag recoded no. Student loans no longer count; the OfS 2023-24 recurrent grant is a high-cost-subject supplement (0 for price group D; up to 1,500/FTE for lab subjects below clinical medicine) against the GBP 9,250 fee. Borderline: sensitivity 'yes' if any per-student teaching grant counts. govt_need_aid stays none for the baseline student; the English means-tested grants require dependants."
GBR-OX,GBR,United Kingdom,University of Oxford,3,private_nonprofit,legal_form,no,private_not_govt_dependent,9250,0,9250,GBP,uniform,,,40162.33,0.2303,moderate,moderate_or_high,,,no,moderate,no,no,no,yes,,,,,,2023/24,medium,agree,agree,V001,11530,first_degree_headcount,2023/24,high,https://blobofsproduks.blob.core.windows.net/files/SizeandShapedashboard/2025/Size_shape_provision_CSVs_2025-2_by_provider.zip,"Derived sum of OfS size-and-shape student-number cells, cohort ""All students"", academic year 2023-24, UKPRN 10007774 (University of Oxford): Full-time First degree 6900 + Full-time Undergraduate with postgraduate components 4610 + Part-time First degree 20 = 11530. First degree includes ""Undergraduate with postgraduate components"" (integrated masters such as MEng/MSci, treated as integrated first degrees). Part-time first degree: included. Excludes other undergraduate, postgraduate, apprenticeships and offshore TNE. Headcounts rounded to nearest 10 by OfS; source data are HESA student returns. HESA provider tables themselves were not accessible (Cloudflare 403).",15,"Single GBP 9,250 course fee includes college services; SU charge not found, not assumed zero. Control contested: exempt charity / chartered corporation, and ONS classifies UK universities as NPISH 'not subject to public sector control' (quote without URL), so private_nonprofit with govt_dependent_flag yes (OfS fee cap plus SFE tuition loans). Only SFE loans recorded (govt_need_aid none); Oxford Bursary up to GBP 4,000 and Crankstart up to GBP 5,800, scale revised mid-cycle (CONFLICTS #1). | [R101] v1.3 (R101): govt_dependent_flag recoded no. Student loans no longer count; the OfS 2023-24 recurrent grant is a high-cost-subject supplement (0 for price group D; up to 1,500/FTE for lab subjects below clinical medicine) against the GBP 9,250 fee. Borderline: sensitivity 'yes' if any per-student teaching grant counts. govt_need_aid stays none for the baseline student; the English means-tested grants require dependants."
GBR-ICL,GBR,United Kingdom,Imperial College London,6,private_nonprofit,legal_form,no,private_not_govt_dependent,9250,0,9250,GBP,uniform,,,40162.33,0.2303,moderate,moderate_or_high,,,no,moderate,no,no,no,yes,,,,,,2023/24,medium,agree,agree,V001,12150,first_degree_headcount,2023/24,high,https://blobofsproduks.blob.core.windows.net/files/SizeandShapedashboard/2025/Size_shape_provision_CSVs_2025-2_by_provider.zip,"Derived sum of OfS size-and-shape student-number cells, cohort ""All students"", academic year 2023-24, UKPRN 10003270 (Imperial College London): Full-time First degree 3410 + Full-time Undergraduate with postgraduate components 8740 = 12150. First degree includes ""Undergraduate with postgraduate components"" (integrated masters such as MEng/MSci, treated as integrated first degrees). Part-time first degree: suppressed [DPL] (<=2 students), excluded. Excludes other undergraduate, postgraduate, apprenticeships and offshore TNE. Headcounts rounded to nearest 10 by OfS; source data are HESA student returns. HESA provider tables themselves were not accessible (Cloudflare 403).",15,"GBP 9,250 for all Home undergraduate programmes (2023 cohort); no college or union fee found, but no explicit zero. Control contested: exempt charity / chartered corporation, and ONS classifies UK universities as NPISH 'not subject to public sector control' (quote without URL), so private_nonprofit with govt_dependent_flag yes (OfS fee cap plus SFE tuition loans). Only SFE loans recorded (govt_need_aid none); Imperial Bursary GBP 2,000-5,000 below GBP 60,000 (quote without URL). | [R101] v1.3 (R101): govt_dependent_flag recoded no. Student loans no longer count; the OfS 2023-24 recurrent grant is a high-cost-subject supplement (0 for price group D; up to 1,500/FTE for lab subjects below clinical medicine) against the GBP 9,250 fee. Borderline: sensitivity 'yes' if any per-student teaching grant counts. govt_need_aid stays none for the baseline student; the English means-tested grants require dependants."
GBR-UCL,GBR,United Kingdom,University College London,9,private_nonprofit,legal_form,no,private_not_govt_dependent,9250,0,9250,GBP,uniform,,,40162.33,0.2303,moderate,moderate_or_high,,,no,moderate,no,no,no,yes,,,,,,2023/24,medium,agree,agree,V001,23970,first_degree_headcount,2023/24,high,https://blobofsproduks.blob.core.windows.net/files/SizeandShapedashboard/2025/Size_shape_provision_CSVs_2025-2_by_provider.zip,"Derived sum of OfS size-and-shape student-number cells, cohort ""All students"", academic year 2023-24, UKPRN 10007784 (University College London): Full-time First degree 17530 + Full-time Undergraduate with postgraduate components 6440 = 23970. First degree includes ""Undergraduate with postgraduate components"" (integrated masters such as MEng/MSci, treated as integrated first degrees). Part-time first degree: suppressed [DPL] (<=2 students), excluded. Excludes other undergraduate, postgraduate, apprenticeships and offshore TNE. Headcounts rounded to nearest 10 by OfS; source data are HESA student returns. HESA provider tables themselves were not accessible (Cloudflare 403).",15,"GBP 9,250 covers tuition, registration and examinations; free SU membership is evidenced only for 2021/22 and programme field-trip costs are excluded. Control contested: exempt charity / chartered corporation, and ONS classifies UK universities as NPISH 'not subject to public sector control' (quote without URL), so private_nonprofit with govt_dependent_flag yes (OfS fee cap plus SFE tuition loans). Only SFE loans recorded (govt_need_aid none); UCL Bursary GBP 1,000-3,000 up to GBP 42,875 (quote without URL). | [R101] v1.3 (R101): govt_dependent_flag recoded no. Student loans no longer count; the OfS 2023-24 recurrent grant is a high-cost-subject supplement (0 for price group D; up to 1,500/FTE for lab subjects below clinical medicine) against the GBP 9,250 fee. Borderline: sensitivity 'yes' if any per-student teaching grant counts. govt_need_aid stays none for the baseline student; the English means-tested grants require dependants."
GBR-ED,GBR,United Kingdom,University of Edinburgh,22,private_nonprofit,legal_form,yes,private_govt_dependent,0,0,0,GBP,uniform,,,40162.33,0.0000,free,free,,,no,free,not_applicable,yes,not_applicable,yes,,,,,,2023/24,medium,agree,agree,V001,29905,undergraduate_headcount,2024/25 (nearest available; 2023/24 factsheet not located; HESA blocked),medium,https://governance-strategic-planning.ed.ac.uk/sites/default/files/2025-08/Student%20Factsheet%202024/25.pdf,"All undergraduates matriculated during session 2024/25 (full-time 25,570 + part-time 4,335), rounded to nearest 5. Includes full- and part-time, distance/collaborative/modular programmes, interrupted, dormant and incoming visiting students (institution-wide 2,910 visiting/exchange students, not split by level), lifelong-learning credit students; PGDE excluded (counted as taught postgraduate). Not restricted to first-degree programmes; not HESA standard registration population.",22,"Baseline = Scotland-resident student: the published Home-Scotland rate GBP 1,820 (2023 entry) is paid by SAAS for every eligible full-time first-degree student ('you will not be invoiced'), coded tuition 0 on the Irish Free Fees logic (collector declined to call it a waiver; alternative headline GBP 1,820), with matriculation and union membership included in the fee. Rest-of-UK students pay GBP 9,250, evidenced only on pages labelled 2021/22 and 2024/25. Control contested (charitable statutory corporation; ONS NPISH 'not subject to public sector control', quote without URL), coded private_nonprofit with govt_dependent_flag yes (SFC fundable body, state-set and SAAS-paid places); Access Edinburgh Scholarship GBP 1,000-3,000 targeted, SAAS need-based bursaries not quantified. | [R101] v1.3 (R101): govt_need_aid targeted (SAAS Young Students' Bursary, GBP 2,000 below GBP 21,000 household income in 2023/24); inst_need_aid targeted (Access Edinburgh Scholarship, uncapped, below GBP 34,000); govt_dependent_flag yes (SAAS pays fees to the University; SFC teaching grant GBP 71.0m in AY 2023-24)."
NLD-TUD,NLD,Netherlands,Delft University of Technology,=47,public,ownership_and_appointment,no,public,2314,0,2314,EUR,uniform,,,58741.74,0.0394,low,low_to_low_moderate,,,no,low,no,yes,unknown,unknown,,,,,,2023/24,high,agree,agree,V001,13637,first_degree_headcount,2023/24 (census date 1 Oct 2023),high,https://duo.nl/open_onderwijsdata/images/01b.-ingeschrevenen-wo-domein-wo-2025.csv,"Derived sum (not a single published cell): WO bachelor students of Technische Universiteit Delft, all study modes (voltijd/deeltijd/duaal), all locations, all nationalities, column 2023. 32 programme x mode x sex rows summed; 1 cells published as ""<5"" (statistical disclosure control) excluded, so true value is up to 4 higher. Excludes students of other HE types; a student in 2 bachelors at the institution counted once.",15,"Openbare universiteit listed in WHW annex a (publicly funded, legal personality). Baseline first-year student pays the reduced statutory fee EUR 1,157 (national halving for first-ever HE enrolment in 2023/24, repealed from 1 Sep 2024); later-year students pay EUR 2,314 (sensitivity). No other compulsory charge in the TU Delft regulation (absence, not a stated zero); euro glyph dropped in PDF extraction but amounts match the national regulation. DUO supplementary grant (aanvullende beurs, up to EUR 416/month Sep-Dec 2023) coded targeted; recipient share not documented; tuition-fee credit is a loan. Profileringsfonds amounts not collected."
NLD-UVA,NLD,Netherlands,University of Amsterdam,53,public,ownership_and_appointment,no,public,3507,0,3507,EUR,midpoint_of_range,2314,4700,58741.74,0.0597,low_moderate,low_to_low_moderate,low,low_moderate,yes,low_moderate,no,yes,unknown,unknown,,,,,,2023/24,medium,agree,agree,V001,29283,first_degree_headcount,2023/24 (census date 1 Oct 2023),high,https://duo.nl/open_onderwijsdata/images/01b.-ingeschrevenen-wo-domein-wo-2025.csv,"Derived sum (not a single published cell): WO bachelor students of Universiteit van Amsterdam, all study modes (voltijd/deeltijd/duaal), all locations, all nationalities, column 2023. 179 programme x mode x sex rows summed; 35 cells published as ""<5"" (statistical disclosure control) excluded, so true value is up to 140 higher. Excludes students of other HE types; a student in 2 bachelors at the institution counted once.",16,"Openbare universiteit listed in WHW annex a (publicly funded, legal personality). Baseline first-year student pays the reduced statutory fee EUR 1,157 (national halving for first-ever HE enrolment in 2023/24, repealed from 1 Sep 2024); later-year students pay EUR 2,314 (sensitivity). Range: EUR 1,157 for all regular bachelor's to EUR 3,543 for first-year AUC (art. 6.7 small-scale programme; PPLE 3,471); the midpoint rule gives these two small programmes the weight of an endpoint, and compulsory AUC housing rent is excluded. DUO supplementary grant (aanvullende beurs, up to EUR 416/month Sep-Dec 2023) coded targeted; recipient share not documented; tuition-fee credit is a loan. Band may be unstable across the range."
NLD-UU,NLD,Netherlands,Utrecht University,=107,public,ownership_and_appointment,no,public,3558,36.5,3594.5,EUR,midpoint_of_range,2314,4875,58741.74,0.0612,low_moderate,low_to_low_moderate,low,low_moderate,yes,low_moderate,no,yes,unknown,unknown,,,,,,2023/24,medium,agree,agree,V001,26039,first_degree_headcount,2023/24 (census date 1 Oct 2023),high,https://duo.nl/open_onderwijsdata/images/01b.-ingeschrevenen-wo-domein-wo-2025.csv,"Derived sum (not a single published cell): WO bachelor students of Universiteit Utrecht, all study modes (voltijd/deeltijd/duaal), all locations, all nationalities, column 2023. 100 programme x mode x sex rows summed; 2 cells published as ""<5"" (statistical disclosure control) excluded, so true value is up to 8 higher. Excludes students of other HE types; a student in 2 bachelors at the institution counted once.",21,"Openbare universiteit listed in WHW annex a (publicly funded, legal personality). Baseline first-year student pays the reduced statutory fee EUR 1,157 (national halving for first-ever HE enrolment in 2023/24, repealed from 1 Sep 2024); later-year students pay EUR 2,314 (sensitivity). Range: EUR 1,157 regular bachelor's to EUR 3,718 for first-year UCU (tuition 3,645 + compulsory UCSA membership 73; the EUR 7,373 campus fee is housing and excluded); UCR (4,135 or 3,895, CONFLICTS #1; first-year 2,978 derived) lies inside the range. DUO supplementary grant (aanvullende beurs, up to EUR 416/month Sep-Dec 2023) coded targeted; recipient share not documented; tuition-fee credit is a loan. UCU need-based scholarships exist (programme-level, amounts unknown). Band may be unstable across the range."
NLD-TUE,NLD,Netherlands,Eindhoven University of Technology,=124,public,ownership_and_appointment,no,public,2314,0,2314,EUR,uniform,,,58741.74,0.0394,low,low_to_low_moderate,,,no,low,no,yes,unknown,unknown,,,,,,2023/24,high,agree,agree,V001,8119,first_degree_headcount,2023/24 (census date 1 Oct 2023),high,https://duo.nl/open_onderwijsdata/images/01b.-ingeschrevenen-wo-domein-wo-2025.csv,"Derived sum (not a single published cell): WO bachelor students of Technische Universiteit Eindhoven, all study modes (voltijd/deeltijd/duaal), all locations, all nationalities, column 2023. 29 programme x mode x sex rows summed; 2 cells published as ""<5"" (statistical disclosure control) excluded, so true value is up to 8 higher. Excludes students of other HE types; a student in 2 bachelors at the institution counted once.",16,"Openbare universiteit listed in WHW annex a (publicly funded, legal personality). Baseline first-year student pays the reduced statutory fee EUR 1,157 (national halving for first-ever HE enrolment in 2023/24, repealed from 1 Sep 2024); later-year students pay EUR 2,314 (sensitivity). The TU/e statute says enrolment may not depend on any contribution other than statutory fees; the notebook requirement is equipment, not a fee. DUO supplementary grant (aanvullende beurs, up to EUR 416/month Sep-Dec 2023) coded targeted; recipient share not documented; tuition-fee credit is a loan."
NLD-LEI,NLD,Netherlands,Leiden University,=126,public,ownership_and_appointment,no,public,3619,0,3619,EUR,midpoint_of_range,2314,4924,58741.74,0.0616,low_moderate,low_to_low_moderate,low,low_moderate,yes,low_moderate,no,yes,unknown,unknown,,,,,,2023/24,medium,agree,agree,V001,22698,first_degree_headcount,2023/24 (census date 1 Oct 2023),high,https://duo.nl/open_onderwijsdata/images/01b.-ingeschrevenen-wo-domein-wo-2025.csv,"Derived sum (not a single published cell): WO bachelor students of Universiteit Leiden, all study modes (voltijd/deeltijd/duaal), all locations, all nationalities, column 2023. 133 programme x mode x sex rows summed; 11 cells published as ""<5"" (statistical disclosure control) excluded, so true value is up to 44 higher. Excludes students of other HE types; a student in 2 bachelors at the institution counted once.",20,"Openbare universiteit listed in WHW annex a (publicly funded, legal personality). Baseline first-year student pays the reduced statutory fee EUR 1,157 (national halving for first-ever HE enrolment in 2023/24, repealed from 1 Sep 2024); later-year students pay EUR 2,314 (sensitivity). Range: EUR 1,157 regular bachelor's (rule application; Leiden documents do not print 1,157) to EUR 3,767 for first-year LUC (derived: 2,314 + LUC fee 2,610 - 1,157; classification of the LUC fee as tuition or separate charge is CONFLICTS #4, total unchanged); LUC campus fee (EUR 595, year unclear) treated as housing-linked and excluded. DUO supplementary grant (aanvullende beurs, up to EUR 416/month Sep-Dec 2023) coded targeted; recipient share not documented; tuition-fee credit is a loan. LUC offers need-based support to a limited number (programme-level). Band may be unstable across the range."
DEU-TUM,DEU,Germany,Technical University of Munich,37,public,ownership,no,public,0,170,170,EUR,uniform,,,50659.72,0.0034,free,free,,,no,free,no,yes,no,unknown,,,,,,2023/24,high,agree,agree,V002,53910,total_headcount,2023/24 (Wintersemester 2023),high,https://www.destatis.de/DE/Themen/Gesellschaft-Umwelt/Bildung-Forschung-Kultur/Hochschulen/Publikationen/Downloads-Hochschulen/statistischer-bericht-studierende-hochschulen-endg-2110410247005.xlsx?__blob=publicationFile&v=3,"FLAG: includes postgraduates (Master, doctoral students enrolled as students, Staatsexamen, etc.); all students (""Studierende insgesamt""), incl. part-time. Derived sum: TU München Bavarian campuses ""Zusammen"" (53225) + TUM Campus Heilbronn listed under Baden-Württemberg (685). Hochschule für Politik München (665) listed separately and not added. The Destatis per-institution table does not split by degree; university-level bachelor headcounts were not collected in this run.",14,"Tuition 0: TUM page (Stand September 2023) says study is 'gebührenfrei' for students from Germany/EEA. Compulsory fees = Studierendenwerk Grundbeitrag 85.00 EUR x 2 (WiSe 2023/24 + SoSe 2024; 'Ausnahmen sind nicht möglich'); the compulsory Semesterticket Solidarbeitrag was not levied in 2023/24, and no student-body fee appears on the TUM page (not evidence of zero). Control rests on BayHIG current text (2023/24 version not verified); BAföG coded targeted: needs-tested living-cost support paid half as grant and half as loan, not a fee waiver. | [R102] R102 (v1.3 aid): govt_need_aid now targeted because the BAföG grant half is a parental-income-tested cash grant (§ 11(2), § 17); about 17.5% of students received BAföG in 2023 (derived, national). Inst aid unchanged (none)."
DEU-LMU,DEU,Germany,Ludwig Maximilian University of Munich,54,public,ownership,no,public,0,170,170,EUR,uniform,,,50659.72,0.0034,free,free,,,no,free,no,yes,no,unknown,,,,,,2023/24,medium,agree,agree,V002,52086,total_headcount,2023/24 (Wintersemester 2023),high,https://www.destatis.de/DE/Themen/Gesellschaft-Umwelt/Bildung-Forschung-Kultur/Hochschulen/Publikationen/Downloads-Hochschulen/statistischer-bericht-studierende-hochschulen-endg-2110410247005.xlsx?__blob=publicationFile&v=3,"FLAG: includes postgraduates (Master, doctoral students enrolled as students, Staatsexamen, etc.); all students (""Studierende insgesamt""), incl. part-time. ""U München"" = LMU, all locations (""Zusammen""). The Destatis per-institution table does not split by degree; university-level bachelor headcounts were not collected in this run.",13,"Tuition 0 is a rule application of BayHIG Art. 13(1) ('grundsätzlich abgabenfrei'), read only in the current text (valid from 16.05.2026); no LMU statement for 2023/24 was collected, hence medium confidence. Compulsory fees = Grundbeitrag 85.00 EUR in WiSe 2023/24 and SoSe 2024 (LMU list); the obligatory Semesterticket contribution was suspended from WiSe 2023/24. BAföG coded targeted (half grant, half loan; living-cost support, not a fee waiver). | [R102] R102 (v1.3 aid): govt_need_aid now targeted because the BAföG grant half is a parental-income-tested cash grant (§ 11(2), § 17); about 17.5% of students received BAföG in 2023 (derived, national). Inst aid unchanged (none)."
DEU-UHD,DEU,Germany,Heidelberg University,87,public,ownership_and_appointment,no,public,0,302.10,302.10,EUR,uniform,,,50659.72,0.0060,free,free,,,no,free,unknown,yes,unknown,unknown,,,,,,2023/24,medium,agree,agree,V002,29534,total_headcount,2023/24 (Wintersemester 2023),high,https://www.destatis.de/DE/Themen/Gesellschaft-Umwelt/Bildung-Forschung-Kultur/Hochschulen/Publikationen/Downloads-Hochschulen/statistischer-bericht-studierende-hochschulen-endg-2110410247005.xlsx?__blob=publicationFile&v=3,"FLAG: includes postgraduates (Master, doctoral students enrolled as students, Staatsexamen, etc.); all students (""Studierende insgesamt""), incl. part-time. ""U Heidelberg"" all locations (""Zusammen"": Heidelberg 27176 + Mannheim medical faculty 2358). The Destatis per-institution table does not split by degree; university-level bachelor headcounts were not collected in this run.",14,"Compulsory fees = semester fee 151.05 EUR x 2 (WiSe 2023/24 total observed; SoSe 2024 breakdown: 70.00 Verwaltungskostenbeitrag + 66.00 Sozialbeitrag + 10.00 student body + 2.55 nextbike + 2.50 theatre levies); the WiSe component split is inferred, and whether any transit-ticket charge existed in 2023/24 after the 35.30 EUR Semesterticket line was dropped is not documented. Tuition 0 is inferred from the fee schedule (special fees only for continuing education and non-consecutive Master's) and the ministry page listing only non-EU and second-degree fees; the LHGebG text was inaccessible. Sozialbeitrag exemption conditions not collected, so inst aid unknown. | [R102] R102 (v1.3 aid): govt_need_aid now targeted because the BAföG grant half is a parental-income-tested cash grant (§ 11(2), § 17); about 17.5% of students received BAföG in 2023 (derived, national). Inst aid unchanged (unknown)."
DEU-FUB,DEU,Germany,Free University of Berlin,98,public,ownership,no,public,0,608.38,608.38,EUR,uniform,,,50659.72,0.0120,low,low_to_low_moderate,,,no,free,unknown,yes,yes,unknown,,,,,,2023/24,high,agree,agree,V002,37987,total_headcount,2023/24 (Wintersemester 2023),high,https://www.destatis.de/DE/Themen/Gesellschaft-Umwelt/Bildung-Forschung-Kultur/Hochschulen/Publikationen/Downloads-Hochschulen/statistischer-bericht-studierende-hochschulen-endg-2110410247005.xlsx?__blob=publicationFile&v=3,"FLAG: includes postgraduates (Master, doctoral students enrolled as students, Staatsexamen, etc.); all students (""Studierende insgesamt""), incl. part-time. ""FU Berlin"". The Destatis per-institution table does not split by degree; university-level bachelor headcounts were not collected in this run.",14,"Tuition 0 by BerlHG § 2(10) ('Studiengebühren werden nicht erhoben') and the FU fee page. Compulsory fees = 312.89 EUR (WiSe 2023/24) + 295.49 EUR (SoSe 2024), each including the 50.00 administrative fee, 54.09 Sozialbeitrag, 10.00 student-body fee and the compulsory Semesterticket + Sozialfond (198.80 / 181.40, exemptions only on application for health or study-related absence). Inst aid = BerlHG § 18a(5) Sozialfond hardship discount on the ticket, within available funds (administered via the student body; 2023/24 rules and amounts missing). | [R102] R102 (v1.3 aid): govt_need_aid now targeted because the BAföG grant half is a parental-income-tested cash grant (§ 11(2), § 17); about 17.5% of students received BAföG in 2023 (derived, national). Inst aid unchanged (targeted)."
DEU-RWTH,DEU,Germany,RWTH Aachen University,106,public,ownership_and_appointment,no,public,0,622.15,622.15,EUR,uniform,,,50659.72,0.0123,low,low_to_low_moderate,,,no,free,unknown,yes,yes,unknown,,,,,,2023/24,medium,agree,agree,V002,45527,total_headcount,2023/24 (Wintersemester 2023),high,https://www.destatis.de/DE/Themen/Gesellschaft-Umwelt/Bildung-Forschung-Kultur/Hochschulen/Publikationen/Downloads-Hochschulen/statistischer-bericht-studierende-hochschulen-endg-2110410247005.xlsx?__blob=publicationFile&v=3,"FLAG: includes postgraduates (Master, doctoral students enrolled as students, Staatsexamen, etc.); all students (""Studierende insgesamt""), incl. part-time. ""TH Aachen (U)"" = RWTH Aachen. The Destatis per-institution table does not split by degree; university-level bachelor headcounts were not collected in this run.",21,"Compulsory fees = 318.66 EUR (WiSe 2023/24, official RWTH page and AStA: mobility/transit 206.93 + Sozialbeitrag 98.00 + student body 13.73) + 303.49 EUR (SoSe 2024, AStA: Deutschlandticket-based mobility 182.31 + Sozialbeitrag 108.00 + student body 13.18). The SoSe AStA page is internally inconsistent (also says Sozialbeitrag 98.00; that reading would give 612.15 EUR/yr), and tuition 0 rests only on an AStA statement. Inst aid = Beitragsordnung § 4(6) hardship waiver of student-body and mobility contributions. | [R102] R102 (v1.3 aid): govt_need_aid now targeted because the BAföG grant half is a parental-income-tested cash grant (§ 11(2), § 17); about 17.5% of students received BAföG in 2023 (derived, national). Inst aid unchanged (targeted)."
FRA-PSL,FRA,France,Paris Sciences and Letters University,24,public,ownership,no,public,1735,100,1835,EUR,midpoint_of_range,100,3400,41340.46,0.0444,low,low_to_low_moderate,free,low_moderate,yes,low,yes,yes,unknown,unknown,,37.1,,,,2023/24,low,agree,agree,V002,4876,first_degree_headcount,2023/24,high,https://data.enseignementsup-recherche.gouv.fr/explore/dataset/fr-esr-statistiques-sur-les-effectifs-d-etudiants-inscrits-par-etablissement/,"Field cursus_lmdl = students (principal enrolments) in LMD cycle L (1er cycle: licence, BUT, PASS/LAS, etc.) at Université Paris sciences et lettres; record flag: ""Sans double compte des établissements-composantes pour les EPE"". Principal enrolments incl. CPGE double enrolments: effectif=18764, effectif_sans_cpge=18263; the 501 CPGE double enrolments are counted within L (L+M+D = effectif), so L excluding CPGE doubles would be 4375 (derived, assumes all CPGE doubles are in L). All campuses; includes part-time; excludes secondary enrolments.",25,"Headline is not a single route: it is the midpoint of the first-year, Paris-based, full-pay first-degree tuition across PSL's routes (CPES at the national licence rate 170 EUR; Dauphine MIDO income scale topping at 1,500; Dauphine LSO income scale topping at 3,300), i.e. (170+3,300)/2 = 1,735, plus CVEC 100; min = lowest Dauphine scale point (0, 'Exonération' at <=34,999 EUR) + CVEC, max = LSO full-pay 3,300 + CVEC. Chosen because no enrolment shares by route are documented and Dauphine (a member establishment with its own legal personality that sets its own DGE fees) accounts for most of the priced first-degree routes in the evidence, while the CPES route alone would give 270; the LSO Madrid campus track (8,510 L1) is excluded as a separately priced track taught abroad (including it would give max 8,610 and headline 4,440), and L3-entry tracks are excluded. PSL's member grandes écoles (ENS, Mines, ESPCI, Chimie) deliver post-CPGE diplomas that are not ISCED 6 first degrees and were not priced. | [V002] Under v1.1 the Dauphine income scale counts as government-funded means-tested support (public institution). An LSO Frankfurt track (same scale, taught abroad) also exists and does not change the range. | [R102] R102 (v1.3 aid): govt_need_aid stays targeted; the BCS cash grant now counts (37.1% of students in eligible programmes held a BCS in 2023/24, SIES)."
FRA-IPP,FRA,France,Institut Polytechnique de Paris,38,public,ownership,no,public,14600,100,14700,EUR,uniform,,,41340.46,0.3556,high,moderate_or_high,,,no,high,no,no,yes,unknown,,,,,,2023/24,medium,agree,agree,V002,400,first_degree_headcount,"undated (current web page, accessed 2026-09-26; not verified as 2023/24)",low,https://www.ip-paris.fr/en/about/facts-and-figures,"Institution facts page: 400 Bachelor students out of 11200 students (2300 Master, 7000 Engineering). Engineering-cycle students (post-CPGE, master-level diplôme d'ingénieur) excluded from first-degree; MESR establishment table does not include IP Paris as an aggregate (member schools under other ministries), so no official 2023/24 figure found. Year of the figures not stated. Total headcount alternative: 11200.",10,"Headline uses the only first-degree (licence-grade) route in the evidence, the École polytechnique Bachelor of Science: EU/EEA rate 14,600 EUR/yr for the 2023 intake, plus CVEC 100 EUR by rule application (no X statement). IP Paris's main route, the ingénieur polytechnicien cycle entered by concours after CPGE (salaried military status for French élèves), is NOT an ISCED 6 first degree, and the other member schools' post-CPGE diplomas were not priced; X's own legal status and coverage by the national fee arrêté were not verified. Govt aid 'none': the 2023 X page says Bachelor students are not eligible for CROUS need-based grants (conflict C2, opposing side unopened); inst aid = partial need-based waivers reserved for students admitted with honours (min. residual fee 1,400 EUR)."
FRA-SU,FRA,France,Sorbonne University,59,public,ownership,no,public,170,100,270,EUR,uniform,,,41340.46,0.0065,free,free,,,no,free,yes,yes,unknown,unknown,37.1,37.1,,,,2023/24,medium,agree,agree,V002,29142,first_degree_headcount,2023/24,high,https://data.enseignementsup-recherche.gouv.fr/explore/dataset/fr-esr-statistiques-sur-les-effectifs-d-etudiants-inscrits-par-etablissement/,"Field cursus_lmdl = students (principal enrolments) in LMD cycle L (1er cycle: licence, BUT, PASS/LAS, etc.) at Sorbonne Université; record flag: ""Sans double compte des établissements-composantes pour les EPE"". Principal enrolments incl. CPGE double enrolments: effectif=56879, effectif_sans_cpge=49291; the 7588 CPGE double enrolments are counted within L (L+M+D = effectif), so L excluding CPGE doubles would be 21554 (derived, assumes all CPGE doubles are in L). All campuses; includes part-time; excludes secondary enrolments.",13,"Tuition 170 EUR is a rule application: the SU 2023-24 fee arrêté charges a single licence 'au taux plein fixé dans l'arrêté ministériel', and the national arrêté (version 01/10/2023, read via a WebFetch summary) gives Licence 170 EUR; double licences pay 170 + 113 (not the baseline). CVEC 100 EUR from SU's own 2023-24 notice. Govt aid = BCS grants plus statutory fee waiver and CVEC exemption for boursiers (share of recipients not in evidence); the SU exemptions arrêté was not opened. | [R102] R102 (v1.3 aid): govt_need_aid stays targeted; the BCS cash grant now counts (37.1% of students in eligible programmes held a BCS in 2023/24, SIES)."
FRA-UPSACLAY,FRA,France,Paris-Saclay University,71,public,ownership,no,public,170,100,270,EUR,uniform,,,41340.46,0.0065,free,free,,,no,free,yes,yes,unknown,unknown,37.1,37.1,,,,2023/24,high,agree,agree,V002,20421,first_degree_headcount,2023/24,high,https://data.enseignementsup-recherche.gouv.fr/explore/dataset/fr-esr-statistiques-sur-les-effectifs-d-etudiants-inscrits-par-etablissement/,"Field cursus_lmdl = students (principal enrolments) in LMD cycle L (1er cycle: licence, BUT, PASS/LAS, etc.) at Université Paris-Saclay; record flag: ""Sans double compte des établissements-composantes pour les EPE"". Principal enrolments incl. CPGE double enrolments: effectif=50853, effectif_sans_cpge=48344; the 2509 CPGE double enrolments are counted within L (L+M+D = effectif), so L excluding CPGE doubles would be 17912 (derived, assumes all CPGE doubles are in L). All campuses; includes part-time; excludes secondary enrolments.",13,"Licence 170 EUR and CVEC 100 EUR both stated on the university's 2023-2024 admissions fee page. Double-licence (LDD) students may pay a DU complementary fee equal to the licence rate (fee guide table labelled 2021-22/2022-23, conflict C4, unresolved), which would give 440 EUR; not used in the headline. The composantes' engineering diplomas (CentraleSupélec, AgroParisTech, IOGS) are post-CPGE, not ISCED 6 first degrees, and were not priced; the 2023 exemptions deliberation was not opened. | [R102] R102 (v1.3 aid): govt_need_aid stays targeted; the BCS cash grant now counts (37.1% of students in eligible programmes held a BCS in 2023/24, SIES)."
FRA-ENSL,FRA,France,École normale supérieure de Lyon,184,public,ownership,no,public,170,100,270,EUR,uniform,,,41340.46,0.0065,free,free,,,no,free,yes,yes,unknown,unknown,37.1,37.1,,,,2023/24,medium,agree,agree,V002,90,first_degree_headcount,2023/24,medium,https://data.enseignementsup-recherche.gouv.fr/explore/dataset/fr-esr-statistiques-sur-les-effectifs-d-etudiants-inscrits-par-etablissement/,"Field cursus_lmdl = students (principal enrolments) in LMD cycle L (1er cycle: licence, BUT, PASS/LAS, etc.) at École normale supérieure de Lyon; record flag: ""Sans double compte des établissements-composantes pour les EPE"". Principal enrolments incl. CPGE double enrolments: effectif=2324, effectif_sans_cpge=2324; the 0 CPGE double enrolments are counted within L (L+M+D = effectif), so L excluding CPGE doubles would be 90 (derived, assumes all CPGE doubles are in L). All campuses; includes part-time; excludes secondary enrolments. Normaliens mainly register at master level; L count is small.",12,"Headline uses the only route entered from secondary school, the Bachelor-CPES 'sciences et société' (170 EUR for 2023-2024, plus CVEC 100 EUR); its degree level is not stated in the evidence. ENS Lyon's main route, the diplôme de l'ENS (213 EUR for salaried normaliens élèves, 107 EUR for normaliens étudiants), is entered at L3 and is NOT an ISCED 6 first degree. Inst aid = exemption of boursiers from the diplôme fee (livret 2023-24), which applies to the diplôme route, not CPES. | [R102] R102 (v1.3 aid): govt_need_aid stays targeted; the BCS cash grant now counts (37.1% of students in eligible programmes held a BCS in 2023/24, SIES)."
CHL-PUC,CHL,Chile,Pontifical Catholic University of Chile,103,private_nonprofit,legal_form,yes,private_govt_dependent,6050000,167500,6217500,CLP,midpoint_of_range,3313500,9121500,14349611.56,0.4333,high,moderate_or_high,moderate,high,yes,high,yes,unknown,yes,unknown,,,,,,2023,high,agree,agree,V003,31859,first_degree_headcount,2023 (MAT_2023; Chilean academic year = calendar year),high,https://www.mifuturo.cl/wp-content/uploads/2026/07/Matricula_2007_2026_WEB_10_07_2026.zip,"Derived sum of TOTAL MATRÍCULA over program rows with AÑO=MAT_2023, CÓDIGO DE INSTITUCIÓN=86, NIVEL GLOBAL=Pregrado, excluding 'Técnico de Nivel Superior' carreras: Profesional Con Licenciatura 26,707 + Licenciatura No Conducente a Título 2,403 + Bachillerato/Ciclo Inicial/Plan Común 2,749. All campuses (sedes), modalities and schedules (jornadas); excludes posgrado and postítulo. Data file released 10 July 2026 (current SIES revision of 2023 enrolment).",9,"Sticker price billed to a student without aid: DR 35/2023 'Arancel Promoción 2023' = SIES 2023 range 3,146,000-8,954,000 (60 programmes), plus the 2023 Derecho de Matrícula 167,500 (paid once at entry per the decree; SIES labels it annual; continuing students pay 35,500; CONFLICTS #4). Private (SIES 'Universidades Privadas CRUCH'); non-profit sub-type not documented because the statute is login-gated; govt_dependent=yes because PUC is CRUCH and adscrita a gratuidad. Gratuidad (bottom 60%) makes it free for eligible students; the state's arancel de referencia is not the price; min/max include the matrícula."
CHL-UCH,CHL,Chile,University of Chile,159,public,ownership,no,public,5412450,177300,5589750,CLP,midpoint_of_range,3231600,7947900,14349611.56,0.3895,high,moderate_or_high,moderate,high,yes,high,yes,unknown,yes,yes,,,,,,2023,high,agree,agree,V003,37086,first_degree_headcount,2023 (MAT_2023; Chilean academic year = calendar year),high,https://www.mifuturo.cl/wp-content/uploads/2026/07/Matricula_2007_2026_WEB_10_07_2026.zip,"Derived sum of TOTAL MATRÍCULA over program rows with AÑO=MAT_2023, CÓDIGO DE INSTITUCIÓN=70, NIVEL GLOBAL=Pregrado, excluding 'Técnico de Nivel Superior' carreras: Profesional Con Licenciatura 31,027 + Licenciatura No Conducente a Título 2,274 + Bachillerato/Ciclo Inicial/Plan Común 3,785. All campuses (sedes), modalities and schedules (jornadas); excludes posgrado and postítulo. Data file released 10 July 2026 (current SIES revision of 2023 enrolment).",10,"Published 2023 arancel for new students (decile 10 / no aid), SIES 2023 filtered range 3,054,300-7,770,600, plus Derecho Básico de Matrícula Anual 177,300. The institutional page adds Etapa Básica Artes-Artes Plásticas at 2,837,700 (range 2,837,700-7,770,600; CONFLICTS #1); this moves the midpoint by about 108,000. State university (public-law person); gratuidad covers the bottom 60%; the arancel ajustado for RSH <=90% non-gratuity students exists (2023 amounts missing); the arancel de referencia is not the price."
CHL-USACH,CHL,Chile,University of Santiago Chile,410,public,ownership,no,public,4893280,185000,5078280,CLP,midpoint_of_range,3317640,6838920,14349611.56,0.3539,high,moderate_or_high,moderate,high,yes,high,yes,unknown,yes,unknown,,,,,,2023,high,agree,agree,V003,23093,first_degree_headcount,2023 (MAT_2023; Chilean academic year = calendar year),high,https://www.mifuturo.cl/wp-content/uploads/2026/07/Matricula_2007_2026_WEB_10_07_2026.zip,"Derived sum of TOTAL MATRÍCULA over program rows with AÑO=MAT_2023, CÓDIGO DE INSTITUCIÓN=71, NIVEL GLOBAL=Pregrado, excluding 'Técnico de Nivel Superior' carreras: Profesional Con Licenciatura 21,981 + Profesional Sin Licenciatura 718 + Licenciatura No Conducente a Título 103 + Bachillerato/Plan Común 291; excludes Técnico de Nivel Superior 247 (all pregrado incl. técnico = 23,340) and excludes 230 students in a program listed as 'UNIVERSIDAD DE SANTIAGO DE CHILE (* CARRERA EN CONVENIO U. IBEROAMERICANA)'. All campuses (sedes), modalities and schedules (jornadas); excludes posgrado and postítulo. Data file released 10 July 2026 (current SIES revision of 2023 enrolment).",9,"Decile-10 / no-aid arancel 2023 (= SIES published value) 3,132,640-6,653,920 over 70 programmes, plus matrícula 185,000 (SIES 'Matrícula Anual'; the guide calls it semestral without an amount, CONFLICTS #3). The TNE card fee is collected with the matrícula but its amount and compulsoriness are not established. Deciles 7-9 pay the adjusted schedule (up to 6,455,145); gratuidad covers the bottom 60%; the arancel de referencia is not the price."
CHL-UAI,CHL,Chile,Adolfo Ibáñez University,567,private_nonprofit,legal_form,no,private_not_govt_dependent,7222761,775126,7997887,CLP,midpoint_of_range,7081829,8913944,14349611.56,0.5574,high,moderate_or_high,high,high,no,high,yes,unknown,yes,unknown,,,,,,2023,medium,agree,agree,V003,10583,first_degree_headcount,2023 (MAT_2023; Chilean academic year = calendar year),high,https://www.mifuturo.cl/wp-content/uploads/2026/07/Matricula_2007_2026_WEB_10_07_2026.zip,"Derived sum of TOTAL MATRÍCULA over program rows with AÑO=MAT_2023, CÓDIGO DE INSTITUCIÓN=23, NIVEL GLOBAL=Pregrado, excluding 'Técnico de Nivel Superior' carreras: Profesional Con Licenciatura 7,628 + Bachillerato/Ciclo Inicial/Plan Común 2,955. All campuses (sedes), modalities and schedules (jornadas); excludes posgrado and postítulo. Data file released 10 July 2026 (current SIES revision of 2023 enrolment).",9,"Original amounts in UF: arancel 180-230 UF (midpoint 205), matrícula 21 UF (Viña) / 23 UF (Peñalolén) (midpoint 22); min = 180+21 UF (Viña Derecho/Psicología), max = 230+23 UF (Peñalolén); converted at UAI's stated 'valor de la UF al 15 de enero de 2023 = 35.232,98' (UAI Aranceles Admisión 2023 page); actual CLP varies with UF on payment dates. Not adscrita a gratuidad; BJGM/BEA/BB eligibility unverified (govt aid unknown). Beca Total UAI (100%, deciles 1-6 plus high score) is targeted institutional need-and-merit aid. Control from an undated self-description ('privada, sin fines de lucro')."
CHL-UDEC,CHL,Chile,University of Concepción,601-610,private_nonprofit,legal_form,yes,private_govt_dependent,6075754,150000,6225754,CLP,midpoint_of_range,3517580,8933928,14349611.56,0.4339,high,moderate_or_high,moderate,high,yes,high,yes,unknown,yes,yes,,,,,,2023,medium,agree,agree,V003,26129,first_degree_headcount,2023 (MAT_2023; Chilean academic year = calendar year),high,https://www.mifuturo.cl/wp-content/uploads/2026/07/Matricula_2007_2026_WEB_10_07_2026.zip,"Derived sum of TOTAL MATRÍCULA over program rows with AÑO=MAT_2023, CÓDIGO DE INSTITUCIÓN=87, NIVEL GLOBAL=Pregrado, excluding 'Técnico de Nivel Superior' carreras: Profesional Con Licenciatura 25,780 + Licenciatura No Conducente a Título 141 + Bachillerato/Plan Común 208. All campuses (sedes), modalities and schedules (jornadas); excludes posgrado and postítulo. Data file released 10 July 2026 (current SIES revision of 2023 enrolment).",7,"Published 2023 arancel from SIES only (institutional 2023 decree not found): 3,367,580-8,783,928 over 89 programmes, plus Cuota Básica 150,000 (SIES; recurs annually per the 2024 decree). Corporación de Derecho Privado under Código Civil Title XXXIII (statute text dated 1990, not verified as the 2023 version); govt_dependent=yes as CRUCH and adscrita a gratuidad. Gratuidad covers the bottom 60%; internal UdeC becas exist but their terms were not collected; the arancel de referencia is not the price."
JPN-UTOKYO,JPN,Japan,The University of Tokyo,28,public,ownership,no,public,535800,0,535800,JPY,uniform,,,4947394.59,0.1083,moderate,moderate_or_high,,,no,low_moderate,yes,yes,yes,unknown,,,,,,2023/24,high,agree,agree,V002,13974,first_degree_headcount,"2023 (as of 1 May 2023, AY2023)",high,https://www.u-tokyo.ac.jp/content/400215809.pdf,"Enrolled undergraduate students (在籍者, 学部学生) of all faculties incl. Junior Division (前期課程・教養学部) as of 1 May 2023; men 11,044 + women 2,930. Includes international students and students on leave of absence (listed separately as sub-counts); excludes research students (研究生) and auditors (聴講生). Undergraduate study in Japan is full-time.",14,"National university corporation (国立大学法人, Appended Table 1). Tuition 535,800 JPY/yr (ministerial standard), paid in two halves in May and November of 令和5年度 (Apr 2023-Mar 2024); the fee page has no year label and is dated by its May 2023 capture. One-off admission fee 282,000 JPY and examination/common-test fees are excluded per protocol; no recurring compulsory charge beyond tuition was found in the fee schedule (not a sourced zero). Govt aid = national 修学支援新制度 (full/2/3/1/3 tuition and admission-fee reduction plus JASSO grant for residence-tax-exempt and near-exempt households; middle-income expansion starts only FY2024). Inst aid = UTokyo half/full exemption within budget (full possible at household income <= 2.18m JPY, or <= 4.0m salary-only)."
JPN-KYOTO,JPN,Japan,Kyoto University,46,public,ownership,no,public,535800,0,535800,JPY,uniform,,,4947394.59,0.1083,moderate,moderate_or_high,,,no,low_moderate,yes,yes,yes,unknown,,,,,,2023/24,high,agree,agree,V002,12770,first_degree_headcount,"2023 (as of 1 May 2023, AY2023)",high,https://www.kyoto-u.ac.jp/sites/default/files/inline-files/KyotoU_factsandfigures2023_5-2f124f258d290e450fcc51a0b7439013.pdf,"Undergraduate students (学部学生) across all faculties, men 9,908 + women 2,862; includes 219 international (student-visa) students (内数). Excludes auditors (聴講生) and credited auditors (科目等履修生), which bring the table total to 12,852. Date: the Facts and Figures 2023 student pages refer to 令和5年5月1日現在 (explicit on the same spread for trainees; trend chart labels 令和5年 = 12,770).",13,"National university corporation. Tuition 535,800 JPY/yr (fee page and 規程 別表第1; two halves, May and November). One-off admission fee 282,000 JPY and examination/common-test fees are excluded per protocol; no recurring compulsory charge beyond tuition was found in the fee schedule (not a sourced zero). Govt aid = national 修学支援新制度 (full/2/3/1/3 tuition and admission-fee reduction plus JASSO grant for residence-tax-exempt and near-exempt households; middle-income expansion starts only FY2024). Inst aid = Kyoto's own full/half exemption for students outside the national scheme and top-up of 1/3 and 2/3 awards, with a limited number of awards; accident insurance is required 'in principle' (2024 wording) and its 2023 premium is missing."
JPN-OSAKA,JPN,Japan,Osaka University,80,public,ownership,no,public,535800,0,535800,JPY,uniform,,,4947394.59,0.1083,moderate,moderate_or_high,,,no,low_moderate,yes,yes,unknown,unknown,,,,,,2023/24,high,agree,agree,V002,14986,first_degree_headcount,"2023 (as of 1 May 2023, AY2023)",high,https://www.osaka-u.ac.jp/ja/guide/public-relations/profile/files/Profile2023_p21.pdf/@@download/file,"Current undergraduate students (学部 現員) across all 11 faculties as of 1 May 2023 (women 5,155 in parentheses, included). Includes international students (not separately stated on this page). Graduate students separate.",12,"National university corporation. Tuition 535,800 JPY/yr (FY2023 fee page; two instalments, May and November). One-off admission fee 282,000 JPY and examination/common-test fees are excluded per protocol; no recurring compulsory charge beyond tuition was found in the fee schedule (not a sourced zero). Govt aid = national 修学支援新制度 (full/2/3/1/3 tuition and admission-fee reduction plus JASSO grant for residence-tax-exempt and near-exempt households; middle-income expansion starts only FY2024). Osaka's own exemption criteria are missing (2023 page JavaScript-rendered and empty), so inst aid is unknown; the compulsory accident-insurance premium (3,300 JPY for four years) is a one-off paid to the insurer and is excluded."
JPN-TITECH,JPN,Japan,Tokyo Institute of Technology,91,public,ownership,no,public,635400,0,635400,JPY,uniform,,,4947394.59,0.1284,moderate,moderate_or_high,,,no,low_moderate,yes,yes,no,yes,,,,,,2023/24,high,agree,agree,V002,4776,first_degree_headcount,"2023 (as of 1 May 2023, AY2023)",high,https://www.titech.ac.jp/public-relations/pdf/facts-2-student-2023.pdf,"Bachelor's programme students (学士課程学生数（総計）), years 1-4, men 4,150 + women 626, as of 1 May 2023; includes international students (232 in the school-based table) and the small number of legacy faculty/類 students (10 + 1). Institution merged with Tokyo Medical and Dental University into Institute of Science Tokyo on 1 Oct 2024; figure is for the pre-merger Tokyo Institute of Technology.",15,"National university corporation during 令和5年度 (merged into Institute of Science Tokyo in October 2024). Tuition 635,400 JPY/yr for bachelor's entrants from April 2019 onward (above the 535,800 standard, within the 120% ceiling of the ordinance); the national-scheme cap is 535,800, and whether Category I students were exempted from the 99,600 excess is missing. One-off admission fee 282,000 JPY and examination/common-test fees are excluded per protocol; no recurring compulsory charge beyond tuition was found in the fee schedule (not a sourced zero). Govt aid = national 修学支援新制度 (full/2/3/1/3 tuition and admission-fee reduction plus JASSO grant for residence-tax-exempt and near-exempt households; middle-income expansion starts only FY2024). The university's own exemption scheme is listed only for graduate students; named bachelor's scholarships were not collected, so inst aid is unknown."
JPN-TOHOKU,JPN,Japan,Tohoku University,113,public,ownership,no,public,535800,0,535800,JPY,uniform,,,4947394.59,0.1083,moderate,moderate_or_high,,,no,low_moderate,yes,yes,no,yes,,,,,,2023/24,high,agree,agree,V002,10644,first_degree_headcount,"2023 (as of 1 May 2023, AY2023)",high,https://www.bureau.tohoku.ac.jp/koho/pub/gaiyou/gaiyou2023/pdf/gaiyo2023_29.pdf,"Enrolled undergraduate students (学部学生 在籍者) as of 1 May 2023, women 2,898 included; includes 198 international students (国費70 + 私費128). Excludes research students, auditors etc. (298). Current university web page only shows 2025 data (10,733), so the 2023 university overview PDF is used.",14,"National university corporation. Tuition 535,800 JPY/yr (2023年度 fee page; two debits, May and November). One-off admission fee 282,000 JPY and examination/common-test fees are excluded per protocol; no recurring compulsory charge beyond tuition was found in the fee schedule (not a sourced zero). Govt aid = national 修学支援新制度 (full/2/3/1/3 tuition and admission-fee reduction plus JASSO grant for residence-tax-exempt and near-exempt households; middle-income expansion starts only FY2024). Tohoku states that Japanese undergraduates are in principle covered only by the national scheme; whether it tops up Category II/III students is missing, so inst aid is unknown. | [R104, supersedes an earlier statement in this note] Tohoku states that Japanese undergraduates are in principle covered only by the national scheme for fee exemption; inst aid targeted (R104) via the Tohoku University Fund 修学支援基金 cash grant (360,000 JPY/yr, about 50 undergraduates per year, economic hardship; 2023-09 capture, 2023 round not verified)."
CHN-PKU,CHN,China,Peking University,=17,public,ownership,no,public,5500,0,5500,CNY,midpoint_of_range,5000,6000,91746.12,0.0599,low_moderate,low_to_low_moderate,low_moderate,low_moderate,no,low_moderate,unknown,yes,unknown,yes,,,,,,2023/24,high,agree,agree,V002,18104,first_degree_headcount,2023-2024 academic year,high,https://xxgk.pku.edu.cn/docs/2025-10/1b8fda8573e945d18c9ce0a7415ea5a7.pdf,"普通本科在校生 (regular full-time undergraduate students enrolled), Peking University, AY2023-24. The same sentence lists 1,286 undergraduate international students (本科留学生) separately; whether they are contained in the 18,104 is not stated (appears separate; not added). Full-time student total 44,294. Campus coverage (incl. Health Science Centre) not stated.",15,"State-established (国家举办) public institution legal person under MoE. Tuition from PKU's September 2023 fee disclosure (actual charges): 5,000 general, 5,000/5,300 science and engineering, 6,000 medicine; midpoint of 5,000-6,000. Credit-priced software engineering (400 CNY/credit, 80 credits) excluded because no annual load is stated; the network fee (10 CNY/month, compulsoriness not stated) and bedding are excluded, accommodation is excluded, and no other compulsory charge was found (not a sourced zero). Govt aid = national grant (国家助学金) for about 20% of undergraduates, 2,000-4,500 CNY/yr (2021 rule, amendments to 2023/24 not checked); loans excluded. Inst aid = PKU 五四助学金 (need-based; from an undated page). | [R104, supersedes an earlier statement in this note] Govt aid targeted (R104, v1.3 counts cash grants): national need-based grant 国家助学金 (~20% of undergraduates, 2,000-4,500 CNY/yr, avg 3,300; 2021 rule in force for 2023/24; avg raised to 3,700 only from autumn 2024) and need+merit 国家励志奖学金 (~3%, 5,000 CNY/yr), both centrally funded for central universities; national rule applied to the institution, recipient share not collected; loans excluded."
CHN-THU,CHN,China,Tsinghua University,25,public,ownership,no,public,7500,0,7500,CNY,midpoint_of_range,5000,10000,91746.12,0.0817,low_moderate,low_to_low_moderate,low_moderate,moderate,yes,low_moderate,unknown,yes,unknown,yes,,,,,,2023/24,medium,agree,agree,V002,15530,first_degree_headcount,2023-2024 academic year,high,https://www.tsinghua.edu.cn/__local/C/9B/FD/BA078DEA9FD003289CCF5BADF97_A846EFE9_88225.pdf,"全日制在校本科生 (full-time enrolled undergraduates), Tsinghua University, AY2023-24; undergraduates = 33.35% of full-time students excl. 进修生. Inclusion of international undergraduates not stated.",13,"State-established public institution legal person under MoE (charter text as amended 19 Dec 2023). Tuition 5,000 CNY for most majors and 10,000 for fine arts and design, from the 2023 admissions charter as reposted by eol.cn (no official 2023 Tsinghua fee source was accessible); midpoint of 5,000-10,000. Other compulsory charges were not documented (missing, not zero). Govt aid = national grant (国家助学金) for about 20% of undergraduates, 2,000-4,500 CNY/yr (2021 rule, amendments to 2023/24 not checked); loans excluded. Inst aid = travel support for needy 2023 freshmen (amount by distance); institutional grant amounts missing. | [R104, supersedes an earlier statement in this note] Govt aid targeted (R104, v1.3 counts cash grants): national need-based grant 国家助学金 (~20% of undergraduates, 2,000-4,500 CNY/yr, avg 3,300; 2021 rule in force for 2023/24; avg raised to 3,700 only from autumn 2024) and need+merit 国家励志奖学金 (~3%, 5,000 CNY/yr), both centrally funded for central universities; national rule applied to the institution, recipient share not collected; loans excluded."
CHN-ZJU,CHN,China,Zhejiang University,=44,public,ownership,no,public,7150,0,7150,CNY,midpoint_of_range,5300,9000,91746.12,0.0779,low_moderate,low_to_low_moderate,low_moderate,low_moderate,no,low_moderate,unknown,yes,unknown,unknown,,,,,,2023/24,medium,agree,agree,V002,26859,first_degree_headcount,2023-2024 academic year (as of August 2024),high,https://www.zju.edu.cn/_upload/article/files/82/31/2d48f8b047f298dfeae9ee6cd0fa/52bf921d-79d5-419f-a723-6b4e727c7abd.pdf,"本科生 among full-time students (全日制学生 70,296), Zhejiang University, as of August 2024 (end of AY2023-24). International students (3,394, of whom 1,810 undergraduates) are reported in a separate clause; the 26,859 appears to exclude them (not verified).",17,"State-established, MoE-supervised public institution. Tuition = first-year pre-collection amounts in the 2023 admissions charter (eol.cn repost): 5,300 other, 5,500 agriculture, 6,000 engineering/medicine, 9,000 arts, with listed majors 15% higher (e.g. 6,900 for up-rated engineering); settled on credits at year end and not reconciled with the university's specialty-fee + 120 CNY/credit disclosure (conflict 3). Haining Sino-foreign cooperative programmes (160,000) and years-3/4 software fees are excluded; if an arts-category major is on the +15% list the max would be 10,350; basic medical insurance (90/yr) is excluded as health insurance. Govt aid = national grant (国家助学金) for about 20% of undergraduates, 2,000-4,500 CNY/yr (2021 rule, amendments to 2023/24 not checked); loans excluded. | [R104, supersedes an earlier statement in this note] Govt aid targeted (R104, v1.3 counts cash grants): national need-based grant 国家助学金 (~20% of undergraduates, 2,000-4,500 CNY/yr, avg 3,300; 2021 rule in force for 2023/24; avg raised to 3,700 only from autumn 2024) and need+merit 国家励志奖学金 (~3%, 5,000 CNY/yr), both centrally funded for central universities; national rule applied to the institution, recipient share not collected; loans excluded."
CHN-FDU,CHN,China,Fudan University,50,public,ownership,no,public,6950,0,6950,CNY,midpoint_of_range,6500,7400,91746.12,0.0758,low_moderate,low_to_low_moderate,low_moderate,low_moderate,no,low_moderate,unknown,yes,yes,yes,,,,,,2023/24,medium,agree,agree,V002,15586,first_degree_headcount,2024 (report for AY2023-2024; exact reference date not stated in sentence),medium,https://jwc.fudan.edu.cn/_upload/article/files/63/5e/0867b076482383ec40fd43bd2a4c/c1ce40c6-79b5-46b9-858e-df51bad3d747.pdf,"普通本科生 (regular undergraduates) among 49,343 full-time students, Fudan University, stated for '2024年' in the 2023-2024 teaching quality report. Separately: 2,197 international students, of whom 1,304 undergraduate-degree students; whether these are within 15,586 is not stated. Reference date (spring vs autumn 2024) not verified.",14,"State-established public institution legal person under MoE. Tuition from Fudan's official autumn-2023 schedule for 2023 entrants: 6,500 humanities, 7,000 science/engineering/sport, 7,400 medicine (midpoint of 6,500-7,400); the 2023 admissions charter gives 6,500-8,140 (conflict 2; that range would give 7,320), arts for 2023 entrants is not listed, and credit-priced software is excluded. No compulsory charge beyond tuition was listed (insurance and others missing). Govt aid = national grant (国家助学金) for about 20% of undergraduates, 2,000-4,500 CNY/yr (2021 rule, amendments to 2023/24 not checked); loans excluded. Inst aid = grants, emergency aid and tuition reductions named in the 2023 charter (no amounts). | [R104, supersedes an earlier statement in this note] Govt aid targeted (R104, v1.3 counts cash grants): national need-based grant 国家助学金 (~20% of undergraduates, 2,000-4,500 CNY/yr, avg 3,300; 2021 rule in force for 2023/24; avg raised to 3,700 only from autumn 2024) and need+merit 国家励志奖学金 (~3%, 5,000 CNY/yr), both centrally funded for central universities; national rule applied to the institution, recipient share not collected; loans excluded."
CHN-SJTU,CHN,China,Shanghai Jiao Tong University,51,public,ownership,no,public,10400,0,10400,CNY,midpoint_of_range,6500,14300,91746.12,0.1134,moderate,moderate_or_high,low_moderate,moderate,yes,low_moderate,unknown,yes,unknown,unknown,,,,,,2023/24,medium,agree,agree,V002,18607,first_degree_headcount,2023-2024 academic year,medium,https://gk.sjtu.edu.cn/Assets/userfiles/sys_eb538c1c-65ff-4e82-8e6a-a1ef01127fed/files/20241217/20241217100740133.pdf,"普通本科生数 (regular undergraduates), Shanghai Jiao Tong University, AY2023-24: year 1 4,811, year 2 4,355, year 3 4,128, year 4 4,356, other 957. International students reported separately (1,517 undergraduate). SJTU School of Medicine publishes its own teaching-quality report; whether its undergraduates are included here is not stated (not verified).",18,"State-established, MoE-supervised public institution. Tuition from SJTU's official schedule of 2023-09-15 for autumn-2023 entrants: 6,500-7,150 humanities, 7,000-7,700 science/engineering, 7,400-8,140 medicine, 13,000-14,300 arts (midpoint of 6,500-14,300); Sino-foreign cooperative institutes (75,000; up to 45,000) and years-3/4 credit-priced software are excluded. The schedule excludes the School of Medicine; the admissions charter (repost) adds Clinical Medicine English class 19,500 and French class 10,000, which would raise the max to 19,500 and the midpoint to 13,000. Govt aid = national grant (国家助学金) for about 20% of undergraduates, 2,000-4,500 CNY/yr (2021 rule, amendments to 2023/24 not checked); loans excluded. | [R104, supersedes an earlier statement in this note] Govt aid targeted (R104, v1.3 counts cash grants): national need-based grant 国家助学金 (~20% of undergraduates, 2,000-4,500 CNY/yr, avg 3,300; 2021 rule in force for 2023/24; avg raised to 3,700 only from autumn 2024) and need+merit 国家励志奖学金 (~3%, 5,000 CNY/yr), both centrally funded for central universities; national rule applied to the institution, recipient share not collected; loans excluded."
MEX-UNAM,MEX,Mexico,National Autonomous University of Mexico,=93,public,ownership,no,public,0,0,0,MXN,uniform,0,225,245618.04,0.0000,free,free,free,free,no,free,not_applicable,yes,not_applicable,yes,,,,,,2023/24,medium,agree,agree,V003,229141,first_degree_headcount,2023-2024 school cycle (start-of-cycle enrolment),high,https://anuario.anuies.mx/,"Nivel LICENCIATURA UNIVERSITARIA Y TECNOLÓGICA, Matrícula Total, all campuses and all modalities (escolarizada, no escolarizada/distance, mixta) as aggregated by ANUIES; full- and part-time not distinguished. Excludes especialidad 17,763, maestría 8,302, doctorado 4,826. UNAM baccalaureate (bachillerato) is upper-secondary and not in this table.",12,"Headline 0 rests on the DGAE Instructivo for 2023-24 entry ('la UNAM no cobra ni colegiaturas ni inscripción'); the Reglamento General de Pagos (1966, stated as in force) still lists nominal annual cuotas of $200.00 or $105.00 by programme tier plus a 'Médico-deportivo' charge of $25.00 of unstated frequency, whose currency unit (possibly pre-1993 pesos) and actual collection are unverified and which a secondary source calls a voluntary '20 centavos' payment, so charge_max 225 records this contested nominal maximum, not a programme range (packet CONFLICTS C2, unresolved). Need-based support found is cash maintenance stipends (UNAM Beca de Manutención 2024-1, Bécalos, federal Jóvenes Escribiendo el Futuro), not fee aid, so both aid fields are left unknown. | [R103] R103 (v1.3): the 'both aid fields are left unknown' clause is superseded. Cash stipends now count: government targeted (JEF 2023), institution targeted (Manutención UNAM 2024-1)."
MEX-ITESM,MEX,Mexico,Monterrey Institute of Technology (Tec de Monterrey),=184,private_nonprofit,legal_form,no,private_not_govt_dependent,277749,0,277749,MXN,midpoint_of_range,219168,336330,245618.04,1.1308,high,moderate_or_high,high,high,no,high,no,no,yes,unknown,,,,,,2023/24,medium,agree,agree,V003,52525,first_degree_headcount,2023-2024 school cycle (start-of-cycle enrolment),medium,https://anuario.anuies.mx/,"Nivel LICENCIATURA UNIVERSITARIA Y TECNOLÓGICA, Matrícula Total, all campuses and modalities registered under this institution name; postgraduate rows (especialidad 423, maestría 594, doctorado 700) look low relative to the institution size, so some units may be reported under other names; licenciatura figure taken as reported.",15,"Annual = Aug-Dec 2023 + Feb-Jun 2024 Tec21 'contado' prices for 18 credits (the stated regular load); range from Irapuato/Zacatecas Tradicional (109,584 x 2) to Monterrey Médico Cirujano (160,542 + 175,788) across campuses and programmes; Puebla has no Tec21 row for Aug-Dec 2023 and the Feb-Jun 2024 extremes are the collector's summary of the capture. No registration fee is listed; the compulsory SGMM health insurance (waivable with own policy) is excluded, and the 'Seguro de pago de colegiaturas' ($1,845 / $2,065 per semester), whose compulsory status is not stated, is also excluded. Institutional need-based Beca Socioeconómica (grant plus loan) and Líderes del Mañana (100%) exist; the becas page is from the 2024-entry cycle; the Préstamo Educativo Tec is a loan and is not coded."
MEX-ITAM,MEX,Mexico,Autonomous Technological Institute of Mexico,651-660,private_nonprofit,legal_form,no,private_not_govt_dependent,217750,,217750,MXN,midpoint_of_range,201000,234500,245618.04,0.8865,high,moderate_or_high,high,high,no,high,no,no,yes,unknown,,,,,,"2023 (Jan-May 2023 semester; press, approximate per-credit rate)",low,agree,agree,V003,3481,first_degree_headcount,2023-2024 school cycle (start-of-cycle enrolment),medium,https://anuario.anuies.mx/,"Nivel LICENCIATURA UNIVERSITARIA Y TECNOLÓGICA, Matrícula Total, as reported to ANUIES/SEP 911 under this institution name; maestría 376, doctorado 1. Figure not cross-checked against ITAM own reports.",9,"2023/24 per-credit tuition and the one-off 'cuota de NUEVO INGRESO' were not found (only a Jan-May 2025 table at $4,020 per credit, not used); tuition is per credit, paid in five instalments per semester, and a private major-medical policy is required (excluded). Control: escuela libre universitaria sponsored by Asociación Mexicana de Cultura, A.C., which may never recover its contributions (Estatuto 2018 Art. 2), read as non-profit. The Reglamento de Ayuda Financiera (2019 PDF; version in force in 2023/24 not verified) gives becas (fee exemptions) for 'escasos recursos económicos' students plus separate loans."
MEX-UPAN,MEX,Mexico,Panamerican University,661-670,private_nonprofit,legal_form,no,private_not_govt_dependent,253400,57466,310866,MXN,midpoint_of_range,288724,333008,245618.04,1.2656,high,moderate_or_high,high,high,no,high,no,no,yes,unknown,,,,,,"2022/23 (fees valid Aug 2022-Jun 2023; nearest year, same regime, flagged)",medium,agree,agree,V003,12005,first_degree_headcount,2023-2024 school cycle (start-of-cycle enrolment),medium,https://anuario.anuies.mx/,"Nivel LICENCIATURA UNIVERSITARIA Y TECNOLÓGICA, Matrícula Total for the institution named exactly 'UNIVERSIDAD PANAMERICANA' (all campuses reported under that name: CDMX, Guadalajara, Aguascalientes as aggregated by ANUIES); excludes separately-named 'PANAMERICANA DE PUEBLA, CENTRO DE ESTUDIOS SUPERIORES' (222) and 'UNIVERSIDAD PANAMERICANA DE NUEVO LAREDO' (29), which are distinct names.",14,"No 2023/24 tuition, semestral inscripción, SGMM or 'seguro de orfandad' amounts were found: the fee breakdown sits behind a lead-capture form that the collector did not submit, and the only document seen is a 2025 PDF (not used). Control coded private_nonprofit from ownership by asociaciones civiles (Centros Culturales de México, A.C.; Bona Terra, A.C.; live page), an inference from the A.C. form because no document states non-profit status explicitly. Reglamento General (2020 text) Art. 91 provides need-based becas; amounts are missing."
MEX-COLMEX,MEX,Mexico,El Colegio de México,681-690,public,ownership_and_appointment,no,public,0,,0,MXN,uniform,,,245618.04,0.0000,free,free,,,no,free,not_applicable,unknown,not_applicable,yes,,,,,,2024 entry (nearest intake; no licenciatura intake in 2023/24),low,agree,agree,V003,94,first_degree_headcount,2023-2024 school cycle (start-of-cycle enrolment),high,https://anuario.anuies.mx/,"Nivel LICENCIATURA UNIVERSITARIA Y TECNOLÓGICA, Matrícula Total; COLMEX is predominantly postgraduate (maestría 172, doctorado 217).",12,"No first-year licenciatura cohort entered in 2023/24 (programmes open every two years; next call November 2023 for 2024 entry), so the row uses the nearest cycle: the CEI FAQ (March 2023 capture) states that every accepted student automatically receives a 'beca de colegiatura' covering the cost of studies, and the CEE FAQ (live, 2026 cycle) states that COLMEX 'no cobra colegiatura' to Mexican students; the gross tuition is unpublished and no recurring charge is published (compulsory fees left empty, not zero), so headline 0 assumes no undocumented compulsory fee. Control is unresolved (packet C4): the Estatuto (2025 version) defines an asociación civil / escuela libre whose founding associates are the federal government (SEP), UNAM, FCE and Banco de México, while COLMEX calls itself an 'institución pública'; govt_dependent_flag yes rests on 2018 Cuenta Pública evidence of 'apoyo presupuestario del Estado' (share not documented). | [R103] R103 (v1.3): control recoded public by the strict test. The only associates in the Asamblea General are state bodies, and the Asamblea appoints the whole Junta de Gobierno (Estatuto 2025 arts. 8, 10). Unresolved context: COLMEX calls itself an 'institución pública' but is absent from the DOF 2022 parastatal list. govt_dependent_flag becomes no (public)."
COL-UNIANDES,COL,Colombia,University of the Andes,198,private_nonprofit,legal_form,no,private_not_govt_dependent,55765000,0,55765000,COP,midpoint_of_range,46030000,65500000,30335723.49,1.8383,high,moderate_or_high,high,high,no,high,unknown,unknown,yes,unknown,,,,,,2023/24,high,agree,agree,V004,17532,first_degree_headcount,"2023, semester 2 (2023-2)",high,https://snies.mineducacion.gov.co/1778/articles-421539_recurso.xlsx,"Derived sum of MATRICULADOS where IES PADRE=1813, NIVEL DE FORMACIÓN='Universitario' (pregrado profesional universitario = first degree), AÑO=2023, SEMESTRE=2; Principal only (no seccional rows); all modalities, all program locations; excludes técnica/tecnológica and postgraduate. Semester 2023-1: 16,919. Colombian headcount is reported per semester.",13,"Annual = 2023-2 (vigencia 2023) + 2024-1 (vigencia 2024) semester tuition from the certified 'derechos pecuniarios': all undergraduate programmes except Medicine 21,870,000 + 24,160,000; Medicine 31,120,000 + 34,380,000; the midpoint is pulled up by the single Medicine rate. No recurring non-tuition charge appears in either certified list (recorded as 0 on that basis, not from a stated zero); the confirmation deposit is credited against tuition. Gratuidad covers public IES only; institutional aid (Beca Preferente by programme, Quiero Estudiar and others) is documented without a confirmed need test, and ICETEX/Progresandes are loans."
COL-UNAL,COL,Colombia,National University of Colombia,226,public,ownership,no,public,24302340,2430234,26732574,COP,full_pay_rate_of_scale,24600,26732574,30335723.49,0.8812,high,moderate_or_high,free,high,yes,high,yes,unknown,unknown,yes,,,,,,2023/24,medium,agree,agree,V004,48541,first_degree_headcount,"2023, semester 2 (2023-2)",high,https://snies.mineducacion.gov.co/1778/articles-421539_recurso.xlsx,"Derived sum of MATRICULADOS where IES PADRE=1101, NIVEL DE FORMACIÓN='Universitario' (pregrado profesional universitario = first degree), AÑO=2023, SEMESTRE=2; Principal 28,323 + Seccional 20,218 (all sedes); all modalities, all program locations; excludes técnica/tecnológica and postgraduate. Semester 2023-1: 28,462 + 20,879 = 49,341. Colombian headcount is reported per semester.",22,"Income-scaled tuition (Acuerdo 100 de 1993): headline = PBM 100 maximum (9.879 x SMMLV: 11,459,640 in 2023-2 + 12,842,700 in 2024-1) plus bienestar at 10% of the table value (1,145,964 + 1,284,270); charge_min = PBM <=11 (tuition exempt) paying bienestar at factor 0.100 (11,600 + 13,000). The in-force text after Acuerdo CSU 3 de 1997 (which modified Art. 1 and 13) is unverified, and the compulsory 'conceptos administrativos' and 'póliza' amounts are missing, so the headline understates compulsory charges by an unknown amount. Most students pay far less than the full-pay rate; the shares by PBM are not published. Government aid is the national Política de Gratuidad (2024-1: estratos 1-3 or sin estrato; 2023-2: Sisbén A-C), coded targeted because the share covered is not documented (possibly broad). | [V004] Acuerdo 100 Art. 13 (1993 text, modified by Acuerdo CSU 3 de 1997, in-force text unread) charges every student 'sistematización' at 8% of the SMMLV per period (about 196,800 COP a year in 2023/24 if unchanged), a further compulsory charge missing from compulsory_fees_std; the band is unaffected."
COL-PUJ,COL,Colombia,Pontifical Xavierian University,347,private_nonprofit,legal_form,no,private_not_govt_dependent,37615000,0,37615000,COP,midpoint_of_range,12761000,62469000,30335723.49,1.2400,high,moderate_or_high,high,high,no,high,unknown,unknown,yes,unknown,,,,,,2023/24,medium,agree,agree,V004,25425,first_degree_headcount,"2023, semester 2 (2023-2)",high,https://snies.mineducacion.gov.co/1778/articles-421539_recurso.xlsx,"Derived sum of MATRICULADOS where IES PADRE=1701, NIVEL DE FORMACIÓN='Universitario' (pregrado profesional universitario = first degree), AÑO=2023, SEMESTRE=2; Principal (Bogotá) 18,505 + Seccional (Cali) 6,920; all modalities, all program locations; excludes técnica/tecnológica and postgraduate. Semester 2023-1: 18,791 + 6,906 = 25,697; Bogotá principal only 18,505. Colombian headcount is reported per semester.",10,"Sede Central (Bogotá) only; Cali not collected. Annual = new-entrant price for 2023-2 ('Valor Matrícula 2023') + cohort 2410+ price for 2024-1 ('Valor Matrícula 2024'), from Ciencia de la Información (6,034,000 + 6,727,000) to Medicina (29,539,000 + 32,930,000), excluding a closed Licenciatura; values were read visually from a scanned Acuerdo 745, and the per-semester unit is not stated in the table header. No recurring charge appears in the Sede Central other-charges table (recorded as 0 on that basis). Aid is mentioned only in general terms; gratuidad does not apply to private IES."
COL-UDEA,COL,Colombia,University of Antioquia,701-710,public,ownership,no,public,27060000,0,27060000,COP,full_pay_rate_of_scale,,27060000,30335723.49,0.8920,high,moderate_or_high,,,no,high,yes,unknown,yes,unknown,,,,,,2023/24,medium,agree,agree,V004,34405,first_degree_headcount,"2023, semester 2 (2023-2)",high,https://snies.mineducacion.gov.co/1778/articles-421539_recurso.xlsx,"Derived sum of MATRICULADOS where IES PADRE=1201, NIVEL DE FORMACIÓN='Universitario' (pregrado profesional universitario = first degree), AÑO=2023, SEMESTRE=2; Principal 33,404 + Seccional 1,001; excludes Tecnológico (527+317) and Formación técnica profesional (3); all modalities, all program locations; excludes técnica/tecnológica and postgraduate. Semester 2023-1: 33,047 + 1,102 = 34,149. Colombian headcount is reported per semester.",18,"Formula-based tuition (RR 47585 de 2021): headline = the statutory maximum of 11 SMMLV per semester (12,760,000 in 2023-2 + 14,300,000 in 2024-1), also paid by applicants who document nothing; charge_min is left empty because the indexed 2023/24 floor is not documented (the 2021-price estrato-1 floor is 117,584 per semester). RR 47585 Art. 7 states undergraduates pay no 'derechos complementarios'; insurance or other charges are not documented. Government aid: Política de Gratuidad (targeted, share not documented). The institutional Matrícula Cero excluded 2023-2 and 2024-1 new entrants; the standing rule (Art. 11(f), 2021 text) gives zero tuition from the second semester to estratos 1-2 meeting academic conditions."
COL-UROSARIO,COL,Colombia,University of Rosario,711-720,private_nonprofit,legal_form,no,private_not_govt_dependent,37127005,0,37127005,COP,midpoint_of_range,9536010,64718000,30335723.49,1.2239,high,moderate_or_high,high,high,no,high,unknown,unknown,yes,unknown,,,,,,2023/24,medium,agree,agree,V004,9348,first_degree_headcount,"2023, semester 2 (2023-2)",high,https://snies.mineducacion.gov.co/1778/articles-421539_recurso.xlsx,"Derived sum of MATRICULADOS where IES PADRE=1714, NIVEL DE FORMACIÓN='Universitario' (pregrado profesional universitario = first degree), AÑO=2023, SEMESTRE=2; Principal only; all modalities, all program locations; excludes técnica/tecnológica and postgraduate. Semester 2023-1: 9,870. Colombian headcount is reported per semester.",13,"New-student semester prices, 2023-2 (Decreto Rectoral 1757) + 2024-1 (Acuerdo 300), net of the programme-wide discounts printed in the schedules (universality inferred from the tables): lowest Licenciaturas (4,530,603 + 5,005,407 after 63.70%), highest Medicina (30,748,000 + 33,970,000, no discount); using list prices the minimum would be 17,817,000 and the midpoint 41,267,500. Values were read visually from scanned acts and the programme coverage is 'observed programmes'. Control: private per homepage footer, non-profit by Ley 30 Art. 98 (statutes not opened). No recurring charge in Acuerdo 303 (recorded as 0 on that basis); aid decrees 1433/1434/1781 were not opened and Crédito UR/ICETEX are loans."
PER-PUCP,PER,Peru,Pontifical Catholic University of Peru,=336,private_nonprofit,legal_form,no,private_not_govt_dependent,43404.58,852.70,44257.28,PEN,full_pay_rate_of_scale,10298.60,49202.10,29647.53,1.4928,high,moderate_or_high,high,high,no,high,yes,yes,yes,unknown,,,,,,2023/24,high,agree,agree,V004,24191,first_degree_headcount,"2023, semester 2 (2023-2)",high,http://web.archive.org/web/20240916014456/https://www.pucp.edu.pe/la-universidad/nuestra-universidad/pucp-cifras/datos-academicos/?seccion=comunidad-universitaria&area=pregrado,"PUCP en cifras, Matriculados en pregrado: 'Total del semestre 2023-2' = sum of Estudios Generales Ciencias (4,452), Estudios Generales Letras (4,890) and all faculties (sum verified); pregrado programmes only (first degree). Semester 2023-1: 25,201. Read from Wayback capture 20240916014456 (page 'Datos actualizados a septiembre de 2024'); live page now shows 2025-1 onward.",19,"Income-assessed scales G1-G9 (G9 = full cost, assigned automatically to families not assessed): headline = G9 credit value (1,078.90 in 2023-2 + 1,118.80 in 2024-1) x 19.75 credits, the midpoint of the 17.5-22 credit programme loads for new entrants, plus G9 matrícula (418.60 + 434.10); charge_min = G1 at 17.5 credits plus G1 matrícula, charge_max = G9 at 22 credits; G1-G3 are 'excepcional'. Student insurance is voluntary (excluded); no other recurring charge found. Institutional need-based aid: the family-assessed scale subsidy (shares by scale not published; could be broad) plus Becas Lucet and 14 Dintilhac becas; Beca 18 is referenced but not collected, and PUCP/PRONABEC credits are loans."
PER-UNMSM,PER,Peru,National University of San Marcos,901-950,public,ownership,no,public,0,11.50,11.50,PEN,uniform,,,29647.53,0.0004,free,free,,,no,free,unknown,yes,unknown,unknown,,,,,,2023/24,medium,agree,agree,V004,34038,undergraduate_headcount,2023 (period 2023-1),high,https://sum.unmsm.edu.pe/assets/MATRICULADOS_PDF/Matriculados20231Pregrado.pdf,"Pregrado students enrolled in academic period 2023-1 (first semester of calendar-year 2023), all 20 faculties, by escuela académica profesional; grand total 'Total :' 34038, verified equal to the sum of the 20 faculty totals. Pregrado = first-degree (bachiller/licenciatura) programmes. Semester snapshot, not an annual unique count; a search snippet mentioned an annual 2023 figure (35,464, annual + semester cycles) on administracion.unmsm.edu.pe, which was NOT opened or verified in this run.",10,"Tuition is free by law for a first degree at a public university (Ley 30220 Art. 100.2 and 100.12, 2014 text) and the TUPA lists matrícula for entrants and regular students as 'GRATUITA'. The compulsory fee is taken as the carné at S/ 11.50 (RR 010074-2021, frequency not stated and treated as once a year); the TUPA-2008 entrant bundle of carné, accident insurance and medical certificate (S/ 66 annual or S/ 51 per semester, on 2008 UIT, applicability to 2023/24 inferred) is excluded as insurance-led. Admission-fee waivers (Tipo A/B, need-based) exist but cover application fees only; tuition aid is moot, so both aid fields are unknown."
PER-UNI,PER,Peru,National University of Engineering,951-1000,public,ownership,no,public,0,11.50,11.50,PEN,uniform,,,29647.53,0.0004,free,free,,,no,free,unknown,yes,unknown,unknown,,,,,,2023/24,medium,agree,agree,V004,11016,first_degree_headcount,"2023, semester 2 (2023-2)",medium,https://www.datosabiertos.gob.pe/sites/default/files/Datos_abiertos_matriculas_2016_1_2024_1.csv,"Count of distinct student records (IDHASH) with ANIO=2023, PERIODO=2 in UNI's open-data file of undergraduate (pregrado) enrolments 2016-1 to 2024-1; all faculties; includes regular, first-year ('Cachimbos'), readmitted and academic-risk enrolment types. Semester 2023-1: 11,119. Derived count (one row per student per period).",11,"Tuition is free by law (Ley 30220 Art. 100.2 and 100.12) and the TUPA-2008 lists the matrícula as 'Gratuito'. The compulsory fee is the carné at S/ 11.50, taken from an October 2024 recital that says this cost was maintained and is 'actualmente se encuentra vigente' (frequency not stated, treated as once a year); the compulsory autoseguro médico (S/ 55 per semester in TUPA-2008; 2023/24 amount missing) is excluded as health insurance. Admission semibecas/becas and SISFOH exemptions reduce application fees only; both aid fields are unknown."
PER-UPCH,PER,Peru,Cayetano Heredia Peruvian University,951-1000,private_nonprofit,legal_form,no,private_not_govt_dependent,37600,1590,39190,PEN,full_pay_rate_of_scale,13465,63715,29647.53,1.3219,high,moderate_or_high,high,high,no,high,yes,yes,yes,unknown,,,,,,"calendar 2024 (2024-I entrants, semesters 2024-1 and 2024-2; 2023-II entrant schedule not found)",medium,agree,agree,V004,7530,undergraduate_headcount,2023 (period 2023-1),high,https://drive.google.com/file/d/1QINBX9jS3GRE1Dyn58GmlZYNv12eVpBI/view?usp=drive_web,"Pregrado students enrolled in period 2023-1 by faculty and programme, all UPCH faculties ('Total general'). Semester snapshot. A 2023-2 report exists in the same public folder (not used). Linked from UPCH transparency page (Ley Universitaria art. 11), item 'Número de Estudiantes de Pregrado Matriculados por Facultad y Carrera 2023', which points to a public Google Drive folder; file listed via Drive's public embedded folder view and downloaded without login.",21,"The 2024-I entrant pension table (categories A-D by the school fee; category E defined but unpriced) runs from S/ 1,200 (TM Radiología/Laboratorio, D) to S/ 6,200 (Medicina, A), but the table does not state whether these are semester totals or instalment amounts (the 2019 Reglamento defines the pensión as a semester amount payable in 5 or 6 cuotas), so no annual amount is computed (blocking dispute); the matrícula exists but its amount is missing. Control from the Reglamento's 'Institución de derecho privado, sin fines de lucro' and SUNEDU 'Gestión: Privada'. Scholarship types (including economic assistance) are reported only as a collector summary without a quote, so aid is left unknown; PRONABEC Beca 18 is described in a guide with no URL. | [V004] Headline = midpoint of full-pay (top-category) cuota across programmes (Educación 1,320 to Medicina 6,200) x 5 cuotas x 2 semesters + matrícula (715 entrant + 875 midpoint of 2024-2 regular rates). The 2024-2 directive labels the 2024-entrant table 'PENSIÓN POR CUOTA (5 CUOTAS)', resolving the earlier unit dispute. Calendar 2024, not 2023/24. Aid: Beca 18 (state, targeted); institutional economic-assistance scholarship and recategorisation (targeted)."
PER-UPC,PER,Peru,Peruvian University of Applied Sciences,1001-1200,private_forprofit,legal_form,no,private_not_govt_dependent,51235,711.50,51946.50,PEN,full_pay_rate_of_scale,21341.50,60536.50,29647.53,1.7521,high,moderate_or_high,high,high,no,high,yes,yes,yes,unknown,,,,,,2023/24,medium,agree,agree,V004,73069,undergraduate_headcount,2023 (period 2023-1),medium,https://www.upc.edu.pe/transparencia-upc/estudiantes-por-facultades-y-carreras-pregrado/2023-1/index.html,"Derived sum of 64 programme cells (pregrado students by faculty and career), period 2023-1, page updated 27/04/2023; the page shows no total. Covers the regular pregrado careers listed on the page; whether the EPE working-adult programme (listed separately in site navigation) is included is not stated. All campuses (Monterrico, San Isidro, San Miguel, Villa) presumably included, not stated. 2023-2 page sums to 67,795 (updated 18/10/2023). Parsed with Python from page text; a visual spot check of the page was not done.",18,"Pensions are published per 'boleta' by category (main programme group, full-pay category Q: S/ 4,141 in 2023, S/ 4,388 in 2024; Medicina A: 5,809 / 6,156), but the number of boletas per semester is not stated in any source opened, so no annual amount is computed; the 2024 matrícula of S/ 350 may already be included in the first boleta. Control: 'S.A.C.' legal name in the SUNEDU dataset, mapped to 'societaria' (for-profit) by Ley 30220 Art. 115 (no document using 'societaria' opened); the licence end date of 5 Oct 2023 in the dataset falls inside 2023/24 and renewal is undocumented. Category recategorisation and external programmes exist, but the evidence does not document a need-based grant. | [V004] Pension per boleta x 5 boletas per semester (2024-1 payment calendar; 2023-2 by extension) x 2 semesters, 2023 + 2024 schedules; full-pay category, midpoint from the main programme group (Q) to Medicina (A); + matrícula S/ 350 per semester (2024 value; may already be inside the pensión) + carné S/ 11.50. Control: S.A.C. (SUNEDU dataset) -> societaria/for-profit under Ley 30220 Art. 115. Aid: Beca 18 (state, targeted); recategorisation by family finances (institutional, targeted)."
PER-ULIMA,PER,Peru,University of Lima,1001-1200,private_nonprofit,legal_form,no,private_not_govt_dependent,39228,,39228,PEN,full_pay_rate_of_scale,17400,41096,29647.53,1.3231,high,moderate_or_high,high,high,no,high,yes,yes,yes,unknown,,,,,,2023/24,medium,agree,agree,V004,26224,first_degree_headcount,"2023, semester 2 (2023-2)",high,https://www.ulima.edu.pe/sites/default/files/page/files/pregrado_postulantes_ingresantes_matriculados_0.pdf,"Universidad de Lima, transparency table 'Número de postulantes, ingresantes y matriculados en pregrado por período y carrera'; ALUMN. MATRIC = enrolled pregrado students, all careers, semester 2023-2. Semester 2023-1: 27,023. Table visually checked (rendered PDF).",15,"Per-credit price by payment category P-T assigned by the student's school (no socioeconomic assessment; P is the top category, also given to foreign schools), the same for all programmes: headline = category P (S/ 928 in 2023, S/ 940 in 2024) x 21 credits, the midpoint of the 20-credit entrant load (22 for Arquitectura) documented only for 2024 and applied to 2023-2; min = category T at 20 credits, max = P at 22. The per-semester 'derecho de matrícula' is known to exist but its 2023/24 amount is missing, so compulsory fees are left empty and the headline is tuition only. Institutional non-repayable Becas-Crédito for students with a sudden family-budget shock (plus merit conditions) are coded targeted; Beca 18 eligibility rests on a press list only."
PER-UPACIFICO,PER,Peru,University of the Pacific (Peru),1001-1200,private_nonprofit,legal_form,no,private_not_govt_dependent,50712.80,601,51313.80,PEN,full_pay_rate_of_scale,12344.60,51313.80,29647.53,1.7308,high,moderate_or_high,high,high,no,high,yes,yes,yes,unknown,,,,,,2023/24,medium,agree,agree,V004,5201,undergraduate_headcount,2023 (period 2023-I),high,https://www.up.edu.pe/Documents/N%C3%BAmero%20de%20alumnos%20matriculados%20y%20egresado_Pregrado_2023VF.pdf,"Pregrado students enrolled, semester 2023-I, all 9 careers ('TOTALES'); 2023-II = 5,165. Semester snapshot. Direct PDF download worked (homepage had returned HTTP 403 anti-bot in E003; not bypassed - file URL obtained via web search).",17,"Six scales assigned by family socioeconomic assessment (5-6 extraordinary): headline = scale 1 credit value (S/ 1,224.64 in 2023, S/ 1,311 in 2024) x 20 credits, the load used in the university's own annex calculation (the first-cycle load is set by the registry and not stated), plus the per-semester derecho de matrícula (S/ 290 + S/ 311); min = scale 6 on the same basis. Carné and insurance charges were not found (not recorded as zero). The need-assessed scale subsidy is coded as targeted institutional aid (shares by scale not published); Beca Líderes con Propósito carries a S/ 45,000 'Compromiso de Honor' contribution and is not treated as a pure grant; Beca 18 (state) is listed as covering matrícula and pensión, but its need criteria are not in the evidence."
CAN-UT,CAN,Canada,University of Toronto,21,public,ownership,no,public,10140.00,1374.17,11514.17,CAD,midpoint_of_range,7474.17,15554.17,74039.16,0.1555,moderate,moderate_or_high,moderate,moderate,no,moderate,yes,yes,yes,unknown,,,,,,2023/24,medium,agree,agree,V005,78314,undergraduate_headcount,Fall 2023 (2023/24),high,http://web.archive.org/web/20241102014359/https://www.utoronto.ca/about-u-of-t/quick-facts,"U of T Quick facts table 'Student enrolment (Fall 2023–24)': undergraduate headcount, all three campuses (St. George 48,280; Mississauga 15,843; Scarborough 14,200), domestic + international; includes full- and part-time; total incl. graduate 99,794. Read from Wayback capture 20241102014359 because the live page now shows Fall 2025-26. Cross-checks: Ontario MCU/COU Historical Enrolment Table 3 gives Toronto undergraduate FT+PT 2023-24 = 78,123; Universities Canada Fall 2023 table gives 71,700 FT + 6,300 PT undergraduate (rounded).",11,"Ontario-resident first-year direct-entry tuition 2023/24 (Ontario resident freeze extended; Student Accounts schedules confirm): CAD 6,100 (Arts & Science incl. Rotman Commerce/CS year 1, Music, Kinesiology, Architecture) to 14,180 (Engineering); midpoint 10,140. Fees = A&S St. George (University College) 'Mandatory Incidental, System Access & Ancillary Fees' 1,824.75 less the opt-out UTSU health & dental plan 450.58 (UTSU page captured Oct 2023); that the plan is inside the 1,824.75 total is inferred from UTSU's statement that it is charged 'as part of your tuition' - not itemised in the schedule. Fees vary by division/college (gross: Engineering 1,960.87, Music 2,340.63); the std fee is applied to min and max. Non-Ontario Canadians pay more: A&S 6,590, Engineering 15,330. Control: statutory corporation (University of Toronto Act, 1971); Lieutenant Governor in Council appoints 16 of 50 Governing Council members; Ontario lists it among 'Ontario's public universities'. Aid: Canada Student Grant (up to 4,200, income-tested) plus OSAP grants = targeted (recipient share not documented); UofT need-based aid (Policy on Student Financial Support/UTAPS, Student Access Guarantee) = targeted."
CAN-MU,CAN,Canada,McGill University,30,private_nonprofit,legal_form,yes,private_govt_dependent,2880.90,1332.62,4213.52,CAD,uniform,,,74039.16,0.0569,low_moderate,low_to_low_moderate,,,no,low_moderate,yes,yes,yes,unknown,,,,,,2023/24,medium,agree,agree,V005,27196,undergraduate_headcount,Fall 2023 (2023/24),medium,http://web.archive.org/web/20250116220225/https://www.mcgill.ca/about/quickfacts,"McGill Quick Facts, 'Undergraduate students' headcount [Fall 2023]; McGill's Undergraduate level includes Dentistry/Law/Medicine (per Enrolment Services notes); total students 39,380 incl. graduate, postdocs and residents. Read from Wayback capture 20250116220225. Official Fall 2023 Tableau enrolment report exists but public.tableau.com was blocked by an AWS WAF challenge (not bypassed). Cross-check: Universities Canada Fall 2023 table (Wayback 20240808173400) gives McGill undergraduate 24,386 FT + 2,730 PT = 27,116.",14,"Tuition = Quebec-government base rate for Quebec residents, CAD 96.03/credit x 30 credits = 2,880.90, uniform across programmes (source: CCAFE opinion of 1 May 2023 on the Minister's 2023/24 proposal; McGill's own 2023/24 rates page could not be retrieved - Wayback capture unavailable; consistent with McGill's 2024/25 rate 98.91 = 96.03 x 1.03). Fees = McGill 2023/24 per-term Student Services 194.88 + Athletics & Recreation 163.03 + Registration 143.10 + IT 139.80 + Transcript & Diploma 25.50, x2 terms = 1,332.62. This is a LOWER BOUND: student society fees (McGill states an undergraduate annual range of CAD 418-1,376, some opt-outable), the fall-only General Administrative Charge and the Copyright fee (2023/24 amounts not found) are omitted. Non-Quebec Canadians pay 96.03 + 203.70 supplement per credit = 8,991.90 per 30 credits. Control unresolved: a chartered corporation (1821 Royal Charter; Royal Institution for the Advancement of Learning), not a statutory public corporation; tuition set by the Quebec government (govt_dependent_flag yes); board composition and the Quebec university-establishments Act (LegisQuebec E-14.1, HTTP 403) not verified. Conventionally called a public university; not coded public on this evidence. Aid: Quebec Loans and Bursaries programme (bursaries for insufficient resources; Canada Student Grant not available in Quebec) = targeted; McGill Entrance Bursary / In-Course Financial Aid = targeted. | [V005] Quebec statutes treat McGill as a public body for specific purposes: it is listed in E-14.1 art.1 ('l'Institution royale pour l'avancement des sciences (Universite McGill)'), is an 'organisme public' under C-65.1 art.4(5) and is an 'organisme scolaire' under A-2.1 art.6. But its Board is self-perpetuating (Statutes art.1: 12 of 25 are members-at-large elected by the Board; no government appointees). Control stays unresolved until the coordinator rules on whether statutory public-body status is enough; the CAN control type is public (4/5) either way. | [R101] v1.3 (R101) strict control: private_nonprofit. The 2023 Statutes give no seat to government appointees: the Board elects 12 of up to 25 and the other seats are filled by alumni, Senate, staff and students. The Board holds all University property as trustee. govt_dependent_flag yes: McGill receives Quebec's per-weighted-EETP teaching grant (2023-24 rules). Quebec 'organisme public' status under specific statutes does not decide control."
CAN-UBC,CAN,Canada,University of British Columbia,=34,public,ownership_and_appointment,no,public,7596.45,903.53,8499.98,CAD,midpoint_of_range,6746.93,10253.03,74039.16,0.1148,moderate,moderate_or_high,low_moderate,moderate,yes,low_moderate,yes,yes,yes,unknown,,,,,,2023/24,medium,agree,agree,V005,51111,first_degree_headcount,"2023/24 (Winter session, Nov 1 count)",high,https://pair.ok.ubc.ca/wp-content/uploads/sites/145/2024/03/UBC-Annual-Enrolment-Report-2023-24.pdf,"Derived: Baccalaureate Degree headcount Okanagan 10,088 + Vancouver 41,023 = 51,111 (both campuses; excludes diploma/certificate, post-baccalaureate degree and non-degree). Undergraduate total both campuses = 58,663; Vancouver campus alone baccalaureate 41,023. Includes full- and part-time, domestic and international. Cross-check: Universities Canada Fall 2023 table gives UBC undergraduate 42,043 FT + 16,004 PT = 58,047.",8,"Domestic per-credit rates, UBC Vancouver Calendar (Wayback capture 3 Dec 2023, i.e. the 2023/24 calendar; the year is not printed on the page): 194.78 (Arts, Science, Applied Science Year 1, Commerce Year 1, etc.) to 311.65 (Bachelor of International Economics, direct entry from high school), annualised at the conventional 30-credit load (no standard load stated on the page; Applied Science Year 1 loads exceed 30). Upper-year-entry programmes (Commerce Years 2-4, Media Studies, Design in Architecture) excluded; entry status of Media Studies and Design not verified (Design 313.89 would raise max by 67). Fees (Sept-2023 calendar): Athletics & Recreation 244.94 + AMS fees excluding the opt-out AMS/GSS health & dental plan (338.00) 255.44 + U-Pass 180.40 x2 + Arts society 13.00 + 29.35 = 903.53. BC has no out-of-province differential: all Canadians pay the domestic rate. Control: continued as a corporation by the BC University Act; Lieutenant Governor in Council appoints 11 of 21 board members. Aid: Canada Student Grant + B.C. Access Grant (income-tested; up to 1,000/yr for programmes of 2+ years) = targeted; UBC Bursary Program (need-based, requires a government student loan) = targeted. Headline near the 10% band boundary: excluding BIE the range would collapse to 5,843.40 tuition."
CAN-UA,CAN,Canada,University of Alberta,111,public,ownership_and_appointment,no,public,8866.90,1550.90,10417.80,CAD,midpoint_of_range,8425.70,12409.90,74039.16,0.1407,moderate,moderate_or_high,moderate,moderate,no,low_moderate,yes,yes,yes,yes,,,,,,2023/24,low,agree,agree,V005,36114,undergraduate_headcount,Fall 2023 (2023/24),medium,http://web.archive.org/web/20240808173400/https://www.univcan.ca/universities/facts-and-stats/enrolment-by-university/,"Derived: Universities Canada table 'Fall 2023 full-time and part-time fall enrolment at Canadian universities', University of Alberta: full-time undergraduate 34,044 + part-time undergraduate 2,070 = 36,114 (graduate FT 6,884, PT 1,515 excluded). Table sources: individual institutions (for Alberta). Read from Wayback capture 20240808173400 (live page now shows Fall 2025). UA's own facts page (www.ualberta.ca/en/facts/) is blocked by CloudFront (403) and was not bypassed; the UA 'About' page captured in 2024 shows '40,061 Students from 156 Countries' with no year or level stated, so it was not used.",7,"2023/24 tuition for Canadian citizens/PRs admitted Fall 2022 or later is course-based: standard 3-credit course 687.48; Engineering course 1,058.72; Business course 1,085.90 (Pharmacy core and Law/Medicine program fees excluded: not first-degree direct entry). Annualised at the conventional 10 courses/30 credits: min 6,874.80, max 10,859.00. The max assumes a full load of business-rated courses and overstates a real first-year BCom/engineering load; programme-level first-year charges not established. Fees = Fall-2023 on-campus full-time non-instructional fees 1,104.00 less SU Health (166.34) and Dental (162.21) plans = 775.45 per term, x2 terms (Winter 2024 rates assumed equal, not verified); opt-outable Access Fund/APIRG portions inside SU Dedicated Fees not separable; faculty association fees (e.g. Arts 3.00) omitted. Same rate for all Canadian citizens/PRs (no out-of-province differential). Control: board is a corporation under the Alberta Post-secondary Learning Act, chair and public members appointed by the Lieutenant Governor in Council and other members by the Minister; universities under the former Universities Act continued by s.126 (U of A not named in the Act text; 2025 consolidation used as nearest evidence). Aid: Canada Student Grant + Alberta Student Grant (income-tested) = targeted; U of A Domestic Supplementary Bursary (need-based) = targeted."
CAN-UW,CAN,Canada,University of Waterloo,112,public,ownership,no,public,10049.00,971.25,11020.25,CAD,midpoint_of_range,7099.25,14941.25,74039.16,0.1488,moderate,moderate_or_high,low_moderate,moderate,yes,low_moderate,yes,yes,yes,unknown,,,,,,2023/24,high,agree,agree,V005,35766,undergraduate_headcount,Fall 2023 (2023/24),high,https://ontariosuniversities.ca/wp-content/uploads/Historical-Enrolment-Updated-Fall-2025-26.xlsx,"Ontario Ministry of Colleges and Universities records compiled by COU: Undergraduate Students, full-time and part-time, fall term headcount (Nov 1); includes undergraduate diplomas/certificates and bachelor's degrees; all affiliates and campuses; eligible and ineligible for funding (incl. international). Full-time only: 34,461. Cross-check: Universities Canada Fall 2023 table gives Waterloo 34,500 FT + 1,100 PT undergraduate (rounded).",7,"Ontario-resident maximum tuition per term, Fall 2023 schedule: 3,064 (Arts, Math, Science, Environment, Health, AFM/CPA terms 1A-1B) to 6,985 (Engineering, Software Engineering); x2 academic terms (1A fall, 1B winter) = 6,128-13,970, midpoint 10,049. PharmD (8,515) and Optometry (7,635) excluded as not first-degree direct entry. Fees = compulsory, non-opt-out incidental fees for a full-time regular student, fall + winter: WUSA 112.01x2, WUSA Student Assistance Program 1.63+3.26, GRT UPass 118.97x2, Health Services Building 10x2, SLC/PAC Expansion 19.90x2, Student Services 222.30x2 = 971.25; excludes opt-out WUSA health/dental/legal plans, optional/voluntary fees, the optional first-year orientation fee, and the co-op fee (756/term, compulsory only in co-op programmes; Engineering co-op charged from 1A). Out-of-province Canadians: Arts 3,217/term, Engineering 7,334/term. Control: continued as a corporation by the University of Waterloo Act, 1972; Lieutenant Governor in Council appoints 7 of 36 governors; Ontario lists it among 'Ontario's public universities'. Aid: Canada Student Grant + OSAP grants = targeted; Waterloo need-based bursaries = targeted."
AUS-TUM,AUS,Australia,The University of Melbourne,14,public,ownership,no,public,9633,326,9959,AUD,midpoint_of_range,4450,15468,96662.44,0.1030,moderate,moderate_or_high,low,moderate,yes,low_moderate,no,yes,no,yes,,,,,,2023,high,agree,agree,V005,31613,first_degree_headcount,2023 (full calendar year),high,https://web.archive.org/web/20250326172329id_/https://www.education.gov.au/download/18592/2023-section-2-all-students/39157/document/xlsx,"Bachelor-level students (commencing + continuing), headcount, all students incl. overseas students, all modes and types of attendance, The University of Melbourne, full year 2023. Excludes postgraduate, sub-bachelor, enabling and non-award (institution TOTAL 72175). Domestic-only Bachelor from Table 2.6: 20777. Bachelor category may include honours/graduate-entry bachelor (not separated).",9,"Tuition = midpoint of the 2023 statutory student-contribution range for commencing (post-2020) CSP students, AUD 4,124 (Band 1: education, English, maths, nursing, languages, agriculture) to 15,142 (Band 4: law, commerce, economics, society and culture) per 1.0 EFTSL (standard full-time load, 48 credit points/units of credit); the institution publishes its own 2023 amounts, which equal the statutory maximums (rule application: midpoint rule over bands, actual charge depends on unit mix). Compulsory fee = SSAF AUD 326 for full-time CSP students in 2023 (university page). Control public: continued by the University of Melbourne Act 2009 (Vic) as a body politic and corporate; Council includes Governor-in-Council and Minister appointees. govt_need_aid none: no government grant or waiver of the student contribution found; the government support is the HECS-HELP deferral (a loan, excluded) and SA-HELP for the SSAF (loan); Commonwealth equity funding that flows to universities (HEPPP/ISSP) was not traced and is not coded. inst_need_aid unknown: the Melbourne Access Scholarship (disadvantage-based, about 325 awards, at least AUD 15,000 total, paid as a bi-annual cash payment; page captured Oct 2022 for the following intake) is a cash award, not a reduction of the charge."
AUS-TUNSW,AUS,Australia,The University of New South Wales (UNSW Sydney),=19,public,ownership,no,public,9633,325.5,9958.5,AUD,midpoint_of_range,4449.5,15467.5,96662.44,0.1030,moderate,moderate_or_high,low,moderate,yes,low_moderate,no,yes,no,yes,,,,,,2023,high,agree,agree,V005,35777,first_degree_headcount,2023 (full calendar year),high,https://web.archive.org/web/20250326172329id_/https://www.education.gov.au/download/18592/2023-section-2-all-students/39157/document/xlsx,"Bachelor-level students (commencing + continuing), headcount, all students incl. overseas students, all modes and types of attendance, University of New South Wales, full year 2023. Excludes postgraduate, sub-bachelor, enabling and non-award (institution TOTAL 70234). Domestic-only Bachelor from Table 2.6: 26978. Bachelor category may include honours/graduate-entry bachelor (not separated).",10,"Tuition = midpoint of the 2023 statutory student-contribution range for commencing (post-2020) CSP students, AUD 4,124 (Band 1: education, English, maths, nursing, languages, agriculture) to 15,142 (Band 4: law, commerce, economics, society and culture) per 1.0 EFTSL (standard full-time load, 48 credit points/units of credit); the institution publishes its own 2023 amounts, which equal the statutory maximums (rule application: midpoint rule over bands, actual charge depends on unit mix). Compulsory fee = SSAF AUD 108.50 per term for full-time students on the 3+ Calendar x 3 terms = 325.50 (assumes enrolment in all three terms; 48 UOC is UNSW's stated annual full-time load; a student enrolled in two terms would pay 217). Control public: established by the University of New South Wales Act 1989 (NSW) as a body corporate; Council includes Minister appointees. govt_need_aid none: no government grant or waiver of the student contribution found; the government support is the HECS-HELP deferral (a loan, excluded) and SA-HELP for the SSAF (loan); Commonwealth equity funding that flows to universities (HEPPP/ISSP) was not traced and is not coded. inst_need_aid unknown: UNSW Equity Scholarships 2023 (e.g. AUD 10,000 p.a. equity awards; minimum value AUD 5,000) are cash or accommodation awards, not reductions of the charge."
AUS-TUS,AUS,Australia,The University of Sydney,=19,public,ownership,no,public,9633,326,9959,AUD,midpoint_of_range,4450,15468,96662.44,0.1030,moderate,moderate_or_high,low,moderate,yes,low_moderate,no,yes,no,yes,,,,,,2023,high,agree,agree,V005,41065,first_degree_headcount,2023 (full calendar year),high,https://web.archive.org/web/20250326172329id_/https://www.education.gov.au/download/18592/2023-section-2-all-students/39157/document/xlsx,"Bachelor-level students (commencing + continuing), headcount, all students incl. overseas students, all modes and types of attendance, The University of Sydney, full year 2023. Excludes postgraduate, sub-bachelor, enabling and non-award (institution TOTAL 76105). Domestic-only Bachelor from Table 2.6: 25310. Bachelor category may include honours/graduate-entry bachelor (not separated).",11,"Tuition = midpoint of the 2023 statutory student-contribution range for commencing (post-2020) CSP students, AUD 4,124 (Band 1: education, English, maths, nursing, languages, agriculture) to 15,142 (Band 4: law, commerce, economics, society and culture) per 1.0 EFTSL (standard full-time load, 48 credit points/units of credit); the institution publishes its own 2023 amounts, which equal the statutory maximums (rule application: midpoint rule over bands, actual charge depends on unit mix). Compulsory fee = SSAF AUD 163.00 per semester full-time x 2 semesters = 326. Sydney's 2023 page notes the 10% upfront-payment discount was removed for census dates after 1 January 2023, so no general reduction applies. Control public: University of Sydney Act 1989 (NSW), body corporate continuing the University established by Act 14 Vic No 31; Senate includes Minister-appointed Fellows. govt_need_aid none: no government grant or waiver of the student contribution found; the government support is the HECS-HELP deferral (a loan, excluded) and SA-HELP for the SSAF (loan); Commonwealth equity funding that flows to universities (HEPPP/ISSP) was not traced and is not coded. inst_need_aid unknown: the MySydney Scholarship pays a cash stipend of AUD 8,500 p.a. to every new 2023 undergraduate residing in a bottom-25% SEIFA area (area-based, not an individual means test); it does not reduce the charge."
AUS-ANU,AUS,Australia,Australian National University (ANU),=34,public,ownership,no,public,9633,326,9959,AUD,midpoint_of_range,4450,15468,96662.44,0.1030,moderate,moderate_or_high,low,moderate,yes,low_moderate,no,yes,no,yes,,,,,,2023,high,agree,agree,V005,12421,first_degree_headcount,2023 (full calendar year),high,https://web.archive.org/web/20250326172329id_/https://www.education.gov.au/download/18592/2023-section-2-all-students/39157/document/xlsx,"Bachelor-level students (commencing + continuing), headcount, all students incl. overseas students, all modes and types of attendance, The Australian National University, full year 2023. Excludes postgraduate, sub-bachelor, enabling and non-award (institution TOTAL 24272). Domestic-only Bachelor from Table 2.6: 10403. Bachelor category may include honours/graduate-entry bachelor (not separated).",8,"Tuition = midpoint of the 2023 statutory student-contribution range for commencing (post-2020) CSP students, AUD 4,124 (Band 1: education, English, maths, nursing, languages, agriculture) to 15,142 (Band 4: law, commerce, economics, society and culture) per 1.0 EFTSL (standard full-time load, 48 credit points/units of credit); the institution publishes its own 2023 amounts, which equal the statutory maximums (rule application: midpoint rule over bands, actual charge depends on unit mix). Compulsory fee = SSAF AUD 326 for full-time students in 2023 (AUD 163 per half-year at 18+ units). Control public: continued by the Australian National University Act 1991 (Cth) as a body corporate, a corporate Commonwealth entity under the PGPA Act 2013 (ANU-hosted compilation as at 1 July 2014); Council includes Minister appointees. govt_need_aid none: no government grant or waiver of the student contribution found; the government support is the HECS-HELP deferral (a loan, excluded) and SA-HELP for the SSAF (loan); Commonwealth equity funding that flows to universities (HEPPP/ISSP) was not traced and is not coded. inst_need_aid unknown: no means-tested institutional support reducing the charge was established within the search budget (the Tuckwell Scholarship is merit-based)."
AUS-MU,AUS,Australia,Monash University,42,public,ownership,no,public,9633,326,9959,AUD,midpoint_of_range,4450,15468,96662.44,0.1030,moderate,moderate_or_high,low,moderate,yes,low_moderate,no,yes,unknown,yes,,,,,,2023,medium,agree,agree,V005,54515,first_degree_headcount,2023 (full calendar year),high,https://web.archive.org/web/20250326172329id_/https://www.education.gov.au/download/18592/2023-section-2-all-students/39157/document/xlsx,"Bachelor-level students (commencing + continuing), headcount, all students incl. overseas students, all modes and types of attendance, Monash University, full year 2023. Excludes postgraduate, sub-bachelor, enabling and non-award (institution TOTAL 84241). Domestic-only Bachelor from Table 2.6: 33342. Bachelor category may include honours/graduate-entry bachelor (not separated). Whether offshore-campus students (e.g. Monash Malaysia/South Africa) are included is not stated in the table (not verified).",9,"Tuition = midpoint of the 2023 statutory student-contribution range for commencing (post-2020) CSP students, AUD 4,124 (Band 1: education, English, maths, nursing, languages, agriculture) to 15,142 (Band 4: law, commerce, economics, society and culture) per 1.0 EFTSL (standard full-time load, 48 credit points/units of credit); the institution publishes its own 2023 amounts, which equal the statutory maximums (rule application: midpoint rule over bands, actual charge depends on unit mix). Compulsory fee = SSAF AUD 326, Monash's stated 2023 maximum; the per-load rate table (linked 2023 SSAF rates page) could not be opened (Wayback redirect to a 403 capture, live site anti-bot), so charging the maximum to a 1.0 EFTSL student is a rule application, not a direct observation. Control public: continued by the Monash University Act 2009 (Vic) as a body politic and corporate; Council includes Governor-in-Council and Minister appointees. govt_need_aid none: no government grant or waiver of the student contribution found; the government support is the HECS-HELP deferral (a loan, excluded) and SA-HELP for the SSAF (loan); Commonwealth equity funding that flows to universities (HEPPP/ISSP) was not traced and is not coded. inst_need_aid unknown: not established within the search budget (Monash College Equity Scholarship concerns the separate pathway college and is out of scope). | [V005] Monash's 2022 SSAF page tabulates the charge by calendar-year EFTSL ('0.750 and above' = maximum). Applied to the 2023 maximum of 326, this supports charging 326 to a 1.0 EFTSL student (nearest-year structure, still a rule application)."
NZL-TUA,NZL,New Zealand,The University of Auckland,68,public,ownership,no,public,8107.80,1005.60,9113.40,NZD,midpoint_of_range,7599.60,10627.20,80285.58,0.1135,moderate,moderate_or_high,low_moderate,moderate,yes,low_moderate,no,yes,unknown,unknown,,,,,,2023,high,agree,agree,V005,25810,first_degree_headcount,2023 (calendar year),high,https://web.archive.org/web/20250830214119id_/https://www.educationcounts.govt.nz/statistics/tertiary-participation/Provider-based-Enrolments-2024.xlsx,"Students enrolled at any time during 2023 in 'Bachelors degrees 7' (NZQF level 7 bachelor's) at University of Auckland; domestic + international (ENR.35 split for 2023: domestic 20980, international 4830); all study types/attendance (full- and part-time, incl. extramural/distance). Excludes Honours (level 8, grouped with postgraduate certificates/diplomas), graduate certificates, sub-degree and postgraduate. Counts only formal enrolments >0.03 EFTS; students counted once per level. Rounded to nearest 5 by the Ministry. Provider total all levels 2023: 45755.",11,"Control public: universities are tertiary education institutions, a category of Crown entity (Crown Entities Act 2004 s7(1)(e), as at 1 Jan 2023), and OAG (Mar 2023) lists this university among the eight universities; no statute naming the individual institution was opened. Pre-reduction (2023 Calendar Fees Schedule B, 120 points): undergraduate tuition 6,594.00 (54.95/pt) to 9,621.60 (Optometry 80.18/pt), midpoint 8,107.80, + Student Services Fee 1,005.60 (8.38/pt) = 9,113.40; MBChB (140.91/pt = 16,909.20) excluded because school leavers cannot enter MBChB directly (first year is BHSc/BSc Biomedical); Optometry may also not be a year-1 rate (then max = Engineering 8,794.80). Fees Free (first-time learners, 2023) reduces the charge for every baseline student: eligibility = NZ citizen (no residence-duration test for citizens) AND either enrolled at school in or after 2021 (not as adult learner) or no more than 0.5 EFTS/60 credits of prior level-3+ tertiary study; covers tuition, compulsory course costs and student services fees up to NZD 12,000 for one year's study, paid by TEC to the provider. Every first-year programme's tuition+SSF (max 10,627.20) is below the cap, so the post-reduction charge is 0 across the range; aid coded not_applicable because the headline is 0 (Student Allowance is a living-cost payment and loans are excluded)."
NZL-UO,NZL,New Zealand,University of Otago,206,public,ownership,no,public,7438.00,1015.00,8453.00,NZD,midpoint_of_range,7095.00,9811.00,80285.58,0.1053,moderate,moderate_or_high,low_moderate,moderate,yes,low_moderate,no,yes,unknown,unknown,,,,,,2023,high,agree,agree,V005,16320,first_degree_headcount,2023 (calendar year),high,https://web.archive.org/web/20250830214119id_/https://www.educationcounts.govt.nz/statistics/tertiary-participation/Provider-based-Enrolments-2024.xlsx,"Students enrolled at any time during 2023 in 'Bachelors degrees 7' (NZQF level 7 bachelor's) at University of Otago; domestic + international (ENR.35 split for 2023: domestic 14825, international 1495); all study types/attendance (full- and part-time, incl. extramural/distance). Excludes Honours (level 8, grouped with postgraduate certificates/diplomas), graduate certificates, sub-degree and postgraduate. Counts only formal enrolments >0.03 EFTS; students counted once per level. Rounded to nearest 5 by the Ministry. Provider total all levels 2023: 21315.",10,"Control public: universities are tertiary education institutions, a category of Crown entity (Crown Entities Act 2004 s7(1)(e), as at 1 Jan 2023), and OAG (Mar 2023) lists this university among the eight universities; no statute naming the individual institution was opened. Pre-reduction (Otago 2023 fees guide, per 1.0 EFTS = 120 points): undergraduate tuition 6,080.00 (Commerce, Teaching) to 8,796.00 (Health Sciences, Pharmacy, Surveying; Physical Education upper), midpoint 7,438.00, + Dunedin Student Services Fee 1,015.00 (1.0 EFTS) = 8,453.00; Dentistry/Medicine (16,914.00) and Physiotherapy years 2-4 excluded as not year-1 rates (the guide's own first-year Health Sciences example is charged at 7,609/EFTS); including Medicine the pre-reduction midpoint would be 11,497.00 + 1,015.00. Fees Free (first-time learners, 2023) reduces the charge for every baseline student: eligibility = NZ citizen (no residence-duration test for citizens) AND either enrolled at school in or after 2021 (not as adult learner) or no more than 0.5 EFTS/60 credits of prior level-3+ tertiary study; covers tuition, compulsory course costs and student services fees up to NZD 12,000 for one year's study, paid by TEC to the provider. Otago states most new domestic students are eligible. Max year-1 tuition+SSF 9,811.00 < cap, so post-reduction charge 0; aid not_applicable."
NZL-MU,NZL,New Zealand,Massey University,=239,public,ownership,no,public,29789.95,741.00,30530.95,NZD,midpoint_of_range,6660.90,54401.00,80285.58,0.3803,high,moderate_or_high,low_moderate,high,yes,high,no,yes,unknown,unknown,,,,,,2023,low,agree,agree,V005,14315,first_degree_headcount,2023 (calendar year),high,https://web.archive.org/web/20250830214119id_/https://www.educationcounts.govt.nz/statistics/tertiary-participation/Provider-based-Enrolments-2024.xlsx,"Students enrolled at any time during 2023 in 'Bachelors degrees 7' (NZQF level 7 bachelor's) at Massey University; domestic + international (ENR.35 split for 2023: domestic 11860, international 2455); all study types/attendance (full- and part-time, incl. extramural/distance). Excludes Honours (level 8, grouped with postgraduate certificates/diplomas), graduate certificates, sub-degree and postgraduate. Counts only formal enrolments >0.03 EFTS; students counted once per level. Rounded to nearest 5 by the Ministry. Provider total all levels 2023: 26505.",13,"Control public: universities are tertiary education institutions, a category of Crown entity (Crown Entities Act 2004 s7(1)(e), as at 1 Jan 2023), and OAG (Mar 2023) lists this university among the eight universities; no statute naming the individual institution was opened. Massey's 2023 domestic page (estimates, 120 credits) lists undergraduate first-year tuition 5,919.90 (Teacher Education) to 53,660.00 (Aviation - Air Transport Pilot, first year 180 credits, flight courses up to 11,150 each); Veterinary Science 13,580.00; all others <= 10,082.20. Levy 2023 (Manawatu on-campus) 369.00 + 3.10 x 120 = 741.00 (630.50 Wellington - 792.90 Auckland). Pre-reduction midpoint 29,789.95 + 741 = 30,530.95. Fees Free (first-time learners, 2023) reduces the charge for every baseline student: eligibility = NZ citizen (no residence-duration test for citizens) AND either enrolled at school in or after 2021 (not as adult learner) or no more than 0.5 EFTS/60 credits of prior level-3+ tertiary study; covers tuition, compulsory course costs and student services fees up to NZD 12,000 for one year's study, paid by TEC to the provider. After the 12,000 cap, the per-programme charge ranges 0 to 42,401.00 (pilot: 53,660 + 741 - 12,000), midpoint 21,200.50 (components = midpoints of each component at the two endpoints, cap applied to tuition first; a split assumption). HEADLINE IS DRIVEN BY ONE FLIGHT-TRAINING OUTLIER: excluding the pilot major, max = Vet 13,580 + 741 - 12,000 = 2,321, midpoint 1,160.50; scaling the pilot year to 120 credits gives midpoint 12,257.17. UNZ's 2023 table gives different Massey figures (Arts 6,594, Vet 13,625, no pilot row): dispute noted. Govt aid targeted: Work and Income may help beneficiaries pay compulsory course fees (share undocumented); institutional aid not searched. | [V005] Under the unchanged averaging rule, the band depends on the order of operations: per-programme post-reduction midpoint (as coded) 21,200.50 = 26.4% high; pre-reduction midpoint less the 12,000 cap 18,530.95 = 23.1% moderate; excluding the Air Transport Pilot major 1,160.50 = 1.4% low. The ATP major is a first-degree, selected-entry programme open to school leavers, with a 180-credit first year (Massey programme page). Coordinator to rule on the order of operations."
NZL-VUW,NZL,New Zealand,Victoria University of Wellington,241,public,ownership,no,public,7399.80,1060.00,8459.80,NZD,midpoint_of_range,7066.00,9853.60,80285.58,0.1054,moderate,moderate_or_high,low_moderate,moderate,yes,low_moderate,no,yes,yes,unknown,,,,,,2023,high,agree,agree,V005,14235,first_degree_headcount,2023 (calendar year),high,https://web.archive.org/web/20250830214119id_/https://www.educationcounts.govt.nz/statistics/tertiary-participation/Provider-based-Enrolments-2024.xlsx,"Students enrolled at any time during 2023 in 'Bachelors degrees 7' (NZQF level 7 bachelor's) at Victoria University of Wellington; domestic + international (ENR.35 split for 2023: domestic 12965, international 1270); all study types/attendance (full- and part-time, incl. extramural/distance). Excludes Honours (level 8, grouped with postgraduate certificates/diplomas), graduate certificates, sub-degree and postgraduate. Counts only formal enrolments >0.03 EFTS; students counted once per level. Rounded to nearest 5 by the Ministry. Provider total all levels 2023: 20605.",11,"Control public: universities are tertiary education institutions, a category of Crown entity (Crown Entities Act 2004 s7(1)(e), as at 1 Jan 2023), and OAG (Mar 2023) lists this university among the eight universities; no statute naming the individual institution was opened. Pre-reduction (VUW 'Domestic tuition fees for 2023', 120 points): undergraduate tuition 6,006.00 (Humanities and Social Sciences, Education) to 8,793.60 (Engineering), midpoint 7,399.80, + Student Services Levy 1,032.00 (8.60/pt, Wellington-region rate) + Student Assistance Levy 28.00 = 1,060.00; pre-reduction headline 8,459.80. Fees Free (first-time learners, 2023) reduces the charge for every baseline student: eligibility = NZ citizen (no residence-duration test for citizens) AND either enrolled at school in or after 2021 (not as adult learner) or no more than 0.5 EFTS/60 credits of prior level-3+ tertiary study; covers tuition, compulsory course costs and student services fees up to NZD 12,000 for one year's study, paid by TEC to the provider. VUW states fees-free includes tuition, associated mandatory fees and compulsory student service fees (read as covering the 28 Student Assistance Levy; if not, the post-reduction headline would be 28). Max tuition+levies 9,853.60 < cap; post-reduction charge 0; aid not_applicable."
NZL-UW,NZL,New Zealand,University of Waikato,250,public,ownership,no,public,7195.50,886.80,8082.30,NZD,midpoint_of_range,7477.80,8686.80,80285.58,0.1007,moderate,moderate_or_high,low_moderate,moderate,yes,low_moderate,no,yes,unknown,unknown,,,,,,2023,medium,agree,agree,V005,9150,first_degree_headcount,2023 (calendar year),high,https://web.archive.org/web/20250830214119id_/https://www.educationcounts.govt.nz/statistics/tertiary-participation/Provider-based-Enrolments-2024.xlsx,"Students enrolled at any time during 2023 in 'Bachelors degrees 7' (NZQF level 7 bachelor's) at University of Waikato; domestic + international (ENR.35 split for 2023: domestic 7200, international 1950); all study types/attendance (full- and part-time, incl. extramural/distance). Excludes Honours (level 8, grouped with postgraduate certificates/diplomas), graduate certificates, sub-degree and postgraduate. Counts only formal enrolments >0.03 EFTS; students counted once per level. Rounded to nearest 5 by the Ministry. Provider total all levels 2023: 14065.",9,"Control public: universities are tertiary education institutions, a category of Crown entity (Crown Entities Act 2004 s7(1)(e), as at 1 Jan 2023), and OAG (Mar 2023) lists this university among the eight universities; no statute naming the individual institution was opened. Pre-reduction: Waikato's own 2023 fee schedule was not found (its tuition page captured in 2023 is labelled '2022' but its degree examples match UNZ 2023); Universities NZ 'Fees for Domestic Students 2023' (estimates) gives undergraduate 6,591 (Arts/Education) to 7,800 (Engineering), midpoint 7,195.50, + Student Services Fee 886.80 (7.39/credit point x 120, Waikato 2023 page) = 8,082.30. Fees Free (first-time learners, 2023) reduces the charge for every baseline student: eligibility = NZ citizen (no residence-duration test for citizens) AND either enrolled at school in or after 2021 (not as adult learner) or no more than 0.5 EFTS/60 credits of prior level-3+ tertiary study; covers tuition, compulsory course costs and student services fees up to NZD 12,000 for one year's study, paid by TEC to the provider. Max tuition+fee 8,686.80 < cap; post-reduction charge 0; aid not_applicable."
ZAF-UCT,ZAF,South Africa,University of Cape Town,=173,public,ownership,no,public,76835,0,76835,ZAR,midpoint_of_range,51200,102470,111333.79,0.6901,high,moderate_or_high,high,high,no,high,yes,yes,yes,unknown,,,,,,2023,high,agree,agree,V008,17550,undergraduate_headcount,2023,high,https://uct.ac.za/sites/default/files/media/documents/uct_ac_za/1842/1-enrolment-tracking-overview.pdf,"Calendar year 2023 (SA academic year = calendar year). 'UCT UG Enrolment: Undergraduate Program Enrolments (excluding occasional)', data source 'Enriched HEMIS data'. South African 'undergraduate' includes undergraduate diplomas/certificates as well as bachelor's degrees (UCT is overwhelmingly degree-based but no split given). Total 2023 headcount 29 034; PG 11 020. Includes international students. Figure read from a dashboard screenshot embedded in the PDF (visual check of rendered page; not text-extractable).",8,"Control public: UCT's Statute is made under the Higher Education Act 101 of 1997 (which requires one for each public HEI); UCT was incorporated by Private Act and is deemed established under the Act by s. 72(2). Tuition = midpoint of UCT's 2023 'Typical 1st Year Tuition Fees' for SA applicants (all-inclusive course fees), min BSW R51,200, max BBusSc R102,470; excluded extended/Academic Development programmes (BSc extended R37,500) and the graduate LLB. Fees 0: the handbook states course fees are all-inclusive with no levies; the R31,000 initial payment is credited to academic fees. Govt aid broad: NSFAS 2023 criteria make every SA citizen/PR with household income <= R350,000 (R600,000 with disability) or on SASSA grants financially eligible, and the bursary pays actual tuition incl. registration; the share of domestic students below the threshold and the institution's NSFAS-funded share were NOT established in this run (coverage basis for 'broad' unverified). Inst aid targeted: UCT-financed GAP funding for household income R350,001-R600,000 (grant vs loan nature not stated for 2023) and a sibling rebate bursary (20% of tuition, income R600k-R750k). | [V008] UCT news (17 Jan 2023): close to 50% of undergraduates receive funding support from all funders; the NSFAS-only share is not stated."
ZAF-UW,ZAF,South Africa,University of Witwatersrand,=264,public,ownership,no,public,64010,0,64010,ZAR,midpoint_of_range,41820,86200,111333.79,0.5749,high,moderate_or_high,high,high,no,high,yes,yes,yes,unknown,,,,,,2023,medium,agree,agree,V008,24964,undergraduate_headcount,2023,high,https://www.wits.ac.za/media/wits-university/students/academic-matters/documents/2023%20Wits%20Annual%20Report%20Final%20Complete%20Low-Res.pdf,"Calendar year 2023. Wits 'Undergraduate' headcount; per the same page's qualification breakdown this includes general academic and professional first bachelor's degrees, undergraduate diplomas and undergraduate occasional students (1.27% of all students, i.e. roughly 520; exact count not given). Total 41 270; postgraduate 16 306. All campuses; includes international students.",10,"Control public: Wits Statute gazetted under the Higher Education Act 101 of 1997 (juristic person 'subject to the Act'; State-financed property needs Minister's concurrence); founded by Private Act, so deemed established under the Act by s. 72(2). Tuition = midpoint of Wits' 2023 average first-year tuition by undergraduate programme (Fees Book Part 1B), min LLB lower bound R41,820 (may be a graduate-entry stream; next-lowest BEd R44,870 gives midpoint 65,535), max BSc(CS) R86,200; excluded graduate-entry physiotherapy (GEPP) and the Advanced Diploma. The averages exclude course-specific ancillary charges (notes/computer/lab, e.g. about 4-5% of tuition for first-year accounting), so tuition is somewhat understated. No university-wide compulsory levy found; the R9,340 first payment is part of the total charge. Govt aid broad: NSFAS 2023 criteria make every SA citizen/PR with household income <= R350,000 (R600,000 with disability) or on SASSA grants financially eligible, and the bursary pays actual tuition incl. registration; the share of domestic students below the threshold and the institution's NSFAS-funded share were NOT established in this run (coverage basis for 'broad' unverified). Inst aid targeted: Wits Hardship Fund (household income <= R600,000; up to 50% of prior-year debt, max R50,000; returning students only; 'not a bursary'; document stored as 2022, online May 2023). | [V008] NSFAS coverage (checker V008): in 2023 NSFAS funded 9 004 Wits students (Wits news, 22 Feb 2024) against 25 439 undergraduates (Facts and Figures 2023/2024), i.e. at most 35% of undergraduates, below the 40% indicative line; broad rests on the income-threshold entitlement, not on recipient share - borderline, report as definition-dependent."
ZAF-SU,ZAF,South Africa,Stellenbosch University,283,public,ownership,no,public,67498,80,67578,ZAR,midpoint_of_range,49853,85303,111333.79,0.6070,high,moderate_or_high,high,high,no,high,yes,yes,unknown,unknown,,,,,,2023,high,agree,agree,V008,31986,total_headcount,2022,medium,https://www.che.ac.za/file/7690/download?token=Gj8gXocX,"FALLBACK YEAR AND MEASURE: calendar year 2022 total headcount (all students: undergraduate, postgraduate and occasional; full-time, part-time) from HEMIS as published by the CHE; INCLUDES POSTGRADUATES. 2023 undergraduate figure not obtained: the institution's website (SU) returned a Cloudflare challenge/403 to scripted access (not bypassed); DHET 'Statistics on PSET' 2021-2023 editions not reachable (folder listing access denied, guessed URLs 404). Consistency check: the same CHE figure gives UCT 2022 = 29,425, identical to UCT's own HEMIS dashboard value.",7,"Control public: SU Statute gazetted 2019 under s. 33(1) of the Higher Education Act 101 of 1997; SU is 'a juristic person as contemplated in section 20(4) of the Act' (public HEIs); deemed established under the Act by s. 72(2) (former Private Act university). Tuition = midpoint of SU's 2023 estimated first-year study fees for undergraduate programmes (Calendar Part: Student Fees), min BA R49,773, max MBChB I R85,223; excluded extended degree (R39,392), part-time BTh, undergraduate/advanced diplomas and the postgraduate LLB. Fees = R80 student card charged at first registration; PSO dues R400 apply only to students in private lodgings and are excluded (sensitivity +400); 3% early-payment rebate not applied (not universal). Govt aid broad: NSFAS 2023 criteria make every SA citizen/PR with household income <= R350,000 (R600,000 with disability) or on SASSA grants financially eligible, and the bursary pays actual tuition incl. registration; the share of domestic students below the threshold and the institution's NSFAS-funded share were NOT established in this run (coverage basis for 'broad' unverified). Inst aid targeted: SU bursaries/bursary loans by financial neediness for household income R350,000-R600,000, not guaranteed; evidence is the 2020 Bursaries and Loans calendar (nearest year; 2023 not verified)."
ZAF-UJ,ZAF,South Africa,University of Johannesburg,306,public,ownership,no,public,57761.5,1040,58801.5,ZAR,midpoint_of_range,25381,92222,111333.79,0.5282,high,moderate_or_high,moderate,high,yes,high,yes,yes,yes,unknown,,,,,,2023,low,agree,agree,V008,51483,total_headcount,2022,medium,https://www.che.ac.za/file/7690/download?token=Gj8gXocX,"FALLBACK YEAR AND MEASURE: calendar year 2022 total headcount (all students: undergraduate, postgraduate and occasional; full-time, part-time) from HEMIS as published by the CHE; INCLUDES POSTGRADUATES. 2023 undergraduate figure not obtained: the institution's website (UJ) returned a Cloudflare challenge/403 to scripted access (not bypassed); DHET 'Statistics on PSET' 2021-2023 editions not reachable (folder listing access denied, guessed URLs 404). Consistency check: the same CHE figure gives UCT 2022 = 29,425, identical to UCT's own HEMIS dashboard value.",9,"Control public: established 1 Jan 2005 by Ministerial merger of RAU and Technikon Witwatersrand 'into a single public higher education institution' under s. 23(1) of the Higher Education Act 101 of 1997; 2017 Statute says it exists and functions in terms of that Act. Tuition = midpoint of the 2023 fee booklet's range of 'average cost for degrees per year' by faculty (s. 5.3; not first-year specific; heading includes LLB and PGCE), min CBE R24,341 (anomalously low; next-lowest bound R43,483 gives midpoint 67,332.5), max Health Sciences laboratory modules R91,182; four-year extended programmes (s. 5.8) excluded. Fees = non-refundable registration fee R610 + ICT levy R430 per registration. Govt aid broad: NSFAS 2023 criteria make every SA citizen/PR with household income <= R350,000 (R600,000 with disability) or on SASSA grants financially eligible, and the bursary pays actual tuition incl. registration; the share of domestic students below the threshold and the institution's NSFAS-funded share were NOT established in this run (coverage basis for 'broad' unverified). Inst aid targeted: UJ-run fundraising campaign to pay 2023 registration fees of up to 10,000 'missing middle' students (donor-funded; no income threshold stated)."
ZAF-UP,ZAF,South Africa,University of Pretoria,=323,public,ownership,no,public,60500,0,60500,ZAR,midpoint_of_range,37000,84000,111333.79,0.5434,high,moderate_or_high,high,high,no,high,yes,yes,unknown,unknown,,,,,,2023,medium,agree,agree,V008,54466,total_headcount,2022,medium,https://www.che.ac.za/file/7690/download?token=Gj8gXocX,"FALLBACK YEAR AND MEASURE: calendar year 2022 total headcount (all students: undergraduate, postgraduate and occasional; full-time, part-time) from HEMIS as published by the CHE; INCLUDES POSTGRADUATES. 2023 undergraduate figure not obtained: the institution's website (UP) returned a Cloudflare challenge/403 to scripted access (not bypassed); DHET 'Statistics on PSET' 2021-2023 editions not reachable (folder listing access denied, guessed URLs 404). Consistency check: the same CHE figure gives UCT 2022 = 29,425, identical to UCT's own HEMIS dashboard value.",7,"Control public: UP Statute (amended 2018) states UP 'is a university established in terms of the Act and is a juristic person as contemplated in section 20(4) of the Act' (Higher Education Act 101 of 1997). Tuition = midpoint of UP's 2023 estimated first-year tuition ranges per undergraduate programme (SA/SADC citizens), min BA (Visual Studies) R37,000, max BSc (Computer Science) R84,000; excluded Higher Certificate, PGCE, DipTheol, BCom Extended; the tables exclude compulsory first-year AIM modules (cost not stated), so tuition is somewhat understated. Fees 0: the R7,500 initial fee/acceptance levy is part of the cost of study; no other universal levy in the 2023 levy table. Govt aid broad: NSFAS 2023 criteria make every SA citizen/PR with household income <= R350,000 (R600,000 with disability) or on SASSA grants financially eligible, and the bursary pays actual tuition incl. registration; the share of domestic students below the threshold and the institution's NSFAS-funded share were NOT established in this run (coverage basis for 'broad' unverified). Inst aid unknown: only merit awards found for 2023 on archived UP pages; UP's missing-middle support pages were blocked (HTTP 403). | [V008, supersedes an earlier statement in this note] Inst aid targeted (checker V008): UP Giving Matters missing-middle bursary campaign (from July 2022; more than 407 students by mid-2024; R35.9m raised in 2023); donor-funded, institution-run."
SGP-NUS,SGP,Singapore,National University of Singapore (NUS),8,public,appointment,no,public,19225,302.80,19527.80,SGD,midpoint_of_range,8535.10,30520.50,115991.69,0.1684,moderate,moderate_or_high,low_moderate,high,yes,moderate,yes,unknown,yes,unknown,,,,,,2023/24,medium,agree,agree,V006,30467,first_degree_headcount,2023 (MOE series year 2023 = academic year AY2023/24),high,"https://data.gov.sg/api/action/datastore_search?resource_id=d_ec8a16e11a050f11880fb6d4a0e6f93f&limit=20&sort=year%20desc&fields=year,sex,nus,ntu,smu,sutd","Enrolment in full-time first-degree programmes at National University of Singapore, both sexes (sex='MF'), year 2023. MOE dataset note: 'University figures are for full-time first degree only.' Part-time and postgraduate students excluded. Inclusion of international students is not stated in the metadata (not verified).",8,"Legal form: not-for-profit company limited by guarantee under the Companies Act, with a university-specific Act; MOE lists it among the 6 'autonomous universities'. Control coded public on the controller test: the Minister for Education appoints and may remove every trustee, must consent to admission of company members and constitutional changes, can issue binding policy directions and funds it from moneys voted by Parliament; a legal-form-only reading would give private_nonprofit with govt_dependent_flag=yes (sensitivity). Charge: citizen (Tier A, post-Tuition-Grant) cohort fee for the AY2023/2024 intake, fixed for the candidature (read from NUS's April 2024 schedule, section B): 8,250 (e.g. Humanities & Sciences, Computing, Business [BSc Real Estate]) to 30,200 (Medicine except Nursing, Dentistry); Business 9,650, Law 12,700, Music 14,700; gross non-subsidised fee 30,612-169,866 (incl. GST). Fees = Student Services Fee (93.45 non-lab / 111.15 lab per semester) + Health Service Fee 49.10 per semester, x2 semesters, AY2023/24-cohort rates from the AY2025/26 misc-fee schedule (GST 9% inclusive; Sem 1 2023 was billed at 8%, small overstatement). Excluding Medicine/Dentistry the max would be Music 14,700 (+320.50). govt_need_aid targeted: MOE Higher Education Community Bursary / Higher Education Bursary for citizens with PCI <= 2,500 or GHI <= 10,000 (AY2023 undergraduate quanta 6,300 / 5,100 / 3,250 / 1,350; about 75% of subsidised fees at the top tier, non-Medicine/Dentistry); share of AU students reached not documented. The MOE Tuition Grant is universal for citizens and is already netted in the headline. inst_need_aid targeted: NUS Enhanced Financial Aid (from Aug 2022) tops up the Government Bursary to cover full tuition for citizens with PCI <= 1,000 (~3,300 expected beneficiaries), plus university aid for Medicine/Dentistry per MOE; income-limited guarantee reaching a minority. | [V006] Checker V006 control reading: the legal form is a company limited by guarantee under the Companies Act 1967 (a private-law form). But the university Act gives the Minister power to appoint, remove or replace every trustee; a veto over admission of company members, disposal, winding up and changes to the constituent documents; power to give binding policy directions; and funds from 'such moneys as Parliament may provide'. Under the controller test used elsewhere in this dataset (a governing body appointed by a public authority), control = public, as coded. A legal-form-only reading gives private_nonprofit with govt_dependent_flag = yes (sensitivity). Band: Medicine/Dentistry are direct-entry first degrees and stay in the range; without them the headline is 11,777.80 (10.15%), still moderate. They widen charge_max but do not change the headline band."
SGP-NTUS,SGP,Singapore,"Nanyang Technological University, Singapore (NTU Singapore)",=26,public,appointment,no,public,21625,382.61,22007.61,SGD,midpoint_of_range,8547.32,35467.90,115991.69,0.1897,moderate,moderate_or_high,low_moderate,high,yes,moderate,yes,yes,yes,yes,,,,,,2023/24,medium,agree,agree,V006,24117,first_degree_headcount,2023 (MOE series year 2023 = academic year AY2023/24),high,"https://data.gov.sg/api/action/datastore_search?resource_id=d_ec8a16e11a050f11880fb6d4a0e6f93f&limit=20&sort=year%20desc&fields=year,sex,nus,ntu,smu,sutd","Enrolment in full-time first-degree programmes at Nanyang Technological University, both sexes (sex='MF'), year 2023. MOE dataset note: 'University figures are for full-time first degree only.' Part-time and postgraduate students excluded. Inclusion of international students is not stated in the metadata (not verified). MOE note: BA/BSc (Education) figures are included under NTU.",9,"Legal form: not-for-profit company limited by guarantee under the Companies Act, with a university-specific Act; MOE lists it among the 6 'autonomous universities'. Control coded public on the controller test: the Minister for Education appoints and may remove every trustee, must consent to admission of company members and constitutional changes, can issue binding policy directions and funds it from moneys voted by Parliament; a legal-form-only reading would give private_nonprofit with govt_dependent_flag=yes (sensitivity). Charge: 'Accepted Programme Offer in 2023' page (current page; fee 'fixed at the 2023 rate for the duration'): citizen subsidised fee 8,250 (all programmes except listed) to 35,000 (Medicine, direct-entry LKCMedicine MBBS); business/accountancy 9,450; Renaissance Engineering Programme 17,950 for 2023 entrants (reduced to 13,500 wef AY2024); gross non-subsidised 33,360-40,120 (Medicine not applicable). Fees = AY2023-24 Singapore-citizen misc fees per semester for the AY2023 cohort (non-lab 148.66, lab 166.07, Medicine 233.95) x2 semesters; only Semester 1 is tabulated, Semester 2 assumed equal; these include an insurance component that cannot be separated. Excluding Medicine the max would be REP 17,950 (+332.14). govt_need_aid targeted: MOE Higher Education Community Bursary / Higher Education Bursary for citizens with PCI <= 2,500 or GHI <= 10,000 (AY2023 undergraduate quanta 6,300 / 5,100 / 3,250 / 1,350; about 75% of subsidised fees at the top tier, non-Medicine/Dentistry); share of AU students reached not documented. The MOE Tuition Grant is universal for citizens and is already netted in the headline. inst_need_aid targeted: NTU Bursary (PCI <= 2,500 or GHI <= 10,000, annual application) existed in 2023; NTU's full-tuition top-up for the two lowest tiers only starts AY2024/25 and is not applied here. | [V006] Checker V006 control reading: the legal form is a company limited by guarantee under the Companies Act 1967 (a private-law form). But the university Act gives the Minister power to appoint, remove or replace every trustee; a veto over admission of company members, disposal, winding up and changes to the constituent documents; power to give binding policy directions; and funds from 'such moneys as Parliament may provide'. Under the controller test used elsewhere in this dataset (a governing body appointed by a public authority), control = public, as coded. A legal-form-only reading gives private_nonprofit with govt_dependent_flag = yes (sensitivity). Band: without Medicine the headline is 13,414.73 (11.6%), still moderate."
SGP-SUTD,SGP,Singapore,Singapore University of Technology and Design,=429,public,appointment,no,public,13500,324,13824,SGD,uniform,,,115991.69,0.1192,moderate,moderate_or_high,,,no,low_moderate,yes,unknown,yes,unknown,,,,,,2023/24,high,agree,agree,V006,1915,first_degree_headcount,2023 (MOE series year 2023 = academic year AY2023/24),high,"https://data.gov.sg/api/action/datastore_search?resource_id=d_ec8a16e11a050f11880fb6d4a0e6f93f&limit=20&sort=year%20desc&fields=year,sex,nus,ntu,smu,sutd","Enrolment in full-time first-degree programmes at Singapore University of Technology and Design, both sexes (sex='MF'), year 2023. MOE dataset note: 'University figures are for full-time first degree only.' Part-time and postgraduate students excluded. Inclusion of international students is not stated in the metadata (not verified).",6,"Legal form: not-for-profit company limited by guarantee under the Companies Act, with a university-specific Act; MOE lists it among the 6 'autonomous universities'. Control coded public on the controller test: the Minister for Education appoints and may remove every trustee, must consent to admission of company members and constitutional changes, can issue binding policy directions and funds it from moneys voted by Parliament; a legal-form-only reading would give private_nonprofit with govt_dependent_flag=yes (sensitivity). Charge: citizen subsidised tuition for the AY2023 intake 13,500 per academic year (6,750 per term, two terms per year; cohort-fixed); gross non-subsidised fee TBA on the 2023 page. Fees = AY2023 Compulsory Miscellaneous Fee 157 per term x2 + one-time Student Council enrolment fee 10 in year 1 (CMF includes an insurance component that cannot be separated; GST 9% inclusive). Compulsory Freshmore-term hostel stay is housing and excluded. govt_need_aid targeted: MOE Higher Education Community Bursary / Higher Education Bursary for citizens with PCI <= 2,500 or GHI <= 10,000 (AY2023 undergraduate quanta 6,300 / 5,100 / 3,250 / 1,350; about 75% of subsidised fees at the top tier, non-Medicine/Dentistry); share of AU students reached not documented. The MOE Tuition Grant is universal for citizens and is already netted in the headline. inst_need_aid targeted: SUTD Education Opportunity Grant guarantees, with no limit on recipients, a tiered grant for citizens with PCI <= 2,500 living in a 4-room HDB flat or smaller and with no private property (AY2023 tuition quanta 7,800/6,300/4,260/2,940; with government bursary covers 100%/84%/55%/31% of 13,500); free only for the lowest tier, share undocumented. | [V006] Checker V006 control reading: the legal form is a company limited by guarantee under the Companies Act 1967 (a private-law form). But the university Act gives the Minister power to appoint, remove or replace every trustee; a veto over admission of company members, disposal, winding up and changes to the constituent documents; power to give binding policy directions; and funds from 'such moneys as Parliament may provide'. Under the controller test used elsewhere in this dataset (a governing body appointed by a public authority), control = public, as coded. A legal-form-only reading gives private_nonprofit with govt_dependent_flag = yes (sensitivity)."
SGP-SMU,SGP,Singapore,Singapore Management University,=545,public,appointment,no,public,12100,96,12196,SGD,midpoint_of_range,11596,12796,115991.69,0.1051,moderate,moderate_or_high,low_moderate,moderate,yes,low_moderate,yes,unknown,yes,unknown,,,,,,2023/24,high,agree,agree,V006,10129,first_degree_headcount,2023 (MOE series year 2023 = academic year AY2023/24),high,"https://data.gov.sg/api/action/datastore_search?resource_id=d_ec8a16e11a050f11880fb6d4a0e6f93f&limit=20&sort=year%20desc&fields=year,sex,nus,ntu,smu,sutd","Enrolment in full-time first-degree programmes at Singapore Management University, both sexes (sex='MF'), year 2023. MOE dataset note: 'University figures are for full-time first degree only.' Part-time and postgraduate students excluded. Inclusion of international students is not stated in the metadata (not verified).",6,"Legal form: not-for-profit company limited by guarantee under the Companies Act, with a university-specific Act; MOE lists it among the 6 'autonomous universities'. Control coded public on the controller test: the Minister for Education appoints and may remove every trustee, must consent to admission of company members and constitutional changes, can issue binding policy directions and funds it from moneys voted by Parliament; a legal-form-only reading would give private_nonprofit with govt_dependent_flag=yes (sensitivity). Charge: 'Annual Tuition Fees for AY 2023/24 Entering Freshmen' (fixed for four years): citizens 11,500 (all degrees except Law) and 12,700 (Bachelor of Laws); gross non-subsidised 45,600 / 49,950 (incl. GST). Fees = 2023 annual miscellaneous fees Student Activities 80 + IT Facilities 16; the compulsory Insurance line (129, hospitalisation/medical/PA/travel) is excluded as health insurance per protocol (sensitivity: +129, headline 12,325). govt_need_aid targeted: MOE Higher Education Community Bursary / Higher Education Bursary for citizens with PCI <= 2,500 or GHI <= 10,000 (AY2023 undergraduate quanta 6,300 / 5,100 / 3,250 / 1,350; about 75% of subsidised fees at the top tier, non-Medicine/Dentistry); share of AU students reached not documented. The MOE Tuition Grant is universal for citizens and is already netted in the headline. inst_need_aid unknown: SMU's own bursary pages for 2023 are behind an anti-bot wall (live and Wayback); SMU Access Plus (full tuition for PCI <= 1,375) was launched only in 2025 and is not applied to 2023/24. | [V006] Checker V006 control reading: the legal form is a company limited by guarantee under the Companies Act 1967 (a private-law form). But the university Act gives the Minister power to appoint, remove or replace every trustee; a veto over admission of company members, disposal, winding up and changes to the constituent documents; power to give binding policy directions; and funds from 'such moneys as Parliament may provide'. Under the controller test used elsewhere in this dataset (a governing body appointed by a public authority), control = public, as coded. A legal-form-only reading gives private_nonprofit with govt_dependent_flag = yes (sensitivity). Band fragility: charge_min 11,596 = 9.997% of GDP per capita, 3 SGD under the 10% cut. band_unstable = yes depends on excluding the 129 insurance line (NTU and SUTD misc fees include insurance that cannot be separated). The headline is moderate either way. | [R104] Inst aid targeted (R104): SMU Access covers the remaining tuition for Singaporean undergraduates with household PCI <= $750 in 3-room or smaller HDB flats (AY2023 capture)."
ESP-UAB,ESP,Spain,Universitat Autònoma de Barcelona,=149,public,ownership,no,public,1084.50,140.92,1225.42,EUR,midpoint_of_range,1202.32,1248.52,30975.86,0.0396,low,low_to_low_moderate,low,low,no,low,yes,yes,yes,unknown,27.3,,,,,2023/24,high,agree,agree,V006,27501,first_degree_headcount,"curs 2023 (interpreted as academic year 2023/24; the dataset field is labelled only ""Curs acadèmic de les dades"")",medium,https://analisi.transparenciacatalunya.cat/resource/5kd9-2wex.json,"Derived sum of ""Matrícula"" (students enrolled) over 4 rows (Spanish/foreign nationality x women/men) for universitat=""UAB"", tipus_d_estudi=""grau"", tipus_de_centre=""Integrat"", curs=""2023"". Grau covers all official bachelor-level degrees (incl. 5-6 year grados such as medicine). Excludes affiliated centres (centres adscrits: 5322 grau students), master and doctorate. Headcount, full- and part-time.",10,"Control: statutes art. 1 say 'institució de dret públic'. Tuition from Decret 115/2023 (Generalitat, 2023/24; covers Catalan public universities incl. UAB): first-enrolment credit 17.69 (coefficient A) or 18.46 (B) x 60 ECTS = 1,061.40-1,107.60, midpoint 1,084.50. Fees: gestió d'expedient (annual enrolment) 69.80 + serveis específics i de suport a l'aprenentatge 70.00 + seguro escolar 1.12 (under 28) = 140.92. UAB's Sep-2023 page still labels the services block 'Curs 2022-2023' (same amounts in the 2024-25 version) and lists them as 'altres conceptes que pot incloure la teva matrícula', so the 70.00 is inferred compulsory (UB states its equivalent is compulsory). Complementary insurance 4.48 excluded as optional; a per-semester enrolment would pay 2 x 54.54 expedient fees. Govt aid: the state beca de matrícula (RD 117/2023) waives first-enrolment credit prices for students below umbral 3 (4-member family EUR 38,831-40,796; academic requirements also apply), and the Generalitat's beques Equitat cut the credit price to 3.54/5.31 (A) or 3.69/5.54 (B) for income trams 1-2. Coded targeted because the documented recipient share (27.3% of on-site grado students at public universities held a state general beca in 2022/23) is below the ~40% guide. Inst aid: UAB emergency grants 2023/24 (max EUR 156,600 in total), targeted. | [V006] Checker V006: the EUR 70 services fee is compulsory: UAB's grado FAQ (capture 25 Sep 2023) says '70 € que paguen tots els estudiants en concepte de “Serveis específics i suport a l’aprenentatge”'. compulsory_fees 140.92 is observed, not inferred. | [R102] R102 (v1.3 aid): govt_need_aid stays targeted; the income-linked cash part of the state beca general (1,700 EUR below umbral 1, RD 117/2023 art. 4) now counts."
ESP-UB,ESP,Spain,Universitat de Barcelona,=164,public,ownership,no,public,1084.50,140.92,1225.42,EUR,midpoint_of_range,1202.32,1248.52,30975.86,0.0396,low,low_to_low_moderate,low,low,no,low,yes,yes,yes,unknown,27.3,,,,,2023/24,high,agree,agree,V006,38713,first_degree_headcount,"curs 2023 (interpreted as academic year 2023/24; the dataset field is labelled only ""Curs acadèmic de les dades"")",medium,https://analisi.transparenciacatalunya.cat/resource/5kd9-2wex.json,"Derived sum of ""Matrícula"" (students enrolled) over 4 rows (Spanish/foreign nationality x women/men) for universitat=""UB"", tipus_d_estudi=""grau"", tipus_de_centre=""Integrat"", curs=""2023"". Grau covers all official bachelor-level degrees (incl. 5-6 year grados such as medicine). Excludes affiliated centres (centres adscrits: 3931 grau students), master and doctorate. Headcount, full- and part-time.",8,"Control: Estatut UB (Decret 246/2003) art. 1 says 'institució de dret públic'. Tuition from Decret 115/2023 (2023/24), confirmed by UB's 2023-2024 price page: 17.69 (A) or 18.46 (B) per first-enrolment credit x 60 = 1,061.40-1,107.60, midpoint 1,084.50. Fees that UB says must be paid with enrolment: gestió d'expedient, annual 69.80 (per semester 54.54) + serveis específics i de suport a l'aprenentatge 70.00 + assegurança escolar obligatòria 1.12 (under 28) = 140.92; voluntary items (Fundació Solidaritat, sport, voluntary insurance) excluded. Govt aid: the state beca de matrícula (RD 117/2023) waives first-enrolment credit prices for students below umbral 3 (4-member family EUR 38,831-40,796; academic requirements also apply), and the Generalitat's beques Equitat cut the credit price to 3.54/5.31 (A) or 3.69/5.54 (B) for income trams 1-2. Coded targeted because the documented recipient share (27.3% of on-site grado students at public universities held a state general beca in 2022/23) is below the ~40% guide. Inst aid: bkUB grants for sudden economic hardship 2023/24, targeted. | [R102] R102 (v1.3 aid): govt_need_aid stays targeted; the income-linked cash part of the state beca general (1,700 EUR below umbral 1, RD 117/2023 art. 4) now counts."
ESP-CUM,ESP,Spain,Complutense University of Madrid,=171,public,ownership,no,public,1128.00,34.77,1162.77,EUR,midpoint_of_range,1049.97,1275.57,30975.86,0.0375,low,low_to_low_moderate,low,low,no,low,yes,yes,yes,unknown,27.3,,,,,2023/24,high,agree,agree,V006,50960,first_degree_headcount,"2023/24 (row Año=2024; dataset note: ""Los cursos se denominan con los dos años que comprenden, pero en las tablas se hace referencia al último año."")",high,https://datos.comunidad.madrid/dataset/a36fddce-c572-4312-ad02-3656cfcd470b/resource/e5a161fd-b5f3-4116-9318-42a974c15703/download/estudiantes-matriculados-en-estudios-de-grado-presenciales-por-universidad.csv,"Students enrolled in face-to-face (presencial) Grado programmes at Universidad Complutense de Madrid, 2023/24. Grado covers all official bachelor-level degrees (incl. long grados such as medicine). Whether affiliated centres (centros adscritos) are included is not stated (not verified). Row Año=2023 (2022/23): 52105. Source data: Estadística de Estudiantes Universitarios (Ministry), republished by Comunidad de Madrid.",7,"Control: Estatutos (Decreto 32/2017) art. 1 say 'universidad pública [...] institución de Derecho Público'. Tuition: Comunidad de Madrid Decreto 43/2022 (in force from 2022/23 until updated; UCM's 'CURSO 2023/2024' page cites it): first-enrolment credit 16.92 (level 3), 19.43 (level 2) or 20.68 (level 1) x 60 = 1,015.20-1,240.80, midpoint 1,128.00. Fees: apertura de expediente 27.54 (new students) + gastos de secretaría 6.11 + seguro escolar 1.12 = 34.77. Govt aid: the state beca de matrícula (RD 117/2023) waives first-enrolment credit prices below umbral 3 (4-member family EUR 38,831-40,796; academic requirements also apply). Coded targeted: 27.3% of on-site grado students at public universities held a state general beca in 2022/23. Inst aid: Ayudas UCM de matrícula 2023-24 (50/75/100% exemptions, capped at EUR 850,000, co-funded by the Comunidad de Madrid), targeted. | [R102] R102 (v1.3 aid): govt_need_aid stays targeted; the income-linked cash part of the state beca general (1,700 EUR below umbral 1, RD 117/2023 art. 4) now counts."
ESP-UAM,ESP,Spain,Universidad Autónoma de Madrid,=199,public,ownership,no,public,1128.00,34.77,1162.77,EUR,midpoint_of_range,1049.97,1275.57,30975.86,0.0375,low,low_to_low_moderate,low,low,no,low,yes,yes,yes,unknown,27.3,,,,,2023/24,high,agree,agree,V006,23073,first_degree_headcount,"2023/24 (row Año=2024; dataset note: ""Los cursos se denominan con los dos años que comprenden, pero en las tablas se hace referencia al último año."")",high,https://datos.comunidad.madrid/dataset/a36fddce-c572-4312-ad02-3656cfcd470b/resource/e5a161fd-b5f3-4116-9318-42a974c15703/download/estudiantes-matriculados-en-estudios-de-grado-presenciales-por-universidad.csv,"Students enrolled in face-to-face (presencial) Grado programmes at Universidad Autónoma de Madrid, 2023/24. Grado covers all official bachelor-level degrees (incl. long grados such as medicine). Whether affiliated centres (centros adscritos) are included is not stated (not verified). Row Año=2023 (2022/23): 23096. Source data: Estadística de Estudiantes Universitarios (Ministry), republished by Comunidad de Madrid.",8,"Control: Estatutos (Decreto 214/2003) art. 1.1 say 'entidad de Derecho Público'. Tuition: Decreto 43/2022 (Madrid; in force 2023/24); the UAM grado table contains all three experimentality prices, 16.92/19.43/20.68 per first-enrolment credit x 60 = 1,015.20-1,240.80, midpoint 1,128.00. Fees per UAM 'Conceptos de pago' (captured Sep 2023): apertura de expediente 27.54 (new students) + gastos de secretaría 6.11 (all students) + seguro escolar 1.12 (under 28) = 34.77. Govt aid: the state beca de matrícula (RD 117/2023) waives first-enrolment credit prices below umbral 3 (4-member family EUR 38,831-40,796; academic requirements also apply). Coded targeted: 27.3% of on-site grado students at public universities held a state general beca in 2022/23. Inst aid: UAM Fondo Social tuition grants (up to one year of first-enrolment grado prices); only the 2022/23 call was read, so the inst-aid coding rests on nearest-year evidence. | [R102] R102 (v1.3 aid): govt_need_aid stays targeted; the income-linked cash part of the state beca general (1,700 EUR below umbral 1, RD 117/2023 art. 4) now counts."
ESP-UN,ESP,Spain,University of Navarra,280,private_nonprofit,legal_form,no,private_not_govt_dependent,14550.00,95.00,14645.00,EUR,midpoint_of_range,10895.00,18395.00,30975.86,0.4728,high,moderate_or_high,high,high,no,high,yes,yes,yes,unknown,,,,,,2023/24,medium,agree,agree,V006,9693,first_degree_headcount,2023/24,high,https://www.unav.edu/documents/45035356/0/memoria_papel-23-24.pdf,"Grado (bachelor) students 2023/24 as stated in the university's own academic report; part of 13,835 students in official studies (excludes 1,771 in títulos propios). Counts 37 grados incl. 3 ecclesiastical degrees equivalent to grado (per footnote). All campuses (Pamplona, San Sebastián/Tecnun, Madrid) presumably included; campus scope not stated explicitly. Full-/part-time split not stated.",10,"Control: a Church university (statutes art. 1-2: 'No persigue fin de lucro'; BOE 2025 agreement: 'sin ánimo de lucro'). It sets its own prices, so it is not flagged as government-dependent (public funding share not checked). Tuition: 2023-24 first-year 'matrícula ordinaria' runs from 10,800.00 (Educación Infantil/Primaria, Pedagogía; 180/ECTS) to 18,300.00 (Medicina; 305/ECTS), midpoint 14,550.00. The International Foundation Program and semesters are excluded as non-degree; double degrees and add-on programmes lie inside the range. Fees: derechos de secretaría 95.00; the statutory seguro escolar (1.12) is not listed by UNAV and is not added. Discounts that do not apply to everyone (early payment 5%, large family, Matrícula de Honor 16%) are ignored. Govt aid: at private universities the state beca de matrícula equals only the lowest public price in the region for similar studies, so targeted. Inst aid: Plan de Incentivación (special income-scaled pricing for per-capita family income <EUR 20,000 and grade >=7; the reduction is set individually and not published) and capped Becas Alumni, targeted. Because the plan is individual and unpublished, it is treated as aid, and the programme midpoint is used instead of full_pay_rate_of_scale. | [R102] R102 (v1.3 aid): govt_need_aid stays targeted; the income-linked cash part of the state beca general (1,700 EUR below umbral 1, RD 117/2023 art. 4) now counts."
ITA-PM,ITA,Italy,Politecnico di Milano,123,public,ownership,no,public,3726,156,3882,EUR,full_pay_rate_of_scale,156,3882,36327.42,0.1069,moderate,moderate_or_high,free,moderate,yes,low_moderate,yes,yes,yes,unknown,30.5,13.7,,,,2023/24,high,agree,agree,V006,27383,first_degree_headcount,2023/24,medium,https://dati-ustat.mur.gov.it/dataset/3dd9ca7f-9cc9-4a1a-915c-e569b181dbd5/resource/ad5a1516-ccd3-4eb8-a889-f584f04de578/download/13_iscrittixcorso.csv,"Derived sum over course rows of USTAT file 13 for AteneoCOD 1502 (""Milano Politecnico""), AnnoA 2023/2024: first-cycle laurea classes (L-xx, L/SNTx, L/GASTR and pre-2004 numeric laurea classes) = 26705 + single-cycle integrated degrees (laurea magistrale a ciclo unico: LMG/01, LM-41, LM-42, LM-46, LM-13, LM-4cu, LM-85 bis and legacy 4/S, 14/S, 46/S, 47/S, 18-bis) = 678. Excludes 2-year laurea magistrale (20442) and pre-DM509 old-order courses coded 99999 (12, level not identifiable). Cells <5 are suppressed in the file, so true value slightly higher. Iscritto = enrolled for the a.a. as of 31 July of the following year; all campuses; includes fuori corso and part-time. Total enrolled (file 02, 2023/2024): 47897. Classification of class codes into first-cycle/single-cycle by the collector (documented rule), not by the source.",12,"Statute: 'istituzione universitaria pubblica'. 2023/24 regulation: one contributo scale for all first-degree programmes; full-pay ('contributo pieno', ISEE > 95,000 or no valid ISEE) 3,726 at 46-74 CFU (standard 60-CFU load = 100%) + regional tax 140 + stamp duty 16; compulsory accident insurance 9.59 excluded (with it 3,891.59). Min 156 = no-tax area (contributo 0). Caveat: regulation Art. 5 still cites the L.232/2016 13,000 threshold and Fascia 1 (0-23,120) = 723, while PoliMi's no-tax page (2022/23 capture) says DM 1014 applies (0 up to 22,000) plus extra reductions to ISEE 27,740; application of 22,000 in 2023/24 not confirmed on a 2023/24 page. govt_need_aid broad: national no-tax area (DM 1014/2021, state universities from 2021/22) = total exemption from the contributo for ISEE <= EUR 22,000 (first-years: no merit test), FFO-funded; regional tax and stamp duty still due; MUR-USTAT: 38% of state-university students fully exempt in 2022/23 (all exemption grounds, national figure, not institution-specific; slightly below the indicative 40%). inst_need_aid targeted: PoliMi's own 8-band ISEE scale up to 95,000 and extra reductions beyond DM 1014 (reductions, not free). | [V006] Checker V006: the 22,000 no-tax threshold is confirmed for 2023/24 by PoliMi's No Tax Area page captured 6 Dec 2023 ('The first instalment for the 2023/2024 academic year will be reduced for an ISEE issued in 2023 which has a value within € 27,740'). The 2023/24 regulation's Art.5 still cites the 13,000 L.232/2016 threshold (a conflict between documents; the later, more specific page is followed). No effect on the headline (full-pay rate). | [R102] R102 (v1.3 aid): govt_need_aid stays targeted; DSU borse di studio (ISEE <= 26,306.25 in 2023/24, DD 204/2023) now count alongside the no-tax area."
ITA-SUR,ITA,Italy,Sapienza University of Rome,=134,public,ownership,no,public,2872.5,156,3028.5,EUR,full_pay_rate_of_scale,156,3080,36327.42,0.0834,low_moderate,low_to_low_moderate,free,low_moderate,yes,low_moderate,yes,yes,yes,unknown,30.5,13.7,,,,2023/24,high,agree,agree,V006,83728,first_degree_headcount,2023/24,medium,https://dati-ustat.mur.gov.it/dataset/3dd9ca7f-9cc9-4a1a-915c-e569b181dbd5/resource/ad5a1516-ccd3-4eb8-a889-f584f04de578/download/13_iscrittixcorso.csv,"Derived sum over course rows of USTAT file 13 for AteneoCOD 5801 (""Roma La Sapienza""), AnnoA 2023/2024: first-cycle laurea classes (L-xx, L/SNTx, L/GASTR and pre-2004 numeric laurea classes) = 63834 + single-cycle integrated degrees (laurea magistrale a ciclo unico: LMG/01, LM-41, LM-42, LM-46, LM-13, LM-4cu, LM-85 bis and legacy 4/S, 14/S, 46/S, 47/S, 18-bis) = 19894. Excludes 2-year laurea magistrale (26992) and pre-DM509 old-order courses coded 99999 (1482, level not identifiable). Cells <5 are suppressed in the file, so true value slightly higher. Iscritto = enrolled for the a.a. as of 31 July of the following year; all campuses; includes fuori corso and part-time. Total enrolled (file 02, 2023/2024): 112736. Classification of class codes into first-cycle/single-cycle by the collector (documented rule), not by the source.",10,"Statute: 'ordinata in forma di istituzione pubblica'. 2023/24 regulation (DR 1 Aug 2023): full-pay contributo ('misura ordinaria al massimo valore', paid with 'non dichiaro' or no ISEE) 2,821 (group I faculties) or 2,924 (group II); headline uses the midpoint 2,872.5 of the two full-pay rates + regional tax 140 + stamp 16; max 2,924+156 = 3,080. Fixed-price telematic Unitelma/Nettuno courses (1,200-1,600, no ISEE reduction) excluded as separately priced franchised programmes. Min 156 = no-tax area. govt_need_aid broad: national no-tax area (DM 1014/2021, state universities from 2021/22) = total exemption from the contributo for ISEE <= EUR 22,000 (first-years: no merit test), FFO-funded; regional tax and stamp duty still due; MUR-USTAT: 38% of state-university students fully exempt in 2022/23 (all exemption grounds, national figure, not institution-specific; slightly below the indicative 40%). inst_need_aid targeted: Sapienza's own extension of the no-tax area to ISEE 24,000 (CdA 21 Jul 2020, applied 2023/24) and its own ISEE formula above that. | [R102] R102 (v1.3 aid): govt_need_aid stays targeted; DSU borse di studio (ISEE <= 26,306.25 in 2023/24, DD 204/2023) now count alongside the no-tax area."
ITA-AMSUB,ITA,Italy,Alma Mater Studiorum - Università di Bologna,=154,public,ownership,no,public,3978,156,4134,EUR,full_pay_rate_of_scale,156,6072,36327.42,0.1138,moderate,moderate_or_high,free,moderate,yes,low_moderate,yes,yes,yes,unknown,30.5,13.7,,,,2023/24,medium,agree,agree,V006,60977,first_degree_headcount,2023/24,medium,https://dati-ustat.mur.gov.it/dataset/3dd9ca7f-9cc9-4a1a-915c-e569b181dbd5/resource/ad5a1516-ccd3-4eb8-a889-f584f04de578/download/13_iscrittixcorso.csv,"Derived sum over course rows of USTAT file 13 for AteneoCOD 3701 (""Bologna""), AnnoA 2023/2024: first-cycle laurea classes (L-xx, L/SNTx, L/GASTR and pre-2004 numeric laurea classes) = 46426 + single-cycle integrated degrees (laurea magistrale a ciclo unico: LMG/01, LM-41, LM-42, LM-46, LM-13, LM-4cu, LM-85 bis and legacy 4/S, 14/S, 46/S, 47/S, 18-bis) = 14551. Excludes 2-year laurea magistrale (22388) and pre-DM509 old-order courses coded 99999 (930, level not identifiable). Cells <5 are suppressed in the file, so true value slightly higher. Iscritto = enrolled for the a.a. as of 31 July of the following year; all campuses; includes fuori corso and part-time. Total enrolled (file 02, 2023/2024): 84815. Classification of class codes into first-cycle/single-cycle by the collector (documented rule), not by the source.",11,"Statute: 'istituzione pubblica'. 2023/24 maximum contributo varies by programme: first-degree range 2,040 (standard Laurea I ciclo) to 5,916 (8616 Conservazione e restauro, single-cycle, treated as a first degree by the collector); headline = midpoint 3,978 + regional tax 140 + stamp 16; insurance 1.04 excluded. The headline depends on one high-priced programme: the standard Laurea rate gives 2,196 and the standard single-cycle rate 2,400 (sensitivity). Min 156 = no-tax area. govt_need_aid broad: national no-tax area (DM 1014/2021, state universities from 2021/22) = total exemption from the contributo for ISEE <= EUR 22,000 (first-years: no merit test), FFO-funded; regional tax and stamp duty still due; MUR-USTAT: 38% of state-university students fully exempt in 2022/23 (all exemption grounds, national figure, not institution-specific; slightly below the indicative 40%). inst_need_aid targeted: Unibo's own no-tax extension to ISEE 27,000 and its ISEE formula above it. | [V006] Checker V006: the maximum (5,916) is 8616 Conservazione e restauro, a 'Laurea Magistrale a ciclo unico' (LMR/02, 5 years, direct entry, 10 places), so it is a first degree and stays in the range under the protocol. The band depends on it: without 8616 the max is Odontoiatria 4,080 and the headline is 3,216 = 8.85% (low_moderate). Other first-degree maxima: Laurea standard 2,040; Ciclo Unico standard 2,244; 0545/8059/0122 2,550; 9210 Medicine and Surgery 3,315. | [R102] R102 (v1.3 aid): govt_need_aid stays targeted; DSU borse di studio (ISEE <= 26,306.25 in 2023/24, DD 204/2023) now count alongside the no-tax area."
ITA-UP,ITA,Italy,Università di Padova,219,public,ownership,no,public,2658.5,200,2858.5,EUR,full_pay_rate_of_scale,155,3075,36327.42,0.0787,low_moderate,low_to_low_moderate,free,low_moderate,yes,low_moderate,yes,yes,yes,unknown,30.5,13.7,,,,2023/24,high,agree,agree,V006,50968,first_degree_headcount,2023/24,medium,https://dati-ustat.mur.gov.it/dataset/3dd9ca7f-9cc9-4a1a-915c-e569b181dbd5/resource/ad5a1516-ccd3-4eb8-a889-f584f04de578/download/13_iscrittixcorso.csv,"Derived sum over course rows of USTAT file 13 for AteneoCOD 2801 (""Padova""), AnnoA 2023/2024: first-cycle laurea classes (L-xx, L/SNTx, L/GASTR and pre-2004 numeric laurea classes) = 41037 + single-cycle integrated degrees (laurea magistrale a ciclo unico: LMG/01, LM-41, LM-42, LM-46, LM-13, LM-4cu, LM-85 bis and legacy 4/S, 14/S, 46/S, 47/S, 18-bis) = 9931. Excludes 2-year laurea magistrale (19291) and pre-DM509 old-order courses coded 99999 (350, level not identifiable). Cells <5 are suppressed in the file, so true value slightly higher. Iscritto = enrolled for the a.a. as of 31 July of the following year; all campuses; includes fuori corso and part-time. Total enrolled (file 02, 2023/2024): 70974. Classification of class codes into first-cycle/single-cycle by the collector (documented rule), not by the source.",10,"Statute (in force 29 Oct 2023): 'istituzione pubblica'. 2023/24 bando: maximum contributo 2,442 (group A), 2,539 (group B), 2,875 (group E, incl. single-cycle Scienze della Formazione Primaria); headline = midpoint 2,658.5 + maximum Veneto regional tax 184 + stamp 16 (the regional tax is itself ISEE-graded 139-184); max 3,075. Min 155 = total exemption (ISEE <= 25,000) with minimum regional tax 139 + stamp 16. govt_need_aid broad: national no-tax area (DM 1014/2021, state universities from 2021/22) = total exemption from the contributo for ISEE <= EUR 22,000 (first-years: no merit test), FFO-funded; regional tax and stamp duty still due; MUR-USTAT: 38% of state-university students fully exempt in 2022/23 (all exemption grounds, national figure, not institution-specific; slightly below the indicative 40%). inst_need_aid targeted: Padova's 'estensione straordinaria' of total exemption 22,000-25,000 and additional university reductions 25,000-30,000, plus its own ISEE scale. | [R102] R102 (v1.3 aid): govt_need_aid stays targeted; DSU borse di studio (ISEE <= 26,306.25 in 2023/24, DD 204/2023) now count alongside the no-tax area."
ITA-PT,ITA,Italy,Politecnico di Torino,252,public,ownership,no,public,2440,156,2596,EUR,full_pay_rate_of_scale,156,2596,36327.42,0.0715,low_moderate,low_to_low_moderate,free,low_moderate,yes,low_moderate,yes,yes,yes,unknown,30.5,13.7,,,,2023/24,high,agree,agree,V006,19361,first_degree_headcount,2023/24,medium,https://dati-ustat.mur.gov.it/dataset/3dd9ca7f-9cc9-4a1a-915c-e569b181dbd5/resource/ad5a1516-ccd3-4eb8-a889-f584f04de578/download/13_iscrittixcorso.csv,"Derived sum over course rows of USTAT file 13 for AteneoCOD 102 (""Torino Politecnico""), AnnoA 2023/2024: first-cycle laurea classes (L-xx, L/SNTx, L/GASTR and pre-2004 numeric laurea classes) = 19361 + single-cycle integrated degrees (laurea magistrale a ciclo unico: LMG/01, LM-41, LM-42, LM-46, LM-13, LM-4cu, LM-85 bis and legacy 4/S, 14/S, 46/S, 47/S, 18-bis) = 0. Excludes 2-year laurea magistrale (15293) and pre-DM509 old-order courses coded 99999 (0, level not identifiable). Cells <5 are suppressed in the file, so true value slightly higher. Iscritto = enrolled for the a.a. as of 31 July of the following year; all campuses; includes fuori corso and part-time. Total enrolled (file 02, 2023/2024): 34762. Classification of class codes into first-cycle/single-cycle by the collector (documented rule), not by the source.",10,"Statute: 'istituzione universitaria pubblica' with 'personalità giuridica di diritto pubblico'. 2023/24 guide: maximum for first enrolment in a Laurea, full-time = 2,601 including regional tax 140, stamp 16 and accident insurance 5; contributo at level 75 (ISEE > 85,500) = 2,440; headline 2,440 + 156 (insurance excluded). Min 156 = exempt (161 incl. insurance; levels 1-14, ISEE <= 25,500). govt_need_aid broad: national no-tax area (DM 1014/2021, state universities from 2021/22) = total exemption from the contributo for ISEE <= EUR 22,000 (first-years: no merit test), FFO-funded; regional tax and stamp duty still due; MUR-USTAT: 38% of state-university students fully exempt in 2022/23 (all exemption grounds, national figure, not institution-specific; slightly below the indicative 40%). inst_need_aid targeted: PoliTo's own extension of the exemption to ISEE 25,500 ('integrati ed ampliati con deliberazioni del CdA') and its 75-level ISEE scale. | [R102] R102 (v1.3 aid): govt_need_aid stays targeted; DSU borse di studio (ISEE <= 26,306.25 in 2023/24, DD 204/2023) now count alongside the no-tax area."
NOR-UO,NOR,Norway,University of Oslo,117,public,ownership,no,public,0,1820,1820,NOK,uniform,,,961098.64,0.0019,free,free,,,no,free,no,no,no,unknown,,,,,,2023/24,medium,agree,agree,V007,14576,first_degree_headcount,2023/24 (autumn semester 2023 registration),high,https://dbh.hkdir.no/api/Tabeller/hentJSONTabellData,"Derived sum of DBH table 123 (registered students) cells, autumn 2023: B3 8178 + M5 4075 + PR 2323 = 14576. First degree defined as bachelor (3-/4-year) + integrated 5-year master + professional study programmes (entry from upper secondary). Excludes one-year programmes (AR), other lower/higher-level courses, 2-year masters, experience-based masters. Bachelor-only alternative: 8178. All registered students (all campuses, full- and part-time, incl. international); all-levels total in table: 26602.",15,"Control public: state university registered by Sikt as 'Forvaltningsorgan med særskilte fullmakter' under Kunnskapsdepartementet; under the 2005 Universities and University Colleges Act (in force 2023/24) the state is the legal party for the institution (§ 12-2). The Act itself does not use the phrase 'forvaltningsorgan med særskilte fullmakter'. Tuition 0: uhl 2005 § 7-1 bars state institutions from charging for ordinary degree programmes; the 2023 § 7-1 a fees apply only to non-EEA/Swiss citizens. Fees = (SiO semester fee 690 + UiO Kopinor fee 220, both compulsory) x 2 semesters; SiO 690 for autumn 2023 from an OsloMet capture (same SiO fee) and Khrono/DBH, spring 2024 from UiO's own capture; SAIH 50 voluntary, excluded. Aid: govt none: the only charge is the welfare semester fee, and Forskrift om studentsamskipnader §§ 17-22 contain no income-based waiver; Lånekassen support (living-cost loan/grant) excluded. Inst none: fee pages list only non-income exemptions; limited search. | [V007] UiO states Alle aktive studentar må betale Kopinor-avgifta (capture 4 Feb 2024), so including the 220 NOK per semester Kopinor fee in compulsory fees is correct. No autumn-2023 capture of the UiO page exists; the autumn-2023 amounts remain the SiO 690 (OsloMet capture, Khrono table) and the UiO staff page for Kopinor 220 from spring 2022. | [R102] R102 (v1.3 aid): govt_need_aid stays none: Lånekassen loan-to-grant conversion is tested only on the student's own income/assets (2023 limits 205,579 / 467,697 NOK), not on household income; sensitivity: broad if own-means tests count."
NOR-UB,NOR,Norway,University of Bergen,=281,public,ownership,no,public,0,1200,1200,NOK,uniform,,,961098.64,0.0012,free,free,,,no,free,no,no,no,unknown,,,,,,2023/24,medium,agree,agree,V007,12374,first_degree_headcount,2023/24 (autumn semester 2023 registration),high,https://dbh.hkdir.no/api/Tabeller/hentJSONTabellData,"Derived sum of DBH table 123 (registered students) cells, autumn 2023: B3 6421 + B4 117 + M5 4021 + PR 1815 = 12374. First degree defined as bachelor (3-/4-year) + integrated 5-year master + professional study programmes (entry from upper secondary). Excludes one-year programmes (AR), other lower/higher-level courses, 2-year masters, experience-based masters. Bachelor-only alternative: 6538. All registered students (all campuses, full- and part-time, incl. international); all-levels total in table: 20160.",13,"Control public: state university registered by Sikt as 'Forvaltningsorgan med særskilte fullmakter' under Kunnskapsdepartementet; under the 2005 Universities and University Colleges Act (in force 2023/24) the state is the legal party for the institution (§ 12-2). The Act itself does not use the phrase 'forvaltningsorgan med særskilte fullmakter'. Tuition 0: uhl 2005 § 7-1 bars state institutions from charging for ordinary degree programmes; the 2023 § 7-1 a fees apply only to non-EEA/Swiss citizens. Fees = Sammen compulsory part 550 (autumn 2023, UiB captures Jun and Nov 2023) + 650 (spring 2024; increase from spring 2024 per Studvest/Khrono, matched by UiB's 2024 capture); SAIH 40 voluntary excluded; no separate UiB copy fee (Studvest). Aid: govt none: the only charge is the welfare semester fee, and Forskrift om studentsamskipnader §§ 17-22 contain no income-based waiver; Lånekassen support (living-cost loan/grant) excluded. Inst none: fee pages list only non-income exemptions; limited search. | [V007] Sammen itself (capture 27 Feb 2024) states: Fra 2024 blir den nye semesteravgiften på kroner 650. Therefore 550 (autumn 2023) + 650 (spring 2024) = 1,200 is supported by the operator, not only by the press. | [R102] R102 (v1.3 aid): govt_need_aid stays none: Lånekassen loan-to-grant conversion is tested only on the student's own income/assets (2023 limits 205,579 / 467,697 NOK), not on household income; sensitivity: broad if own-means tests count."
NOR-NUSAT,NOR,Norway,Norwegian University of Science And Technology,=292,public,ownership,no,public,0,1200,1200,NOK,uniform,,,961098.64,0.0012,free,free,,,no,free,no,no,no,unknown,,,,,,2023/24,high,agree,agree,V007,28422,first_degree_headcount,2023/24 (autumn semester 2023 registration),high,https://dbh.hkdir.no/api/Tabeller/hentJSONTabellData,"Derived sum of DBH table 123 (registered students) cells, autumn 2023: B3 15254 + B4 77 + M5 11722 + PR 1369 = 28422. First degree defined as bachelor (3-/4-year) + integrated 5-year master + professional study programmes (entry from upper secondary). Excludes one-year programmes (AR), other lower/higher-level courses, 2-year masters, experience-based masters. Bachelor-only alternative: 15331. All registered students (all campuses, full- and part-time, incl. international); all-levels total in table: 44328.",11,"Control public: state university registered by Sikt as 'Forvaltningsorgan med særskilte fullmakter' under Kunnskapsdepartementet; under the 2005 Universities and University Colleges Act (in force 2023/24) the state is the legal party for the institution (§ 12-2). The Act itself does not use the phrase 'forvaltningsorgan med særskilte fullmakter'. Tuition 0: uhl 2005 § 7-1 bars state institutions from charging for ordinary degree programmes; the 2023 § 7-1 a fees apply only to non-EEA/Swiss citizens. Fees = Sit semester fee 600 x 2 (NTNU captures Dec 2023 and Mar 2024; Khrono/DBH 2023 = 600); no separate copy fee found on NTNU pages. Aid: govt none: the only charge is the welfare semester fee, and Forskrift om studentsamskipnader §§ 17-22 contain no income-based waiver; Lånekassen support (living-cost loan/grant) excluded. Inst none: fee pages list only non-income exemptions; limited search. | [R102] R102 (v1.3 aid): govt_need_aid stays none: Lånekassen loan-to-grant conversion is tested only on the student's own income/assets (2023 limits 205,579 / 467,697 NOK), not on household income; sensitivity: broad if own-means tests count."
NOR-UTTAUN,NOR,Norway,University of Tromsø The Arctic University of Norway,=577,public,ownership,no,public,0,1340,1340,NOK,uniform,,,961098.64,0.0014,free,free,,,no,free,no,no,no,unknown,,,,,,2023/24,medium,agree,agree,V007,10264,first_degree_headcount,2023/24 (autumn semester 2023 registration),high,https://dbh.hkdir.no/api/Tabeller/hentJSONTabellData,"Derived sum of DBH table 123 (registered students) cells, autumn 2023: B3 6813 + B4 75 + M5 2232 + PR 1144 = 10264. First degree defined as bachelor (3-/4-year) + integrated 5-year master + professional study programmes (entry from upper secondary). Excludes one-year programmes (AR), other lower/higher-level courses, 2-year masters, experience-based masters. Bachelor-only alternative: 6888. All registered students (all campuses, full- and part-time, incl. international); all-levels total in table: 16721.",12,"Control public: state university registered by Sikt as 'Forvaltningsorgan med særskilte fullmakter' under Kunnskapsdepartementet; under the 2005 Universities and University Colleges Act (in force 2023/24) the state is the legal party for the institution (§ 12-2). The Act itself does not use the phrase 'forvaltningsorgan med særskilte fullmakter'. Tuition 0: uhl 2005 § 7-1 bars state institutions from charging for ordinary degree programmes; the 2023 § 7-1 a fees apply only to non-EEA/Swiss citizens. Fees = compulsory part 670 x 2 (UiT captures Jun 2023 and Dec 2023: 710 incl. voluntary 40 SAIH); spring 2023 was 585 compulsory. The Khrono/DBH table shows 620 for 'Arktiske' 2023 (column alignment unclear); not used, flagged for the checker. No UiT-own tuition statement opened (Act only). Aid: govt none: the only charge is the welfare semester fee, and Forskrift om studentsamskipnader §§ 17-22 contain no income-based waiver; Lånekassen support (living-cost loan/grant) excluded. Inst none: fee pages list only non-income exemptions; limited search. | [V007] Samskipnaden (capture 8 Aug 2024) repeats 710 incl. 40 voluntary SAIH (670 compulsory), consistent with the UiT captures of Jun and Dec 2023. The Khrono/DBH row (Arktiske 620 585 ...) has one fewer value than year columns and matches 670 under no alignment; it is kept as an unresolved secondary discrepancy. Institution and operator pages are preferred, so 670 x 2 = 1,340 stands; even 620 x 2 would not change the band. | [R102] R102 (v1.3 aid): govt_need_aid stays none: Lånekassen loan-to-grant conversion is tested only on the student's own income/assets (2023 limits 205,579 / 467,697 NOK), not on household income; sensitivity: broad if own-means tests count."
NOR-NULS,NOR,Norway,Norwegian University of Life Sciences,1201-1400,public,ownership,no,public,0,940,940,NOK,uniform,,,961098.64,0.0010,free,free,,,no,free,no,no,no,unknown,,,,,,2023/24,medium,agree,agree,V007,3975,first_degree_headcount,2023/24 (autumn semester 2023 registration),high,https://dbh.hkdir.no/api/Tabeller/hentJSONTabellData,"Derived sum of DBH table 123 (registered students) cells, autumn 2023: B3 1516 + M5 1961 + PR 498 = 3975. First degree defined as bachelor (3-/4-year) + integrated 5-year master + professional study programmes (entry from upper secondary). Excludes one-year programmes (AR), other lower/higher-level courses, 2-year masters, experience-based masters. Bachelor-only alternative: 1516. All registered students (all campuses, full- and part-time, incl. international); all-levels total in table: 7700.",13,"Control public: state university registered by Sikt as 'Forvaltningsorgan med særskilte fullmakter' under Kunnskapsdepartementet; under the 2005 Universities and University Colleges Act (in force 2023/24) the state is the legal party for the institution (§ 12-2). The Act itself does not use the phrase 'forvaltningsorgan med særskilte fullmakter'. Tuition 0: uhl 2005 § 7-1 bars state institutions from charging for ordinary degree programmes; the 2023 § 7-1 a fees apply only to non-EEA/Swiss citizens. Fees = SiÅs semester fee 470 x 2 (NMBU captures Nov 2023 and Feb 2024, SiÅs capture Oct 2023); SAIH 40 voluntary excluded. NMBU's current page also bills a Kopinor fee (240) that the 2023/24 captures do not mention; if it was charged then, fees would be 1,420. Aid: govt none: the only charge is the welfare semester fee, and Forskrift om studentsamskipnader §§ 17-22 contain no income-based waiver; Lånekassen support (living-cost loan/grant) excluded. Inst none: fee pages list only non-income exemptions; limited search. | [V007] The NMBU Kopinor fee (240 NOK per semester on the current page) was not charged in 2023/24: NMBU captures of 28 Nov 2023, 28 Feb 2024, 18 Jun 2024 and 25 Jan 2025 list only the Siås fee of 470 plus the optional 40 SAIH and do not mention Kopinor. The conditional 1,420 alternative can be dropped; 940 stands. | [R102] R102 (v1.3 aid): govt_need_aid stays none: Lånekassen loan-to-grant conversion is tested only on the student's own income/assets (2023 limits 205,579 / 467,697 NOK), not on household income; sensitivity: broad if own-means tests count."
FIN-AU,FIN,Finland,Aalto University,109,private_nonprofit,legal_form,yes,private_govt_dependent,0,136.60,136.60,EUR,uniform,,,48891.36,0.0028,free,free,,,no,free,no,yes,unknown,unknown,,,,,,2023/24,medium,agree,agree,V007,9674,first_degree_headcount,"2023 statistical year (autumn 2023, i.e. 2023/24)",high,https://api.vipunen.fi/api/resources/opiskelijat_ja_tutkinnot/data,"Derived sum of field ""opiskelijat"" over 252 rows with korkeakoulu=""Aalto-yliopisto"", tilastovuosi=2023, koulutusasteTaso2=""Alempi korkeakoulututkinto"" (bachelor-level degree students), all programmes, both sexes; includes present (8649) and absent-registered (1025) students; all campuses. Finnish students are often admitted to combined bachelor+master rights; students classified at master level (""Ylempi korkeakoulututkinto"") are excluded.",14,"Control: Aalto-yliopisto is run by Aalto-korkeakoulusäätiö sr, a foundation university (säätiöyliopisto) under the Universities Act and the Foundations Act 487/2015, not one of the public-law universities (Act 1 §); its board is appointed by the university collegium after hearing the founders (the State may not nominate). Coded private_nonprofit with govt_dependent_flag yes (state funding 56% of operating income in 2023; the Act 8 § free-tuition rule and 49 § state funding apply). Classification-critical: a sensitivity run may count it as public. Tuition 0 by Universities Act 8 § (degree education free of charge; version in force 2023/24). Compulsory fees = student union membership fee 63.00 (AYY bachelor/master rate 2023–2024) (Act 46 §: all bachelor/master students are members; fee confirmed by the rector) + FSHS/YTHS student healthcare fee 73.60 (Act 695/2019 24-25 §: compulsory for every student enrolled as attending, same amount for all, paid to Kela; EUR 36.80 per term in 2023 and EUR 73.60/yr unchanged in 2024, so autumn 2023 + spring 2024 = 73.60, per-term split for 2024 inferred from ""unchanged""); without the healthcare fee the headline would be 63.00. govt_need_aid none: no government means-tested reduction of the union or healthcare fee found (healthcare fee legally the same for all); Kela study grant is living-cost support and excluded. inst_need_aid unknown: university-funded fee aid not established. | [V007] Checker V007: control re-checked. Yliopistolaki 1 s.3 separates the eleven public-law universities (julkisoikeudelliset laitokset) from the two foundation universities, which are governed by the Foundations Act 487/2015; the Aalto foundation rules (6 s.) bar Ministry of Education officials from the board and exclude the Finnish State from nominating board members, although the State is one of the founders. private_nonprofit with govt_dependent_flag yes is upheld; counting Aalto as public remains a sensitivity case. FIN control type is public (4/5) either way. | [R102] R102 (v1.3 aid): govt_need_aid now targeted: Kela's increased study-grant rate for students living with low-income parents is parental-income tested (current Kela page; 2023/24 not verified). The main study grant is tested only on the student's own income and is not counted."
FIN-UH,FIN,Finland,University of Helsinki,115,public,ownership,no,public,0,125.60,125.60,EUR,uniform,,,48891.36,0.0026,free,free,,,no,free,no,yes,unknown,unknown,,,,,,2023/24,high,agree,agree,V007,15405,first_degree_headcount,"2023 statistical year (autumn 2023, i.e. 2023/24)",high,https://api.vipunen.fi/api/resources/opiskelijat_ja_tutkinnot/data,"Derived sum of field ""opiskelijat"" over 637 rows with korkeakoulu=""Helsingin yliopisto"", tilastovuosi=2023, koulutusasteTaso2=""Alempi korkeakoulututkinto"" (bachelor-level degree students), all programmes, both sexes; includes present (14339) and absent-registered (1066) students; all campuses. Finnish students are often admitted to combined bachelor+master rights; students classified at master level (""Ylempi korkeakoulututkinto"") are excluded. Licentiate first-professional programmes classified at master level excluded (medicine LL 928, dentistry HLL 308, veterinary ELL 227).",12,"Control: public-law university (julkisoikeudellinen yliopisto) under Universities Act 1 § and its own regulations 3 §. Tuition 0 by Universities Act 8 § (degree education free of charge; version in force 2023/24). Compulsory fees = student union membership fee 52.00 (HYY basic-degree rate 2023-2024; source is the board proposal filed as council-approved, rector confirmation not seen) (Act 46 §: all bachelor/master students are members; fee confirmed by the rector) + FSHS/YTHS student healthcare fee 73.60 (Act 695/2019 24-25 §: compulsory for every student enrolled as attending, same amount for all, paid to Kela; EUR 36.80 per term in 2023 and EUR 73.60/yr unchanged in 2024, so autumn 2023 + spring 2024 = 73.60, per-term split for 2024 inferred from ""unchanged""); without the healthcare fee the headline would be 52.00. govt_need_aid none: no government means-tested reduction of the union or healthcare fee found (healthcare fee legally the same for all); Kela study grant is living-cost support and excluded. inst_need_aid unknown: university-funded fee aid not established (HYY rules 43 § allow a union-funded hardship exemption for proven lack of means - union-funded, not coded). | [V007] HYY membership page (capture 3 Mar 2024) states 52 EUR for basic-degree students for the whole academic year, so the 52.00 is observed on an official union page, not only in the board proposal. The student nation fee (12 EUR) and the development collection (5.80 EUR) are optional and correctly excluded. | [R102] R102 (v1.3 aid): govt_need_aid now targeted: Kela's increased study-grant rate for students living with low-income parents is parental-income tested (current Kela page; 2023/24 not verified). The main study grant is tested only on the student's own income and is not counted."
FIN-UO,FIN,Finland,University of Oulu,=313,public,ownership,no,public,0,130.60,130.60,EUR,uniform,,,48891.36,0.0027,free,free,,,no,free,no,yes,unknown,unknown,,,,,,2023/24,high,agree,agree,V007,7502,first_degree_headcount,"2023 statistical year (autumn 2023, i.e. 2023/24)",high,https://api.vipunen.fi/api/resources/opiskelijat_ja_tutkinnot/data,"Derived sum of field ""opiskelijat"" over 388 rows with korkeakoulu=""Oulun yliopisto"", tilastovuosi=2023, koulutusasteTaso2=""Alempi korkeakoulututkinto"" (bachelor-level degree students), all programmes, both sexes; includes present (7063) and absent-registered (439) students; all campuses. Finnish students are often admitted to combined bachelor+master rights; students classified at master level (""Ylempi korkeakoulututkinto"") are excluded. Licentiate first-professional programmes classified at master level excluded (medicine LL 944, dentistry HLL 312).",9,"Control: public-law university under Universities Act 1 § (the university's own regulations were not located - gap). Tuition 0 by Universities Act 8 § (degree education free of charge; version in force 2023/24). Compulsory fees = student union membership fee 57.00 (OYY 2023-2024, 28.50 per term) (Act 46 §: all bachelor/master students are members; fee confirmed by the rector) + FSHS/YTHS student healthcare fee 73.60 (Act 695/2019 24-25 §: compulsory for every student enrolled as attending, same amount for all, paid to Kela; EUR 36.80 per term in 2023 and EUR 73.60/yr unchanged in 2024, so autumn 2023 + spring 2024 = 73.60, per-term split for 2024 inferred from ""unchanged""); without the healthcare fee the headline would be 57.00. govt_need_aid none: no government means-tested reduction of the union or healthcare fee found (healthcare fee legally the same for all); Kela study grant is living-cost support and excluded. inst_need_aid unknown: university-funded fee aid not established. | [R102] R102 (v1.3 aid): govt_need_aid now targeted: Kela's increased study-grant rate for students living with low-income parents is parental-income tested (current Kela page; 2023/24 not verified). The main study grant is tested only on the student's own income and is not counted."
FIN-UT,FIN,Finland,University of Turku,=315,public,ownership,no,public,0,128.60,128.60,EUR,uniform,,,48891.36,0.0026,free,free,,,no,free,no,yes,unknown,unknown,,,,,,2023/24,high,agree,agree,V007,9096,first_degree_headcount,"2023 statistical year (autumn 2023, i.e. 2023/24)",high,https://api.vipunen.fi/api/resources/opiskelijat_ja_tutkinnot/data,"Derived sum of field ""opiskelijat"" over 522 rows with korkeakoulu=""Turun yliopisto"", tilastovuosi=2023, koulutusasteTaso2=""Alempi korkeakoulututkinto"" (bachelor-level degree students), all programmes, both sexes; includes present (8603) and absent-registered (493) students; all campuses. Finnish students are often admitted to combined bachelor+master rights; students classified at master level (""Ylempi korkeakoulututkinto"") are excluded. Licentiate first-professional programmes classified at master level excluded (medicine LL 946, dentistry HLL 267).",10,"Control: public-law university under Universities Act 1 § and its regulations 1 § (2025 version quoted; status held since 2010). Tuition 0 by Universities Act 8 § (degree education free of charge; version in force 2023/24). Compulsory fees = student union membership fee 55.00 (TYY basic-degree fee 2023–2024, TYY 2023 annual report) (Act 46 §: all bachelor/master students are members; fee confirmed by the rector) + FSHS/YTHS student healthcare fee 73.60 (Act 695/2019 24-25 §: compulsory for every student enrolled as attending, same amount for all, paid to Kela; EUR 36.80 per term in 2023 and EUR 73.60/yr unchanged in 2024, so autumn 2023 + spring 2024 = 73.60, per-term split for 2024 inferred from ""unchanged""); without the healthcare fee the headline would be 55.00. govt_need_aid none: no government means-tested reduction of the union or healthcare fee found (healthcare fee legally the same for all); Kela study grant is living-cost support and excluded. inst_need_aid unknown: university-funded fee aid not established. | [R102] R102 (v1.3 aid): govt_need_aid now targeted: Kela's increased study-grant rate for students living with low-income parents is parental-income tested (current Kela page; 2023/24 not verified). The main study grant is tested only on the student's own income and is not counted."
FIN-LLUTL,FIN,Finland,Lappeenranta-Lahti University of Technology LUT,=351,public,ownership,no,public,0,147.60,147.60,EUR,uniform,,,48891.36,0.0030,free,free,,,no,free,no,yes,unknown,unknown,,,,,,2023/24,high,agree,agree,V007,3486,first_degree_headcount,"2023 statistical year (autumn 2023, i.e. 2023/24)",high,https://api.vipunen.fi/api/resources/opiskelijat_ja_tutkinnot/data,"Derived sum of field ""opiskelijat"" over 176 rows with korkeakoulu=""Lappeenrannan-Lahden teknillinen yliopisto LUT"", tilastovuosi=2023, koulutusasteTaso2=""Alempi korkeakoulututkinto"" (bachelor-level degree students), all programmes, both sexes; includes present (3160) and absent-registered (326) students; all campuses. Finnish students are often admitted to combined bachelor+master rights; students classified at master level (""Ylempi korkeakoulututkinto"") are excluded.",12,"Control: public-law university under Universities Act 1 § in the version in force for 2023/24 (still public-law in the 2024 version; own regulations not located - gap). Tuition 0 by Universities Act 8 § (degree education free of charge; version in force 2023/24). Compulsory fees = student union membership fee 74.00 (LTKY full-year rate; 42 + 42 = 84 if paid per semester; the 2023/24 amount comes from a Sept-2023 capture of the LTKY shop that states no year, bracketed by 74 stated for 2022-2023 and 2024-2025) (Act 46 §: all bachelor/master students are members; fee confirmed by the rector) + FSHS/YTHS student healthcare fee 73.60 (Act 695/2019 24-25 §: compulsory for every student enrolled as attending, same amount for all, paid to Kela; EUR 36.80 per term in 2023 and EUR 73.60/yr unchanged in 2024, so autumn 2023 + spring 2024 = 73.60, per-term split for 2024 inferred from ""unchanged""); without the healthcare fee the headline would be 74.00. govt_need_aid none: no government means-tested reduction of the union or healthcare fee found (healthcare fee legally the same for all); Kela study grant is living-cost support and excluded. inst_need_aid unknown: university-funded fee aid not established. | [V007] The LTKY new-students page (capture 11 Oct 2023), which covers enrolment for 2023-2024, states that the fee is compulsory for all degree students and is 74 EUR per academic year (or 42 + 42 per term). The 2023/24 amount is therefore directly observed; the bracketing caveat can be dropped. | [R102] R102 (v1.3 aid): govt_need_aid now targeted: Kela's increased study-grant rate for students living with low-income parents is parental-income tested (current Kela page; 2023/24 not verified). The main study grant is tested only on the student's own income and is not counted."
DNK-UC,DNK,Denmark,University of Copenhagen,=107,public,ownership,no,public,0,0,0,DKK,uniform,,,468799.80,0.0000,free,free,,,no,free,not_applicable,yes,not_applicable,unknown,,,,,,2023/24,high,agree,agree,V007,21034,first_degree_headcount,2023/24 (count as of 1 October 2023),high,https://dkuni.dk/wp-content/uploads/2026/03/tabel-f-studieaktivitet-universiteter.xlsx,"Students enrolled on bachelor programmes at Københavns Universitet, per Definitionsmanual 2025: ordinary enrolments on full-time programmes, unique CPR numbers on 1 October, includes students on leave, excludes guest students; bachelor count includes professionsbachelor programmes (e.g. diplomingeniør). Excludes open/part-time (master/diploma) education. Total enrolled 2023: 36528. 2022 value: 21378.",12,"Control public: universitetsloven (LBK 778/2019) § 1(2) and KU statute § 1 (2021 statute, capture Dec 2023): statsfinansieret selvejende institution inden for den offentlige forvaltning under ministerial supervision. Tuition 0 for Danish/EU/EEA citizens: Act § 26(2) charges only where no state grant is given; KU bachelor admission pages (captures Nov-Dec 2023) state that only non-EU/EEA citizens pay (studieafgift). Compulsory fees 0 is an application of the Act (no charge provision for grant-funded full-time degree students; § 22 has the university fund student-political activities) plus national Eurydice context; student-organisation membership terms were not checked institution by institution. Aid not_applicable (headline 0 for all baseline students); SU (Statens Uddannelsesstøtte) is a living-cost grant and is excluded per protocol §6. | [R102] R102 (v1.3 aid): govt_need_aid targeted (the SU supplement for home-living students is parental-income tested; 2023 rates on su.dk); inst_need_aid unknown (not searched). The earlier sentence 'Aid not_applicable ... SU ... is excluded per protocol §6' is superseded by v1.3."
DNK-TUD,DNK,Denmark,Technical University of Denmark,121,public,ownership,no,public,0,0,0,DKK,uniform,,,468799.80,0.0000,free,free,,,no,free,not_applicable,yes,not_applicable,unknown,,,,,,2023/24,high,agree,agree,V007,7760,first_degree_headcount,2023/24 (count as of 1 October 2023),high,https://dkuni.dk/wp-content/uploads/2026/03/tabel-f-studieaktivitet-universiteter.xlsx,"Students enrolled on bachelor programmes at Danmarks Tekniske Universitet, per Definitionsmanual 2025: ordinary enrolments on full-time programmes, unique CPR numbers on 1 October, includes students on leave, excludes guest students; bachelor count includes professionsbachelor programmes (e.g. diplomingeniør). Excludes open/part-time (master/diploma) education. Total enrolled 2023: 13485. 2022 value: 7925.",12,"Control public: DTU is one of the eight universities on the UFM list (Act § 1(2): statsfinansierede selvejende institutioner inden for den offentlige forvaltning); DTU statute (2018, in force 2023) § 1(4): statsfinansieret selvejende institution med bygningsmæssigt selveje; DTU also governed by the DTU self-ownership Act (LBK 531/2013 § 1: selvejende universitet under the Ministry), kept by Act § 39(3) until replaced. Tuition 0: Act § 26(2); DTU BSc fees page (capture Apr 2023): EU/EEA citizens' tuition is covered by the Danish state (non-EU: EUR 15,000/yr). Compulsory fees 0 is an application of the Act (no charge provision for grant-funded full-time degree students; § 22 has the university fund student-political activities) plus national Eurydice context; student-organisation membership terms were not checked institution by institution. Aid not_applicable (headline 0 for all baseline students); SU (Statens Uddannelsesstøtte) is a living-cost grant and is excluded per protocol §6. | [V007] Checker V007 found no compulsory student-organisation charge. Membership of Polyteknisk Forening (PF), the DTU student association, is taken out by voluntary sign-up (indmeldelse) through its member portal and is not a university charge. | [R102] R102 (v1.3 aid): govt_need_aid targeted (the SU supplement for home-living students is parental-income tested; 2023 rates on su.dk); inst_need_aid unknown (not searched). The earlier sentence 'Aid not_applicable ... SU ... is excluded per protocol §6' is superseded by v1.3."
DNK-AU,DNK,Denmark,Aarhus University,=143,public,ownership,no,public,0,0,0,DKK,uniform,,,468799.80,0.0000,free,free,,,no,free,not_applicable,yes,not_applicable,unknown,,,,,,2023/24,medium,agree,agree,V007,18366,first_degree_headcount,2023/24 (count as of 1 October 2023),high,https://dkuni.dk/wp-content/uploads/2026/03/tabel-f-studieaktivitet-universiteter.xlsx,"Students enrolled on bachelor programmes at Aarhus universitet, per Definitionsmanual 2025: ordinary enrolments on full-time programmes, unique CPR numbers on 1 October, includes students on leave, excludes guest students; bachelor count includes professionsbachelor programmes (e.g. diplomingeniør). Excludes open/part-time (master/diploma) education. Total enrolled 2023: 31894. 2022 value: 18592.",11,"Control public: Act § 1(2); AU by-laws s.1(1) (AU's English version, capture Feb 2024, laid down under LBK 778/2019): government-funded, self-governing institution under public sector administration (Danish original not opened). Tuition 0: Act § 26(2); AU statements for EU/EEA students are nearest-year (2022 applicant guide, captured Mar 2023) and current (2026 page); no 2023/24-dated AU statement for Danish/EU students was found (AU 2023/24 fee PDF lists non-EU rates only, EUR 8,000-15,300). Compulsory fees 0 is an application of the Act (no charge provision for grant-funded full-time degree students; § 22 has the university fund student-political activities) plus national Eurydice context; student-organisation membership terms were not checked institution by institution. Aid not_applicable (headline 0 for all baseline students); SU (Statens Uddannelsesstøtte) is a living-cost grant and is excluded per protocol §6. | [R102] R102 (v1.3 aid): govt_need_aid targeted (the SU supplement for home-living students is parental-income tested; 2023 rates on su.dk); inst_need_aid unknown (not searched). The earlier sentence 'Aid not_applicable ... SU ... is excluded per protocol §6' is superseded by v1.3."
DNK-USD,DNK,Denmark,University of Southern Denmark (SDU),=326,public,ownership,no,public,0,0,0,DKK,uniform,,,468799.80,0.0000,free,free,,,no,free,not_applicable,yes,not_applicable,unknown,,,,,,2023/24,high,agree,agree,V007,11388,first_degree_headcount,2023/24 (count as of 1 October 2023),high,https://dkuni.dk/wp-content/uploads/2026/03/tabel-f-studieaktivitet-universiteter.xlsx,"Students enrolled on bachelor programmes at Syddansk Universitet, per Definitionsmanual 2025: ordinary enrolments on full-time programmes, unique CPR numbers on 1 October, includes students on leave, excludes guest students; bachelor count includes professionsbachelor programmes (e.g. diplomingeniør). Excludes open/part-time (master/diploma) education. Total enrolled 2023: 19287. 2022 value: 11941.",11,"Control public: Act § 1(2) and SDU statute § 1 (capture Nov 2023, issued under LBK 778/2019): statsfinansieret selvejende institution inden for den offentlige forvaltning. Tuition and fees 0: Act § 26(2); SDU fees page (capture Jun 2023): full-degree EU/EEA students - No fees. Compulsory fees 0 is an application of the Act (no charge provision for grant-funded full-time degree students; § 22 has the university fund student-political activities) plus national Eurydice context; student-organisation membership terms were not checked institution by institution. Aid not_applicable (headline 0 for all baseline students); SU (Statens Uddannelsesstøtte) is a living-cost grant and is excluded per protocol §6. | [R102] R102 (v1.3 aid): govt_need_aid targeted (the SU supplement for home-living students is parental-income tested; 2023 rates on su.dk); inst_need_aid unknown (not searched). The earlier sentence 'Aid not_applicable ... SU ... is excluded per protocol §6' is superseded by v1.3."
DNK-AU2,DNK,Denmark,Aalborg University,=336,public,ownership,no,public,0,0,0,DKK,uniform,,,468799.80,0.0000,free,free,,,no,free,not_applicable,yes,not_applicable,unknown,,,,,,2023/24,high,agree,agree,V007,9903,first_degree_headcount,2023/24 (count as of 1 October 2023),high,https://dkuni.dk/wp-content/uploads/2026/03/tabel-f-studieaktivitet-universiteter.xlsx,"Students enrolled on bachelor programmes at Aalborg Universitet, per Definitionsmanual 2025: ordinary enrolments on full-time programmes, unique CPR numbers on 1 October, includes students on leave, excludes guest students; bachelor count includes professionsbachelor programmes (e.g. diplomingeniør). Excludes open/part-time (master/diploma) education. Total enrolled 2023: 17968. 2022 value: 10400.",12,"Control public: Act § 1(2) and UFM list of the eight universities; AAU statute (signed 15 Dec 2022, approved 17 Jan 2023, issued under LBK 778/2019) - the statute text opened has no status sentence, but AAU presents it as the rules of den selvejende institution Aalborg Universitet. Tuition 0: Act § 26(2); AAU bachelor fees page (capture Sep 2023): only students from outside the EU/EEA pay tuition (EU list includes Denmark); non-EU rate DKK 106,500 for 2023. Compulsory fees 0 is an application of the Act (no charge provision for grant-funded full-time degree students; § 22 has the university fund student-political activities) plus national Eurydice context; student-organisation membership terms were not checked institution by institution. Aid not_applicable (headline 0 for all baseline students); SU (Statens Uddannelsesstøtte) is a living-cost grant and is excluded per protocol §6. | [V007] The AAU statute (capture 24 Apr 2024, page updated 31 Oct 2023) contains the status clause: Aalborg Universitet er en statsfinansieret selvejende institution inden for den offentlige forvaltning under tilsyn af uddannelses- og forskningsministeren. This replaces the earlier note that the statute text had no status sentence. | [R102] R102 (v1.3 aid): govt_need_aid targeted (the SU supplement for home-living students is parental-income tested; 2023 rates on su.dk); inst_need_aid unknown (not searched). The earlier sentence 'Aid not_applicable ... SU ... is excluded per protocol §6' is superseded by v1.3."
IND-IITB,IND,India,Indian Institute of Technology Bombay,=149,public,ownership,no,public,200000,13400,213400,INR,uniform,,,201547.33,1.0588,high,moderate_or_high,,,no,high,yes,yes,yes,unknown,,,,,,2023/24,high,agree,agree,V008,6273,first_degree_headcount,"2023-24 (NIRF India Rankings 2025 data submission; table itself carries no date, reference year inferred from NIRF 2025 cycle whose latest intake column is 2023-24)",medium,https://www.nirfindia.org/nirfpdfcdn/2025/pdf/Overall/IR-O-U-0306.pdf,"'Total Actual Student Strength (All programs of all years)' for undergraduate rows UG [4 Years Program(s)], UG [5 Years Program(s)] at Indian Institute of Technology Bombay [IR-O-U-0306]; 5-year UG programmes are integrated/dual degrees (first-degree entry). Includes students from outside the country (39). Other rows excluded: PG [2 Year Program(s)]=2904. PhD students are not in this table. Self-reported by the institution to NIRF.",9,"Control public: body corporate and institution of national importance under the Institutes of Technology Act 1961 (ss. 2, 4); President of India is Visitor; Central Government grants (s. 21). Tuition 100,000 x 2 semesters (2023 batch; autumn and spring 2023-24 circulars); fees = (medical 1,850 + exam 1,200 + registration 900 + gymkhana 2,100 + Student Benevolent Fund 650) x 2; Student Accident Insurance Fund 250/sem excluded as insurance (+500 if included); one-time admission charges 9,400 and refundable deposits 6,000 not recurring; hostel excluded. Govt targeted: Ministry rule for IITs (PIB: 'from the academic year 2016-17'): full tuition remission if family income < Rs 1 lakh, 2/3 remission for Rs 1-5 lakh (means-tested); SC/ST/PwD full tuition waiver regardless of income is category-based, not means-tested. Targeted because tuition is free only below Rs 1 lakh; the Rs 1-5 lakh band still pays one-third of tuition plus all fees; recipient shares not found. The PIB text does not itself state the funding line (coded government-funded as a ministerial rule). Vidyalaxmi interest-free loans excluded. IITB's remission page applies it. Inst targeted: Institute Merit-cum-Means scholarship (tuition refunded, 25% quota) per the IITB scholarship FAQ (2024 capture, nearest-year)."
IND-IITD,IND,India,Indian Institute of Technology Delhi,197,public,ownership,no,public,200000,11500,211500,INR,uniform,,,201547.33,1.0494,high,moderate_or_high,,,no,high,yes,yes,yes,yes,,,,,,2023/24,high,agree,agree,V008,4880,first_degree_headcount,"2023-24 (NIRF India Rankings 2025 data submission; table itself carries no date, reference year inferred from NIRF 2025 cycle whose latest intake column is 2023-24)",medium,https://www.nirfindia.org/nirfpdfcdn/2025/pdf/Overall/IR-O-I-1074.pdf,"'Total Actual Student Strength (All programs of all years)' for undergraduate rows UG [4 Years Program(s)], UG [5 Years Program(s)] at Indian Institute of Technology Delhi [IR-O-I-1074]; 5-year UG programmes are integrated/dual degrees (first-degree entry). Includes students from outside the country (1). Other rows excluded: PG [2 Year Program(s)]=2319. PhD students are not in this table. Self-reported by the institution to NIRF.",7,"Control public: IIT Delhi incorporated under the Institutes of Technology Act 1961 (ss. 2, 4(1A)), institution of national importance; President of India is Visitor; Central Government grants (s. 21). Tuition 100,000 per semester x 2 (1st-semester 2023-24 sheet for 2023 entry; 2nd semester assumed identical as charges are stated per semester); fees = (semester fee 5,350 [exam 1,500, registration 750, gymkhana 1,250, medical 750, internet 1,000, transport 100] + Student Distress Fund 400) x 2; insurance 500/yr excluded (+500 if included); one-time 8,150, deposits 8,000, institute residence fee 13,250 and JoSAA charges excluded. Govt targeted: Ministry rule for IITs (PIB: 'from the academic year 2016-17'): full tuition remission if family income < Rs 1 lakh, 2/3 remission for Rs 1-5 lakh (means-tested); SC/ST/PwD full tuition waiver regardless of income is category-based, not means-tested. Targeted because tuition is free only below Rs 1 lakh; the Rs 1-5 lakh band still pays one-third of tuition plus all fees; recipient shares not found. The PIB text does not itself state the funding line (coded government-funded as a ministerial rule). Vidyalaxmi interest-free loans excluded. IITD's sheet applies it (33,333/semester for Rs 1-5 lakh; nil below Rs 1 lakh). Inst targeted: Institute MCM (about 25% of students, income up to Rs 4.5 lakh, tuition exempted) and Institute Free Studentship (10%, means alone) per Prospectus 2023-24."
IND-IIS,IND,India,Indian Institute of Science,225,public,appointment,no,public,105000,5200,110200,INR,midpoint_of_range,15200,205200,201547.33,0.5468,high,moderate_or_high,low_moderate,high,yes,high,no,yes,no,no,,,,,,2023/24,medium,agree,agree,V008,596,first_degree_headcount,"2023-24 (NIRF India Rankings 2025 data submission; table itself carries no date, reference year inferred from NIRF 2025 cycle whose latest intake column is 2023-24)",medium,https://www.nirfindia.org/nirfpdfcdn/2025/pdf/Overall/IR-O-U-0220.pdf,'Total Actual Student Strength (All programs of all years)' for undergraduate rows UG [4 Years Program(s)] at Indian Institute of Science [IR-O-U-0220]; 5-year UG programmes are integrated/dual degrees (first-degree entry). Includes students from outside the country (11). Other rows excluded: PG [2 Year Program(s)]=1389; PG [3 Year Program(s)]=111. PhD students are not in this table. Self-reported by the institution to NIRF. IISc's only undergraduate programme is the 4-year Bachelor of Science (Research) (programme identity not stated in the NIRF table).,11,"Control coded public, not an IIT-Act body. IISc is a public charitable trust under the Charitable Endowments Act 1890 (Vesting Order 1909; Scheme substituted by the Central Government in 1967). The Treasurer of Charitable Endowments, India holds the property, the President of India is Visitor, and 11 of 21 Council seats are nominated by the Government of India, Karnataka, Parliament, UGC, AICTE or CSIR. IISc has been a UGC deemed university since 1958 and receives MHRD grants. Checker should confirm control. Two first-degree programmes in 2023/24: BS (Research) tuition 10,000/yr (brochure for 2023 admission; the 2026 IISc notice confirms 10,000 since 2011) and B.Tech Mathematics & Computing tuition 200,000/yr (IISc fees page, Oct 2023 capture). Both pay annual fees of gymkhana 1,200, other academic 3,700 and Students Emergency Fund 300 (5,200); refundable deposits 15,000 excluded. Headline is the midpoint (tuition_std 105,000 is the tuition midpoint), with min 15,200 (BS) and max 205,200 (B.Tech). BS is the larger, flagship programme. Aid none: only the SC/ST tuition waiver (category-based, not means-tested) was found. No income-based waiver was found for 2023; the IIT Ministry rule is stated for IITs only. The EWS support in the 2026 notice applies from 2026-27. BS scholarships (KVPY/INSPIRE/IIScP) are merit or entry-mode stipends and are excluded. Search was limited to the official fee pages and brochure. | [V008] Checker V008: control confirmed (Scheme 9.1: 11 of 21 Council seats nominated by government or public bodies; Tata Trusts 2). The high band follows from the midpoint rule; BS-only (flagship, larger intake) would be low_moderate (7.5% of GDP pc) - report as rule-dependent. Central Sector Scholarship (national cash scholarship, income < Rs 8 lakh) not coded as a charge reduction. | [R104, supersedes an earlier statement in this note] Govt aid targeted (R104, v1.3): national Central Sector Scholarship (12,000 INR/yr cash; merit + family income <= Rs 4.5 lakh under the 2022-23 guidelines, superseding the Rs 8 lakh in the 2019 PIB text; not combinable with other scholarships, so possibly displaced by the KVPY/INSPIRE/IIScP merit scholarships for which all IISc students are eligible)."
IND-IITK,IND,India,Indian Institute of Technology Kharagpur,271,public,ownership,no,public,200000,8200,208200,INR,uniform,,,201547.33,1.0330,high,moderate_or_high,,,no,high,yes,yes,yes,unknown,,,,,,2023/24,medium,agree,agree,V008,8379,first_degree_headcount,"2023-24 (NIRF India Rankings 2025 data submission; table itself carries no date, reference year inferred from NIRF 2025 cycle whose latest intake column is 2023-24)",medium,https://www.nirfindia.org/nirfpdfcdn/2025/pdf/Overall/IR-O-U-0573.pdf,"'Total Actual Student Strength (All programs of all years)' for undergraduate rows UG [4 Years Program(s)], UG [5 Years Program(s)] at Indian Institute of Technology Kharagpur [IR-O-U-0573]; 5-year UG programmes are integrated/dual degrees (first-degree entry). Includes students from outside the country (28). Other rows excluded: UG [3 Years Program(s)]=115; PG [2 Year Program(s)]=3493; PG [3 Year Program(s)]=49. PhD students are not in this table. Self-reported by the institution to NIRF. Excludes 'UG [3 Years Program(s)]' (115 students; programme not identified in the table, not added). Including it would give 8494.",7,"Control public: incorporated by the IIT (Kharagpur) Act 1956, whose provisions continue under the Schedule of the Institutes of Technology Act 1961 (s. 39); institution of national importance; President of India is Visitor; Central Government grants (s. 21). Tuition 100,000 per semester x 2 (UG admission manual 2023, marked 'tentative'); fees = (TFS 100 + registration 400 + exam 500 + student amenities 800 + internet 600 + gymkhana 600 + medical registration 200 + laboratory 800) x 2 + Students' Brotherhood Fund 200/yr. Excluded: hostel seat rent, electricity & water, hall establishment/overhead/budget, mess (housing), insurance premium 2,500/yr, one-time 5,700, caution money 6,000. Amounts read from the rendered table (text layer misaligned). Govt targeted: Ministry rule for IITs (PIB: 'from the academic year 2016-17'): full tuition remission if family income < Rs 1 lakh, 2/3 remission for Rs 1-5 lakh (means-tested); SC/ST/PwD full tuition waiver regardless of income is category-based, not means-tested. Targeted because tuition is free only below Rs 1 lakh; the Rs 1-5 lakh band still pays one-third of tuition plus all fees; recipient shares not found. The PIB text does not itself state the funding line (coded government-funded as a ministerial rule). Vidyalaxmi interest-free loans excluded. KGP manual applies it (33,335/semester for income <= Rs 5 lakh; nil below Rs 1 lakh). Inst targeted: manual states scholarships 'funded by Institute and Alumni' based on performance and family income, incl. MCM/Free Studentships; shares and amounts not stated."
IND-IITK2,IND,India,Indian Institute of Technology Kanpur,=278,public,ownership,no,public,200000,4100,204100,INR,uniform,,,201547.33,1.0127,high,moderate_or_high,,,no,high,yes,yes,yes,yes,,,,,,2023/24,medium,agree,agree,V008,4716,first_degree_headcount,"2023-24 (NIRF India Rankings 2025 data submission; table itself carries no date, reference year inferred from NIRF 2025 cycle whose latest intake column is 2023-24)",medium,https://www.nirfindia.org/nirfpdfcdn/2025/pdf/Overall/IR-O-I-1075.pdf,'Total Actual Student Strength (All programs of all years)' for undergraduate rows UG [4 Years Program(s)] at Indian Institute of Technology Kanpur [IR-O-I-1075]; 5-year UG programmes are integrated/dual degrees (first-degree entry). Includes students from outside the country (0). Other rows excluded: PG [2 Year Program(s)]=1939. PhD students are not in this table. Self-reported by the institution to NIRF. No 5-year UG row is reported for IIT Kanpur in this submission.,7,"Control public: body corporate and institution of national importance under the Institutes of Technology Act 1961 (ss. 2, 4); President of India is Visitor; Central Government grants (s. 21). Tuition 100,000 per semester x 2 (DOSA 'Tentative Fee Structure' for 2023-24 B.Tech/BS, dated 20 July 2023; scanned, read visually; totals reconcile: 117,530 x 8 = 9,40,240); fees = (exam 300 + registration 300 + gymkhana 500 + festival 200 + medical 50 + amenities 300 + laboratory contingency 300 + benevolence fund 100) x 2. Excluded: health insurance 1,685/sem, seat rent, water, mess establishment (housing), one-time 2,950, deposit 17,000. The full-pay column header reads 'family Income <5 lacs', apparently a misprint for >5 lakh given the notes. Govt targeted: Ministry rule for IITs (PIB: 'from the academic year 2016-17'): full tuition remission if family income < Rs 1 lakh, 2/3 remission for Rs 1-5 lakh (means-tested); SC/ST/PwD full tuition waiver regardless of income is category-based, not means-tested. Targeted because tuition is free only below Rs 1 lakh; the Rs 1-5 lakh band still pays one-third of tuition plus all fees; recipient shares not found. The PIB text does not itself state the funding line (coded government-funded as a ministerial rule). Vidyalaxmi interest-free loans excluded. IITK sheet applies it (one-third of tuition for Rs 1-5 lakh). Inst targeted: IITK MCM (full tuition waiver, income limit Rs 6 lakh) and about 50 alumni MCM scholarships, from an undated IITK page (not verified for 2023-24)."
ECU-USFQU,ECU,Ecuador,Universidad San Francisco de Quito USFQ,801-850,private_nonprofit,legal_form,no,private_not_govt_dependent,10957.50,1092.50,12050.00,USD,midpoint_of_range,10200.00,13900.00,6718.14,1.7936,high,moderate_or_high,high,high,no,high,unknown,unknown,yes,unknown,,,,,,2023/24,high,agree,agree,V009,7874,fte,unclear (THE Latin America ranking 2023 edition; data year not stated),low,https://sites-www.udla.edu.ec/sites/default/files/2024-09/Informe_Rector_2023.pdf,"FALLBACK fte, NOT a headcount: 'Estudiantes FTE' as published by Times Higher Education for its 2023 Latin America ranking and reproduced in UDLA's accountability report (Tabla 9, compiled by UDLA's DARA office, citing timeshighereducation.com latin-america-university-rankings/2023). THE ranking data normally refer to an earlier data year (not stated here) and FTE is institution-submitted, all levels incl. postgraduate. Secondary source (UDLA report quoting THE); year and scope uncertain. USFQ's own Informe Rector 2023 (usfq.edu.ec/sites/default/files/2024-10/rendicion-cuentas-2023.pdf) was opened: it states only 'una comunidad de aproximadamente 10 mil personas' (students+staff), no student headcount; USFQ per-programme 'número de registrados' PDFs are programme-level only.",9,"Particular autofinanciada (CES register), private-law non-profit (statute); recognised by Decreto Ejecutivo 3166, Oct 1995 (USFQ news page only). Annual arancel + matrícula for students entering from Aug 2023, Quito on-campus programmes: min Music (924 + 9,276 = 10,200), max Medicina (1,261 + 12,639 = 13,900); headline = midpoint; Galápagos semipresencial and online programmes excluded; student insurance voluntary. Flat per-programme price, no income scale. Aid: need-and-merit partial grant plus loan, amount personalised, admission score >=1900/2400 (current page); coded targeted. No government means-tested scheme for USFQ students established."
ECU-PUCE,ECU,Ecuador,Pontificia Universidad Católica del Ecuador (PUCE),901-950,private_nonprofit,legal_form,yes,private_govt_dependent,7000.00,895.00,7895.00,USD,midpoint_of_range,5790.00,10000.00,6718.14,1.1752,high,moderate_or_high,high,high,no,high,yes,unknown,yes,unknown,,,,,,2023/24 (PUCE periods 2023-02 and 2024-01),medium,agree,agree,V009,23617,undergraduate_headcount,2023 (rendición de cuentas period 2023),medium,https://www.puce.edu.ec/docs/dac/rendicion-cuentas/2023/Fase3_Entrega/REN-CUENTAS-PUCE-2024.pdf,"PUCE accountability report for 2023, Tabla 2 'Estudiantes por nivel de formación': Tercer nivel 23,617 of 29,406 total; all 7 sedes (Matriz Quito plus Amazonas, Ambato, Esmeraldas, Ibarra, Manabí, Santo Domingo). Tercer nivel in Ecuador includes grado and tercer nivel tecnológico (e.g. PUCE TEC), so not strictly first-degree. Counting period (annual vs. per academic period) not stated.",12,"Particular cofinanciada (CES register) receiving state rentas (FOPEDEUPO, budget allocations); private-law non-profit created by Decreto 1228 of 2-Jul-1946; govt_dependent_flag yes. Entrants from 2023-02 pay the flat 'repotenciadas' schedule (the A-E socioeconomic categories cover older cohorts): arancel 3,950 per semester (Medicina 5,500, ICAM 5,000) less a 'beca directa' given to all new students, plus matrícula 395 (ICAM 500); same values in 2023-02 and 2024-01. Annual on-campus range 5,790 (2x(395+2,500)) to 10,000 (Ingeniería Integral ICAM; Medicina 9,790); semipresencial programmes excluded; range before the universal discount 8,690-11,000. Excluded: USD 10/semester school-association contribution (compulsory status unclear) and voluntary health insurance. Aid: state allocations must fund becas for low-income students (LOES Art. 30); own Beca Solidaridad 10-40% (hardship-based); coverage shares not found. | [V009] Checker V009: state aportes were 10.1m of 123.3m recognised income in 2023 (8.2%) and 13.8m of 128.9m in 2024 (10.7%), earmarked by LOES Art. 30 for need-based becas; govt_dependent_flag yes is borderline and decides the ECU control-type sensitivity (5/7 public if PUCE is counted)."
ECU-EPN,ECU,Ecuador,Escuela Politécnica Nacional,1001-1200,public,ownership,no,public,0,0,0,USD,uniform,,,6718.14,0.0000,free,free,,,no,free,not_applicable,yes,not_applicable,yes,,,,,,2023/24 (EPN periods 2023-B and 2024-A),high,agree,agree,V009,5569,first_degree_headcount,2023,medium,https://webhistorico.epn.edu.ec/wp-content/uploads/2024/05/Informe_RDC_2023_v3_VF.pdf,"EPN accountability report 2023, Figura 4 'Estudiantes' data table: 2023 column, row 'Ingeniería' (grado level) 5,569; excludes Tecnología 679 (tercer nivel tecnológico), Maestría 216, Doctorado 77; total 6,541. The row label 'Ingeniería' is taken to cover EPN's grado programmes (the report does not list a separate grado row); counting basis (annual/period) not stated. Chart table visually checked.",11,"Public (CES register 'Públicas nacionales'; statute: de derecho público, created by decree of the Convención Nacional, 30-Aug-1869). Tuition 0 and compulsory fees 0 for the baseline student under constitutional/LOES gratuidad (LOES Art. 80: first matrícula and schooling free for regular students enrolled in >=60% of the period's credits; lost partially for repeated courses, temporarily for <60% load, definitively after cumulative failure of 30% of credits). EPN's 2021 fee rules charge matrícula and aranceles (income-scaled by quintile) only for loss of gratuidad or late registration; the FEPON contribution is voluntary (excluded). The 2023-B guide confirms the regime in 2023/24; no 2024-A document opened."
ECU-ESPL,ECU,Ecuador,Escuela Superior Politécnica del Litoral (ESPOL),1001-1200,public,ownership,no,public,0,0,0,USD,uniform,,,6718.14,0.0000,free,free,,,no,free,not_applicable,unknown,not_applicable,yes,,,,,,2023/24 (ESPOL terms II PAO 2023 and I PAO 2024; term dates not sourced),high,agree,agree,V009,9308,first_degree_headcount,2023 (calendar year),high,https://planificacion.espol.edu.ec/sites/default/files/RENDICION%20DE%20CUENTAS%202023.pdf,"ESPOL 'población estudiantil de grado' (grado = first-degree/licenciatura-engineering programmes) in calendar year 2023, incl. 132 international students; 1,863 entered that year. Excludes postgraduate (reported separately) and presumably technical-technological (UAFTT Posorja) students, not stated. Source: Dirección de Información Académica. Whether the figure is an annual unique count or a term snapshot is not stated. The 2024 report gives 9,068 for 2024.",9,"Public (CES register; ESPOL fee regulation: persona jurídica de derecho público created by Decreto Ejecutivo 1664 of 29-Oct-1958). Tuition 0 and compulsory fees 0 for the baseline student under constitutional/LOES gratuidad (LOES Art. 80: first matrícula and schooling free for regular students enrolled in >=60% of the period's credits; lost partially for repeated courses, temporarily for <60% load, definitively after cumulative failure of 30% of credits). ESPOL's fee regulation, before and after the Feb-2024 reform, charges the per-term matrícula only to students who lose gratuidad; per-credit aranceles (income-scaled by ISE strata) work the same way. dspace.espol.edu.ec was unreachable directly, so Wayback captures were used."
ECU-UCE,ECU,Ecuador,Universidad Central del Ecuador,1201-1400,public,ownership,no,public,0,0,0,USD,uniform,,,6718.14,0.0000,free,free,,,no,free,not_applicable,unknown,not_applicable,yes,,,,,,2023/24 (UCE periods 2023-2024 and 2024-2024),medium,agree,agree,V009,,,,,,Not found. Tried: SENESCYT Power BI (not machine-readable); uce.edu.ec homepage (no statistics/accountability link; guessed rendición-de-cuentas path 404); datosabiertos.gob.ec (HTTP 403). WebSearch unavailable.,9,"Public (CES register; statute: de derecho público; origin in the 18-Mar-1826 act creating the Universidad Central de Quito). Tuition 0 and compulsory fees 0 for the baseline student under constitutional/LOES gratuidad (LOES Art. 80: first matrícula and schooling free for regular students enrolled in >=60% of the period's credits; lost partially for repeated courses, temporarily for <60% load, definitively after cumulative failure of 30% of credits). UCE's 2024-2024 collection procedure registers regular (gratuidad) students automatically, with no payment, and charges per credit or hour only non-regular, repeating or second-degree students. That document is hosted on ucentral.org (unofficial host), corroborated by the 2024-2025 version on repositorio.uce.edu.ec; no document for the 2023-2024 period opened."
ECU-ULAE,ECU,Ecuador,Universidad de Las Américas Ecuador,1201-1400,private_nonprofit,legal_form,no,private_not_govt_dependent,7073.62,707.36,7780.98,USD,midpoint_of_range,5096.26,10465.70,6718.14,1.1582,high,moderate_or_high,high,high,no,high,unknown,unknown,yes,unknown,,,,,,2023/24 (UDLA period 2024-10 observed; 2024-20 assumed equal),medium,agree,agree,V009,13935,fte,unclear (THE Latin America ranking 2023 edition; data year not stated),low,https://sites-www.udla.edu.ec/sites/default/files/2024-09/Informe_Rector_2023.pdf,"FALLBACK fte, NOT a headcount: 'Estudiantes FTE' as published by Times Higher Education for its 2023 Latin America ranking and reproduced in UDLA's accountability report (Tabla 9, compiled by UDLA's DARA office, citing timeshighereducation.com latin-america-university-rankings/2023). THE ranking data normally refer to an earlier data year (not stated here) and FTE is institution-submitted, all levels incl. postgraduate. Secondary source (UDLA report quoting THE); year and scope uncertain. UDLA's own report also gives it in Tabla 10 'Estadística clave THE' (Número de estudiantes FTE 13.935). No 2023 headcount found: UDLA 'cifras' web page gives an undated current total (16 351 'Número total alumnos'), not used as it is not dated to 2023.",8,"Particular autofinanciada (CES register), private-law non-profit, created by Decreto Ejecutivo 3272 of 21-Nov-1995 (statute). New-student prices per period for 2024-10 (Sep 2023-Feb 2024), annualised x2 on the assumption that 2024-20 charges the same (not verified): on-campus (presencial) min Enfermería 2x(2,316.48 + 231.65), max Medicina 2x(4,757.14 + 475.71); semipresencial, dual, hybrid and technology programmes excluded. The table's column header reads '2023-20' but its footer says 2024-10 (check). No income scale found. Own means-tested Beca Socioeconómica exists (share unknown); government aid not established. | [V009, supersedes an earlier statement in this note] '(checked visually by V009: only the first table header reads 2023-20; the title says Año 2024, and the footer and side tables say 2024-10)'."
ECU-UFAE,ECU,Ecuador,Universidad de las Fuerzas Armadas ESPE (Ex - Escuela Politécnica del Ejército),1201-1400,public,ownership,no,public,0,0,0,USD,uniform,,,6718.14,0.0000,free,free,,,no,free,not_applicable,unknown,not_applicable,unknown,,,,,,2023/24 (ESPE periods SII 2023 and SI 2024),medium,agree,agree,V009,19314,fte,unclear (THE Latin America ranking 2023 edition; data year not stated),low,https://sites-www.udla.edu.ec/sites/default/files/2024-09/Informe_Rector_2023.pdf,"FALLBACK fte, NOT a headcount: 'Estudiantes FTE' as published by Times Higher Education for its 2023 Latin America ranking and reproduced in UDLA's accountability report (Tabla 9, compiled by UDLA's DARA office, citing timeshighereducation.com latin-america-university-rankings/2023). THE ranking data normally refer to an earlier data year (not stated here) and FTE is institution-submitted, all levels incl. postgraduate. Secondary source (UDLA report quoting THE); year and scope uncertain. ESPE's own sites (www.espe.edu.ec, transparencia.espe.edu.ec) refused/timed out from this network (as in E003); a 2022 ESPE admissions report (27,443 grado students in 2022, per search snippet) was not opened. Decimal separator in this row is a comma ('19,314') while others use a point; read as nineteen thousand three hundred fourteen.",9,"Public (CES register; statute: de derecho público, formed under LOES Transitory Provision 22 (2010) by merging ESPE (Decreto Supremo 2029, 1977), UNINAV and ITSA; depends on the Comando Conjunto de las Fuerzas Armadas for policy and appointments). Tuition 0 and compulsory fees 0 for the baseline student under constitutional/LOES gratuidad (LOES Art. 80: first matrícula and schooling free for regular students enrolled in >=60% of the period's credits; lost partially for repeated courses, temporarily for <60% load, definitively after cumulative failure of 30% of credits). ESPE's 2023 resolution sets matrícula and aranceles only for loss of gratuidad or a second degree; its 2019 service-fee order lists only optional or event-based items (certificates, carné replacement, homologation). No ESPE document states the zero charge in so many words; espe.edu.ec hosts were unreachable directly (Wayback used)."
PRY-UNA,PRY,Paraguay,Universidad Nacional de Asunción,1001-1200,public,ownership,no,public,1265000,0,1265000,PYG,midpoint_of_range,730000,1800000,45943691.74,0.0275,low,low_to_low_moderate,low,low,no,low,yes,unknown,yes,unknown,,,,,,2023,low,agree,agree,V009,45281,first_degree_headcount,2023,high,https://www.una.py/wp-content/uploads/2024/08/Anuario_UNA_2023.pdf,"UNA Anuario Estadístico 2023, table 3.3.3 'Matriculados por carreras de grado, sedes y sexo. Año 2023': Sede Central 32,355 + Filiales 12,926 = 45,281; grado careers only (pregrado courses and postgrado reported in separate tables); all faculties and branch campuses. Source note: 'Informe estadístico de Facultades - UNA. Diciembre/2023'. Same total appears in the table by area of knowledge (Total 19.994 25.287 45.281).",25,"Calendar academic year 2023 (fee resolutions are for 'ejercicio fiscal 2023'; FACEN periods Mar-Jun and Aug-Nov 2023). Arancel Cero (Ley 6628/2020, Decreto 4734/2021) makes admission and degree courses free only for graduates of public or subsidised secondary schools (within 5 years of graduating; eligibility kept if not more than 2 years over the programme length) and for private-school graduates certified as vulnerable by the MDS household register. It does not cover the whole baseline profile, so the headline is the charge a non-covered student (private-school graduate, not vulnerable) pays. Charges are set by each faculty; 2023 schedules were found for 4 of 14 faculties. Annual first-year totals: Derecho 450,000 (matricula 2x210,000 + library 10,000 + extension 20,000; per-subject exam fee of 20,000 excluded because the subject count was not found, so this is a lower bound) = min; Agrarias 800,000 (2x400,000); FACEN 1,360,000 (2x200,000 matricula + 20,000 per subject per month x 4 months x 2 periods, with a CONVENTIONAL 6 subjects per period); FP-UNA engineering 1,800,000 (12 subjects x (4x25,000 + 50,000 exam registration); 6 subjects per semester from the 2008 Informatica plan) = max; midpoint 1,125,000. Entire charge entered as tuition_std; faculty levies are inside the totals and no university-wide fee was found. Not in range: Medicina (only the 2020 schedule found: 200,000 inscription + 10,000 per evaluation period, i.e. about 230,000, which would lower the min); Ingenieria (only 2022 and 2024 found: 180,000/195,000 per semester + 25,000/26,000 per subject per month, up to 6 subjects). Admission/preparatory courses excluded (Derecho preparatoria 980,000; FP-UNA exam 720,000). govt_need_aid=targeted: legal entitlement with no cap. Mainly group-based (school sector); the private-school vulnerability route is the only means-tested part. UNA recipient share not documented; it would be broad if eligible students are at least 40% of entrants. inst_need_aid=targeted: Estatuto art. 210 exemptions for low-income students, capped at 20% of enrolment with grade conditions; FCM ran a 2023 call. Control public: Ley 356/1956 art. 1; Estatuto 2017 art. 1. | [V009, supersedes an earlier statement in this note] Derecho 730,000 (matricula 2x210,000 + library 10,000 + extension 20,000 + final-exam fee 20,000 per subject x 14 subjects; 7 subjects documented for semester 1 of 2023, semester 2 assumed equal; 590,000 if only semester 1 is counted) = min'. Add: 'Checker V009: Medicina and Ciencias Economicas 2023 schedules not found (med.una.py 403, not bypassed); with Medicina at its 2020 schedule the midpoint would be 1,015,000 (2.21%). Headline is 2.2%-2.8% in all scenarios: low under the main bands, unstable around the 2.5% sensitivity cut-off."
PAK-QIA,PAK,Pakistan,Quaid-i-Azam University,=315,public,ownership_and_appointment,no,public,97650,0,97650,PKR,midpoint_of_range,96000,99300,337977.01,0.2889,high,moderate_or_high,high,high,no,moderate,yes,yes,unknown,unknown,,,,,,2023/24,medium,agree,agree,V010,,,,,,"NOT FOUND. Tried: HEC university profile page (https://www.hec.gov.pk/english/universities/Pages/Islamabad/Quaid-i-Azam-University.aspx) - 'Total Enrollment' and 'Bachelor/Master(16 yrs) Students' fields are empty in the served HTML; HEC 'University wise Enrolment' PDF is for 2017-18 and not split by level (too old, not used); HEC HEDR Annual Report 2022-23 and HEC Annual Report 2022-23 contain no institution-level enrolment; Pakistan Education Statistics 2023-24 (PIE) contains no university-level table; one targeted web search for a QAU annual report found none. Wikipedia figures not used.",12,"Federal public university under the Quaid-e-Azam University Act 1973: the President of Pakistan is Chancellor (s.9), the Chancellor appoints the Vice-Chancellor (s.12) and the Syndicate (executive body; the Senate was omitted in 1985) is ex officio/state-nominated except one elected professor and one elected associate professor (s.21). Headline = 2 x Category B 'per semester' total for Regular (open-merit) national BS students, w.e.f. Fall 2023: 48,000 (all other programmes) = min, 49,650 (Management Sciences, CS, IT, Pharm-D, BA LLB) = max; Category B is not itemised on the page, so the whole amount is entered as tuition_std (compulsory_fees_std=0 is not a sourced zero). EXCLUDED and band-relevant: Category A 'At the time of Admission' total (27,120 / 30,810), treated as a one-off admission charge per project precedent; its heads are not itemised and whether any part recurs was not established (including it once would give about 124,770 midpoint). Self-finance/evening seats cost 90,970 / 89,870 per semester (not headline). One-time admission processing fee 2,450 and degree/transcript fees excluded. HEC Need-Based Scholarship (Wayback capture Oct 2023) and the Benazir Undergraduate Scholarship Project (formerly Ehsaas; HEC-implemented, family income up to Rs.45,000, tuition and incidental fees plus Rs.4,000/month stipend; public-sector universities only; competitive need-and-merit selection with university slots) are cited once per institution by rule; coded targeted (capped, competitive; recipient share not documented). QAU's scholarship page (May 2023 capture) lists HEC Need Based Scholarship and EHSAAS UG Scholarships. inst_need_aid targeted: QAU 'offers financial assistance to the needy and the deserving/meritorious students admitted on regular basis' and runs an endowment (SAFE) scholarship; share and exact means test not documented. National Bank loan scheme is a loan (excluded). | [V010] Checker V010: the Fall 2019 capture of the same page itemises Category A as admission fee, registration fee, identity card, refundable library security and document verification fee (one-off or refundable); exclusion supported by this earlier-year itemisation."
PAK-NUST,PAK,Pakistan,National University of Sciences And Technology (NUST) Islamabad,367,public,ownership_and_appointment,no,public,349300,11400,360700,PKR,midpoint_of_range,303400,418000,337977.01,1.0672,high,moderate_or_high,high,high,no,high,yes,yes,yes,unknown,,,,,,2023/24,medium,agree,agree,V010,,,,,,"NOT FOUND. Tried: nust.edu.pk returns HTTP 403 to automated requests (not bypassed); Wayback capture of homepage (2024-02-24) has no student totals; NUST Annual SDGs Report 2023-2024 (https://sustainability.nust.edu.pk/wp-content/uploads/2024/11/SDG-Report-2023-2024.pdf) gives scholarship awardees only (UG 1602), not enrolment; HEC national reports have no institution-level enrolment. Wikipedia figure (8,728 UG) not used.",11,"Public: NUST Act 1997 (Pakistan Code text updated till 15.12.2021) - Prime Minister is Chancellor (s.8); Board of Governors (s.12) is chaired by the Chief of the Army Staff and composed of Army general officers, federal secretaries (Defence, Education, Finance, S&T), UGC and PEC chairmen and the Rector; the Board appoints the Rector (s.10). Fee schedule for national students from Wayback captures of 26 Sep 2023 and 12 Apr 2024 (identical; the Mar 2023 capture showed the older 124,200/148,400), so the 149,000/200,300 rates are taken as the 2023/24 (Fall 2023 intake) schedule; the page carries no year label. Tuition per semester 149,000 (Engineering/IT, Biotechnology, Natural Sciences) or 200,300 (Architecture, Social Sciences, Business) x 2; miscellaneous charges 2,700 per semester x 2 = 5,400; 'Harvard Business school licensing fee' 12,000/year for BBA and BS Accounting & Finance only. Min = 298,000+5,400 = 303,400; max (BBA/BS A&F) = 400,600+5,400+12,000 = 418,000. tuition_std = midpoint of tuition 349,300; fees = 5,400 + 6,000 (midpoint of the 0-12,000 licensing fee). Admission processing fee 35,000 (one-off) and refundable 10,000 security excluded; hostel excluded. HEC Need-Based Scholarship (Wayback capture Oct 2023) and the Benazir Undergraduate Scholarship Project (formerly Ehsaas; HEC-implemented, family income up to Rs.45,000, tuition and incidental fees plus Rs.4,000/month stipend; public-sector universities only; competitive need-and-merit selection with university slots) are cited once per institution by rule; coded targeted (capped, competitive; recipient share not documented). NUST's own need-based page (Sep 2023) requires applicants to apply for Ehsaas/PEEF/HEC. inst_need_aid targeted: 'Need Based Financial Aid Program ... bolstered by NUSTs' own resources and external funding' (need-based scholarships covering partial/full costs; the interest-free loans and fee deferment are loans, excluded); share not documented. | [V010] Checker V010: CDX digests show the schedule changed between 20 Mar and 26 Sep 2023 and again before 25 Jul 2024 (171,350/250,380), bracketing 149,000/200,300 as the 2023/24 schedule."
PAK-LUMS,PAK,Pakistan,Lahore University of Management Sciences (LUMS),=540,private_nonprofit,legal_form,no,private_not_govt_dependent,1083390,187810,1271200,PKR,midpoint_of_range,1135960,1406440,337977.01,3.7612,high,moderate_or_high,high,high,no,high,unknown,unknown,yes,unknown,,,,,,2023/24,high,agree,agree,V010,,,,,,NOT FOUND. Tried: LUMS Academic Report 2022-23 (https://lums.edu.pk/sites/default/files/2023-07/LUMS%20Academic%20Report%202023-single.pdf) - no enrolment total (only convocation 2022: 950 UG graduates; ~30% of student body on financial support); Office of Programme Enhancement statistics page (https://ope.lums.edu.pk/statistics-lums) - no enrolment figure; lums.edu.pk homepage - none. Wikipedia/secondary figures not used.,11,"Private not-for-profit: federally chartered 1985; sponsoring body the National Management Foundation (all land and buildings owned by NMF; its Board of Governors is business-community members); Board of Trustees of business, academia and government representatives sets policy; approved not-for-profit under the Income Tax Ordinance; HEC lists sector 'Private'. No government per-student teaching grant or state fee payment to LUMS found, so govt_dependent_flag=no. Freshman FY 2023-24 fee tables on programme pages (Wayback Sep-Dec 2023 captures): per-credit rate PKR 32,830; year 1 = Fall 2023 + Spring 2024 + Summer 2024. Min (HSS, e.g. Economics, History: 32 credits) = tuition 1,050,560 + semester registration 85,400 = 1,135,960; max (SSE programmes: CS, EE, Biology, Chemical Eng.: 34 credits) = 1,116,220 + SSE fee 204,820 + registration 85,400 = 1,406,440; SDSB (Management Science, A&F: 33 credits) = 1,168,790. The summer session is part of the published first-year schedule and is included. Admission fee 134,370 (one-off), refundable general security 51,000 and hostel excluded. BA-LLB table not captured (range may be incomplete). govt_need_aid targeted: Punjab Educational Endowment Fund (Government of the Punjab) scholarships for 'talented and needy students' offered to LUMS students (LUMS page captured Dec 2024, nearest-year evidence); HEC need-based/BISP schemes exclude private universities. inst_need_aid targeted: need-based tuition fee waiver of 20%-100% reassessed each year (the loan component of the 'Waiver & Loan' scheme is excluded) plus the National Outreach Programme (full assistance); LUMS reports 29% of students receiving financial support (capture Jul 2024, all aid types), below the 40% indicative threshold."
PAK-PIEAS,PAK,Pakistan,Pakistan Institute of Engineering and Applied Sciences (PIEAS),641-650,public,ownership_and_appointment,no,public,108000,72000,180000,PKR,uniform,,,337977.01,0.5326,high,moderate_or_high,,,no,high,yes,yes,unknown,unknown,,,,,,2023/24,medium,agree,agree,V010,,,,,,NOT FOUND. Tried: PIEAS profile page (https://www.pieas.edu.pk/about/profile.cshtml) - no student counts; one web search for a PIEAS annual report found only admission notices; HEC national reports have no institution-level enrolment.,9,"Public: PIEAS Ordinance 2000 s.9 - overall control vests in a Board of Governors 'subject to such conditions and restrictions as the Commission [Pakistan Atomic Energy Commission] may deem fit', chaired by the PAEC Chairman, with PAEC members and federal secretaries ex officio and nominated members named by the Chairman; text read from an unofficial law compilation (nasirlawsite.com), official Pakistan Code copy not found. PIEAS describes itself as a 'federal public university'. BS 2023 fee structure (PDF captured Apr 2024): tuition 54,000 per 18 credit-hour semester x 2 = 108,000; recurring per-semester charges registration 2,000, PERN/digital library 10,000, library development 1,000, hostel/transport conservation 2,000, clubs/societies 3,000, examination 3,000 and transport 15,000 = 36,000 x 2 = 72,000, matching PIEAS's own 'Total Recurring without Accommodation' of 90,000 per semester. Transport (15,000/semester) is included because PIEAS counts it in the non-residential total; whether it is waivable was not established (without it: 150,000). Admission charges 25,000 (once), refundable security 25,000, test fees and accommodation excluded. 50% tuition concession for children of low-grade PAEC employees is a targeted concession (not headline). HEC Need-Based Scholarship (Wayback capture Oct 2023) and the Benazir Undergraduate Scholarship Project (formerly Ehsaas; HEC-implemented, family income up to Rs.45,000, tuition and incidental fees plus Rs.4,000/month stipend; public-sector universities only; competitive need-and-merit selection with university slots) are cited once per institution by rule; coded targeted (capped, competitive; recipient share not documented). PIEAS appears on the HEC Ehsaas university list (2021 file). inst_need_aid targeted: fee-structure footnote '25% of the tuition fee collected shall be deposited in a separate Head as financial support fund for needy students'."
PAK-CI,PAK,Pakistan,COMSATS University Islamabad,651-660,public,ownership_and_appointment,no,public,232000,14000,246000,PKR,midpoint_of_range,218000,274000,337977.01,0.7279,high,moderate_or_high,high,high,no,high,yes,yes,yes,unknown,,,,,,2023/24,medium,agree,agree,V010,,,,,,"NOT FOUND (no dated official figure). Tried: CUI homepage (https://www.comsats.edu.pk/) shows undated, mutually inconsistent rounded banners ('39K+ Students' and '45K+ Students', all 8 campuses incl. virtual); COMSATS Secretariat page (https://comsats.org/comsats-institute-of-information-technology-ciit/) says 'More than 34,820 students are currently enrolled in various programs offered by the University' (undated, all levels). Neither is dated or split by level, so not recorded. HEC national reports have no institution-level enrolment; Wikipedia figure not used.",11,"Public: COMSATS University Islamabad Act 2018 - the President of Pakistan is Chancellor and Chairperson of the Senate (s.8) and 'All appointments to the Senate shall be made by the Chancellor' (s.18(3)); members include federal ministers/secretaries, HEC chairman and parliamentarians. Fall 2023 fee structure (PDF created 6 Jun 2023) gives one all-inclusive BS 'Semester Fee': 107,000 (most programmes), 116,000 (CS, AI, cyber, data science, software eng.), 122,000 (engineering), 135,000 (architecture, design, fine arts, interior design). The Treasurer's notification of 30 Nov 2023 (distributed to all campuses) sets the Spring 2024 fee for the Fall-23 batch at 111,000 / 120,000 / 126,000 / 139,000 (registration 7,000 + tuition). Annual = Fall 2023 + Spring 2024: min 218,000, max 274,000, midpoint 246,000. Split: registration 7,000 per semester is documented for Spring 2024 and assumed to be inside the Fall 2023 all-in fee (compulsory_fees_std 14,000; the split does not change the headline). Admission fee 22,000 (one-time) and degree fee 10,000 excluded. Pharmacy (Pharm-D) is absent from the Fall 2023 table and is not in the range (Spring 2024 Fall-23 batch: 133,000). Fees assumed common to all CUI campuses (single schedule issued by the Principal Seat). HEC Need-Based Scholarship (Wayback capture Oct 2023) and the Benazir Undergraduate Scholarship Project (formerly Ehsaas; HEC-implemented, family income up to Rs.45,000, tuition and incidental fees plus Rs.4,000/month stipend; public-sector universities only; competitive need-and-merit selection with university slots) are cited once per institution by rule; coded targeted (capped, competitive; recipient share not documented). CUI's scholarships page (Sep 2023) lists HEC Need Based Scholarship. inst_need_aid targeted: Need Based Financial Support Program financed by the CUI Taleem Fund (contributions by CUI and its employees); the Jan 2024 page states fee waivers were abolished; Qarz-e-Hasna is a loan (excluded); share not documented."
NGA-I,NGA,Nigeria,University of Ibadan,1401+,public,ownership,no,public,0,307750,307750,NGN,midpoint_of_range,203500,412000,1378003.90,0.2233,moderate,moderate_or_high,moderate,high,yes,moderate,unknown,unknown,unknown,unknown,,,,,,2023/24 (UI 2023/2024 session; fees payable Apr-Aug 2024),low,agree,agree,V010,15803,undergraduate_headcount,2023/24,high,https://ui.edu.ng/sites/default/files/INFOSTATISTIC%20update%202026.pdf,"'Undergraduate (Full-Time)' enrolment on the UI main campus, 2023/24. EXCLUDES Distance Learning Centre students (10,749 in 2023/24; predominantly undergraduate distance programmes, not split in this table) and students of affiliated institutions (2,930). Total enrolment 36,851 incl. postgraduates. Nigerian undergraduate = first-degree (bachelor's/MBBS etc.); no sub-degree split given.",16,"No official UI fee schedule for 2023/24 was accessible: amounts are set per student on the login-only portal. The official UI 2023/24 fresh-student guide lists the charges every student pays: a bundled fee (100-300 levels; 'school fee' at 400 level and above), a technology levy and a utility levy (plus a Health Professional/Laboratory levy for College of Medicine students and a Special DVM levy for Veterinary students). Tuition 0: no tuition line appears, and an undated UI 'Fees Payable' page (Wayback, July 2023) says Nigerian undergraduates are exempt from fees. Amounts come only from news reports of portal screenshots for 2023/24 FRESHERS (Guardian/UCJUI 12 Apr 2024; TheCable 11 Apr 2024): max 412,000 (bundle 372,000 + technology 20,000 + utility 20,000); others 278,000; min 203,500 per TheCable (Guardian says 203,000; conflict kept, TheCable used because it states the total includes both levies). Headline = midpoint 307,750. This is the observed range, not the full published faculty range. The Dean of Student Affairs said the new fees were 'only for freshers'. On 29 Aug 2024 the Council approved a 'reviewed schedule of levies for newly admitted and returning undergraduate students in the 2023/2024 academic session'. Its amounts, and the 2023/24 returning-student charges, were not found. The reported freshers' amounts may include first-year-only items and TISHIP health insurance; this could not be separated. Excluded: acceptance fee 50,000 (one-off, official), accommodation (separate). govt_need_aid unknown: the federal Nigerian Scholarship Award 2023/24 is merit-based (CGPA>=4.0, second year+), the Education Bursary Award is field-based, NELFUND is a loan, and state bursaries were not established for 2023/24. inst_need_aid unknown: the only means-tested scheme found (ASUU-UI indigent scholarship, 11 awards) is funded by the staff union, not the university. Control: public. UI Act (Cap U6 LFN 2004) s.1 establishes the University; s.9: the President is Visitor; the Visitor appoints the Pro-Chancellor; 9 Council members are appointed by the President plus one Ministry member. NUC lists it as a federal university. Later amendments to Council composition were not checked. | [V010] Checker V010: reports of the 29 Aug 2024 Council approval (Blueprint, Nigerianeye, FIJ, UI Law Press; 30 Aug 2024) give no reviewed amounts and no reduction. Student-reported 2023/24 returning-student totals: 138,350 (Human Nutrition), 150,000 (Animal Science), almost 80,000 (unnamed), about 6-11% of GDP pc. Freshers' amounts read as cohort pricing; band moderate at the midpoint; high only for the top faculty."
NGA-L,NGA,Nigeria,University of Lagos,1401+,public,ownership,no,public,0,135500,135500,NGN,midpoint_of_range,90750,180250,1378003.90,0.0983,low_moderate,low_to_low_moderate,low_moderate,moderate,yes,low_moderate,unknown,unknown,unknown,unknown,,,,,,2023/24,medium,agree,agree,V010,33779,undergraduate_headcount,2023/24,medium,https://unilag.edu.ng/unilag-statistics/,"Registered undergraduate students 2023/24, main (full-time) programmes: male 16,166 + female 17,613 = 33,779; this derived sum equals the page's '2023/2024 Registered Students 33,779' tile. Excludes separately reported Institute of Continuing Education (1,004 M + 1,376 F), Postgraduate (3,544 M + 3,071 F) and Distance Learning Institute (DLI; 5,063 M + 6,257 F). Undergraduate at UNILAG = bachelor's-degree programmes, but the page does not define the category, so recorded as undergraduate_headcount. Web dashboard (published 2025-05-23, modified 2025-06-18); layout checked in HTML (number heading followed by category label).",11,"Official UNILAG 'Revised Obligatory Charges' (21 Sep 2023), 2023/2024 session, after the 14 Sep 2023 downward review that applied to all students. Tuition is 'NIL'. The returning-student annual totals are 80,750 (courses without lab), 120,250 (with lab/studio) and 170,250 (Medical/Pharmacy/Health Professions). Each includes TISHIP 5,000 (the tertiary-institution health insurance scheme), which is excluded as health insurance (sensitivity +5,000). A Medical Services fee of 5,000 is kept. The utility charge of 15,000 'to be paid by all undergraduate students' is added. Range 90,750-180,250, midpoint 135,500. The medical tier is an outlier kept by rule; the range may cross a band. The returning-student schedule is used as the standard year. The new-student schedule (116,325 / 166,300 plus utility 15,000) includes first-year-only items: result verification 5,500, handbook 5,000, matriculation 5,000, higher registration, and toxicology 10,000 'paid by all new students'. It has no medical column. The acceptance fee was not searched. The convocation fee of 27,000 (final year only), hostels and field trips are excluded. The pre-review 21 Jul 2023 schedule (returning 100,750/140,250/190,250 + utility 20,000) is superseded. govt_need_aid unknown: the federal Nigerian Scholarship Award 2023/24 is merit-based, the Education Bursary Award is field-based, NELFUND (2024) is a loan and is excluded, and state bursaries were not established for 2023/24. inst_need_aid targeted: in its official 14 Sep 2023 statement the VC listed 'Assistance to Indigent Students' among the measures. Criteria and reach were not documented. The instalment option and work-study are not grants. Control: public. The University of Lagos Act (Cap U9 LFN 2004) s.1 establishes it; s.16: the President is Visitor; the Visitor appoints the Pro-Chancellor; s.5: 9 Council members are appointed by the President plus one Ministry member. NUC lists it as a federal university. | [V010] Checker V010: headline 9.83% of GDP pc is 1.7% below the 10% cut-off; including TISHIP 5,000 (health insurance, excluded by protocol) gives 10.2% (moderate)."
PRT-P,PRT,Portugal,University of Porto,253,public,ownership_and_appointment,no,public,697,2,699,EUR,uniform,,,25557.59,0.0273,low,low_to_low_moderate,,,no,low,yes,yes,unknown,yes,14.8,14.8,,,,2023/24,high,agree,agree,V010,21688,first_degree_headcount,2023/24,high,https://www.up.pt/portal/documents/1964/Relatorio_de_Atividades_e_Contas_U.Porto_2024.pdf,"Derived sum of two reported cells: 1st-cycle (licenciatura) enrolled 16,116 + integrated master's (MI) enrolled 5,572 = 21,688, U.Porto all faculties, degree-seeking students. The indicator table columns are labelled by calendar year (2020-2024); the 2024 column corresponds to academic year 2023/24 (the same report states 'Em 2023/24 ... 35 757 estudantes', which equals 16,116+5,572+9,589 (2nd cycle)+4,480 (3rd cycle)). Includes part-time and international degree students; mobility status not stated. MI is an integrated first degree (e.g. Medicine). Official site behind Cloudflare challenge; read via Wayback capture (not bypassed).",9,"U.Porto's own page (Wayback Feb 2024) states the 2023/24 annual propina for all licenciaturas and integrated master's for national students: EUR 697 + EUR 2 seguro escolar (entered as the compulsory fee); integrated master's carry the same propina, so they do not change the headline. National cap for 2023/24 is EUR 697 (DGES). The 2025 U.Porto emolument table lists only certificate fees (e.g. certidão de matrícula EUR 5), no general enrolment fee; no 2023/24 table was opened. Control public: 'instituída pelo Estado' as a fundação pública com regime de direito privado (DL 96/2009 art. 1); the 5 curadores (who appoint the management council and homologate key General Council acts, RJIES art. 133) are appointed by the Government. govt_need_aid targeted: DGES bolsas (RABEEES, Despacho 7647/2023) are a legal entitlement up to 23 x IAS per capita, pay cash beyond the propina (reference grant 11 x IAS + propina; minimum 125% of propina), but reach 14.8% of all HE students in 2023/24 (EDUSTAT, national, secondary). inst_need_aid targeted: U.Porto Fundo de Apoio Social emergency subsidies for students in proven economic need who cannot get a DGES grant (recipient share unknown; income limit in Regulamento art. 8 not opened)."
PRT-L,PRT,Portugal,University of Lisbon,=266,public,ownership,no,public,697,25,722,EUR,uniform,,,25557.59,0.0282,low,low_to_low_moderate,,,no,low,yes,yes,unknown,unknown,14.8,14.8,,,,2023/24,medium,agree,agree,V010,32554,first_degree_headcount,2023/24,high,https://www.ulisboa.pt/sites/default/files/documents/document/default/ra-2023-final_aprovado_para_publicacao.pdf,"Students enrolled in initial training (licenciaturas 26,235 + integrated master's 6,319 = 32,554, as stated by the report), all ULisboa schools, academic year 2023/24, source RAIDES 2023. Degree-seeking students; part-time and international degree students included; mobility students not stated. Total all cycles 51,596.",13,"Tuition uniform: the ULisboa General Council table shows 697 EUR in the 2023-2024 column for every licenciatura and integrated master's (national cap 697). Compulsory fees are set by each school and were fully documented for one: FCUL 2023/24 taxa de inscrição 25 (includes seguro escolar) + taxa de matrícula 40 (first-year/first-time students only; excluded from the headline under D032, sensitivity +40). Checker V010: ULisboa Mérito Social 2023 call is master's-only and activity-linked; UL - Consciência Social means-tested emergency support seen only on an undated current page. = 65; ISEG charges seguro escolar 2.10 plus first-year 'emolumentos de atos administrativos' (amount not found); IST charges seguro escolar and a taxa de secretaria (amounts not found). Headline uses FCUL; other schools may differ by tens of euros. Control public: pessoa coletiva de direito público (Estatutos art. 1; RJIES art. 9); the General Council is elected internally (not state-appointed), so public status rests on public-law legal personality/state creation, not appointment. govt_need_aid targeted: DGES bolsas (cash beyond the propina; 14.8% of HE students national, 2023/24). inst_need_aid unknown: SASULisboa 'auxílios de emergência' (exceptional cash payment in grave economic situations) are listed on an undated current FD page; 2023/24 applicability and funding source not established."
PRT-A,PRT,Portugal,University of Aveiro,344,public,ownership_and_appointment,no,public,697,13.94,710.94,EUR,uniform,,,25557.59,0.0278,low,low_to_low_moderate,,,no,low,yes,yes,unknown,unknown,14.8,14.8,,,,2023/24,high,agree,agree,V010,17086,total_headcount,2023/24,medium,https://www.ua.pt/file/86471,"FALLBACK total_headcount: all enrolled ('matriculados') students 2023/24, INCLUDES 7,228 postgraduates; the non-postgraduate remainder (9,858) would also include polytechnic CTeSP (short-cycle) students, so it is not a clean first-degree count and is not used. The same report's chart has garbled year labels (values 17.086, 16.314, 16.807); the text value 17,086 is consistent with the 2023 sustainability report (16,807 matriculados in 2022/23) and the stated +1.7% growth. The Relatório de Gestão e Contas 2023 and 2024 (ua.pt/file/80245, /85803) contain no enrolment tables. All UA schools incl. polytechnic schools.",9,"Circular 01-REIT/2023 fixes the 2023/24 propina at 697 EUR for licenciatura and integrated master's, and an enrolment fee (taxa de inscrição) of 2% of the annual propina including seguro escolar = 13.94 EUR (derived: 0.02 x 697). Control public: 'instituída pelo Estado' as a fundação pública com regime de direito privado (DL 97/2009 art. 1); curadores appointed by the Government. govt_need_aid targeted: DGES bolsas (cash beyond the propina; 14.8% of HE students national, 2023/24). inst_need_aid unknown: a SASUA 'Bolsa de Participação e Valorização Social' for economically disadvantaged students was seen only in search snippets and appears to pay for participation in activities (work-linked, may not qualify); SASUA pages are script-rendered and could not be read."
PRT-C,PRT,Portugal,University of Coimbra,=351,public,ownership,no,public,697,20,717,EUR,uniform,,,25557.59,0.0281,low,low_to_low_moderate,,,no,low,yes,yes,yes,unknown,14.8,14.8,,,,2023/24,medium,agree,agree,V010,16035,first_degree_headcount,2023/24,high,https://www.uc.pt/site/assets/files/1213191/relatorio_gestao_contas_uc2024.pdf,"Derived sum of two reported cells (final values for 2023/24, revised vs the 2023 report): licenciatura (L) 12,253 + integrated master's (MI) 3,782 = 16,035. Excludes incoming mobility students (report text); includes international students under the Estatuto do Estudante Internacional. All UC faculties. Provisional value at 31 Dec 2023 in the 2023 report was L 12,209 + MI 3,774. Official site behind anti-bot shield; read via Wayback capture (not bypassed).",10,"No UC-specific 2023/24 propina schedule could be read (live uc.pt behind an anti-bot challenge, not bypassed; no 2023/24 Wayback capture). Tuition 697 is inferred from the national 2023/24 cap of 697 (DGES) plus UC's own 2021/22 schedule at the cap (10 x 69.70); the Budget Laws froze the propina at the previous year's value, so UC could not have raised it; a cut below 697 is not ruled out by a UC source (flagged). Fee: taxa de matrícula/inscrição incl. seguro escolar 20 EUR (UC emolument table captured June 2023; same 20 EUR on the 2025 page). Control public: pessoa coletiva de direito público (Estatutos art. 1; RJIES art. 9); General Council elected internally, not state-appointed. govt_need_aid targeted: DGES bolsas (cash beyond the propina; 14.8% of HE students national). inst_need_aid targeted: UC Fundo de Apoio Social co-pays the propina for non-grant students with per-capita household income <= 1.8 IAS/month (2023/24 call, March 2024); recipient share unknown."
PRT-NL,PRT,Portugal,Universidade Nova de Lisboa,=400,public,ownership_and_appointment,no,public,697,49,746,EUR,uniform,,,25557.59,0.0292,low,low_to_low_moderate,,,no,low,yes,yes,unknown,unknown,14.8,14.8,,,,2023/24,medium,agree,agree,V010,12937,first_degree_headcount,2023/24,high,https://www.unl.pt/wp-content/uploads/2025/04/FUNL_RAC-2024_signed.pdf,"Derived sum of two reported cells, students enrolled at 31/12/2023 (DGEEC reference date for 2023/24; RAIDES 2023, final in this report): Primeiro Ciclo (licenciatura only) 9,128 + Mestrados Integrados 3,809 = 12,937. All NOVA organic units. The 2023 report gave provisional 9,125 + 3,811 = 12,936.",11,"Tuition 697 for all licenciatura and integrated master's in 2023/24 (General Council decision of 14 Dec 2022, as published by NOVA FCT Despacho 24/2023 and NMS Despacho 10/2023). Fees are school-level and documented only for NOVA Medical School: inscrição 35 + seguro escolar 14 = 49 (headline 746, as NMS states); NOVA FCT fee amounts (inscrição, seguro) not found, so other schools may differ slightly. Control public: DL 20/2017 art. 1 'O Estado português institui uma fundação pública com regime de direito privado' (read via an unofficial reproduction; confirmed by the 2020 statutes, DR copy); curadores appointed by the Government (DL 20/2017; RJIES art. 131). govt_need_aid targeted: DGES bolsas (cash beyond the propina; 14.8% of HE students national, 2023/24). inst_need_aid targeted: NOVA 'bolsas de acesso' for students whose household per-capita income cannot fund their studies, financed from school budgets and a university emergency fund (>= EUR 200k/yr); regulation in force from about mid-2023 (July 2024 amendment cites one year of operation), so 2023/24 coverage is probable but the original text was not opened."
EGY-C,EGY,Egypt,Cairo University,=371,public,ownership,no,public,0,4794.25,4794.25,EGP,midpoint_of_range,928.5,8660,88665.75,0.0541,low_moderate,low_to_low_moderate,low,low_moderate,yes,low_moderate,yes,unknown,unknown,unknown,,,,,,2023/24 (news of 11 Jun 2024 labelled '2024'; academic year not stated; low),low,agree,agree,V011,189387,undergraduate_headcount,2023/24,medium,https://metadata.capmas.gov.eg/en/index.php/catalog/755/download/2232,"Enrolled students ('Enrolled / الطلاب المقيدون', defined in the bulletin as students 'who are on school during the school year'), total = Egyptians + arrivals (foreign), academic year 2023/2024, all faculties of the institution. Recorded as undergraduate_headcount by INFERENCE: the bulletin covers faculty-level students (accepted = first-time enrolled in preparatory/first grade) and does not state whether postgraduates are included; postgraduate/higher degrees are covered by a separate CAPMAS publication, and the AUC row (5,558) matches an undergraduate-only count. Treat postgraduate exclusion as unverified. Values read visually from rendered table image (PDF text layer garbles digits); M+F=T checked. ",6,"No official Cairo University fee schedule for 2023/24 was found (cu.edu.eg and faculty pages checked; Wayback search unproductive). Amounts come only from a news report (El Watan, 11 Jun 2024) read via WebFetch, regular/Arabic-track figures per faculty: Dar El-Ulum intizam 928.5; Arts 1,200; Law (Arabic) 1,200; Economics & Political Science (Arabic) 1,200; Dentistry 1,300; Engineering 4,850; Computers & AI 8,660. Range 928.5-8,660, midpoint 4,794.25; the listed faculties are not all faculties. Engineering and Computers & AI may be charged under credit-hour bylaws; the range crosses bands (band_unstable to be flagged by code). Excluded as parallel tracks: Law English section 25,400, Economics English section 25,800. Faculty of Regional and Urban Planning '33,000 per year' is excluded as its track could not be established; if it is the regular track the max would be 33,000. Whether the amounts include all compulsory service fees is unknown. Baseline = regular (intizam) track of a domestic student admitted through the national Tansik coordination. Tuition 0: the Constitution (art. 21) guarantees free university education in state universities 'according to the law'; regular-track students pay annual 'fees' (masrufat/rusum), coded as compulsory fees. Parallel fee-paying tracks inside the same university (credit-hour/special programmes, English sections, joint international programmes, blended learning, intisab) are a separate condition and are excluded from the baseline range. Control public: Law 49/1972 (as enacted) lists the university in art. 2, art. 7 makes universities 'public bodies' (hay'at 'amma) with legal personality, art. 8 gives them budgets on the pattern of public bodies, and art. 25 has the university president appointed by decree of the President of the Republic on the Minister's proposal. Later amendments to art. 25 (appointment procedure) were not checked. govt_need_aid targeted (low confidence, secondary): a 2022 news report lists 'غير القادرين من اليتامى، والمستفيدين من برنامج تكافل وكرامة' (Takaful and Karama is the state means-tested cash-transfer programme) among categories exempted from public-university fees; read only via WebFetch, legal instrument and funding source not identified, cited once per public institution by rule. A statutory exemption for Takaful and Karama families was passed by Parliament in Dec 2024, after the reference year. Merit, disability, martyrs' children and sports exemptions are not means-tested and are not counted. inst_need_aid unknown: a Cairo University council decision on 'rules for reducing fees and scholarships' was reported in Sep 2026 (later year) and was not opened. | [V011] [V011] Full article text (curl) places the 33,000 Regional & Urban Planning amount inside the credit-hour paragraph, so its exclusion is supported; the first per-faculty list is attributed to Supreme Council of Universities decisions but is not labelled by track. | [V011] [V011] 2023/24 exemption rules (El Watan 28 Sep 2023, citing Supreme Council of Universities rules) list exempt categories including 'أبناء المفرج عنهم من السجون حديثًا غير القادرين بدون دخل', applied after a social survey that asks for the father's salary statement; supports govt_need_aid targeted for 2023/24 (secondary, low confidence)."
EGY-AC,EGY,Egypt,The American University in Cairo,=415,private_nonprofit,legal_form,no,private_not_govt_dependent,490267.63,3981.43,494249.06,EGP,uniform,,,88665.75,5.5743,high,moderate_or_high,,,no,high,unknown,unknown,unknown,unknown,,,,,,2023/24,medium,agree,agree,V011,5558,undergraduate_headcount,2023/24,medium,https://metadata.capmas.gov.eg/en/index.php/catalog/755/download/2232,"AUC's own Factbook 2023-24 is behind Microsoft sign-in (E002; not bypassed). Includes 1,342 first-year students 'without specifying a division' (preparatory year). Enrolled students ('Enrolled / الطلاب المقيدون', defined in the bulletin as students 'who are on school during the school year'), total = Egyptians + arrivals (foreign), academic year 2023/2024, all faculties of the institution. Recorded as undergraduate_headcount by INFERENCE: the bulletin covers faculty-level students (accepted = first-time enrolled in preparatory/first grade) and does not state whether postgraduates are included; postgraduate/higher degrees are covered by a separate CAPMAS publication, and the AUC row (5,558) matches an undergraduate-only count. Treat postgraduate exclusion as unverified. Values read visually from rendered table image (PDF text layer garbles digits); M+F=T checked. ",8,"Charged in USD: USD 667 per credit hour for undergraduate Egyptian students (AUC tuition page, Wayback Jul 2023 and Jan 2024); 'Egyptian students can pay in USD or EGP at the daily rate of exchange in the bank'. Annualised at AUC's own budgeting load of 12 credits per fall and spring semester (24 credits = USD 16,008, which equals AUC's cost-of-attendance tuition line); full-time load is 12-16 credits and degrees need 120 credits, so a 30-credit pace gives USD 20,010 (sensitivity: EGP 616,816 with fees). Fees USD 130 = 'Fees' for US/Egyptian undergraduates in AUC's cost-of-attendance table (Aug 2023 capture, labelled 2022-2023; nearest-year, and defined for US-federal-loan students, i.e. dual nationals). Converted to EGP at the World Bank 2023 average official rate 30.6264 EGP/USD (USD 16,138 = EGP 494,249); the EGP floated in Mar 2024, so spring 2024 payments in EGP were higher. Band is 'high' under any of these choices. Control private_nonprofit: AUC states it is 'incorporated by the state of Delaware', operates in Egypt under a 1975 protocol with the Egyptian government, and is governed by a board of trustees that appoints the president; its releases call it 'independent, nonprofit'. Bylaws on trustee selection were not found, so it was not verified from a charter that the board is self-appointed. No government teaching transfers found. inst_need_aid targeted: need-based financial aid evaluated case by case within AUC's aid budget; 'more than half' of students receive 'some sort of financial support' (merit included), so not coded broad. From Fall 2023 new students are served by an 'Excellence Scholarship Program' based on merit and need. govt_need_aid unknown: not searched beyond this; US federal loans are excluded as loans."
EGY-ASC,EGY,Egypt,Ain Shams University,721-730,public,ownership,no,public,0,,,EGP,,,,,,,,,,,,yes,unknown,yes,unknown,,,,,,2023/24 (target; headline not established),low,agree,unresolved,V011,194628,undergraduate_headcount,2023/24,medium,https://metadata.capmas.gov.eg/en/index.php/catalog/755/download/2232,"Enrolled students ('Enrolled / الطلاب المقيدون', defined in the bulletin as students 'who are on school during the school year'), total = Egyptians + arrivals (foreign), academic year 2023/2024, all faculties of the institution. Recorded as undergraduate_headcount by INFERENCE: the bulletin covers faculty-level students (accepted = first-time enrolled in preparatory/first grade) and does not state whether postgraduates are included; postgraduate/higher degrees are covered by a separate CAPMAS publication, and the AUC row (5,558) matches an undergraduate-only count. Treat postgraduate exclusion as unverified. Values read visually from rendered table image (PDF text layer garbles digits); M+F=T checked. ",7,"Headline not established: no official Ain Shams 2023/24 regular-track fee schedule was found (asu.edu.eg pages on e-payment and special programmes carry no amounts). Search-engine snippets (undated) give Law intizam 1,588 and Arts intizam 2,046 EGP; a 2020 news report gives Arts intizam 2,046; neither is dated to 2023/24, so no amount is entered. Order of magnitude suggests the free/low boundary is not at issue but 'low' vs 'low_moderate' cannot be excluded without faculty-level data. Parallel tracks: ASU's page 'special programmes with additional fees' (dated 2026) lists credit-hour, English and joint international programmes in most faculties; excluded. Baseline = regular (intizam) track of a domestic student admitted through the national Tansik coordination. Tuition 0: the Constitution (art. 21) guarantees free university education in state universities 'according to the law'; regular-track students pay annual 'fees' (masrufat/rusum), coded as compulsory fees. Parallel fee-paying tracks inside the same university (credit-hour/special programmes, English sections, joint international programmes, blended learning, intisab) are a separate condition and are excluded from the baseline range. Control public: Law 49/1972 (as enacted) lists the university in art. 2, art. 7 makes universities 'public bodies' (hay'at 'amma) with legal personality, art. 8 gives them budgets on the pattern of public bodies, and art. 25 has the university president appointed by decree of the President of the Republic on the Minister's proposal. Later amendments to art. 25 (appointment procedure) were not checked. govt_need_aid targeted (low confidence, secondary): a 2022 news report lists 'غير القادرين من اليتامى، والمستفيدين من برنامج تكافل وكرامة' (Takaful and Karama is the state means-tested cash-transfer programme) among categories exempted from public-university fees; read only via WebFetch, legal instrument and funding source not identified, cited once per public institution by rule. A statutory exemption for Takaful and Karama families was passed by Parliament in Dec 2024, after the reference year. Merit, disability, martyrs' children and sports exemptions are not means-tested and are not counted. inst_need_aid targeted: ASU's central Social Solidarity (Takaful) Fund contributes to regular and intisab fees on the basis of a social survey and family income (current page, undated; nearest-year evidence), reach not documented. | [V011] [V011] Nearest-year official bound: ASU Faculty of Education 2022/23 fee notice gives regular general-programme (برامج عامة) annual totals of 2,156-2,413 EGP at level 1 (2,005-2,285 at levels 2-3), 2.3%-2.7% of 2023 GDP pc (low). One faculty, one year earlier; headline left empty. | [V011] [V011] 2023/24 exemption rules (El Watan 28 Sep 2023, citing Supreme Council of Universities rules) list exempt categories including 'أبناء المفرج عنهم من السجون حديثًا غير القادرين بدون دخل', applied after a social survey that asks for the father's salary statement; supports govt_need_aid targeted for 2023/24 (secondary, low confidence)."
EGY-A,EGY,Egypt,Alexandria University,901-950,public,ownership,no,public,0,2500,2500,EGP,uniform,,,88665.75,0.0282,low,low_to_low_moderate,,,no,low,yes,unknown,unknown,unknown,,,,,,"2024/25 (nearest year, later; flagged)",low,agree,agree,V011,197444,undergraduate_headcount,2023/24,medium,https://metadata.capmas.gov.eg/en/index.php/catalog/755/download/2232,"Enrolled students ('Enrolled / الطلاب المقيدون', defined in the bulletin as students 'who are on school during the school year'), total = Egyptians + arrivals (foreign), academic year 2023/2024, all faculties of the institution. Recorded as undergraduate_headcount by INFERENCE: the bulletin covers faculty-level students (accepted = first-time enrolled in preparatory/first grade) and does not state whether postgraduates are included; postgraduate/higher degrees are covered by a separate CAPMAS publication, and the AUC row (5,558) matches an undergraduate-only count. Treat postgraduate exclusion as unverified. Values read visually from rendered table image (PDF text layer garbles digits); M+F=T checked. ",6,"No official Alexandria University 2023/24 regular-track schedule found. Amount from a news report (El Watan, 26 Sep 2024, read via WebFetch): 'general programmes' 2,500 EGP for intizam students (intisab 2,900), special programmes priced per faculty. This is the 2024/25 amount (later than the reference year); the 2023/24 amount was not found, and a search snippet of an undated University Council decision (1,500 medical/science/engineering, 1,200 humanities) could not be dated or opened. Both 2,500 and 1,200-1,500 fall in 'low' at 2023 GDP per capita, but this is not verified for 2023/24. Baseline = regular (intizam) track of a domestic student admitted through the national Tansik coordination. Tuition 0: the Constitution (art. 21) guarantees free university education in state universities 'according to the law'; regular-track students pay annual 'fees' (masrufat/rusum), coded as compulsory fees. Parallel fee-paying tracks inside the same university (credit-hour/special programmes, English sections, joint international programmes, blended learning, intisab) are a separate condition and are excluded from the baseline range. Control public: Law 49/1972 (as enacted) lists the university in art. 2, art. 7 makes universities 'public bodies' (hay'at 'amma) with legal personality, art. 8 gives them budgets on the pattern of public bodies, and art. 25 has the university president appointed by decree of the President of the Republic on the Minister's proposal. Later amendments to art. 25 (appointment procedure) were not checked. govt_need_aid targeted (low confidence, secondary): a 2022 news report lists 'غير القادرين من اليتامى، والمستفيدين من برنامج تكافل وكرامة' (Takaful and Karama is the state means-tested cash-transfer programme) among categories exempted from public-university fees; read only via WebFetch, legal instrument and funding source not identified, cited once per public institution by rule. A statutory exemption for Takaful and Karama families was passed by Parliament in Dec 2024, after the reference year. Merit, disability, martyrs' children and sports exemptions are not means-tested and are not counted. inst_need_aid unknown: no Alexandria-specific scheme page opened. | [V011] [V011] 2023/24 exemption rules (El Watan 28 Sep 2023, citing Supreme Council of Universities rules) list exempt categories including 'أبناء المفرج عنهم من السجون حديثًا غير القادرين بدون دخل', applied after a social survey that asks for the father's salary statement; supports govt_need_aid targeted for 2023/24 (secondary, low confidence)."
EGY-AASTMT,EGY,Egypt,"Arab Academy for Science, Technology and Maritime Transport",1001-1200,public,ownership,no,public,181989.5,2445.0,184434.5,EGP,midpoint_of_range,105624.0,263245.0,88665.75,2.0801,high,moderate_or_high,high,high,no,high,unknown,unknown,no,no,,,,,,"2024/25 (nearest year, later; flagged)",medium,agree,agree,V011,19256,undergraduate_headcount,2023/24,medium,https://metadata.capmas.gov.eg/en/index.php/catalog/755/download/2232,"Covers AASTMT campuses in Egypt only (national bulletin); branches abroad (e.g. Sharjah, Latakia) excluded. Enrolled students ('Enrolled / الطلاب المقيدون', defined in the bulletin as students 'who are on school during the school year'), total = Egyptians + arrivals (foreign), academic year 2023/2024, all faculties of the institution. Recorded as undergraduate_headcount by INFERENCE: the bulletin covers faculty-level students (accepted = first-time enrolled in preparatory/first grade) and does not state whether postgraduates are included; postgraduate/higher degrees are covered by a separate CAPMAS publication, and the AUC row (5,558) matches an undergraduate-only count. Treat postgraduate exclusion as unverified. Values read visually from rendered table image (PDF text layer garbles digits); M+F=T checked. ",6,"Charged in USD per semester, with three price categories (A/B/C) set by the applicant's secondary-school score, for students of 'supporting countries (Egypt-Sudan)'. No official 2023/24 schedule survives (the file named Fees-2023-2024.pdf on aast.edu now holds the 2024/25 bulletin, PDF created 28 Jul 2024; Wayback copies of the 2022/23 and 2024/25 bulletins are truncated). Nearest-year official 2024/25 bulletin used: Egypt column, national (non-franchised) programmes, from Fisheries Technology category A USD 3,165 to Medicine (Alamein) USD 8,000 per semester; x2 semesters = USD 6,330-16,000; plus USD 150 added annually. Headline = midpoint across programme x category cells, USD 11,165 + 150. Egyptian Thanawiya holders 'may opt to pay their fees in Egyptian Pound' at the AASTMT rate for the term, 16.30 EGP/USD (a documented option open to every baseline student), used for conversion; at the market rate the charge would be about 2-3 times higher. Band is 'high' either way. A secondary news report (Shbabbek, 25 Aug 2023) gives 2023/24 per-semester amounts (Engineering A/B/C 4,225/5,305/6,025) and says they are paid in USD although it labels them 'جنيه'; consistent with the 2024/25 USD levels. Excluded: franchised/international programmes (separately priced), first-semester-only USD 450 (medical USD 800) fee, admission fees, and the compulsory accommodation/meals/uniform package of USD 3,600 per semester for Maritime Transport students in their first four semesters (housing; sensitivity for that college only). Control unresolved: AASTMT is a specialised organisation of the League of Arab States, founded by an agreement signed by Arab states in 1974 and approved in Egypt by Presidential Decree 532/1975; it is owned by member states collectively, neither the Egyptian state nor private persons. The current composition and appointing authority of its governing board were not documented. If intergovernmental ownership counts as state ownership, it would be public; investigator decision needed. govt_dependent_flag no: no evidence of transfers for teaching. inst_need_aid none: listed scholarships (top Thanawiya scores, children of Arab League, government, army/police and public-university staff, children/siblings of alumni) are not means-tested. govt_need_aid unknown. | [COORD-D037] Control public per D037 (intergovernmental: Arab League organisation, owned collectively by member states); the composition of its governing board was not found (collector N017)."
EGY-A2,EGY,Egypt,Assiut University,1001-1200,public,ownership,no,public,0,,,EGP,,,,,,,,,,,,yes,unknown,unknown,unknown,,,,,,2023/24 (target; headline not established),low,agree,unresolved,V011,89398,undergraduate_headcount,2023/24,medium,https://metadata.capmas.gov.eg/en/index.php/catalog/755/download/2232,"Enrolled students ('Enrolled / الطلاب المقيدون', defined in the bulletin as students 'who are on school during the school year'), total = Egyptians + arrivals (foreign), academic year 2023/2024, all faculties of the institution. Recorded as undergraduate_headcount by INFERENCE: the bulletin covers faculty-level students (accepted = first-time enrolled in preparatory/first grade) and does not state whether postgraduates are included; postgraduate/higher degrees are covered by a separate CAPMAS publication, and the AUC row (5,558) matches an undergraduate-only count. Treat postgraduate exclusion as unverified. Values read visually from rendered table image (PDF text layer garbles digits); M+F=T checked. ",5,"Headline not established: aun.edu.eg was unreachable from the collector's network (connection timeout) and a site search returned only postgraduate and international-student fee pages; no regular-track 2023/24 amounts were found. Baseline = regular (intizam) track of a domestic student admitted through the national Tansik coordination. Tuition 0: the Constitution (art. 21) guarantees free university education in state universities 'according to the law'; regular-track students pay annual 'fees' (masrufat/rusum), coded as compulsory fees. Parallel fee-paying tracks inside the same university (credit-hour/special programmes, English sections, joint international programmes, blended learning, intisab) are a separate condition and are excluded from the baseline range. Control public: Law 49/1972 (as enacted) lists the university in art. 2, art. 7 makes universities 'public bodies' (hay'at 'amma) with legal personality, art. 8 gives them budgets on the pattern of public bodies, and art. 25 has the university president appointed by decree of the President of the Republic on the Minister's proposal. Later amendments to art. 25 (appointment procedure) were not checked. govt_need_aid targeted (low confidence, secondary): a 2022 news report lists 'غير القادرين من اليتامى، والمستفيدين من برنامج تكافل وكرامة' (Takaful and Karama is the state means-tested cash-transfer programme) among categories exempted from public-university fees; read only via WebFetch, legal instrument and funding source not identified, cited once per public institution by rule. A statutory exemption for Takaful and Karama families was passed by Parliament in Dec 2024, after the reference year. Merit, disability, martyrs' children and sports exemptions are not means-tested and are not counted. inst_need_aid unknown: no Assiut-specific scheme page opened. | [V011] [V011] 2023/24 exemption rules (El Watan 28 Sep 2023, citing Supreme Council of Universities rules) list exempt categories including 'أبناء المفرج عنهم من السجون حديثًا غير القادرين بدون دخل', applied after a social survey that asks for the father's salary statement; supports govt_need_aid targeted for 2023/24 (secondary, low confidence)."
EGY-FE,EGY,Egypt,Future University in Egypt,1001-1200,private_forprofit,legal_form,no,private_not_govt_dependent,172064.9,16000,188064.9,EGP,midpoint_of_range,124064.9,252064.9,88665.75,2.1211,high,moderate_or_high,high,high,no,high,unknown,unknown,no,no,,,,,,2023/24,medium,agree,agree,V011,6584,undergraduate_headcount,2023/24,medium,https://metadata.capmas.gov.eg/en/index.php/catalog/755/download/2232,"Row labelled 'the future' / 'المستقبل' identified as Future University in Egypt (the only private university of that name in the table). Enrolled students ('Enrolled / الطلاب المقيدون', defined in the bulletin as students 'who are on school during the school year'), total = Egyptians + arrivals (foreign), academic year 2023/2024, all faculties of the institution. Recorded as undergraduate_headcount by INFERENCE: the bulletin covers faculty-level students (accepted = first-time enrolled in preparatory/first grade) and does not state whether postgraduates are included; postgraduate/higher degrees are covered by a separate CAPMAS publication, and the AUC row (5,558) matches an undergraduate-only count. Treat postgraduate exclusion as unverified. Values read visually from rendered table image (PDF text layer garbles digits); M+F=T checked. ",6,"Official 'Tuition Fees 2023/2024' table (Wayback Aug 2023, same table on a Jul 2024 capture): Egyptians pay an EGP amount plus USD 1,700 (USD 1,800 for Petroleum Engineering from level 2) per year, plus an annual non-refundable admin fee. Range: Economics & Political Science EGP 60,000 + USD 1,700 + admin 12,000 to Oral & Dental Medicine EGP 180,000 + USD 1,700 + admin 20,000. USD part converted at the World Bank 2023 average official rate 30.6264 (USD 1,700 = EGP 52,065); at the post-Mar-2024 rate it would be higher. Headline = midpoint (tuition midpoint 172,064.90 + admin-fee midpoint 16,000). Excluded: application fee 1,600, placement tests 1,000, housing, transport. Control private_forprofit: Presidential Decree 254/2006 (under Law 101/1992) creates FUE as an Egyptian private university 'whose main purpose shall not be profit', but art. 4 provides for 'distributing a share of the surplus to the contributors to the establishment of the university', and art. 5 has the board of trustees formed from the founders and others, the first board from the founders' group; the board appoints the president with the Minister's approval. Surplus distribution to founders is the reason for for-profit; flag for checker. No government teaching transfers found. inst_need_aid none: the published scholarships (academic achievement, 15% sibling reduction, partner school, sports, five founder's full-tuition awards to top Thanawiya students) are not means-tested. govt_need_aid unknown (not searched)."
EGY-M,EGY,Egypt,Mansoura University,1001-1200,public,ownership,no,public,0,,,EGP,,,,,,,,,,,,yes,unknown,unknown,unknown,,,,,,2023/24 (target; headline not established),low,agree,unresolved,V011,134926,undergraduate_headcount,2023/24,medium,https://metadata.capmas.gov.eg/en/index.php/catalog/755/download/2232,"Enrolled students ('Enrolled / الطلاب المقيدون', defined in the bulletin as students 'who are on school during the school year'), total = Egyptians + arrivals (foreign), academic year 2023/2024, all faculties of the institution. Recorded as undergraduate_headcount by INFERENCE: the bulletin covers faculty-level students (accepted = first-time enrolled in preparatory/first grade) and does not state whether postgraduates are included; postgraduate/higher degrees are covered by a separate CAPMAS publication, and the AUC row (5,558) matches an undergraduate-only count. Treat postgraduate exclusion as unverified. Values read visually from rendered table image (PDF text layer garbles digits); M+F=T checked. ",6,"Headline not established: the official Faculty of Education notice 'student fees for 2023/2024' (edufac.mans.edu.eg, item 3772) was unreachable (connection refused; no Wayback capture). Secondary evidence conflicts and is not used: El Watan 9 Sep 2023 (WebFetch) gives intizam Arts 282, Law 257, Computers general programme 430, Nursing up to 1,000, Engineering 500-1,500, Veterinary 800-1,500, Science 850-1,500, Education 500-1,800 EGP; a 2024 El Watan report gives Arts 1,562 and 1,500-1,700 for other faculties. On the 2023 figures the range straddles the free/low threshold (1% of 2023 GDP per capita = about 887 EGP), so the band cannot be set without official data. Law 49/1972 art. 2 lists 'East Delta University, seated in Mansoura'; its renaming to Mansoura University is not sourced in this run. Baseline = regular (intizam) track of a domestic student admitted through the national Tansik coordination. Tuition 0: the Constitution (art. 21) guarantees free university education in state universities 'according to the law'; regular-track students pay annual 'fees' (masrufat/rusum), coded as compulsory fees. Parallel fee-paying tracks inside the same university (credit-hour/special programmes, English sections, joint international programmes, blended learning, intisab) are a separate condition and are excluded from the baseline range. Control public: Law 49/1972 (as enacted) lists the university in art. 2, art. 7 makes universities 'public bodies' (hay'at 'amma) with legal personality, art. 8 gives them budgets on the pattern of public bodies, and art. 25 has the university president appointed by decree of the President of the Republic on the Minister's proposal. Later amendments to art. 25 (appointment procedure) were not checked. govt_need_aid targeted (low confidence, secondary): a 2022 news report lists 'غير القادرين من اليتامى، والمستفيدين من برنامج تكافل وكرامة' (Takaful and Karama is the state means-tested cash-transfer programme) among categories exempted from public-university fees; read only via WebFetch, legal instrument and funding source not identified, cited once per public institution by rule. A statutory exemption for Takaful and Karama families was passed by Parliament in Dec 2024, after the reference year. Merit, disability, martyrs' children and sports exemptions are not means-tested and are not counted. inst_need_aid unknown: no Mansoura-specific scheme page opened. | [V011] [V011] All regular-track amounts in the 2023 and 2024 secondary reports are at most 1,800 EGP (2.0% of GDP pc), so the band is free or low. Applied mechanically to the 2023 report the rule would give 257-1,800 (midpoint 1,028.5, low, band-unstable); not used because the report's ranges are vague. | [V011] [V011] 2023/24 exemption rules (El Watan 28 Sep 2023, citing Supreme Council of Universities rules) list exempt categories including 'أبناء المفرج عنهم من السجون حديثًا غير القادرين بدون دخل', applied after a social survey that asks for the father's salary statement; supports govt_need_aid targeted for 2023/24 (secondary, low confidence)."
TUR-MET,TUR,Turkey,Middle East Technical University,=336,public,ownership,no,public,0,0,0,TRY,uniform,,,317505.57,0.0000,free,free,,,no,free,not_applicable,yes,not_applicable,yes,,,,,,2023/24,high,agree,agree,V011,23939,first_degree_headcount,2023/24,high,https://istatistik.yok.gov.tr/,"Value = sum of LİSANS (bachelor) total (T) columns over all unit rows of the university in Tablo 105 (örgün + ikinci + uzaktan + açık öğretim); excludes önlisans, yüksek lisans, doktora. All units/campuses; YÖK lisans counts typically include English-preparatory-year students (not verified in table notes). Tablo 105 lisans sum 23939 (all örgün); önlisans 15 excluded. Tablo 5 total 23954 = 23939 faculty + 15 vocational school.",12,"Control public: state university with public legal personality (2547 art. 3(d)), organised by statute (2809), no board of trustees, rector appointed by the President (2547 art. 13; paragraph annulled 7/12/2023 and re-enacted 2025, so the 2023/24 wording is not quoted verbatim). Tuition 0: Presidential Decision 7384 art. 1(3), no katkı payı for daytime (birinci öğretim) students within normal duration in 2023/24, paid by the State instead. METU's 2023/24 fee page charges daytime undergraduates only from semester 9 (516/379/417 TL per semester by faculty) and lists no other compulsory fee. SUNY dual-diploma programmes (12,304 TL/semester) excluded as separately priced joint programmes; evening education not baseline. Govt targeted: KYK/GSB burs is a non-repayable grant ('karşılıksız verilen para') allocated on the student's and family's social and economic situation together with entrance score (Burs-Kredi Yönetmeliği art. 14), so means-tested but also merit-weighted and capped; KYK öğrenim kredisi and katkı kredisi are loans and excluded; 825,843 applicants in 2023/24 and ~1.7m paid across burs+kredi combined, burs-only share not found. National scheme cited by rule. Inst targeted: need-based cash/dorm/meal aid (500-2,500 TL/month in 2023/24) awarded by the university's ODTÜ Burs ve Yardım Komitesi but funded by the ODTÜ student-support association, development foundation, alumni and firms (coded institutional as a university-run scheme); about one third of new entrants benefit, cash-only share unknown. | [V011] REPLACE the govt aid regulation reference: the 2004 KYK Burs-Kredi Yönetmeliği was repealed on 3/11/2023 by the Gençlik ve Spor Bakanlığı Burs Yönetmeliği (RG 32358), in force from publication and governing the 2023/24 allocations; art. 11(2) evaluates burs applications on the student's and family's social and economic situation together with the placement score; art. 6 sets an annual quota. govt_need_aid stays targeted."
TUR-IT,TUR,Turkey,Istanbul Technical University,=404,public,ownership,no,public,0,0,0,TRY,uniform,,,317505.57,0.0000,free,free,,,no,free,not_applicable,yes,not_applicable,unknown,,,,,,2023/24,high,agree,agree,V011,25981,first_degree_headcount,2023/24,high,https://istatistik.yok.gov.tr/,"Value = sum of LİSANS (bachelor) total (T) columns over all unit rows of the university in Tablo 105 (örgün + ikinci + uzaktan + açık öğretim); excludes önlisans, yüksek lisans, doktora. All units/campuses; YÖK lisans counts typically include English-preparatory-year students (not verified in table notes). Tablo 105 lisans sum 25981 (all örgün) = Tablo 5 faculty 25365 + yüksekokul 616; önlisans 27 excluded.",12,"Control public: state university with public legal personality (2547 art. 3(d)), organised by statute (2809), no board of trustees, rector appointed by the President (2547 art. 13; paragraph annulled 7/12/2023 and re-enacted 2025, so the 2023/24 wording is not quoted verbatim). Tuition 0: Presidential Decision 7384 art. 1(3), no katkı payı for daytime (birinci öğretim) students within normal duration in 2023/24, paid by the State instead. ITU states only daytime students exceeding programme duration (prep 1 yr + 4 yrs) pay katkı payı; its 2023/24 fee table lists no other compulsory fee. UOLP joint programmes excluded. Govt targeted: KYK/GSB burs is a non-repayable grant ('karşılıksız verilen para') allocated on the student's and family's social and economic situation together with entrance score (Burs-Kredi Yönetmeliği art. 14), so means-tested but also merit-weighted and capped; KYK öğrenim kredisi and katkı kredisi are loans and excluded; 825,843 applicants in 2023/24 and ~1.7m paid across burs+kredi combined, burs-only share not found. National scheme cited by rule. Inst unknown: the need-based scholarships found are run by legally separate bodies (İTÜ Vakfı with a family-means test; İTÜ Geliştirme Vakfı; İTÜ Mezunları Derneği), not by the university; no university-run scheme found in a limited search. | [V011] REPLACE the govt aid regulation reference: the 2004 KYK Burs-Kredi Yönetmeliği was repealed on 3/11/2023 by the Gençlik ve Spor Bakanlığı Burs Yönetmeliği (RG 32358), in force from publication and governing the 2023/24 allocations; art. 11(2) evaluates burs applications on the student's and family's social and economic situation together with the placement score; art. 6 sets an annual quota. govt_need_aid stays targeted."
TUR-K,TUR,Turkey,Koç University,=431,private_nonprofit,legal_form,no,private_not_govt_dependent,439000,0,439000,TRY,midpoint_of_range,358000,520000,317505.57,1.3827,high,moderate_or_high,high,high,no,high,no,yes,unknown,yes,,,,,,2023/24,high,agree,agree,V011,9082,first_degree_headcount,2023/24,high,https://istatistik.yok.gov.tr/,"Value = sum of LİSANS (bachelor) total (T) columns over all unit rows of the university in Tablo 105 (örgün + ikinci + uzaktan + açık öğretim); excludes önlisans, yüksek lisans, doktora. All units/campuses; YÖK lisans counts typically include English-preparatory-year students (not verified in table notes). Tablo 105 lisans sum 9082 (all örgün); no önlisans. Foundation (vakıf) university.",12,"Control private_nonprofit: founded by the Vehbi Koç Vakfı (2809 Ek Madde 4); board of trustees elected by the foundation's management organ and appoints managers (2547 Ek Madde 5); foundations may establish HEIs only on a non-profit basis (2547 Ek Madde 2). The statutory 'kamu tüzelkişiliği' does not change who founds/appoints. Govt-dependent flag no: no per-student state teaching transfer or state fee payment found (limited search). Headline = full list price (tam ücretli) 520,000 TL incl. 10% VAT for all non-medicine programmes (prep year same), annual payment; paying per semester gives 260,000 + 300,000 = 560,000 (sensitivity). Medicine excluded from range: only full- and half-scholarship seats (half-scholarship price 358,000 TL). ÖSYM scholarship seats (42% of 2023 seats, exam-based) are not aid. No separate compulsory fee listed. Govt targeted: KYK/GSB burs is a non-repayable grant ('karşılıksız verilen para') allocated on the student's and family's social and economic situation together with entrance score (Burs-Kredi Yönetmeliği art. 14), so means-tested but also merit-weighted and capped; KYK öğrenim kredisi and katkı kredisi are loans and excluded; 825,843 applicants in 2023/24 and ~1.7m paid across burs+kredi combined, burs-only share not found. National scheme cited by rule. Inst targeted: KUDEB need-based support (monthly cash allowance, books, dorm) limited to full-scholarship entrants, and the Anadolu Bursiyerleri Programme for 'başarılı ve ihtiyaç sahibi' candidates (donor-funded, university-run; 1,243 scholars cumulatively by early 2023). | [V011] REPLACE the govt aid regulation reference: the 2004 KYK Burs-Kredi Yönetmeliği was repealed on 3/11/2023 by the Gençlik ve Spor Bakanlığı Burs Yönetmeliği (RG 32358), in force from publication and governing the 2023/24 allocations; art. 11(2) evaluates burs applications on the student's and family's social and economic situation together with the placement score; art. 6 sets an annual quota. govt_need_aid stays targeted."
TUR-B,TUR,Turkey,Bilkent University,=502,private_nonprofit,legal_form,no,private_not_govt_dependent,300000,0,300000,TRY,uniform,,,317505.57,0.9449,high,moderate_or_high,,,no,high,no,yes,yes,yes,,,,,,2023/24,high,agree,agree,V011,11029,first_degree_headcount,2023/24,high,https://istatistik.yok.gov.tr/,"Value = sum of LİSANS (bachelor) total (T) columns over all unit rows of the university in Tablo 105 (örgün + ikinci + uzaktan + açık öğretim); excludes önlisans, yüksek lisans, doktora. All units/campuses; YÖK lisans counts typically include English-preparatory-year students (not verified in table notes). Tablo 105 lisans sum 11029 (all örgün); no önlisans. Foundation (vakıf) university.",10,"Control private_nonprofit: founded by three Hacettepe foundations (2809 Ek Madde 5); board of trustees elected by the founding foundations' management organ (2547 Ek Madde 5); non-profit condition (2547 Ek Madde 2). Govt-dependent flag no: no state teaching transfer found (limited search). Headline = full list price 300,000 TL incl. 10% VAT, same for all programmes incl. English prep, paid upfront; paying spring separately adds an inflation uplift (not quantified). ÖSYM scholarship/50% seats (full-scholarship equivalent 44%) are exam-based, not aid; Kapsamlı burs is merit-only. No separate compulsory fee listed. Govt targeted: KYK/GSB burs is a non-repayable grant ('karşılıksız verilen para') allocated on the student's and family's social and economic situation together with entrance score (Burs-Kredi Yönetmeliği art. 14), so means-tested but also merit-weighted and capped; KYK öğrenim kredisi and katkı kredisi are loans and excluded; 825,843 applicants in 2023/24 and ~1.7m paid across burs+kredi combined, burs-only share not found. National scheme cited by rule. Inst targeted (nearest-year, flagged): Geleceğe Destek Burs Programı for 'ihtiyaç sahibi' high scorers (tuition + dorm + 2,350 TL/month) documented for the 2022 intake only; its 2023 continuation not verified. | [V011] REPLACE the govt aid regulation reference: the 2004 KYK Burs-Kredi Yönetmeliği was repealed on 3/11/2023 by the Gençlik ve Spor Bakanlığı Burs Yönetmeliği (RG 32358), in force from publication and governing the 2023/24 allocations; art. 11(2) evaluates burs applications on the student's and family's social and economic situation together with the placement score; art. 6 sets an annual quota. govt_need_aid stays targeted."
TUR-BU,TUR,Turkey,Bogaziçi Üniversitesi,=514,public,ownership,no,public,0,0,0,TRY,uniform,,,317505.57,0.0000,free,free,,,no,free,not_applicable,yes,not_applicable,yes,,,,,,2023/24,medium,agree,agree,V011,13063,first_degree_headcount,2023/24,high,https://istatistik.yok.gov.tr/,"Value = sum of LİSANS (bachelor) total (T) columns over all unit rows of the university in Tablo 105 (örgün + ikinci + uzaktan + açık öğretim); excludes önlisans, yüksek lisans, doktora. All units/campuses; YÖK lisans counts typically include English-preparatory-year students (not verified in table notes). Tablo 105 lisans sum 13063 (all örgün); no önlisans.",11,"Control public: state university with public legal personality (2547 art. 3(d)), organised by statute (2809), no board of trustees, rector appointed by the President (2547 art. 13; paragraph annulled 7/12/2023 and re-enacted 2025, so the 2023/24 wording is not quoted verbatim). Tuition 0: Presidential Decision 7384 art. 1(3), no katkı payı for daytime (birinci öğretim) students within normal duration in 2023/24, paid by the State instead. No Boğaziçi-specific 2023/24 fee page was retrievable (no Wayback capture found); the current page (2026) says only students with financial obligations pay katkı payı and that no registration fee (KYU) is collected (nearest-year, flagged); fees 0 by the national rule plus that page. Govt targeted: KYK/GSB burs is a non-repayable grant ('karşılıksız verilen para') allocated on the student's and family's social and economic situation together with entrance score (Burs-Kredi Yönetmeliği art. 14), so means-tested but also merit-weighted and capped; KYK öğrenim kredisi and katkı kredisi are loans and excluded; 825,843 applicants in 2023/24 and ~1.7m paid across burs+kredi combined, burs-only share not found. National scheme cited by rule. Inst targeted: need-based cash, book, meal and dorm scholarships awarded through the university Burs Ofisi; cash grants funded by BÜVAK, BUVAKIF and other donors (coded institutional as a university-run scheme); recipient share not found. | [V011] REPLACE the govt aid regulation reference: the 2004 KYK Burs-Kredi Yönetmeliği was repealed on 3/11/2023 by the Gençlik ve Spor Bakanlığı Burs Yönetmeliği (RG 32358), in force from publication and governing the 2023/24 allocations; art. 11(2) evaluates burs applications on the student's and family's social and economic situation together with the placement score; art. 6 sets an annual quota. govt_need_aid stays targeted."
KOR-S,KOR,South Korea,Seoul National University,41,public,ownership,no,public,7480000,0,7480000,KRW,midpoint_of_range,4884000,10076000,46578329.36,0.1606,moderate,moderate_or_high,moderate,moderate,no,moderate,yes,unknown,yes,unknown,41.0,,,,,2023,medium,agree,agree,V011,21432,first_degree_headcount,"2023 (reference date 1 April 2023, academic year 2023)",high,https://kess.kedi.re.kr/contents/dataSet/downLoad.do?fileNm=2025712105955757.xlsx,"Registered undergraduate students (재적생 = 재학생 enrolled 16662 + 휴학생 on leave 4770 + 유예생 graduation-deferred 0) of Seoul National University, 학제 '대학교' (undergraduate) rows for 본교(제1캠퍼스) and 본교(제2캠퍼스) (20507 + 925). Graduate schools are separate rows and excluded. Includes international bachelor's degree students (195). Actively enrolled only (재학생) would be 16662.",10,"Tuition: SNU 2023 undergraduate fee table (수업료 only, per semester) x2 semesters; range over all first-degree programme/stage rates: min 2,442,000 (humanities, social sciences, business, law) to max 5,038,000 (medicine 본과), incl. natural sciences 2,975,000, engineering 2,998,000, fine arts 3,653,000, music 3,916,000, pharmacy 4,481,000, veterinary 본과 4,645,000; headline = midpoint of annualised min/max. No undergraduate entrance fee in the table. Fees 0: student-council fee (10,000/semester) is stated optional (2024 notice, nearest year); no other compulsory fee found. Control public: national university corporation established by statute (Act on SNU, law 16438 in force from 2020-02-21); the state transferred national property free of charge; board of 7-15: president (appointed by the President of the Republic), 2 VPs, 2 vice-ministers (MOEF, MOE) ex officio, others chosen by the board with Minister of Education approval. No private owner, but the state does not directly name a board majority -> checker should confirm. govt_need_aid targeted: national scholarship Type I (KOSAF, 2023) is a means-tested entitlement for income brackets up to 8 (annual KRW 7.0m basic/near-poor, 5.2m brackets 1-3, 3.9m 4-6, 3.5m 7-8); nationally 41.0% of all enrolled students received it in 2023-1 (31.4% at Seoul-region universities; secondary source citing KOSAF data), and at SNU/Yonsei/Korea Univ. 62.7% of 2020-23 applicants were in brackets 8-10, so the share at this institution is very likely below 40% (borderline at national level). National scheme cited by rule; loans (학자금 대출) excluded. inst_need_aid targeted: SNU's own 교내 맞춤형 장학금 tops up Type I+II to full tuition for brackets <=8 (2023-2 guide); recipient share not documented."
KOR-KKAST,KOR,South Korea,KAIST - Korea Advanced Institute of Science & Technology,56,public,ownership,no,public,0,0,0,KRW,uniform,0,0,46578329.36,0.0000,free,free,free,free,no,free,not_applicable,unknown,not_applicable,unknown,,,,,,2023,medium,agree,agree,V011,4912,first_degree_headcount,"2023 (reference date 1 April 2023, academic year 2023)",high,https://kess.kedi.re.kr/contents/dataSet/downLoad.do?fileNm=2025712105955757.xlsx,"Registered undergraduate students (재적생 = 재학생 enrolled 3868 + 휴학생 on leave 1044 + 유예생 graduation-deferred 0) of KAIST, 학제 '대학교' (undergraduate) rows for 본교(제1캠퍼스). Graduate schools are separate rows and excluded. Includes international bachelor's degree students (385). Actively enrolled only (재학생) would be 3868. KAIST 2nd main-campus row (본교 제2캠퍼스) shows 0 undergraduates.",12,"Tuition: 2023 undergraduate 수업료 3,433,000/semester (frozen; KAIST 2023 fee decision and 2023 fall fee table) x2 = 6,866,000, uniform across programmes. Payment scale (merit, not means): year 1 full scholarship for all; from year 2 full waiver if GPA>=2.7, otherwise pay 1,690,000/semester (scholarship 1,743,000); over-duration students pay by credits. Headline = full-pay rate (first-year-only and grade-conditioned waivers do not enter the headline); min 0 = what students in good standing pay. BAND-SENSITIVE: effective charge for students in good standing is 0. Fees 0: 의료상조회비 (48,000/45,000 per semester) and student-council fees are not enforced (non-payers are not expelled, per the 2023 fall notice). Control public: juridical person created by the KAIST Act; board (<=20) and president elected by the board subject to Minister of Science and ICT approval; state contributions (출연금) fund operations; the current board page (2026, not 2023) lists 3 serving officials (MSIT, budget, education). No private owner, but the state does not directly name a board majority -> checker should confirm. govt_need_aid targeted: national scholarship Type I (KOSAF, 2023) is a means-tested entitlement for income brackets up to 8 (annual KRW 7.0m basic/near-poor, 5.2m brackets 1-3, 3.9m 4-6, 3.5m 7-8); nationally 41.0% of all enrolled students received it in 2023-1 (31.4% at Seoul-region universities; secondary source citing KOSAF data), and at SNU/Yonsei/Korea Univ. 62.7% of 2020-23 applicants were in brackets 8-10, so the share at this institution is very likely below 40% (borderline at national level). National scheme cited by rule; loans (학자금 대출) excluded. inst_need_aid targeted: KAIST 생활지원장학금 (income bracket <=3, covers the fee for students below the GPA cut) (current page, undated). | [V011] [V011] Waiver regime in 2023: 2023 fall notice, table for '16-'23 entrants: 수업료 3,433 / 장학금 3,433 / 납부액 - ('1년차: 전액 장학금'; '2년차 이상: 평점 2.7 이상'); below GPA 2.7: 3,433 / 1,743 / 1,690 (thousand KRW per semester). | [COORD-D038] D038 (investigator, 2026-09-25): headline 0 because tuition is waived by default and charged only to students below the grade condition; the conditional rate is 6,866,000 KRW/yr (2023 listed rate)."
KOR-Y,KOR,South Korea,Yonsei University,=76,private_nonprofit,legal_form,no,private_not_govt_dependent,10530000,0,10530000,KRW,midpoint_of_range,7074000,13986000,46578329.36,0.2261,moderate,moderate_or_high,moderate,high,yes,moderate,yes,unknown,yes,unknown,41.0,,,,,2023,medium,agree,agree,V011,27409,first_degree_headcount,"2023 (reference date 1 April 2023, academic year 2023)",medium,https://kess.kedi.re.kr/contents/dataSet/downLoad.do?fileNm=2025712105955757.xlsx,"Registered undergraduate students (재적생 = 재학생 enrolled 20335 + 휴학생 on leave 6297 + 유예생 graduation-deferred 777) of Yonsei University, 학제 '대학교' (undergraduate) rows for 본교(제1캠퍼스) and 본교(제2캠퍼스) (21091 + 6318). Graduate schools are separate rows and excluded. Includes international bachelor's degree students (2030). Actively enrolled only (재학생) would be 20335. Excludes the Mirae (Wonju) branch campus, reported as a separate 분교 institution row '연세대학교 미래캠퍼스' (재적생 9,179). Campus aggregation (Seoul Sinchon + Incheon/Songdo International Campus, both registered as 본교) is a coder decision; Seoul campus alone = 21,091.",7,"Tuition: Yonsei 2023 undergraduate fee table (domestic, per semester), recurring rate (1학년 2학기 onward) x2; the first semester carries a one-off +195,000 (entrance cost absorbed into first-semester tuition), excluded as an entrance charge. Range: min 3,537,000 (humanities/social, law, education) to max 6,993,000 (AI Convergence College IT융합공학), incl. business 3,564,000, science 4,112,000, engineering 4,662,000, music 5,223,000, pharmacy 5,409,000, medicine/dentistry 6,052,000, Underwood International College 6,869,000. Table read from a third-party-hosted copy (m.kgcec.com via Wayback 2024-08-07); the official Yonsei 2023 URL was not retrievable (only 2025/2026 official tables online). Fees 0: other charges are 자율경비 (voluntary) per the current Yonsei payment page (nearest year). Control private_nonprofit: 학교법인 연세대학교 (private school corporation). govt_dependent_flag no: no per-student teaching grant found; national Type II scholarship is conditioned on a tuition freeze (not a teaching grant). govt_need_aid targeted: national scholarship Type I (KOSAF, 2023) is a means-tested entitlement for income brackets up to 8 (annual KRW 7.0m basic/near-poor, 5.2m brackets 1-3, 3.9m 4-6, 3.5m 7-8); nationally 41.0% of all enrolled students received it in 2023-1 (31.4% at Seoul-region universities; secondary source citing KOSAF data), and at SNU/Yonsei/Korea Univ. 62.7% of 2020-23 applicants were in brackets 8-10, so the share at this institution is very likely below 40% (borderline at national level). National scheme cited by rule; loans (학자금 대출) excluded. inst_need_aid targeted: 연세장학금 (소득분위별 장학금), institution-selected by income bracket (current page, undated)."
KOR-K,KOR,South Korea,Korea University,79,private_nonprofit,legal_form,no,private_not_govt_dependent,9767000,0,9767000,KRW,midpoint_of_range,7120000,12414000,46578329.36,0.2097,moderate,moderate_or_high,moderate,high,yes,moderate,yes,unknown,yes,unknown,41.0,,,,,2024,medium,agree,agree,V011,26684,first_degree_headcount,"2023 (reference date 1 April 2023, academic year 2023)",high,https://kess.kedi.re.kr/contents/dataSet/downLoad.do?fileNm=2025712105955757.xlsx,"Registered undergraduate students (재적생 = 재학생 enrolled 20373 + 휴학생 on leave 6311 + 유예생 graduation-deferred 0) of Korea University, 학제 '대학교' (undergraduate) rows for 본교(제1캠퍼스). Graduate schools are separate rows and excluded. Includes international bachelor's degree students (1708). Actively enrolled only (재학생) would be 20373. Excludes the Sejong branch campus, reported as a separate 분교 institution row '고려대학교 세종캠퍼스' (재적생 9,047).",9,"Tuition: 2024 Seoul-campus undergraduate fee table (thousand KRW/semester), recurring 1~4 rates x2; domestic undergraduate tuition was frozen for 2024 (고대신문), so the 2024 rates equal 2023 (the 2023 table is linked on a 2023 Wayback capture of korea.ac.kr but the PDF itself was not archived). Range: min 3,560 (humanities/social) to max 6,207 (medicine), incl. psychology 4,033, science/PE 4,201, nursing 4,290, engineering 4,840, arts 4,885, pharmacy 5,587. First-semester surcharge (+197) excluded as entrance charge. Fees 0: 학생회비 8, 교지대 3, 의료공제 10.5-13.5, 보건비 7 (thousand/semester) are 기타납입금 billed with tuition; the registrar says students tick the 선택납부 items they wish to pay; whether 보건비 (7,000/semester) is compulsory is not established (immaterial). Control private_nonprofit: 학교법인 고려중앙학원; directors chosen by the board and approved by the competent authority; open directors via a recommendation committee (articles as of 2023-08-24). govt_dependent_flag no (as Yonsei). govt_need_aid targeted: national scholarship Type I (KOSAF, 2023) is a means-tested entitlement for income brackets up to 8 (annual KRW 7.0m basic/near-poor, 5.2m brackets 1-3, 3.9m 4-6, 3.5m 7-8); nationally 41.0% of all enrolled students received it in 2023-1 (31.4% at Seoul-region universities; secondary source citing KOSAF data), and at SNU/Yonsei/Korea Univ. 62.7% of 2020-23 applicants were in brackets 8-10, so the share at this institution is very likely below 40% (borderline at national level). National scheme cited by rule; loans (학자금 대출) excluded. inst_need_aid targeted: 면학장학금 (need-based, income-bracket-scaled, incl. Type I; merged with 미래로장학금 in 2024)."
KOR-POSTECH,KOR,South Korea,Pohang University of Science And Technology (POSTECH),=100,private_nonprofit,legal_form,no,private_not_govt_dependent,0,0,0,KRW,uniform,0,0,46578329.36,0.0000,free,free,free,free,no,free,not_applicable,unknown,not_applicable,unknown,,,,,,2023,medium,agree,agree,V018,1747,first_degree_headcount,"2023 (reference date 1 April 2023, academic year 2023)",high,https://kess.kedi.re.kr/contents/dataSet/downLoad.do?fileNm=2025712105955757.xlsx,"Registered undergraduate students (재적생 = 재학생 enrolled 1409 + 휴학생 on leave 338 + 유예생 graduation-deferred 0) of POSTECH, 학제 '대학교' (undergraduate) rows for 본교(제1캠퍼스). Graduate schools are separate rows and excluded. Includes international bachelor's degree students (0). Actively enrolled only (재학생) would be 1409.",21,"NEAREST-YEAR: the 2023 undergraduate rate was not found in an official source (tuition-committee minutes omit the tables; 대학알리미 per-school page not machine-readable). Headline = 2,790,000/semester (2020, official POSTECH admissions FAQ) x2 = 5,580,000; POSTECH Times (2023-03) says undergraduate tuition is not raised. Cross-check only: KOSAF 2026 average tuition for POSTECH 5,613,500 (later year, suggests a small change at some point). Uniform across programmes. Payment scale (merit): first semester waived for all; later semesters waived by grades; min 0. BAND-SENSITIVE: effective charge for most students is 0. Fees 0: student-council and medical-mutual fees are optional; the dormitory fee is compulsory but housing is excluded. Control private_nonprofit: 학교법인 포항공과대학교 (founded 1976 as 학교법인 제철학원), board chaired by the POSCO Holdings chair, no government members (2026 board page). govt_dependent_flag no. govt_need_aid targeted: national scholarship Type I (KOSAF, 2023) is a means-tested entitlement for income brackets up to 8 (annual KRW 7.0m basic/near-poor, 5.2m brackets 1-3, 3.9m 4-6, 3.5m 7-8); nationally 41.0% of all enrolled students received it in 2023-1 (31.4% at Seoul-region universities; secondary source citing KOSAF data), and at SNU/Yonsei/Korea Univ. 62.7% of 2020-23 applicants were in brackets 8-10, so the share at this institution is very likely below 40% (borderline at national level). National scheme cited by rule; loans (학자금 대출) excluded. inst_need_aid targeted: 면학장학금 (brackets <=8, for students failing the grade criterion) and need-based fund scholarships (current page). | [V011] [V011] Waiver regime in 2023: admissions FAQ (Wayback 31 May 2023) '최초 학기 등록금은 ‘신입생 전원 전액 장학혜택’ 을 제공 ... 최초 학기 이후에는 학기별 성적에 따라 다음 학기의 등록금이 면제되며 졸업 전 모든 학기(8학기 기준)에 해당됩니다'. | [V018] [V018] 2023 listed rate (official 2023 FY supplementary budget, 등록금명세서): undergraduate 수업료 2,790,000/semester for continuing students (x2 = 5,580,000/yr, same as the 2020 FAQ figure) and 2,924,000 for the 2023 entrant cohort's first semester (the entrants' second semester is not shown separately); 1,395,000/semester for over-duration students; no 입학금. Conditional listed rate 5,580,000-5,848,000 KRW/yr (12.0%-12.6% of 2023 GDP pc, derived; moderate if charged). Budgeted 2023 undergraduate tuition revenue 7,282,581 thousand KRW for 1,524.5 students, booked gross (scholarships are expenditure). | [V018] [V018] Waiver regime 2023: every entrant's first semester is waived; the 'basic scholarship' fixed in the first semester is either the government (KOSAF) 국가우수장학금(이공계)/대통령과학장학금 or, for everyone else, POSTECH's own 지곡장학금 (regulation art. 8(1)(나)); continuation follows the national S&E scholarship rule: previous semester >=12 credits and GPA >=3.0/4.3. Students must apply for the national scholarship every semester. Student newspaper (Feb 2024, nearest year): missing the criterion twice within semesters 1-4, or once from semester 5, removes eligibility permanently; no basic scholarship beyond 8 semesters. Students below the criterion who are in KOSAF bracket <=8 with GPA >=2.0 and >=10 credits may receive the need-based 면학장학금. The waiver is merit-conditional with a need-based backstop. | [V018] [V018] Funding: the default waiver is co-funded by government scholarships. 2023 per-student scholarships (Veritas Alpha, from 대학알리미 장학금 수혜 현황): internal 3,219,035, external 3,497,929 of which 773,570 non-national, so national 2,724,359 (derived); total 6,716,965 KRW. 2023 budget (all levels): 교외장학금 6,708,533 and 교내장학금 8,907,012 thousand KRW; 국고보조금 16,187,984 thousand (not earmarked for tuition in the budget); corporation 경상비전입금 60,297,888 thousand. National scholarships are portable student-level schemes (merit S&E and means-tested Type I), not transfers to POSTECH to cover tuition, so govt_dependent_flag stays no; flagged for the investigator. No documented share of undergraduates paying tuition in 2023 was found. | [COORD-D038] D038 (investigator, 2026-09-25): headline 0 because tuition is waived by default and charged only to students below the grade condition; the conditional rate is 5,580,000 KRW/yr (listed rate, 2020 FAQ)."
POL-W,POL,Poland,University of Warsaw,262,public,ownership,no,public,0,0,0,PLN,uniform,,,93091.32,0.0000,free,free,,,no,free,not_applicable,yes,not_applicable,unknown,,4.2,,,,2023/24,high,agree,agree,V012,26661,first_degree_headcount,2023/24,high,https://stat.gov.pl/download/gfx/portalinformacyjny/pl/defaultaktualnosci/5488/2/20/1/szkolnictwo_wyzsze_i_jego_finanse_w_2023.xlsx,"Students in first-cycle (studia pierwszego stopnia) AND long-cycle/integrated master's (magisterskie jednolite) programmes combined, as of 31 December 2023 (academic year 2023/24; GUS states data are presented as of 31 December). Both full-time (stacjonarne) and part-time (niestacjonarne) combined ('o' row); includes foreign students; excludes second-cycle and doctoral. Institution total incl. branches as reported by GUS. First-cycle alone not separated in this table.",15,"Control public: listed as 'Uczelnia publiczna' supervised by the science minister in the official POL-on/RAD-on register; PSWN art. 13(1)(1) defines a public university as one created by a state organ and art. 35(1) creates public academic universities by statute. Under the strict test note that the rada uczelni is appointed by the university senate (art. 19), not by the state, and the rector is elected, so 'public' rests on state foundation/ownership, not on a state-appointed board. Tuition 0: Constitution art. 70(2) and PSWN art. 79(1) allow fees only for part-time, repeated, foreign-language, extra-curricular classes and foreigners; the institution's 2023/24 fee regulation sets no fee for Polish-citizen full-time Polish-language study (rule application plus absence in the schedule). Fee-paying tracks in the 2023/24 regulation: part-time (e.g. administracja niestacjonarne first cycle 5,000 zł/yr single payment), foreign-language programmes, repeats and extra classes. Fees 0: the only other permitted charges (art. 79(2)) are recruitment (85 zł, application fee, excluded), the one-off 22 zł electronic student ID at issue (excluded as one-off per project precedent; no band effect), duplicates and dormitories/canteens; art. 80(6) bars other document fees; no recurring compulsory fee found. Govt targeted: stypendium socjalne is tested on per-person family income (student, spouse, parents) against a threshold set by the rector within statutory limits (art. 87-88), paid from the university's Fundusz Stypendialny, which is funded by a ministerial grant (art. 365 pkt 3, 366, 412) and administered by the university, so coded government-funded; nationally 52.4k of 1,245.2k students (about 4.2%, derived) received it in 2023/24; zapomoga (hardship grant) is from the same fund; state-guaranteed student loans excluded. National scheme cited by rule. Inst unknown: no UW-run means-tested scheme found in a limited search; UW's own 2025 page says social aid is paid from the Ministry-funded Fundusz Stypendialny; PSWN art. 420 limits a university's own scholarship fund to merit awards; the Fundacja UW is a separate legal body (D036, not counted). | [V012] Ownership evidence: PSWN art. 423(2) applies the State Property Management Act 2016 (consent of the Prokuratoria Generalna) to a public university's disposal of fixed assets above 2 million zł, and on liquidation a minister-appointed liquidator takes over the university organs (art. 36). Fee-paying full-time foreign-language programmes are treated as a separate track (as for EGY parallel tracks); no decision-log entry yet."
POL-J,POL,Poland,Jagiellonian University,=304,public,ownership,no,public,0,0,0,PLN,uniform,,,93091.32,0.0000,free,free,,,no,free,not_applicable,yes,not_applicable,yes,,4.2,,,,2023/24,high,agree,agree,V012,23922,first_degree_headcount,2023/24,high,https://stat.gov.pl/download/gfx/portalinformacyjny/pl/defaultaktualnosci/5488/2/20/1/szkolnictwo_wyzsze_i_jego_finanse_w_2023.xlsx,"Students in first-cycle (studia pierwszego stopnia) AND long-cycle/integrated master's (magisterskie jednolite) programmes combined, as of 31 December 2023 (academic year 2023/24; GUS states data are presented as of 31 December). Both full-time (stacjonarne) and part-time (niestacjonarne) combined ('o' row); includes foreign students; excludes second-cycle and doctoral. Institution total incl. branches as reported by GUS. First-cycle alone not separated in this table.",17,"Control public: listed as 'Uczelnia publiczna' supervised by the science minister in the official POL-on/RAD-on register; PSWN art. 13(1)(1) defines a public university as one created by a state organ and art. 35(1) creates public academic universities by statute. Under the strict test note that the rada uczelni is appointed by the university senate (art. 19), not by the state, and the rector is elected, so 'public' rests on state foundation/ownership, not on a state-appointed board. Tuition 0: Constitution art. 70(2) and PSWN art. 79(1) allow fees only for part-time, repeated, foreign-language, extra-curricular classes and foreigners; the institution's 2023/24 fee regulation sets no fee for Polish-citizen full-time Polish-language study (rule application plus absence in the schedule). Fee-paying tracks: part-time, foreign-language programmes (Polish citizens pay, e.g. Molecular Biotechnology 2nd cycle 20,000 zł/yr), repeats; fees in the Polish-language full-time columns apply only to foreigners. Fees 0: the only other permitted charges (art. 79(2)) are recruitment (85 zł, application fee, excluded), the one-off 22 zł electronic student ID at issue (excluded as one-off per project precedent; no band effect), duplicates and dormitories/canteens; art. 80(6) bars other document fees; no recurring compulsory fee found. Govt targeted: stypendium socjalne is tested on per-person family income (student, spouse, parents) against a threshold set by the rector within statutory limits (art. 87-88), paid from the university's Fundusz Stypendialny, which is funded by a ministerial grant (art. 365 pkt 3, 366, 412) and administered by the university, so coded government-funded; nationally 52.4k of 1,245.2k students (about 4.2%, derived) received it in 2023/24; zapomoga (hardship grant) is from the same fund; state-guaranteed student loans excluded. National scheme cited by rule. Inst targeted: UJ's own 'Fundusz wsparcia' (listed as 'własne fundusze stypendialne' in a June 2024 Wayback capture) gives hardship grants to students in a temporarily difficult material situation linked to specified events (epidemic, war, higher rent), administered by UJ's scholarship office; eligibility is material hardship, not a formal income threshold (checker: confirm it counts as means-tested). The income-tested + merit 'Via Futuri' fund (max 20 awards) appears only on the 2026 page and is not coded for 2023/24. | [V012, supersedes an earlier statement in this note] Inst targeted: Fundusz Stypendialny im. Pawła Zaleskiego (UJ own fund listed in the June 2024 capture; donor-financed, run by a Faculty of Law council chaired by the Dean, counts under D036) for high-achieving full-time students from backgrounds with limited access to funding, requiring documents on the material situation of the candidate and household members incl. tax-office income certificates; Faculty of Law only, from 2nd year, awards depend on funds. The Fundusz wsparcia (Zarz. 42/2022; UJ own funds) is an event-linked emergency hardship grant assessed on the applicant's material situation without an income test and residual to the statutory zapomoga; recorded, not relied on as a means test. The Via Futuri fund (2026 page only) is not coded for 2023/24. | [V012] Ownership evidence: PSWN art. 423(2) applies the State Property Management Act 2016 (consent of the Prokuratoria Generalna) to a public university's disposal of fixed assets above 2 million zł, and on liquidation a minister-appointed liquidator takes over the university organs (art. 36). Fee-paying full-time foreign-language programmes are treated as a separate track (as for EGY parallel tracks); no decision-log entry yet."
POL-WT,POL,Poland,Warsaw University of Technology,=571,public,ownership,no,public,0,0,0,PLN,uniform,,,93091.32,0.0000,free,free,,,no,free,not_applicable,yes,not_applicable,yes,,4.2,,,,2023/24,high,agree,agree,V012,16044,first_degree_headcount,2023/24,high,https://stat.gov.pl/download/gfx/portalinformacyjny/pl/defaultaktualnosci/5488/2/20/1/szkolnictwo_wyzsze_i_jego_finanse_w_2023.xlsx,"Students in first-cycle (studia pierwszego stopnia) AND long-cycle/integrated master's (magisterskie jednolite) programmes combined, as of 31 December 2023 (academic year 2023/24; GUS states data are presented as of 31 December). Both full-time (stacjonarne) and part-time (niestacjonarne) combined ('o' row); includes foreign students; excludes second-cycle and doctoral. Institution total incl. branches as reported by GUS. First-cycle alone not separated in this table.",16,"Control public: listed as 'Uczelnia publiczna' supervised by the science minister in the official POL-on/RAD-on register; PSWN art. 13(1)(1) defines a public university as one created by a state organ and art. 35(1) creates public academic universities by statute. Under the strict test note that the rada uczelni is appointed by the university senate (art. 19), not by the state, and the rector is elected, so 'public' rests on state foundation/ownership, not on a state-appointed board. Tuition 0: Constitution art. 70(2) and PSWN art. 79(1) allow fees only for part-time, repeated, foreign-language, extra-curricular classes and foreigners; the institution's 2023/24 fee regulation sets no fee for Polish-citizen full-time Polish-language study (rule application plus absence in the schedule). Fee-paying tracks: part-time (e.g. Budownictwo first cycle 4,560 zł/semester) and full-time English-taught programmes (e.g. Informatyka first cycle 6,030 zł/semester), repeats and extra classes. Fee decision cited from a copy hosted on a PW unit website (filename contains 'projekt'; text shows the Rector's name). Fees 0: the only other permitted charges (art. 79(2)) are recruitment (85 zł, application fee, excluded), the one-off 22 zł electronic student ID at issue (excluded as one-off per project precedent; no band effect), duplicates and dormitories/canteens; art. 80(6) bars other document fees; no recurring compulsory fee found. Govt targeted: stypendium socjalne is tested on per-person family income (student, spouse, parents) against a threshold set by the rector within statutory limits (art. 87-88), paid from the university's Fundusz Stypendialny, which is funded by a ministerial grant (art. 365 pkt 3, 366, 412) and administered by the university, so coded government-funded; nationally 52.4k of 1,245.2k students (about 4.2%, derived) received it in 2023/24; zapomoga (hardship grant) is from the same fund; state-guaranteed student loans excluded. National scheme cited by rule. Inst targeted (D036): Stypendium im. inż. Mieczysława Króla, listed under PW's Własny Fundusz Stypendialny in a Dec 2023 Wayback capture; financed by the Jan M. and Eugenia Krol Charitable Foundation, awarded by a PW committee chaired by the vice-rector (with one foundation representative) to students with good grades who meet the social-scholarship income conditions; number of awards depends on funds. The Tomaka scholarship (Ethiopian/African students) is not for the baseline domestic student. | [V012] Ownership evidence: PSWN art. 423(2) applies the State Property Management Act 2016 (consent of the Prokuratoria Generalna) to a public university's disposal of fixed assets above 2 million zł, and on liquidation a minister-appointed liquidator takes over the university organs (art. 36). Fee-paying full-time foreign-language programmes are treated as a separate track (as for EGY parallel tracks); no decision-log entry yet."
POL-AMP,POL,Poland,"Adam Mickiewicz University, Poznań",731-740,public,ownership,no,public,0,0,0,PLN,uniform,,,93091.32,0.0000,free,free,,,no,free,not_applicable,yes,not_applicable,unknown,,4.2,,,,2023/24,high,agree,agree,V012,21723,first_degree_headcount,2023/24,high,https://stat.gov.pl/download/gfx/portalinformacyjny/pl/defaultaktualnosci/5488/2/20/1/szkolnictwo_wyzsze_i_jego_finanse_w_2023.xlsx,"Students in first-cycle (studia pierwszego stopnia) AND long-cycle/integrated master's (magisterskie jednolite) programmes combined, as of 31 December 2023 (academic year 2023/24; GUS states data are presented as of 31 December). Both full-time (stacjonarne) and part-time (niestacjonarne) combined ('o' row); includes foreign students; excludes second-cycle and doctoral. Institution total incl. branches as reported by GUS. First-cycle alone not separated in this table.",13,"Control public: listed as 'Uczelnia publiczna' supervised by the science minister in the official POL-on/RAD-on register; PSWN art. 13(1)(1) defines a public university as one created by a state organ and art. 35(1) creates public academic universities by statute. Under the strict test note that the rada uczelni is appointed by the university senate (art. 19), not by the state, and the rector is elected, so 'public' rests on state foundation/ownership, not on a state-appointed board. Tuition 0: Constitution art. 70(2) and PSWN art. 79(1) allow fees only for part-time, repeated, foreign-language, extra-curricular classes and foreigners; the institution's 2023/24 fee regulation sets no fee for Polish-citizen full-time Polish-language study (rule application plus absence in the schedule). Fee-paying tracks: part-time, first-year full-time foreign-language programmes (e.g. 1,000-4,000 zł/semester in annex 7), repeats, extra classes; foreigners in Polish-language full-time studies pay 3,000 zł/semester. Fees 0: the only other permitted charges (art. 79(2)) are recruitment (85 zł, application fee, excluded), the one-off 22 zł electronic student ID at issue (excluded as one-off per project precedent; no band effect), duplicates and dormitories/canteens; art. 80(6) bars other document fees; no recurring compulsory fee found. Govt targeted: stypendium socjalne is tested on per-person family income (student, spouse, parents) against a threshold set by the rector within statutory limits (art. 87-88), paid from the university's Fundusz Stypendialny, which is funded by a ministerial grant (art. 365 pkt 3, 366, 412) and administered by the university, so coded government-funded; nationally 52.4k of 1,245.2k students (about 4.2%, derived) received it in 2023/24; zapomoga (hardship grant) is from the same fund; state-guaranteed student loans excluded. National scheme cited by rule. Inst unknown: no UAM-run means-tested scheme found in a limited search; the Fundacja UAM (Kulczyk scholarships etc.) is a separate legal body (D036, not counted; its means-test not checked). | [V012] Ownership evidence: PSWN art. 423(2) applies the State Property Management Act 2016 (consent of the Prokuratoria Generalna) to a public university's disposal of fixed assets above 2 million zł, and on liquidation a minister-appointed liquidator takes over the university organs (art. 36). Fee-paying full-time foreign-language programmes are treated as a separate track (as for EGY parallel tracks); no decision-log entry yet."
POL-PLS,POL,Poland,Poznan University of Life Sciences,801-850,public,ownership,no,public,0,0,0,PLN,uniform,,,93091.32,0.0000,free,free,,,no,free,not_applicable,yes,not_applicable,unknown,,4.2,,,,2023/24,high,agree,agree,V012,5285,first_degree_headcount,2023/24,high,https://stat.gov.pl/download/gfx/portalinformacyjny/pl/defaultaktualnosci/5488/2/20/1/szkolnictwo_wyzsze_i_jego_finanse_w_2023.xlsx,"Students in first-cycle (studia pierwszego stopnia) AND long-cycle/integrated master's (magisterskie jednolite) programmes combined, as of 31 December 2023 (academic year 2023/24; GUS states data are presented as of 31 December). Both full-time (stacjonarne) and part-time (niestacjonarne) combined ('o' row); includes foreign students; excludes second-cycle and doctoral. Institution total incl. branches as reported by GUS. First-cycle alone not separated in this table.",15,"Control public: listed as 'Uczelnia publiczna' supervised by the science minister in the official POL-on/RAD-on register; PSWN art. 13(1)(1) defines a public university as one created by a state organ and art. 35(1) creates public academic universities by statute. Under the strict test note that the rada uczelni is appointed by the university senate (art. 19), not by the state, and the rector is elected, so 'public' rests on state foundation/ownership, not on a state-appointed board. Tuition 0: Constitution art. 70(2) and PSWN art. 79(1) allow fees only for part-time, repeated, foreign-language, extra-curricular classes and foreigners; the institution's 2023/24 fee regulation sets no fee for Polish-citizen full-time Polish-language study (rule application plus absence in the schedule). Fee-paying tracks: part-time first cycle 1,600-2,200 zł/semester by programme, English-taught second cycle 2,000 zł/semester, repeats. The regulation header prints 'z dnia 24 marca 2022 roku' although it sets 2023/24 fees (apparent typo; reference number RP-0211-18/2023). Fees 0: the only other permitted charges (art. 79(2)) are recruitment (85 zł, application fee, excluded), the one-off 22 zł electronic student ID at issue (excluded as one-off per project precedent; no band effect), duplicates and dormitories/canteens; art. 80(6) bars other document fees; no recurring compulsory fee found. Govt targeted: stypendium socjalne is tested on per-person family income (student, spouse, parents) against a threshold set by the rector within statutory limits (art. 87-88), paid from the university's Fundusz Stypendialny, which is funded by a ministerial grant (art. 365 pkt 3, 366, 412) and administered by the university, so coded government-funded; nationally 52.4k of 1,245.2k students (about 4.2%, derived) received it in 2023/24; zapomoga (hardship grant) is from the same fund; state-guaranteed student loans excluded. National scheme cited by rule. Inst unknown: no UPP-run means-tested scheme established; a search result mentions a scholarship funded by the 'Friends of the Faculty of Horticulture and Landscape Architecture' for top first-year students with low family income, not opened or dated, and its operator (university vs. association) not established. | [V012] Inst unknown: the one candidate (merit + low family income, 1,000 zł/month, first-year horticulture students) is run by the association 'Przyjaciele Wydziału Ogrodnictwa i Architektury Krajobrazu UPP' (poznan.pl, 2018), a separate legal body, so not institutional under D036; its operation in 2023/24 not established; no UPP-run scheme found. | [V012] Ownership evidence: PSWN art. 423(2) applies the State Property Management Act 2016 (consent of the Prokuratoria Generalna) to a public university's disposal of fixed assets above 2 million zł, and on liquidation a minister-appointed liquidator takes over the university organs (art. 36). Fee-paying full-time foreign-language programmes are treated as a separate track (as for EGY parallel tracks); no decision-log entry yet."
UKR-TSK,UKR,Ukraine,Taras Shevchenko National University of Kyiv,681-690,public,ownership,no,public,51700,0,51700,UAH,midpoint_of_range,33400,70000,187974.69,0.2750,high,moderate_or_high,moderate,high,yes,moderate,unknown,yes,unknown,unknown,,,,,58.7,2023/24,high,agree,agree,V012,21157,first_degree_headcount,2023/24,high,https://registry.edbo.gov.ua/api/opendata/university-educators?dt=01.10.2023&rg=0&qf=0&eb=0&id=0&sp=0&exp=json,"EDEBO snapshot as of 01.10.2023 (start of 2023/24). Derived: sum of all six study-form columns (Денна/Заочна/Вечірня × бюджет/контракт) over rows with 'Освітній ступінь'='Бакалавр' (all entry bases) = 20690 (main unit 20690; separate structural units/ВСП with 'Код головного закладу'=41: 0), plus 'Магістр' rows with 'Основа вступу'='Повна загальна середня освіта' (integrated long-cycle master entered from secondary school, e.g. medicine/pharmacy) = 467. Bachelor-only alternative = 20690. Includes full-time, extramural (заочна) and evening; state-funded and contract; excludes junior bachelor/fakhovyi molodshyi bakalavr, second-cycle master, PhD. Wartime conditions (displacement, remote study) may affect comparability.",13,"Control public: state institution in MON's sphere of management (EDEBO register: Форма власності Державна; statute п.1.3 'утворена у формі державної установи'); MON as founder's authorised body approves the statute and signs the contract with the elected rector (Law 1556-VII art.15). Headline: 2023/24 contract price, full-time bachelor, first-year column of the rector-approved schedule; range 33,400 (e.g. 014.01 teacher education, many sciences) to 70,000 (Economics taught in English/Ukrainian); next-highest 62,800 (Law, International relations etc.); midpoint 51,700. Prices for later years of study rise (e.g. 33,400 -> 46,000 in year 4) - baseline is first year. Scanned PDF read visually; 28 pages scanned for bachelor 'Денна' rows, extramural and advanced-entry (молодший бакалавр) rows excluded. No separate compulsory fee listed; compulsory_fees 0 is from the fee schedule, not separately verified. Band depends on programme (min and max likely straddle a threshold). Split subsidy track: headline is the contract (fee-paying, за кошти фізичних/юридичних осіб) price; students admitted to state-funded places (державне замовлення, allocated by NMT competitive score) pay no tuition (Law 1556-VII art.4). Share of first-year bachelor places that were state-funded in 2023 not established (EDEBO 2023 statistics give state-order placements but no contract denominator; vstup.osvita.ua blocked). State grants for contract students (державний грант) not applicable to 2023/24 per coordinator note (introduced later; not separately verified in this run). Govt targeted: social scholarship (соціальна стипендія) for students from families receiving state social assistance to low-income families (CMU Resolution 1045 of 28.12.2016, p.4(11), in force since 2017), a non-repayable government cash grant, but restricted to full-time students on state-funded places (державне замовлення) at state institutions, so a contract (headline) student is not eligible; share of recipients not found. National scheme cited by rule. Inst unknown: no institution-funded means-tested fee reduction or bursary searched for or found in this run. | [V012] State-funded share (EDEBO open data, 2023 intake): 2792 of 4792 full-time first-year bachelor entrants after complete secondary were on budget places (58.3%, derived); integrated first degree(s) 222 Медицина: budget/contract 55/6; national 33.9% (state-owned institutions 36.2%). Replace 'Share of first-year bachelor places that were state-funded in 2023 not established (...)'. Also: 222 Медицина (integrated 6-year first degree) 1st-year price 51,900 is inside the range; no change to min/max/midpoint."
UKR-VNKK,UKR,Ukraine,V. N. Karazin Kharkiv National University,691-700,public,ownership,no,public,24400,0,24400,UAH,midpoint_of_range,13800,35000,187974.69,0.1298,moderate,moderate_or_high,low_moderate,moderate,yes,low_moderate,unknown,yes,unknown,unknown,,,,,50.4,2023/24,high,agree,agree,V012,11147,first_degree_headcount,2023/24,high,https://registry.edbo.gov.ua/api/opendata/university-educators?dt=01.10.2023&rg=0&qf=0&eb=0&id=0&sp=0&exp=json,"EDEBO snapshot as of 01.10.2023 (start of 2023/24). Derived: sum of all six study-form columns (Денна/Заочна/Вечірня × бюджет/контракт) over rows with 'Освітній ступінь'='Бакалавр' (all entry bases) = 10234 (main unit 10234; separate structural units/ВСП with 'Код головного закладу'=62: 0), plus 'Магістр' rows with 'Основа вступу'='Повна загальна середня освіта' (integrated long-cycle master entered from secondary school, e.g. medicine/pharmacy) = 913. Bachelor-only alternative = 10234. Includes full-time, extramural (заочна) and evening; state-funded and contract; excludes junior bachelor/fakhovyi molodshyi bakalavr, second-cycle master, PhD. Wartime conditions (displacement, remote study) may affect comparability.",11,"Control public: EDEBO register (Форма власності Державна; sphere of management MON); founder's authorised body signs the rector's contract (Law 1556-VII art.15). Headline: 2023/24 contract price per academic year (order 0805-1/148 of 31.03.2023), full-time: range 13,800 (applied physics, physics, chemistry) to 35,000 (Medicine 222, years 1-4, an integrated first degree entered after secondary school, listed in the Магістр (ОПП) column); bachelor-only range 13,800-29,900 (midpoint 21,850). Midpoint including medicine 24,400. Extramural and master's (second-cycle) rows excluded. Whether a spring-2024 inflation indexation was applied (as at Sumy) not checked. No separate compulsory fee listed; compulsory_fees 0 not separately verified. Split subsidy track: headline is the contract (fee-paying, за кошти фізичних/юридичних осіб) price; students admitted to state-funded places (державне замовлення, allocated by NMT competitive score) pay no tuition (Law 1556-VII art.4). Share of first-year bachelor places that were state-funded in 2023 not established (EDEBO 2023 statistics give state-order placements but no contract denominator; vstup.osvita.ua blocked). State grants for contract students (державний грант) not applicable to 2023/24 per coordinator note (introduced later; not separately verified in this run). Govt targeted: social scholarship (соціальна стипендія) for students from families receiving state social assistance to low-income families (CMU Resolution 1045 of 28.12.2016, p.4(11), in force since 2017), a non-repayable government cash grant, but restricted to full-time students on state-funded places (державне замовлення) at state institutions, so a contract (headline) student is not eligible; share of recipients not found. National scheme cited by rule. Inst unknown: no institution-funded means-tested fee reduction or bursary searched for or found in this run. | [V012] State-funded share (EDEBO open data, 2023 intake): 1054 of 2160 full-time first-year bachelor entrants after complete secondary were on budget places (48.8%, derived); integrated first degree(s) 222 Медицина: budget/contract 88/16; national 33.9% (state-owned institutions 36.2%). Replace 'Share of first-year bachelor places that were state-funded in 2023 not established (...)'."
UKR-TUISKP,UKR,Ukraine,"National Technical University of Ukraine ""Igor Sikorsky Kyiv Polytechnic Institute""",731-740,public,ownership,no,public,37400,0,37400,UAH,midpoint_of_range,24900,49900,187974.69,0.1990,moderate,moderate_or_high,moderate,high,yes,moderate,unknown,yes,unknown,unknown,,,,,72.3,2023/24,high,agree,agree,V012,18628,first_degree_headcount,2023/24,high,https://registry.edbo.gov.ua/api/opendata/university-educators?dt=01.10.2023&rg=0&qf=0&eb=0&id=0&sp=0&exp=json,"EDEBO snapshot as of 01.10.2023 (start of 2023/24). Derived: sum of all six study-form columns (Денна/Заочна/Вечірня × бюджет/контракт) over rows with 'Освітній ступінь'='Бакалавр' (all entry bases) = 18628 (main unit 18628; separate structural units/ВСП with 'Код головного закладу'=174: 0), plus 'Магістр' rows with 'Основа вступу'='Повна загальна середня освіта' (integrated long-cycle master entered from secondary school, e.g. medicine/pharmacy) = 0. Bachelor-only alternative = 18628. Includes full-time, extramural (заочна) and evening; state-funded and contract; excludes junior bachelor/fakhovyi molodshyi bakalavr, second-cycle master, PhD. Wartime conditions (displacement, remote study) may affect comparability.",11,"Control public: EDEBO register (Державна; MON) and statute (state HEI; MON approves statute and signs the elected rector's contract). Headline: 2023/24 contract price for one year of full-time bachelor study (order НГФ/73/2023, annex 1): range 24,900 (most engineering and natural-science specialities) to 49,900 (121 Software engineering); midpoint 37,400; total-period column equals 4x annual. Extramural excluded. No separate compulsory fee listed; compulsory_fees 0 not separately verified. Split subsidy track: headline is the contract (fee-paying, за кошти фізичних/юридичних осіб) price; students admitted to state-funded places (державне замовлення, allocated by NMT competitive score) pay no tuition (Law 1556-VII art.4). Share of first-year bachelor places that were state-funded in 2023 not established (EDEBO 2023 statistics give state-order placements but no contract denominator; vstup.osvita.ua blocked). State grants for contract students (державний грант) not applicable to 2023/24 per coordinator note (introduced later; not separately verified in this run). Govt targeted: social scholarship (соціальна стипендія) for students from families receiving state social assistance to low-income families (CMU Resolution 1045 of 28.12.2016, p.4(11), in force since 2017), a non-repayable government cash grant, but restricted to full-time students on state-funded places (державне замовлення) at state institutions, so a contract (headline) student is not eligible; share of recipients not found. National scheme cited by rule. Inst unknown: no institution-funded means-tested fee reduction or bursary searched for or found in this run. | [V012] State-funded share (EDEBO open data, 2023 intake): 3501 of 4839 full-time first-year bachelor entrants after complete secondary were on budget places (72.3%, derived); national 33.9% (state-owned institutions 36.2%). Replace 'Share of first-year bachelor places that were state-funded in 2023 not established (...)'."
UKR-TKP,UKR,Ukraine,"National Technical University ""Kharkiv Polytechnic Institute""",901-950,public,ownership,no,public,26690,0,26690,UAH,midpoint_of_range,19860,33520,187974.69,0.1420,moderate,moderate_or_high,moderate,moderate,no,low_moderate,unknown,yes,unknown,unknown,,,,,61.9,2023/24,high,agree,agree,V012,9011,first_degree_headcount,2023/24,high,https://registry.edbo.gov.ua/api/opendata/university-educators?dt=01.10.2023&rg=0&qf=0&eb=0&id=0&sp=0&exp=json,"EDEBO snapshot as of 01.10.2023 (start of 2023/24). Derived: sum of all six study-form columns (Денна/Заочна/Вечірня × бюджет/контракт) over rows with 'Освітній ступінь'='Бакалавр' (all entry bases) = 9006 (main unit 9006; separate structural units/ВСП with 'Код головного закладу'=104: 0), plus 'Магістр' rows with 'Основа вступу'='Повна загальна середня освіта' (integrated long-cycle master entered from secondary school, e.g. medicine/pharmacy) = 5. Bachelor-only alternative = 9006. Includes full-time, extramural (заочна) and evening; state-funded and contract; excludes junior bachelor/fakhovyi molodshyi bakalavr, second-cycle master, PhD. Wartime conditions (displacement, remote study) may affect comparability.",10,"Control public: EDEBO register (Державна; MON); founder's authorised body signs the rector's contract (Law 1556-VII art.15). Headline: 2023/24 contract price per year, full-time bachelor (annex 1 to the 2023 admission rules, Wayback capture; live file now 404): range 19,860 (engineering, sciences) to 33,520 (English-taught option of 121/122/072/073/053, marked ^); Ukrainian-taught maximum 30,470 (economics, management, IT etc.; midpoint without the English option 25,165); contract-only programmes 20,000; midpoint 26,690. Integrated 5-6-year programmes: none in the bachelor table (226 Pharmacy appears only as a second-cycle master). Extramural excluded. No separate compulsory fee listed; compulsory_fees 0 not separately verified. Kharkiv campus under wartime conditions in 2023/24; not assessed further. Split subsidy track: headline is the contract (fee-paying, за кошти фізичних/юридичних осіб) price; students admitted to state-funded places (державне замовлення, allocated by NMT competitive score) pay no tuition (Law 1556-VII art.4). Share of first-year bachelor places that were state-funded in 2023 not established (EDEBO 2023 statistics give state-order placements but no contract denominator; vstup.osvita.ua blocked). State grants for contract students (державний грант) not applicable to 2023/24 per coordinator note (introduced later; not separately verified in this run). Govt targeted: social scholarship (соціальна стипендія) for students from families receiving state social assistance to low-income families (CMU Resolution 1045 of 28.12.2016, p.4(11), in force since 2017), a non-repayable government cash grant, but restricted to full-time students on state-funded places (державне замовлення) at state institutions, so a contract (headline) student is not eligible; share of recipients not found. National scheme cited by rule. Inst unknown: no institution-funded means-tested fee reduction or bursary searched for or found in this run. | [V012] State-funded share (EDEBO open data, 2023 intake): 1074 of 1736 full-time first-year bachelor entrants after complete secondary were on budget places (61.9%, derived); integrated first degree(s) 226 Фармація, промислова фармація: budget/contract 2/1; national 33.9% (state-owned institutions 36.2%). Replace 'Share of first-year bachelor places that were state-funded in 2023 not established (...)'."
UKR-LP,UKR,Ukraine,Lviv Polytechnic National University,951-1000,public,ownership,no,public,37500,0,37500,UAH,midpoint_of_range,25000,50000,187974.69,0.1995,moderate,moderate_or_high,moderate,high,yes,moderate,unknown,yes,unknown,unknown,,,,,46.8,2023/24,high,agree,agree,V012,23285,first_degree_headcount,2023/24,high,https://registry.edbo.gov.ua/api/opendata/university-educators?dt=01.10.2023&rg=0&qf=0&eb=0&id=0&sp=0&exp=json,"EDEBO snapshot as of 01.10.2023 (start of 2023/24). Derived: sum of all six study-form columns (Денна/Заочна/Вечірня × бюджет/контракт) over rows with 'Освітній ступінь'='Бакалавр' (all entry bases) = 23246 (main unit 22739; separate structural units/ВСП with 'Код головного закладу'=97: 507), plus 'Магістр' rows with 'Основа вступу'='Повна загальна середня освіта' (integrated long-cycle master entered from secondary school, e.g. medicine/pharmacy) = 39. Bachelor-only alternative = 23246. Includes full-time, extramural (заочна) and evening; state-funded and contract; excludes junior bachelor/fakhovyi molodshyi bakalavr, second-cycle master, PhD. Wartime conditions (displacement, remote study) may affect comparability.",10,"Control public: EDEBO register (Державна; MON); the 2023 fee table bears the university seal naming 'Міністерство освіти і науки України'; founder's authorised body signs the rector's contract (Law 1556-VII art.15). Headline: annual ('річна') contract price for full-time bachelor entrants of 2023 (rector-approved table): range 25,000 (most engineering, sciences, social work etc.) to 50,000 (Software engineering; CS/AI systems); midpoint 37,500; total = 4x annual. Pharmacy row 28,000/84,000 appears to be a shortened entry and is within range anyway. Master's columns excluded. No separate compulsory fee listed; compulsory_fees 0 not separately verified. Whether a mid-year indexation applied in 2023/24 not checked. Split subsidy track: headline is the contract (fee-paying, за кошти фізичних/юридичних осіб) price; students admitted to state-funded places (державне замовлення, allocated by NMT competitive score) pay no tuition (Law 1556-VII art.4). Share of first-year bachelor places that were state-funded in 2023 not established (EDEBO 2023 statistics give state-order placements but no contract denominator; vstup.osvita.ua blocked). State grants for contract students (державний грант) not applicable to 2023/24 per coordinator note (introduced later; not separately verified in this run). Govt targeted: social scholarship (соціальна стипендія) for students from families receiving state social assistance to low-income families (CMU Resolution 1045 of 28.12.2016, p.4(11), in force since 2017), a non-repayable government cash grant, but restricted to full-time students on state-funded places (державне замовлення) at state institutions, so a contract (headline) student is not eligible; share of recipients not found. National scheme cited by rule. Inst unknown: no institution-funded means-tested fee reduction or bursary searched for or found in this run. | [V012] State-funded share (EDEBO open data, 2023 intake): 2846 of 6090 full-time first-year bachelor entrants after complete secondary were on budget places (46.7%, derived); integrated first degree(s) 226 Фармація, промислова фармація: budget/contract 18/8; national 33.9% (state-owned institutions 36.2%). Replace 'Share of first-year bachelor places that were state-funded in 2023 not established (...)'."
UKR-SS,UKR,Ukraine,Sumy State University,951-1000,public,ownership,no,public,37425,0,37425,UAH,midpoint_of_range,19890,54960,187974.69,0.1991,moderate,moderate_or_high,moderate,high,yes,moderate,unknown,yes,unknown,unknown,,,,,65.6,2023/24,high,agree,agree,V012,5853,first_degree_headcount,2023/24,high,https://registry.edbo.gov.ua/api/opendata/university-educators?dt=01.10.2023&rg=0&qf=0&eb=0&id=0&sp=0&exp=json,"EDEBO snapshot as of 01.10.2023 (start of 2023/24). Derived: sum of all six study-form columns (Денна/Заочна/Вечірня × бюджет/контракт) over rows with 'Освітній ступінь'='Бакалавр' (all entry bases) = 4915 (main unit 4426; separate structural units/ВСП with 'Код головного закладу'=168: 489), plus 'Магістр' rows with 'Основа вступу'='Повна загальна середня освіта' (integrated long-cycle master entered from secondary school, e.g. medicine/pharmacy) = 938. Bachelor-only alternative = 4915. Includes full-time, extramural (заочна) and evening; state-funded and contract; excludes junior bachelor/fakhovyi molodshyi bakalavr, second-cycle master, PhD. Wartime conditions (displacement, remote study) may affect comparability.",11,"Control public: EDEBO register (Державна; MON); fee orders issued under the letterhead 'Міністерство освіти і науки України'; founder's authorised body signs the rector's contract (Law 1556-VII art.15). Headline: prices are per semester; 2023/24 first-year annual = autumn (order 0333-І) + spring semester after the 5.1% indexation of order 0025-І: min 9,700+10,190 = 19,890 (102 Chemistry); max 26,800+28,160 = 54,960 (221 Dentistry, integrated first degree 'Магістр медичного спрямування' entered after secondary school); Medicine 23,900+25,110 = 49,010; bachelor-only max 18,000+18,910 = 36,910 (035 Philology; bachelor-only midpoint 28,400). Midpoint incl. integrated medical degrees 37,425. Later years of study are priced higher. No separate compulsory fee listed; compulsory_fees 0 not separately verified. Sumy is near the front line; wartime disruption not assessed. Split subsidy track: headline is the contract (fee-paying, за кошти фізичних/юридичних осіб) price; students admitted to state-funded places (державне замовлення, allocated by NMT competitive score) pay no tuition (Law 1556-VII art.4). Share of first-year bachelor places that were state-funded in 2023 not established (EDEBO 2023 statistics give state-order placements but no contract denominator; vstup.osvita.ua blocked). State grants for contract students (державний грант) not applicable to 2023/24 per coordinator note (introduced later; not separately verified in this run). Govt targeted: social scholarship (соціальна стипендія) for students from families receiving state social assistance to low-income families (CMU Resolution 1045 of 28.12.2016, p.4(11), in force since 2017), a non-repayable government cash grant, but restricted to full-time students on state-funded places (державне замовлення) at state institutions, so a contract (headline) student is not eligible; share of recipients not found. National scheme cited by rule. Inst unknown: no institution-funded means-tested fee reduction or bursary searched for or found in this run. | [V012] State-funded share (EDEBO open data, 2023 intake): 554 of 883 full-time first-year bachelor entrants after complete secondary were on budget places (62.7%, derived); integrated first degree(s) 221 Стоматологія 4/19 and 222 Медицина 113/4: budget/contract 117/23; national 33.9% (state-owned institutions 36.2%). Replace 'Share of first-year bachelor places that were state-funded in 2023 not established (...)'."
HRV-Z,HRV,Croatia,University of Zagreb,751-760,public,ownership,no,public,0,51.10,51.10,EUR,midpoint_of_range,35.84,66.36,20516.18,0.0025,free,free,free,free,no,free,unknown,yes,unknown,yes,,,,,,2023/24,medium,agree,agree,V013,58778,total_headcount,2024/25,medium,https://podaci.dzs.hr/media/ahkgqzml/si-1743-studenti.pdf,"FALLBACK YEAR AND MEASURE. DZS's 2023/24 statistical report 'Studenti u ak. g. 2023./2024.' is not listed on podaci.dzs.hr (editions exist for 2022/23 and 2024/25), and the 2023/24 release OBR-2024-4-5 has national tables only. Value = all students enrolled (winter semester 2024/25) at the university's constituents on professional and university short-cycle, undergraduate (prijediplomski), graduate (diplomski) and integrated studies, all years, full- and part-time; EXCLUDES doctoral and university specialist postgraduate study (published separately) but INCLUDES graduate/master's-level (diplomski) students, so it overstates first-degree headcount. Includes professional (stručni) study at university constituents. The 2022/23 edition (SI 1726/2023, Table 2.1) gives 59939 for the same university. University totals are DZS's own grouping of constituents; no split by type of study per university is published in these tables. Row visually checked on rendered page image.",16,"Control public: founded by the Republic of Croatia (statute art. 5(6)); under ZVOZD NN 119/2022 art. 15 the founder appoints half of the university council (the senate the other half; chair elected by the members), so 'public' rests on state foundation/ownership, not a state-appointed majority. Tuition 0: full-time EU-citizen students at public HEIs have tuition fully subsidised by the state (art. 79; Uredba NN 78/2023 art. 5(3)) when enrolling in first year for the first time or with >=55 ECTS in the prior year; students below 55 ECTS pay pro-rata participation (FFZG max 955.60 EUR); foreign-language programmes and second same-level qualifications are not covered (outside the headline). Fees: each of the ~30 constituent faculties sets its own enrolment charge; only two 2023/24 schedules were opened: FFZG first-year undergraduate package 35.84 EUR and EFZG upisnina 66.36 EUR (bundles accident insurance, publishing, SmartX card, e-Indeks); headline = midpoint of this 2-faculty sample; the true range across faculties is not established. Govt aid: state SES scholarship (household income per member <=100% of the budget base; 12,000 awards capped nationally; >=200 EUR x 9 months) = targeted (national scheme cited by rule). Inst aid: University scholarship category D includes students from lower-SES families (46 D awards in 2023/24, 1,800 EUR each); the 2023/24 income criterion was not read in the call text (2025/26 call uses receipt of guaranteed minimum benefit), sources secondary. | [V013] Checker V013 found two more 2023/24 first-enrolment charges inside the range: FPZG 39.82 EUR, FOI 60.00 EUR (package incl. insurance); 4 of ~30 faculties observed; range and band unchanged."
HRV-JJSO,HRV,Croatia,The Josip Juraj Strossmayer University of Osijek,1201-1400,public,ownership,no,public,0,57,57,EUR,midpoint_of_range,47,67,20516.18,0.0028,free,free,free,free,no,free,unknown,yes,unknown,yes,,,,,,2023/24,high,agree,agree,V013,13657,total_headcount,2024/25,medium,https://podaci.dzs.hr/media/ahkgqzml/si-1743-studenti.pdf,"FALLBACK YEAR AND MEASURE. DZS's 2023/24 statistical report 'Studenti u ak. g. 2023./2024.' is not listed on podaci.dzs.hr (editions exist for 2022/23 and 2024/25), and the 2023/24 release OBR-2024-4-5 has national tables only. Value = all students enrolled (winter semester 2024/25) at the university's constituents on professional and university short-cycle, undergraduate (prijediplomski), graduate (diplomski) and integrated studies, all years, full- and part-time; EXCLUDES doctoral and university specialist postgraduate study (published separately) but INCLUDES graduate/master's-level (diplomski) students, so it overstates first-degree headcount. Includes professional (stručni) study at university constituents. The 2022/23 edition (SI 1726/2023, Table 2.1) gives 14604 for the same university. University totals are DZS's own grouping of constituents; no split by type of study per university is published in these tables. Row visually checked on rendered page image.",14,"Control public: Republic of Croatia is the founder (ZVOZD art. 7; statute quoted from the January 2023 DRAFT, adopted text not opened); the founder appoints half of the university council (art. 15), not a majority. Tuition 0: the 2023/24 admissions call states first-time first-year full-time EU students pay no participation (state budget), consistent with ZVOZD art. 79 and Uredba art. 5(3); transfers/second degrees pay full participation (960-1,330 EUR); part-time and non-EU students pay. Fees: enrolment costs 47 EUR (faculties using e-index: 40 + 7 student-union projects) or 67 EUR (paper index: 60 + 7) by faculty; midpoint 57. One faculty adds 3.98 EUR accident insurance (excluded as insurance). Govt aid: state SES scholarship, targeted (national scheme cited by rule). Inst aid: University scholarship category C1, 20 awards in 2023/24 for students with family income per member <=70% of the budget base = targeted. | [V013, supersedes an earlier statement in this note] adopted statute (Senate 28 Feb 2023) art. 3(1)-(2): public institution; founder the Republic of Croatia, founding rights exercised by the ministry"
HRV-R,HRV,Croatia,University of Rijeka,1201-1400,public,ownership,no,public,0,50.43,50.43,EUR,uniform,,,20516.18,0.0025,free,free,,,no,free,unknown,yes,unknown,yes,,,,,,2023/24,high,agree,agree,V013,13824,total_headcount,2024/25,medium,https://podaci.dzs.hr/media/ahkgqzml/si-1743-studenti.pdf,"FALLBACK YEAR AND MEASURE. DZS's 2023/24 statistical report 'Studenti u ak. g. 2023./2024.' is not listed on podaci.dzs.hr (editions exist for 2022/23 and 2024/25), and the 2023/24 release OBR-2024-4-5 has national tables only. Value = all students enrolled (winter semester 2024/25) at the university's constituents on professional and university short-cycle, undergraduate (prijediplomski), graduate (diplomski) and integrated studies, all years, full- and part-time; EXCLUDES doctoral and university specialist postgraduate study (published separately) but INCLUDES graduate/master's-level (diplomski) students, so it overstates first-degree headcount. Includes professional (stručni) study at university constituents. The 2022/23 edition (SI 1726/2023, Table 2.1) gives 14589 for the same university. University totals are DZS's own grouping of constituents; no split by type of study per university is published in these tables. Row visually checked on rendered page image.",13,"Control public: statute (21 Mar 2023) art. 2(4)-(5): public institution; founder and holder of founding rights is the Republic of Croatia; the founder appoints half of the university council (ZVOZD art. 15), not a majority. Tuition 0 by rule (ZVOZD art. 79, Uredba art. 5(3)); the 2023/24 call requires tuition receipts only from part-time, foreign, or students who already used state-funded full-time study; participation for others is 729.98/978.17/1,226.36 EUR by field. Fees: upisnina 50.43 EUR set by Senate decision of 21 Feb 2023 for all constituents; it excludes accident insurance, which some faculties add (e.g. Faculty of Maritime Studies 55.74 EUR incl. insurance); insurance excluded, so uniform. Govt aid: state SES scholarship, targeted (national scheme cited by rule). Inst aid: 'Solidarnost' programme of the Aleksandar Abramov Fund, run by the University (Senate award decision) for lower-SES students, 2023/24 round held = targeted under D036 (fund administered by the institution); its exact means test was not read. | [V013, supersedes an earlier statement in this note] means test read - Abramov fund rules (p.t. 2017) art. 8(2): household income per member below a census (HRK thresholds by household size); 2020 amendment not read"
HRV-S,HRV,Croatia,University of Split,1201-1400,public,ownership,no,public,0,53.09,53.09,EUR,uniform,,,20516.18,0.0026,free,free,,,no,free,unknown,yes,unknown,unknown,,,,,,2023/24,high,agree,agree,V013,17641,total_headcount,2024/25,medium,https://podaci.dzs.hr/media/ahkgqzml/si-1743-studenti.pdf,"FALLBACK YEAR AND MEASURE. DZS's 2023/24 statistical report 'Studenti u ak. g. 2023./2024.' is not listed on podaci.dzs.hr (editions exist for 2022/23 and 2024/25), and the 2023/24 release OBR-2024-4-5 has national tables only. Value = all students enrolled (winter semester 2024/25) at the university's constituents on professional and university short-cycle, undergraduate (prijediplomski), graduate (diplomski) and integrated studies, all years, full- and part-time; EXCLUDES doctoral and university specialist postgraduate study (published separately) but INCLUDES graduate/master's-level (diplomski) students, so it overstates first-degree headcount. Includes professional (stručni) study at university constituents. The 2022/23 edition (SI 1726/2023, Table 2.1) gives 17665 for the same university. University totals are DZS's own grouping of constituents; no split by type of study per university is published in these tables. Row visually checked on rendered page image.",14,"Control public: ZVOZD art. 7 (public universities are founded by the Republic of Croatia by law); MZOM describes Split as a public university with a programme agreement (2025 page); the Split statute (15 Mar 2023) was opened but its founder article was not located in the scanned text; the founder appoints half of the council (art. 15). Tuition 0 by rule (ZVOZD art. 79, Uredba art. 5(3)); the 2023/24 admissions call left participation to a later Senate decision, and the FFST 2023/24 enrolment page asks for tuition (929.06 EUR) only from students on a third first-year enrolment or with a prior same-level qualification. English-taught programmes charge separately (e.g. FFST Psychology 6,000 EUR/yr) and are not state-covered; excluded as in the POL precedent. Fees: 'administrativni troškovi' 53.09 EUR for all students (general part of the call). Govt aid: state SES scholarship, targeted (national scheme cited by rule). Inst aid: the University's own scholarship (up to 137 x 1,800 EUR in 2023/24) is awarded by first-year status or ECTS+GPA>=3.5; no means test found in the call; the governing Pravilnik was not read, so coded unknown. | [V013, supersedes an earlier statement in this note] Split statute (15 Mar 2023) art. 10(2) founding rights exercised by the Republic of Croatia; art. 10(4) legal person with the status of a public institution (scanned PDF, read visually)"
LTU-V,LTU,Lithuania,Vilnius University,=473,public,ownership,no,public,5932.5,0,5932.5,EUR,midpoint_of_range,2865,9000,25880.12,0.2292,moderate,moderate_or_high,moderate,high,yes,moderate,no,yes,unknown,yes,,,,,83.6,2023/24,medium,agree,agree,V013,17680,first_degree_headcount,2023/24,medium,https://data.gov.lt/media/filer_public/c6/34/c634ab70-3591-4831-acd3-749fa94afdd5/studentu_skaicius-313-lt-lt.csv,"'Pirmosios pakopos studijos' (first cycle, bachelor) = 14335 plus 'Vientisosios studijos' (integrated long-cycle) = 3345; bachelor-only alternative = 14335. Excludes second/third cycle and professional pedagogy/residency studies. Reference date within the academic year is not stated in the dataset metadata (period covered 2012-09-01 to 2026-08-31). Includes all funding types (state-funded and fee-paying; cross-checked against dataset 1381 programme-level file, which sums to near-identical values) and presumably foreign degree students. Lithuanian Official Statistics Portal tables have no institution breakdown (S3R529_M3110707 discontinued 2018/19).",11,"Control public: state HEI, legal form viesoji istaiga, owner the Lithuanian state (statute approved by Seimas law, art. 2); the law says the state owns every state university and bars private or public co-owners (art. 34(2)). The council (taryba) is not state-appointed: 5 members elected by academics, 4 external members elected under Senate rules, 2 chosen by students. Public on ownership. Headline: VU 2023-2024 fee schedule (Senate decision SPN-10, 21 Feb 2023), column 'VU metine', full-time (NL) first-cycle and integrated programmes: min 2865 (e.g. Filosofija, Istorija, Kriminologija, Sociologija, Anglų ir kita užsienio (ispanų) kalba (business programmes are 3060 in the VU column)) to max 9000 (Odontology, integrated, normative 8244); midpoint 5932.5. Without Odontology the max would be 6600 (Medicine). Maximum read visually from the rendered page, minimum machine-extracted from the price column. Law rows for applicants who already hold a degree are excluded (second degree). No recurring compulsory fee found (not separately verified). Confidence medium only because of the institutional-aid evidence; the charge evidence is official and for 2023-24. Split subsidy track (D038): admission to state-funded places (valstybes finansuojamos vietos, VF) is by competitive admission score and VF students pay no study-related charges to a state HEI (Law on Higher Education and Research art. 83(5)); VF funding is kept only while the student meets the good-performance criteria, and a lost VF place passes to the best VNF student (art. 78(5)). The headline is the price actually paid on non-state-funded (VNF) places. Share of first-year students on VF places not established (not required by D038). Govt targeted: state social scholarship (socialine stipendija, 6.5 BSI = 318.50 EUR/month in 2023, paid by Valstybinis studiju fondas) for students on VF or VNF places whose household is entitled to the means-tested social assistance benefit (socialine pasalpa); the other two eligibility routes (disability, orphanhood) are not means-tested. Eligibility is tied to the social-assistance threshold, so coverage is narrow; recipient share not found. National scheme cited by rule. Inst targeted, NEAREST-YEAR: VU's own 450-mecio stipendija for first-year students, family income at most 350 EUR/person/month, 100 recipients, 200 EUR/month (2021 announcement); the application pages were captured in Feb and Sep 2023 but Wayback holds only an anti-bot page, so 2023 terms were not read; a VU-funded social scholarship (family income under 500 EUR/person) is documented for 2025/26. Not counted: merit-based VNF tuition reductions and compensations, loans (state and state-supported loans administered by VSF), disability grants (tikslines ismokos).  | [V013] Inst targeted, NEAREST-YEAR bracketing 2023/24: 450-mečio stipendija 2022/23 call (per-person family income <= 450 EUR, 130 awards) and 2024/25 call (<= 500 EUR, 100 x 3000 EUR); 2023/24 call not read"
LTU-KT,LTU,Lithuania,Kaunas University of Technology,801-850,public,ownership,no,public,5554.5,0,5554.5,EUR,midpoint_of_range,2865,8244,25880.12,0.2146,moderate,moderate_or_high,moderate,high,yes,moderate,no,yes,yes,unknown,,,,,91.9,2023/24,high,agree,agree,V013,4996,first_degree_headcount,2023/24,medium,https://data.gov.lt/media/filer_public/c6/34/c634ab70-3591-4831-acd3-749fa94afdd5/studentu_skaicius-313-lt-lt.csv,"'Pirmosios pakopos studijos' (first cycle, bachelor) = 4903 plus 'Vientisosios studijos' (integrated long-cycle) = 93; bachelor-only alternative = 4903. Excludes second/third cycle and professional pedagogy/residency studies. Reference date within the academic year is not stated in the dataset metadata (period covered 2012-09-01 to 2026-08-31). Includes all funding types (state-funded and fee-paying; cross-checked against dataset 1381 programme-level file, which sums to near-identical values) and presumably foreign degree students. Lithuanian Official Statistics Portal tables have no institution breakdown (S3R529_M3110707 discontinued 2018/19).",7,"Control public: statute (Seimas resolution XI-1194, consolidated text with the 2012 amendments) says KTU is a valstybine aukstoji mokykla founded by the Seimas and a viesoji istaiga; the state owns every state university (Law on Higher Education and Research art. 34(2)). Council of 11 members: 1 appointed by students, 5 elected by academic staff, 5 external members chosen under Senate rules. None is appointed by the state. Whether a later statute version replaced this text was not checked; the status is not affected. Headline: KTU 2023-2024 annual VNF prices (Wayback capture 2023-03-28 of the official admissions page), full-time: 2865 (business, economics, social sciences) to 8244 (Music); architecture (integrated, first 240 credits) 5065; midpoint 5554.5. Compulsory fees 0: the one-off 'Registracijos studijoms imoka' of 50 EUR, paid when the study contract is signed, is excluded as a one-off enrolment charge, as in earlier cases. The 25 EUR application fee is also excluded. No recurring compulsory fee is listed. Split subsidy track (D038): admission to state-funded places (valstybes finansuojamos vietos, VF) is by competitive admission score and VF students pay no study-related charges to a state HEI (Law on Higher Education and Research art. 83(5)); VF funding is kept only while the student meets the good-performance criteria, and a lost VF place passes to the best VNF student (art. 78(5)). The headline is the price actually paid on non-state-funded (VNF) places. Share of first-year students on VF places not established (not required by D038). Govt targeted: state social scholarship (socialine stipendija, 6.5 BSI = 318.50 EUR/month in 2023, paid by Valstybinis studiju fondas) for students on VF or VNF places whose household is entitled to the means-tested social assistance benefit (socialine pasalpa); the other two eligibility routes (disability, orphanhood) are not means-tested. Eligibility is tied to the social-assistance threshold, so coverage is narrow; recipient share not found. National scheme cited by rule. Inst targeted: KTU may reduce the study price for students in a difficult economic (social) situation. It also pays one-off social scholarships of up to 840 EUR in 2023 to students whose material situation is hard because of illness, a death in the family, a disaster and similar events. Not counted: merit-based VNF tuition reductions and compensations, loans (state and state-supported loans administered by VSF), disability grants (tikslines ismokos). "
LTU-VGT,LTU,Lithuania,Vilnius Gediminas Technical University (VILNIUS TECH),801-850,public,ownership,no,public,10413.5,0,10413.5,EUR,midpoint_of_range,2865,17962,25880.12,0.4024,high,moderate_or_high,moderate,high,yes,high,no,yes,yes,unknown,,,,,88.1,2023/24,high,agree,agree,V013,5997,first_degree_headcount,2023/24,medium,https://data.gov.lt/media/filer_public/c6/34/c634ab70-3591-4831-acd3-749fa94afdd5/studentu_skaicius-313-lt-lt.csv,"'Pirmosios pakopos studijos' (first cycle, bachelor) = 5441 plus 'Vientisosios studijos' (integrated long-cycle) = 556; bachelor-only alternative = 5441. Excludes second/third cycle and professional pedagogy/residency studies. Reference date within the academic year is not stated in the dataset metadata (period covered 2012-09-01 to 2026-08-31). Includes all funding types (state-funded and fee-paying; cross-checked against dataset 1381 programme-level file, which sums to near-identical values) and presumably foreign degree students. Lithuanian Official Statistics Portal tables have no institution breakdown (S3R529_M3110707 discontinued 2018/19).",8,"Control public: Seimas-approved statute (2000 text, e-seimas) says the founder is the Seimas and VGTU is a valstybine aukstoji mokykla; the state owns every state university (law art. 34(2)). The current statute text was not opened (2012 version reportedly approved by the Seimas, not verified), so the council composition was not read. Headline: VILNIUS TECH Senate decision 10.141-24 of 27 Apr 2023, fees applying from 2023-2024, full-time first-year prices for LT/EU citizens: 2865 (social sciences, business) and 3727 (engineering, technology, IT, mathematics); arts and architecture 5065; Flight control year 1: 3727. Maximum: Aircraft piloting (Orlaiviu pilotavimo studiju programa, years I-IV) 17962. Midpoint 10413.5. BAND-UNSTABLE: the piloting programme alone sets the max. The next-highest first-year price is 5065, which would give a midpoint of 3965; the outlier stays in the range by protocol. Table read visually. Compulsory fees 0: the 50 EUR registration fee (registracijos imoka, paid on entry) is one-off and excluded; no recurring compulsory fee is listed. Split subsidy track (D038): admission to state-funded places (valstybes finansuojamos vietos, VF) is by competitive admission score and VF students pay no study-related charges to a state HEI (Law on Higher Education and Research art. 83(5)); VF funding is kept only while the student meets the good-performance criteria, and a lost VF place passes to the best VNF student (art. 78(5)). The headline is the price actually paid on non-state-funded (VNF) places. Share of first-year students on VF places not established (not required by D038). Govt targeted: state social scholarship (socialine stipendija, 6.5 BSI = 318.50 EUR/month in 2023, paid by Valstybinis studiju fondas) for students on VF or VNF places whose household is entitled to the means-tested social assistance benefit (socialine pasalpa); the other two eligibility routes (disability, orphanhood) are not means-tested. Eligibility is tied to the social-assistance threshold, so coverage is narrow; recipient share not found. National scheme cited by rule. Inst targeted: under rules set by the rector, socially supported (socialiai remtiniems) VNF students may get study-price discounts. Discounts are capped per faculty, with the total limited to 2% of planned fee income (Senate decision 10.141-24, paras 39-40). Not counted: merit-based VNF tuition reductions and compensations, loans (state and state-supported loans administered by VSF), disability grants (tikslines ismokos).  | [V013] piloting is an integrated (vientisosios) 5-year full-time programme in Lithuanian and English with entrance tests, awarding Inžinerijos mokslų magistras; only route to the field, not a D039 parallel track; year V 19,392. Without it, midpoint 3,965 (15.3%, moderate) - report as sensitivity."
LTU-VM,LTU,Lithuania,Vytautas Magnus University,801-850,public,ownership,no,public,5554.5,0,5554.5,EUR,midpoint_of_range,2865,8244,25880.12,0.2146,moderate,moderate_or_high,moderate,high,yes,moderate,no,yes,yes,unknown,,,,,65.7,2023/24,high,agree,agree,V013,5464,first_degree_headcount,2023/24,medium,https://data.gov.lt/media/filer_public/c6/34/c634ab70-3591-4831-acd3-749fa94afdd5/studentu_skaicius-313-lt-lt.csv,"'Pirmosios pakopos studijos' (first cycle, bachelor) = 5219 plus 'Vientisosios studijos' (integrated long-cycle) = 245; bachelor-only alternative = 5219. Excludes second/third cycle and professional pedagogy/residency studies. Reference date within the academic year is not stated in the dataset metadata (period covered 2012-09-01 to 2026-08-31). Includes all funding types (state-funded and fee-paying; cross-checked against dataset 1381 programme-level file, which sums to near-identical values) and presumably foreign degree students. Lithuanian Official Statistics Portal tables have no institution breakdown (S3R529_M3110707 discontinued 2018/19).",7,"Control public: the Seimas approved the merger of LEU and ASU into VDU and the joint VDU statute, in force 1 Jan 2019 (LRT report, read via WebFetch). The state owns every state university (law art. 34(2)). The statute itself was not opened, so the council composition was not read. Headline: official VDU 2023/2024 annual first-cycle and integrated prices (PDF), full-time (NL): 2865 (e.g. law, business, history) to 8244 (Performing arts; Music production); 5065 for New media art and Sport; midpoint 5554.5. Page 2 read visually. No recurring compulsory fee found (not separately verified). Split subsidy track (D038): admission to state-funded places (valstybes finansuojamos vietos, VF) is by competitive admission score and VF students pay no study-related charges to a state HEI (Law on Higher Education and Research art. 83(5)); VF funding is kept only while the student meets the good-performance criteria, and a lost VF place passes to the best VNF student (art. 78(5)). The headline is the price actually paid on non-state-funded (VNF) places. Share of first-year students on VF places not established (not required by D038). Govt targeted: state social scholarship (socialine stipendija, 6.5 BSI = 318.50 EUR/month in 2023, paid by Valstybinis studiju fondas) for students on VF or VNF places whose household is entitled to the means-tested social assistance benefit (socialine pasalpa); the other two eligibility routes (disability, orphanhood) are not means-tested. Eligibility is tied to the social-assistance threshold, so coverage is narrow; recipient share not found. National scheme cited by rule. Inst targeted, NEAREST-YEAR (2021 calls): VDU runs a competition for study-fee reductions (25-100% per semester) for full-time students in a difficult social (material) situation with an average grade of at least 8. Priority goes to orphans, disabled students and large families, and applicants must document the family's material situation. No 2023 call was opened. Not counted: merit-based VNF tuition reductions and compensations, loans (state and state-supported loans administered by VSF), disability grants (tikslines ismokos).  | [V013] Inst targeted: VDU fee-reduction competition documented for 2023 (Wayback 2023-09-29): full-time students in difficult social (material) situation, average >= 8, ranking by family income per person; NEAREST-YEAR flag removed"
LTU-MR,LTU,Lithuania,Mykolas Romeris University,1001-1200,public,ownership,no,public,3215,0,3215,EUR,midpoint_of_range,2704,3726,25880.12,0.1242,moderate,moderate_or_high,moderate,moderate,no,low_moderate,no,yes,unknown,yes,,,,,50.8,2023/24,high,agree,agree,V013,3003,first_degree_headcount,2023/24,medium,https://data.gov.lt/media/filer_public/c6/34/c634ab70-3591-4831-acd3-749fa94afdd5/studentu_skaicius-313-lt-lt.csv,"'Pirmosios pakopos studijos' (first cycle, bachelor) = 3003 (no 'Vientisosios studijos' row for this institution in 2023-2024); bachelor-only alternative = 3003. Excludes second/third cycle and professional pedagogy/residency studies. Reference date within the academic year is not stated in the dataset metadata (period covered 2012-09-01 to 2026-08-31). Includes all funding types (state-funded and fee-paying; cross-checked against dataset 1381 programme-level file, which sums to near-identical values) and presumably foreign degree students. Lithuanian Official Statistics Portal tables have no institution breakdown (S3R529_M3110707 discontinued 2018/19).",6,"Control public: Seimas-approved statute (as amended by resolution XI-2233, 2012) says MRU is a valstybine aukstoji mokykla and a viesoji istaiga founded by the Seimas; the state owns every state university (law art. 34(2)). Council composition not read. Headline: MRU page 'Bakalauro studiju kainos istojusiems i valstybes nefinansuojamas vietas 2023 m.' (Wayback 2023-12-09) gives prices per semester. Full-time: 1352 (Public administration and leadership) to 1863 (languages, psychology, game development in Lithuania), most programmes 1432. Annualised x2: 2704 to 3726, midpoint 3215. The joint Game development / Digital media programme's semesters in South Korea are billed separately in USD (2800); that part is excluded as separately priced study abroad. No recurring compulsory fee found (not separately verified). Split subsidy track (D038): admission to state-funded places (valstybes finansuojamos vietos, VF) is by competitive admission score and VF students pay no study-related charges to a state HEI (Law on Higher Education and Research art. 83(5)); VF funding is kept only while the student meets the good-performance criteria, and a lost VF place passes to the best VNF student (art. 78(5)). The headline is the price actually paid on non-state-funded (VNF) places. Share of first-year students on VF places not established (not required by D038). Govt targeted: state social scholarship (socialine stipendija, 6.5 BSI = 318.50 EUR/month in 2023, paid by Valstybinis studiju fondas) for students on VF or VNF places whose household is entitled to the means-tested social assistance benefit (socialine pasalpa); the other two eligibility routes (disability, orphanhood) are not means-tested. Eligibility is tied to the social-assistance threshold, so coverage is narrow; recipient share not found. National scheme cited by rule. Inst targeted: MRU pays one-off social scholarships from its own budget (2 to 30 BSI) for a difficult material situation and similar events, assessed on family insured income, academic progress and available funds (2023-06 capture). Not counted: merit-based VNF tuition reductions and compensations, loans (state and state-supported loans administered by VSF), disability grants (tikslines ismokos). "
SWE-KRT,SWE,Sweden,KTH Royal Institute of Technology,=73,public,ownership_and_appointment,no,public,0,0,0,SEK,uniform,,,583031.37,0.0000,free,free,,,no,free,not_applicable,no,not_applicable,unknown,,,,,,2023/24,high,agree,agree,V013,11067,first_degree_headcount,"autumn semester 2023 (HT2023, i.e. 2023/24)",medium,https://statistik-api.uka.se/api/totals/25?university=30&year=HT2023,"Students registered on any course at first-cycle level (grundnivå) at Kungl. Tekniska högskolan in HT2023. Sweden classifies by course level, not by degree programme: includes students on freestanding courses, distance and part-time students, and students in the first-cycle phase of integrated 5-year professional programmes (e.g. civilingenjör); a student with courses at several levels is counted at each level (levels sum to 19649 vs 16977 unique students by sex). Other levels HT2023: avancerad nivå 8226, ej klassad nivå 356. Excludes doctoral students and contract education.",10,"Control public: state university - listed in Högskoleförordningen Bilaga 1 among universities 'som staten är huvudman för' (current consolidated text; listing long-standing); Högskolelagen 1 kap. 1 § covers universities under state principalship and 2 kap. 4 § (Lag 2016:744, in force 2023/24) has the Government appoint the board chair and all members other than the rector and the teacher/student members. Tuition 0: Högskolelagen 4 kap. 4 § (Lag 2014:1579, in force 2023/24) makes education free for EEA/Swiss citizens; fees only for other nationals. Compulsory fees 0 is an application of documented rules: compulsory student-union and nation membership at state HEIs was abolished from 1 July 2010 (prop. 2008/09:154; HL 4 kap. 8-15 §§ now only grant studentkår/nation status), and no other compulsory charge provision was found; union/nation membership terms were not checked at institution level (pages found were JS-rendered or silent). govt_need_aid none: the only government student grant for the baseline student is the CSN studiebidrag (grant part of studiemedel), whose only income test is on the student's own income (Studiestödslag 3 kap. 16-19 §§: fribelopp per calendar half-year, grant and loan cut by 61% of income above it; fribelopp in force in 2023 and raised for 2024 per CSN) - no parental/household test, so excluded under D037(2) (own-income-tested grant, recorded here as required); tilläggsbidrag (3 kap. 13 a §) is for students with custody of children, outside the baseline profile; tilläggslån/merkostnadslån are loans. No household-means-tested government grant or fee waiver found. inst_need_aid unknown: whether the university runs household-means-tested scholarships for domestic students (D036) was not established; a third-party summary of Swedish university scholarship databases says some scholarships consider financial situation, not verified."
SWE-L,SWE,Sweden,Lund University,=85,public,ownership_and_appointment,no,public,0,0,0,SEK,uniform,,,583031.37,0.0000,free,free,,,no,free,not_applicable,no,not_applicable,unknown,,,,,,2023/24,high,agree,agree,V013,24915,first_degree_headcount,"autumn semester 2023 (HT2023, i.e. 2023/24)",medium,https://statistik-api.uka.se/api/totals/25?university=33&year=HT2023,"Students registered on any course at first-cycle level (grundnivå) at Lunds universitet in HT2023. Sweden classifies by course level, not by degree programme: includes students on freestanding courses, distance and part-time students, and students in the first-cycle phase of integrated 5-year professional programmes (e.g. civilingenjör); a student with courses at several levels is counted at each level (levels sum to 35920 vs 33038 unique students by sex). Other levels HT2023: avancerad nivå 10107, ej klassad nivå 898. Excludes doctoral students and contract education.",9,"Control public: state university - listed in Högskoleförordningen Bilaga 1 among universities 'som staten är huvudman för' (current consolidated text; listing long-standing); Högskolelagen 1 kap. 1 § covers universities under state principalship and 2 kap. 4 § (Lag 2016:744, in force 2023/24) has the Government appoint the board chair and all members other than the rector and the teacher/student members. Tuition 0: Högskolelagen 4 kap. 4 § (Lag 2014:1579, in force 2023/24) makes education free for EEA/Swiss citizens; fees only for other nationals. Compulsory fees 0 is an application of documented rules: compulsory student-union and nation membership at state HEIs was abolished from 1 July 2010 (prop. 2008/09:154; HL 4 kap. 8-15 §§ now only grant studentkår/nation status), and no other compulsory charge provision was found; union/nation membership terms were not checked at institution level (pages found were JS-rendered or silent). govt_need_aid none: the only government student grant for the baseline student is the CSN studiebidrag (grant part of studiemedel), whose only income test is on the student's own income (Studiestödslag 3 kap. 16-19 §§: fribelopp per calendar half-year, grant and loan cut by 61% of income above it; fribelopp in force in 2023 and raised for 2024 per CSN) - no parental/household test, so excluded under D037(2) (own-income-tested grant, recorded here as required); tilläggsbidrag (3 kap. 13 a §) is for students with custody of children, outside the baseline profile; tilläggslån/merkostnadslån are loans. No household-means-tested government grant or fee waiver found. inst_need_aid unknown: whether the university runs household-means-tested scholarships for domestic students (D036) was not established; a third-party summary of Swedish university scholarship databases says some scholarships consider financial situation, not verified."
SWE-U,SWE,Sweden,Uppsala University,105,public,ownership_and_appointment,no,public,0,0,0,SEK,uniform,,,583031.37,0.0000,free,free,,,no,free,not_applicable,no,not_applicable,unknown,,,,,,2023/24,high,agree,agree,V013,26848,first_degree_headcount,"autumn semester 2023 (HT2023, i.e. 2023/24)",medium,https://statistik-api.uka.se/api/totals/25?university=47&year=HT2023,"Students registered on any course at first-cycle level (grundnivå) at Uppsala universitet in HT2023. Sweden classifies by course level, not by degree programme: includes students on freestanding courses, distance and part-time students, and students in the first-cycle phase of integrated 5-year professional programmes (e.g. civilingenjör); a student with courses at several levels is counted at each level (levels sum to 37234 vs 34710 unique students by sex). Other levels HT2023: avancerad nivå 9822, ej klassad nivå 564. Excludes doctoral students and contract education.",10,"Control public: state university - listed in Högskoleförordningen Bilaga 1 among universities 'som staten är huvudman för' (current consolidated text; listing long-standing); Högskolelagen 1 kap. 1 § covers universities under state principalship and 2 kap. 4 § (Lag 2016:744, in force 2023/24) has the Government appoint the board chair and all members other than the rector and the teacher/student members. Tuition 0: Högskolelagen 4 kap. 4 § (Lag 2014:1579, in force 2023/24) makes education free for EEA/Swiss citizens; fees only for other nationals. Compulsory fees 0 is an application of documented rules: compulsory student-union and nation membership at state HEIs was abolished from 1 July 2010 (prop. 2008/09:154; HL 4 kap. 8-15 §§ now only grant studentkår/nation status), and no other compulsory charge provision was found; union/nation membership terms were not checked at institution level (pages found were JS-rendered or silent). govt_need_aid none: the only government student grant for the baseline student is the CSN studiebidrag (grant part of studiemedel), whose only income test is on the student's own income (Studiestödslag 3 kap. 16-19 §§: fribelopp per calendar half-year, grant and loan cut by 61% of income above it; fribelopp in force in 2023 and raised for 2024 per CSN) - no parental/household test, so excluded under D037(2) (own-income-tested grant, recorded here as required); tilläggsbidrag (3 kap. 13 a §) is for students with custody of children, outside the baseline profile; tilläggslån/merkostnadslån are loans. No household-means-tested government grant or fee waiver found. inst_need_aid unknown: whether the university runs household-means-tested scholarships for domestic students (D036) was not established; a third-party summary of Swedish university scholarship databases says some scholarships consider financial situation, not verified."
SWE-S,SWE,Sweden,Stockholm University,118,public,ownership_and_appointment,no,public,0,0,0,SEK,uniform,,,583031.37,0.0000,free,free,,,no,free,not_applicable,no,not_applicable,unknown,,,,,,2023/24,high,agree,agree,V013,30662,first_degree_headcount,"autumn semester 2023 (HT2023, i.e. 2023/24)",medium,https://statistik-api.uka.se/api/totals/25?university=41&year=HT2023,"Students registered on any course at first-cycle level (grundnivå) at Stockholms universitet in HT2023. Sweden classifies by course level, not by degree programme: includes students on freestanding courses, distance and part-time students, and students in the first-cycle phase of integrated 5-year professional programmes (e.g. civilingenjör); a student with courses at several levels is counted at each level (levels sum to 38933 vs 37389 unique students by sex). Other levels HT2023: avancerad nivå 7855, ej klassad nivå 416. Excludes doctoral students and contract education.",9,"Control public: state university - listed in Högskoleförordningen Bilaga 1 among universities 'som staten är huvudman för' (current consolidated text; listing long-standing); Högskolelagen 1 kap. 1 § covers universities under state principalship and 2 kap. 4 § (Lag 2016:744, in force 2023/24) has the Government appoint the board chair and all members other than the rector and the teacher/student members. Tuition 0: Högskolelagen 4 kap. 4 § (Lag 2014:1579, in force 2023/24) makes education free for EEA/Swiss citizens; fees only for other nationals. Compulsory fees 0 is an application of documented rules: compulsory student-union and nation membership at state HEIs was abolished from 1 July 2010 (prop. 2008/09:154; HL 4 kap. 8-15 §§ now only grant studentkår/nation status), and no other compulsory charge provision was found; union/nation membership terms were not checked at institution level (pages found were JS-rendered or silent). govt_need_aid none: the only government student grant for the baseline student is the CSN studiebidrag (grant part of studiemedel), whose only income test is on the student's own income (Studiestödslag 3 kap. 16-19 §§: fribelopp per calendar half-year, grant and loan cut by 61% of income above it; fribelopp in force in 2023 and raised for 2024 per CSN) - no parental/household test, so excluded under D037(2) (own-income-tested grant, recorded here as required); tilläggsbidrag (3 kap. 13 a §) is for students with custody of children, outside the baseline profile; tilläggslån/merkostnadslån are loans. No household-means-tested government grant or fee waiver found. inst_need_aid unknown: whether the university runs household-means-tested scholarships for domestic students (D036) was not established; a third-party summary of Swedish university scholarship databases says some scholarships consider financial situation, not verified."
SWE-CT,SWE,Sweden,Chalmers University of Technology,129,public,appointment,no,public,0,480,480,SEK,uniform,,,583031.37,0.0008,free,free,,,no,free,no,no,unknown,unknown,,,,,,2023/24,medium,agree,agree,V013,7604,first_degree_headcount,"autumn semester 2023 (HT2023, i.e. 2023/24)",medium,https://statistik-api.uka.se/api/totals/25?university=4&year=HT2023,"Students registered on any course at first-cycle level (grundnivå) at Chalmers tekniska högskola in HT2023. Sweden classifies by course level, not by degree programme: includes students on freestanding courses, distance and part-time students, and students in the first-cycle phase of integrated 5-year professional programmes (e.g. civilingenjör); a student with courses at several levels is counted at each level (levels sum to 12600 vs 11468 unique students by sex). Other levels HT2023: avancerad nivå 4699, ej klassad nivå 297. Excludes doctoral students and contract education.",12,"Control public under the strict test (classification-critical; contested): Chalmers tekniska högskola AB is wholly owned by Stiftelsen Chalmers tekniska högskola (foundation formed 1994 when the Government transferred the then-state Chalmers to foundation form), which is the group's highest decision-making body and appoints the AB board; in 2023 seven of the foundation's ten board members, including the chair, were appointed by the Government (Chalmers annual report 2023, p. 75) - a state-appointed majority of the controlling body. Legally Chalmers is an 'enskild utbildningsanordnare' (regeringen.se) and calls itself a private university since 1994; the alternative coding is private_nonprofit with govt_dependent_flag yes (education funded under a long-term agreement with the state; state-financed share 87% of first/second-cycle education revenue in 2023, varying with full-time-equivalent students and performance) - suggested as a sensitivity. Tuition 0: Chalmers states higher education is free for EU/EEA/Swiss citizens (capture 2023-09-28); Högskolelagen 4 kap. 4 § binds only state HEIs. Compulsory fees = Chalmers Studentkår membership fee 240 SEK/term x 2 terms = 480: membership is compulsory at Chalmers (the foundation university kept the union obligation in 2010; required for exams and the degree); 240 SEK stated in a Nov 2023 capture (HT2023) and 240 kr/term for undergraduates in a May 2024 capture (VT2024); prop. 2008/09:154 confirms the obligation at Chalmers was the institution's own decision. govt_need_aid none: the only government student grant for the baseline student is the CSN studiebidrag (grant part of studiemedel), whose only income test is on the student's own income (Studiestödslag 3 kap. 16-19 §§: fribelopp per calendar half-year, grant and loan cut by 61% of income above it; fribelopp in force in 2023 and raised for 2024 per CSN) - no parental/household test, so excluded under D037(2) (own-income-tested grant, recorded here as required); tilläggsbidrag (3 kap. 13 a §) is for students with custody of children, outside the baseline profile; tilläggslån/merkostnadslån are loans. No household-means-tested government grant or fee waiver (including of the union fee) found. inst_need_aid unknown: Chalmers-administered scholarships in the 2023 annual report concern fee-paying (non-EU) students; means-tested support for domestic students not established."
TWN-NTU,TWN,Taiwan,National Taiwan University (NTU),69,public,ownership,no,public,41880,23710,65590,TWD,midpoint_of_range,51260,79920,1010938.95,0.0649,low_moderate,low_to_low_moderate,low_moderate,low_moderate,no,low_moderate,yes,unknown,unknown,yes,,,,,,2023/24,high,agree,agree,V014,17323,first_degree_headcount,112學年度 (academic year 2023/24),high,https://stats.moe.gov.tw/files/detail/112/112_student.csv,"Bachelor-level students (等級別 B 學士), day programmes (日間), all years incl. extended-study students (延修生), 國立臺灣大學, AY112 (2023/24). Other rows for the institution (excluded): D 日/D 博士=3654; D 日/M 碩士=11328; N 職/M 碩士=1577. Whether international degree students are included is not stated in the file (not verified). No evening/continuing (進修) bachelor row exists for this institution in the file.",11,"Control public: national university (國立大學). University Act (大學法, as amended 2019-12-11, in force 2023/24) art. 4: national universities are established, changed or closed by the Ministry of Education; art. 9: the president is chosen by a search committee (2/5 school representatives, 2/5 alumni/public figures nominated by the school, the rest appointed by the MOE) and appointed (聘任) by the MOE; art. 14: staff are appointed under civil-service law. The internal governing body (校務會議) is not state-appointed, so the classification rests on state establishment/ownership, not on a state-appointed board majority. Charge: NTU 112 schedule gives per-semester tuition + miscellaneous fee (學費+雜費) for domestic bachelor's students by college, from 25,230 (Liberal Arts/Social Sciences/Law: 17,850+7,380) to 39,560 (Medicine, MD programme: 24,030+15,530); annualised x2 (schedule is per semester) = 50,460-79,120, plus the computer and network fee (電腦及網路通訊使用費) NT$400 for non-resident students (NT$600 for dorm residents), which is on the tuition bill and must be paid before registration (NTU payment guide) - included as compulsory, assumed per semester (+800/yr; sensitivity without it: 50,460-79,120, midpoint 64,790). Headline = midpoint 65,590; tuition_std = sum of the endpoint programmes' semester tuition (17,850+24,030), fees = remainder (misc 7,380+15,530 = 22,910, + 800). Excluded: student group insurance (代收學生團體保險費), first-year health check (900, first-year only), optional student-union fee (explicitly voluntary), dorm fees, language-lab fee (elective), extended-study credit fees; the reduced misc fee for internship years applies only to final years. govt_need_aid targeted (national schemes, cited by rule): MOE 大專校院弱勢學生助學計畫 grant (text as amended 2022-10, in force for 112-1: household income <= NT$700,000, interest <= NT$20,000, real estate <= NT$6.5m; public-institution grant NT$5,000-16,500 a year in 5 tiers, stated as paid by 'government and school'; the current MOE page describes a later bachelor's regime of NT$15,000/20,000 for household income <= NT$900,000, reported by a third-party university page to start in 112-2 - not verified from an MOE text) and the statutory fee waiver for 低收入戶 (100%) and 中低收入戶 (60%) students; recipient shares at this institution not documented, so not coded broad. The plan's 生活助學金 (monthly living grant; service-learning may be required if >= NT$6,000/month) is run by universities under the MOE plan. Student loans (就學貸款) excluded. inst_need_aid targeted: NTU Hope Grant (希望助學金, run by the Student Affairs Office; NT$80,000/yr if household income <= NT$800,000 and not on the MOE waiver; NT$40,000-50,000 for low/mid-low-income-certified students) and Hope Scholarship (希望獎學金, NT$60,000-100,000/yr for low/mid-low-income students, merit condition from year 2); funding source (university budget vs donors) not established - counts under D036 either way. | [V014, supersedes an earlier statement in this note] computer and network fee NT$400 per semester for non-resident students (NT$600 residents), charged at registration each semester to all students under NTU's 電腦及網路通訊使用費收費辦法 (art. 1, 3); included (+800/yr). charge_min 51,260 depends on it (50,460 without, below the 5% cut-off 50,547)."
TWN-YMCT,TWN,Taiwan,National Yang Ming Chiao Tung University,217,public,ownership,no,public,40820,22330,63150,TWD,midpoint_of_range,49540,76760,1010938.95,0.0625,low_moderate,low_to_low_moderate,low,low_moderate,yes,low_moderate,yes,unknown,yes,unknown,,,,,,2023/24,medium,agree,agree,V014,8612,first_degree_headcount,112學年度 (academic year 2023/24),high,https://stats.moe.gov.tw/files/detail/112/112_student.csv,"Bachelor-level students (等級別 B 學士), day programmes (日間), all years incl. extended-study students (延修生), 國立陽明交通大學, AY112 (2023/24). Other rows for the institution (excluded): D 日/D 博士=2604; D 日/M 碩士=8275; N 職/M 碩士=1937. Whether international degree students are included is not stated in the file (not verified). No evening/continuing (進修) bachelor row exists for this institution in the file.",9,"Control public: national university (國立大學). University Act (大學法, as amended 2019-12-11, in force 2023/24) art. 4: national universities are established, changed or closed by the Ministry of Education; art. 9: the president is chosen by a search committee (2/5 school representatives, 2/5 alumni/public figures nominated by the school, the rest appointed by the MOE) and appointed (聘任) by the MOE; art. 14: staff are appointed under civil-service law. The internal governing body (校務會議) is not state-appointed, so the classification rests on state establishment/ownership, not on a state-appointed board majority. (NYCU was formed in 2021 by merging two national universities.) Charge: NYCU 112 schedule (read from a Wayback capture; the live file now 404s), per-semester tuition + miscellaneous fee for domestic bachelor's students by college, from 24,770 (Humanities/Hakka/Bachelor programmes: 17,510+7,260) to 38,380 (Medicine: 23,310+15,070); annualised x2 = 49,540-76,760; headline = midpoint 63,150; tuition_std = 17,510+23,310, fees = 7,260+15,070. Gap: the NYCU new-student page says the bill also carries a network usage fee (網路使用費) and, on the Chiao Tung campus, a stadium usage fee (體育場使用費); amounts and compulsoriness not found, so not included (would raise the headline slightly). Insurance excluded. Publicly funded (service-bonded) medical students pay nothing - separate track, noted only. govt_need_aid targeted (national schemes, cited by rule): MOE 大專校院弱勢學生助學計畫 grant (text as amended 2022-10, in force for 112-1: household income <= NT$700,000, interest <= NT$20,000, real estate <= NT$6.5m; public-institution grant NT$5,000-16,500 a year in 5 tiers, stated as paid by 'government and school'; the current MOE page describes a later bachelor's regime of NT$15,000/20,000 for household income <= NT$900,000, reported by a third-party university page to start in 112-2 - not verified from an MOE text) and the statutory fee waiver for 低收入戶 (100%) and 中低收入戶 (60%) students; recipient shares at this institution not documented, so not coded broad. The plan's 生活助學金 (monthly living grant; service-learning may be required if >= NT$6,000/month) is run by universities under the MOE plan. Student loans (就學貸款) excluded. inst_need_aid targeted: 挺竹專案 (NYCU rules; full tuition-bill grant for students whose parent became involuntarily unemployed and whose household income is below the MOE student-loan threshold; paid from a university fund that accepts donations, stops when funds run out). Other NYCU schemes (煦日生活助學金, 深耕助學) not examined."
TWN-NCKU,TWN,Taiwan,National Cheng Kung University (NCKU),228,public,ownership,no,public,41860,22900,64760,TWD,midpoint_of_range,50420,79100,1010938.95,0.0641,low_moderate,low_to_low_moderate,low,low_moderate,yes,low_moderate,yes,unknown,unknown,yes,,,,,,2023/24,high,agree,agree,V014,12159,first_degree_headcount,112學年度 (academic year 2023/24),high,https://stats.moe.gov.tw/files/detail/112/112_student.csv,"Bachelor-level students (等級別 B 學士), day programmes (日間), all years incl. extended-study students (延修生), 國立成功大學, AY112 (2023/24). Other rows for the institution (excluded): D 日/D 博士=1888; D 日/M 碩士=7453; N 職/M 碩士=1582. Whether international degree students are included is not stated in the file (not verified). No evening/continuing (進修) bachelor row exists for this institution in the file.",10,"Control public: national university (國立大學). University Act (大學法, as amended 2019-12-11, in force 2023/24) art. 4: national universities are established, changed or closed by the Ministry of Education; art. 9: the president is chosen by a search committee (2/5 school representatives, 2/5 alumni/public figures nominated by the school, the rest appointed by the MOE) and appointed (聘任) by the MOE; art. 14: staff are appointed under civil-service law. The internal governing body (校務會議) is not state-appointed, so the classification rests on state establishment/ownership, not on a state-appointed board majority. Charge: NCKU 112 bachelor's schedule (MOE-noted 2023-05-12), tuition + miscellaneous fee by college, from 25,210 (Liberal Arts/Social Sciences: 17,830+7,380) to 39,550 (Medicine MD: 24,030+15,520); amounts are per semester (not labelled on the sheet; national convention, and the footnote splits the language fee 600 per semester) and annualised x2 = 50,420-79,100; headline = midpoint 64,760; tuition_std = 17,830+24,030, fees = 7,380+15,520. Excluded under D039: the Purdue dual-degree group (機械、電機、資工 普渡雙聯組, tuition 122,500 + misc 11,500 per semester), a separately priced joint foreign-degree track. Excluded as first-year-only: new-student network fee 1,200 and language teaching fee 600 per semester (1,200 in year 1). govt_need_aid targeted (national schemes, cited by rule): MOE 大專校院弱勢學生助學計畫 grant (text as amended 2022-10, in force for 112-1: household income <= NT$700,000, interest <= NT$20,000, real estate <= NT$6.5m; public-institution grant NT$5,000-16,500 a year in 5 tiers, stated as paid by 'government and school'; the current MOE page describes a later bachelor's regime of NT$15,000/20,000 for household income <= NT$900,000, reported by a third-party university page to start in 112-2 - not verified from an MOE text) and the statutory fee waiver for 低收入戶 (100%) and 中低收入戶 (60%) students; recipient shares at this institution not documented, so not coded broad. The plan's 生活助學金 (monthly living grant; service-learning may be required if >= NT$6,000/month) is run by universities under the MOE plan. Student loans (就學貸款) excluded. inst_need_aid targeted: 亞德客有美助學金 (NCKU rules adopted 2023-10; donor money paid into the university fund and administered by NCKU's Student Assistance Division, second review by the donor foundation; NT$50,000/yr to 30 first-year students in 112 from low-income/poor households; counted under D036). NCKU's 安心就學濟助 (donor-funded living-cost aid up to NT$10,000/month for households below the income-tax filing threshold) states a 'return' rule (donate back, at unspecified times and amounts, when able) - recorded as a possibly loan-like element and not relied on for the coding. | [V014] Per-semester reading also supported by the sheet's over-time rule (10+ credits pay full 學雜費) and NCKU cashier Q&A (separate 學雜費 bills each semester); a per-year reading would give 3.2% (low), so this assumption is band-critical."
TWN-TH,TWN,Taiwan,National Tsing Hua University,=233,public,ownership,no,public,35000,19200,54200,TWD,midpoint_of_range,49940,58460,1010938.95,0.0536,low_moderate,low_to_low_moderate,low,low_moderate,yes,low_moderate,yes,unknown,unknown,yes,,,,,,2023/24,medium,agree,agree,V014,9274,first_degree_headcount,112學年度 (academic year 2023/24),high,https://stats.moe.gov.tw/files/detail/112/112_student.csv,"Bachelor-level students (等級別 B 學士), day programmes (日間), all years incl. extended-study students (延修生), 國立清華大學, AY112 (2023/24). Other rows for the institution (excluded): D 日/D 博士=1636; D 日/M 碩士=5867; N 職/M 碩士=1413; D 日/X 4+X=1. Whether international degree students are included is not stated in the file (not verified). No evening/continuing (進修) bachelor row exists for this institution in the file. One additional student is listed under level 'X 4+X' (not added; category meaning not verified).",9,"Control public: national university (國立大學). University Act (大學法, as amended 2019-12-11, in force 2023/24) art. 4: national universities are established, changed or closed by the Ministry of Education; art. 9: the president is chosen by a search committee (2/5 school representatives, 2/5 alumni/public figures nominated by the school, the rest appointed by the MOE) and appointed (聘任) by the MOE; art. 14: staff are appointed under civil-service law. The internal governing body (校務會議) is not state-appointed, so the classification rests on state establishment/ownership, not on a state-appointed board majority. Charge: NTHU 112 schedule (MOE-noted 2023-05-17; applies to 112 entrants), per-semester tuition 17,500 for all bachelor's programmes plus misc fee 11,130 (science/engineering/nuclear science/life sciences & medicine/EECS/arts) or 6,870 (humanities & social sciences/technology management/Tsinghua College); annualised x2 = 48,740-57,260; headline = midpoint 53,000 (tuition 35,000 + fees 18,000). Excluded: post-baccalaureate medicine (學士後醫學系, 71,159/semester; graduate-entry, not a first degree); keyboard practice fee 590 (music/keyboard-course students only). Other items that may be on the tuition bill (network, insurance) were not in the schedule and not checked - gap. govt_need_aid targeted (national schemes, cited by rule): MOE 大專校院弱勢學生助學計畫 grant (text as amended 2022-10, in force for 112-1: household income <= NT$700,000, interest <= NT$20,000, real estate <= NT$6.5m; public-institution grant NT$5,000-16,500 a year in 5 tiers, stated as paid by 'government and school'; the current MOE page describes a later bachelor's regime of NT$15,000/20,000 for household income <= NT$900,000, reported by a third-party university page to start in 112-2 - not verified from an MOE text) and the statutory fee waiver for 低收入戶 (100%) and 中低收入戶 (60%) students; recipient shares at this institution not documented, so not coded broad. The plan's 生活助學金 (monthly living grant; service-learning may be required if >= NT$6,000/month) is run by universities under the MOE plan. Student loans (就學貸款) excluded. inst_need_aid targeted: 旭日獎學金 (Rising Sun scholarship attached to NTHU's 旭日計畫 admission and support programme, for low-income-certified or other economically disadvantaged students documented with household income/asset records; administered by NTHU's Student Assistance Division and donor-financed - applicants write to donors and sign a 'give-back' pledge 還願承諾書 whose terms were not read); amount (reported as up to NT$120,000/yr) not verified. | [V014, supersedes an earlier statement in this note] Network fee NT$600/semester (non-residents; NT$800 residents) charged to all students each semester since 103-2 (NTHU Computer and Communication Center page), included (+1,200/yr); insurance excluded."
TWN-TST,TWN,Taiwan,National Taiwan University of Science and Technology (Taiwan Tech),=387,public,ownership,no,public,34540,18190,52730,TWD,midpoint_of_range,48680,56780,1010938.95,0.0522,low_moderate,low_to_low_moderate,low,low_moderate,yes,low_moderate,yes,unknown,unknown,yes,,,,,,2023/24,medium,agree,agree,V014,5593,first_degree_headcount,112學年度 (academic year 2023/24),high,https://stats.moe.gov.tw/files/detail/112/112_student.csv,"Bachelor-level students (等級別 B 四技, C 二技), day programmes (日間), all years incl. extended-study students (延修生), 國立臺灣科技大學, AY112 (2023/24). Other rows for the institution (excluded): D 日/D 博士=1084; D 日/M 碩士=4134; N 職/M 碩士=861. Whether international degree students are included is not stated in the file (not verified). No evening/continuing (進修) bachelor row exists for this institution in the file. Sum of 4-year technical bachelor (四技) 5,545 and 2-year top-up bachelor for junior-college graduates (二技) 48; both lead to a bachelor's degree. 四技 only = 5,545.",11,"Control public: national university (國立大學). University Act (大學法, as amended 2019-12-11, in force 2023/24) art. 4: national universities are established, changed or closed by the Ministry of Education; art. 9: the president is chosen by a search committee (2/5 school representatives, 2/5 alumni/public figures nominated by the school, the rest appointed by the MOE) and appointed (聘任) by the MOE; art. 14: staff are appointed under civil-service law. The internal governing body (校務會議) is not state-appointed, so the classification rests on state establishment/ownership, not on a state-appointed board majority. Charge: Taiwan Tech 112 schedule (noted by the MOE technological-education department 2023-06-02), day-division bachelor's tuition + misc fee: 24,340 (Humanities & Social Sciences: 17,220+7,120), 24,700 (Management excl. IM), 28,390 (Engineering/EECS/Design and IM: 17,320+11,070). The schedule does not label the period; taken as per semester by the national convention (its credit-fee and extended-study rules are termly) and annualised x2 = 48,680-56,780; headline = midpoint 52,730; tuition_std = 17,220+17,320, fees = 7,120+11,070. The English-taught advanced-technology programme is priced as Engineering (no separate track). Other items that may be on the bill (network fee, insurance) not checked - gap. govt_need_aid targeted (national schemes, cited by rule): MOE 大專校院弱勢學生助學計畫 grant (text as amended 2022-10, in force for 112-1: household income <= NT$700,000, interest <= NT$20,000, real estate <= NT$6.5m; public-institution grant NT$5,000-16,500 a year in 5 tiers, stated as paid by 'government and school'; the current MOE page describes a later bachelor's regime of NT$15,000/20,000 for household income <= NT$900,000, reported by a third-party university page to start in 112-2 - not verified from an MOE text) and the statutory fee waiver for 低收入戶 (100%) and 中低收入戶 (60%) students; recipient shares at this institution not documented, so not coded broad. The plan's 生活助學金 (monthly living grant; service-learning may be required if >= NT$6,000/month) is run by universities under the MOE plan. Student loans (就學貸款) excluded. inst_need_aid unknown: Taiwan Tech's 生活助學金 (NT$3,000/month, up to 40 students/yr) implements the MOE plan (treated as part of the government scheme); the alumni-funded 傳善助學方案 reimburses on-campus meals (in-kind, excluded); no Taiwan Tech-run household-means-tested cash grant or fee waiver was established within the search budget. | [V014, supersedes an earlier statement in this note] inst targeted: 生活助學金 funded from Taiwan Tech's own budget or self-raised funds (rules pt. 二, rev. 112.05), household-means-tested via 弱勢助學金 eligibility, NT$3,000/month, max 40/yr. Per-semester reading of the unlabelled schedule supported by its over-time rule (10+ credits pay full 學雜費)."
ROU-BB,ROU,Romania,Babes-Bolyai University,801-850,public,ownership,no,public,5100,0,5100,RON,midpoint_of_range,2200,8000,83455.44,0.0611,low_moderate,low_to_low_moderate,low,low_moderate,yes,low_moderate,unknown,yes,unknown,unknown,,,,,,2023/24,high,agree,agree,V014,32381,first_degree_headcount,2023/24,high,https://www.ubbcluj.ro/ro/infoubb/documente_publice/files/raport-rector/Raportul_Rectorului_2023.pdf,"Licență (bachelor) level students as of 1 October 2023 (academic year 2023-2024). All study lines/languages and extensions; the table does not split full-time (IF) vs distance/reduced-attendance (ID/IFR), so all modes are presumably included; whether integrated long-cycle programmes are counted under Licență is not stated. Total 46,044 incl. master 8,515, doctorate 2,113, postgraduate/conversion 607, teacher grades 2,428.",8,"Control public: listed in Annex 2 ('Structura instituţiilor de învăţământ superior de stat') of HG 367/2023 for 2023/24; Law 199/2023: state universities hold state public/private-domain property, which on dissolution reverts to the state (art. 152(4),(9)); the rector (elected/selected internally) is confirmed by order of the Minister of Education (art. 135(1)). The senate and administrative council are internal bodies, not state-appointed, so 'public' rests on state creation and ownership, not a state-appointed board (as in the POL precedent). Headline: 2023/24 first-year annual tuition for Romanian/EU citizens, full-time (IF) bachelor, Senate regulation HS 12/2023 republished by HS 32/2023, Annex 3 read visually page by page: range 2,200 (Greco-Catholic Theology, Cluj/Oradea/Blaj departments) to 8,000 (Cinematografie, Fotografie, Media, Theatre & Film); most faculties 2,800-4,400; Law 5,000; Acting/Directing 6,500; midpoint 5,100. Hungarian-line and German-line programmes are priced the same as Romanian lines; English-taught lines where separately priced (e.g. Business Administration in English 3,800) excluded per D039 (none moves min/max). 10% reduction for paying the full annual fee upfront (Art. 6) and other targeted reductions not applied to the headline. Split subsidy track: headline is the fee-paying (locuri cu taxă) price; students admitted to budget-financed places (locuri bugetate, allocated by admission ranking) pay no tuition (Law 199/2023 art. 9(1)); budget/fee status can be re-ranked annually; share of free places not collected. Compulsory fees 0: Law 199/2023 art. 148(3) limits other charges at state universities to admission, (one-off) enrolment, re-enrolment, exam repeats, overrunning duration and optional activities, and art. 128(26) makes student documents free; no recurring annual fee paid by every student was found in the institution's 2023/24 fee rules (admission processing and entry fees in Annexes 1-2 are application fees; Annex 4 administrative fees are per service) (rule application plus absence; not exhaustive). Govt targeted: bursa socială, paid from the state-budget scholarship fund, for students whose family's average net monthly income per member over the previous 12 months does not exceed the net minimum wage (OM 6463/2023 annex art. 10(2),(9)(c)); the fund is allocated per budget-funded full-time student (Law 199/2023 art. 149(20)) with at least 30% reserved for social scholarships (OM art. 16(4)); whether fee-paying students may receive it depends on the institution's own methodology (not checked for 2023/24); share of recipients not found. National scheme cited by rule. Law 199/2023 art. 128(24) also exempts students from disadvantaged groups (Law 292/2011) from tuition 'în condițiile finanțării acestora de către stat' - implementation in 2023/24 not verified, not coded. Inst targeted: UBB's own fee regulation lets faculties waive 100% (orphans of both parents) or 50% (orphans of one parent) of tuition where net income is below the net minimum wage (Art. 9 b, e; income documents requested for all adult family members) - checker: confirm the income test is household-based (D037) rather than own-income. Placement and disability waivers are categorical, not means-tested."
ROU-B,ROU,Romania,University of Bucharest,851-900,public,ownership,no,public,4375,0,4375,RON,midpoint_of_range,2750,6000,83455.44,0.0524,low_moderate,low_to_low_moderate,low,low_moderate,yes,low_moderate,unknown,yes,unknown,unknown,,,,,,2023/24,high,agree,agree,V014,22673,first_degree_headcount,2023/24,high,https://unibuc.ro/wp-content/uploads/2024/04/Raportul-Rectorului-2023.pdf,"Students enrolled in university licență (bachelor) studies in academic year 2023-2024 per the Rector's report; reference date and attendance-mode coverage not stated; all faculties incl. English-taught programmes; the report mentions extensions (Chișinău, Rome, Theology faculty) - inclusion not explicit. Master: 8,525.",7,"Control public: listed in Annex 2 ('Structura instituţiilor de învăţământ superior de stat') of HG 367/2023 for 2023/24; Law 199/2023: state universities hold state public/private-domain property, which on dissolution reverts to the state (art. 152(4),(9)); the rector (elected/selected internally) is confirmed by order of the Minister of Education (art. 135(1)). The senate and administrative council are internal bodies, not state-appointed, so 'public' rests on state creation and ownership, not a state-appointed board (as in the POL precedent). Headline: 2023/24 licență tuition (lei/year) approved by the Administrative Council (9-10.03.2023) and Senate (16.03.2023), scanned PDF read visually; first-year column: range 2,750 (Roman-Catholic Theology) to 6,000 (Law, year I; falls to 5,370 in year IV); midpoint 4,375; most faculties 3,400-4,700 (Math-CS 'Calculatoare și TI' 4,700). Excluded per D039: Psychology programme in English (4,500) and Political Science programmes taught in foreign languages (4,780); psycho-pedagogical module (1,800-2,000) is not a degree. Split subsidy track: headline is the fee-paying (locuri cu taxă) price; students admitted to budget-financed places (locuri bugetate, allocated by admission ranking) pay no tuition (Law 199/2023 art. 9(1)); budget/fee status can be re-ranked annually; share of free places not collected. Compulsory fees 0: Law 199/2023 art. 148(3) limits other charges at state universities to admission, (one-off) enrolment, re-enrolment, exam repeats, overrunning duration and optional activities, and art. 128(26) makes student documents free; no recurring annual fee paid by every student was found in the institution's 2023/24 fee rules (rule application plus absence; not exhaustive). Govt targeted: bursa socială, paid from the state-budget scholarship fund, for students whose family's average net monthly income per member over the previous 12 months does not exceed the net minimum wage (OM 6463/2023 annex art. 10(2),(9)(c)); the fund is allocated per budget-funded full-time student (Law 199/2023 art. 149(20)) with at least 30% reserved for social scholarships (OM art. 16(4)); whether fee-paying students may receive it depends on the institution's own methodology (not checked for 2023/24); share of recipients not found. National scheme cited by rule. Law 199/2023 art. 128(24) also exempts students from disadvantaged groups (Law 292/2011) from tuition 'în condițiile finanțării acestora de către stat' - implementation in 2023/24 not verified, not coded. Inst unknown: no UB-run means-tested fee waiver or bursary found in a limited search."
ROU-LBS,ROU,Romania,Lucian Blaga University of Sibiu,1201-1400,public,ownership,no,public,6510,0,6510,RON,midpoint_of_range,3000,10020,83455.44,0.0780,low_moderate,low_to_low_moderate,low,moderate,yes,low_moderate,unknown,yes,yes,unknown,,,,,,2023/24,high,agree,agree,V014,10887,first_degree_headcount,2023/24,medium,https://senat.ulbsibiu.ro/wp-content/uploads/280324/1_Raportul%20rectorului%20privind%20starea%20ULBS_Senat_martie2024.pdf,"Licență students per the key-figures panel of the Rector's report on the state of ULBS presented to the Senate in March 2024 (covering 2023); the academic year/reference date of the count is not stated explicitly (presumed 2023/24). All 9 faculties; attendance modes not stated. Master 2,369; doctorate 509; 1,018 medical residents listed separately.",8,"Control public: listed in Annex 2 ('Structura instituţiilor de învăţământ superior de stat') of HG 367/2023 for 2023/24; Law 199/2023: state universities hold state public/private-domain property, which on dissolution reverts to the state (art. 152(4),(9)); the rector (elected/selected internally) is confirmed by order of the Minister of Education (art. 135(1)). The senate and administrative council are internal bodies, not state-appointed, so 'public' rests on state creation and ownership, not a state-appointed board (as in the POL precedent). Headline: 2023/24 first-year annual tuition, full-time (cu frecvență) bachelor, annex to Senate decision 2481/26.05.2023 (scanned, read visually; the Medicine faculty's own 2023/24 list confirms Medicine 8,100): range 3,000 (most social sciences, humanities, languages) to 10,020 (Performing Arts, Faculty of Letters and Arts); Medicine and Dental Medicine 8,100 (integrated first degrees); Pharmacy 7,500; Religious Music 6,000; Engineering 3,900; Sciences/Economics/Agriculture 3,300; midpoint 6,510. Excluded per D039: Medicine taught in English 30,000; foreign-students' preparatory year 5,400 (not a degree). Band likely depends on programme (checker). Split subsidy track: headline is the fee-paying (locuri cu taxă) price; students admitted to budget-financed places (locuri bugetate, allocated by admission ranking) pay no tuition (Law 199/2023 art. 9(1)); budget/fee status can be re-ranked annually; share of free places not collected. Compulsory fees 0: Law 199/2023 art. 148(3) limits other charges at state universities to admission, (one-off) enrolment, re-enrolment, exam repeats, overrunning duration and optional activities, and art. 128(26) makes student documents free; no recurring annual fee paid by every student was found in the sources read (rule application plus absence; not exhaustive). Govt targeted: bursa socială, paid from the state-budget scholarship fund, for students whose family's average net monthly income per member over the previous 12 months does not exceed the net minimum wage (OM 6463/2023 annex art. 10(2),(9)(c)); the fund is allocated per budget-funded full-time student (Law 199/2023 art. 149(20)) with at least 30% reserved for social scholarships (OM art. 16(4)); whether fee-paying students may receive it depends on the institution's own methodology (not checked for 2023/24); share of recipients not found. National scheme cited by rule. Law 199/2023 art. 128(24) also exempts students from disadvantaged groups (Law 292/2011) from tuition 'în condițiile finanțării acestora de către stat' - implementation in 2023/24 not verified, not coded. Inst targeted: ULBS grants a 50% tuition reduction to fee-paying full-time bachelor/master students under 26 whose family's average net monthly income per member in the prior 12 months did not exceed 1,000 RON (2023/24 call, approved by the Administrative Council; ULBS scholarship regulation art. 57); other reductions (disability, placement, orphans) are categorical."
ROU-AIC,ROU,Romania,Alexandru Ioan Cuza University,1201-1400,public,ownership,no,public,3000,0,3000,RON,midpoint_of_range,2000,4000,83455.44,0.0359,low,low_to_low_moderate,low,low,no,low,unknown,yes,unknown,unknown,,,,,,2023/24,medium,agree,agree,V014,16694,first_degree_headcount,2023/24,medium,https://www.uaic.ro/wp-content/uploads/2024/02/UAIC-Raport-Rector-anul-2023-Final.pdf,"Licență-cycle 'Număr studenți români înscriși' (Romanian students enrolled), academic year 2023/2024; reference date within the year not stated. EXCLUDES/UNCERTAIN: the separate count of Romanian and foreign students in foreign-language programmes (517 in 2023/24) may partly overlap and is not added; foreign students in Romanian-language programmes are not shown; a separate chart (PDF page 70) reports licență ID/IFR (distance/reduced-attendance) enrolments of 2,493 for 2023/2024 and it is not stated whether these are included in 16,694. Treat as approximate domestic bachelor headcount.",10,"Control public: listed in Annex 2 ('Structura instituţiilor de învăţământ superior de stat') of HG 367/2023 for 2023/24; Law 199/2023: state universities hold state public/private-domain property, which on dissolution reverts to the state (art. 152(4),(9)); the rector (elected/selected internally) is confirmed by order of the Minister of Education (art. 135(1)). The senate and administrative council are internal bodies, not state-appointed, so 'public' rests on state creation and ownership, not a state-appointed board (as in the POL precedent). Headline: no university-wide 2023/24 fee decision found (the uaic.ro fee page links only a 2021/22 Senate decision); fees taken faculty by faculty from 2023 Wayback captures of the official admission site, each stating 'Taxa de școlarizare pentru seria 2023-2026/2027' (annual fee for the cohort entering 2023/24): Roman-Catholic Theology 2,000; History 2,500; Mathematics 2,500; Law 2,800; Philosophy & Social-Political Sciences 3,000; Physics 3,000; Orthodox Theology 3,000; Geography & Geology 3,000 (3,900 for French/English-taught specialisations, excluded per D039); Psychology 3,300; Physical Education 3,500; Chemistry 3,500 (faculty fee page read only via WebFetch summary, not cited); Informatics 3,600; Biology 4,000 (Environmental Science 3,500); Letters 4,000; Economics & Business 4,000. Range 2,000-4,000, midpoint 3,000; all 15 faculties covered, but only the four min/max pages are cited as sources. Law 199/2023 art. 9(5) keeps announced fees fixed for the cohort. Admission pages note fee-paying admits pay no separate enrolment fee (it is included in tuition). Split subsidy track: headline is the fee-paying (locuri cu taxă) price; students admitted to budget-financed places (locuri bugetate, allocated by admission ranking) pay no tuition (Law 199/2023 art. 9(1)); budget/fee status can be re-ranked annually; share of free places not collected. Compulsory fees 0: Law 199/2023 art. 148(3) limits other charges at state universities to admission, (one-off) enrolment, re-enrolment, exam repeats, overrunning duration and optional activities, and art. 128(26) makes student documents free; no recurring annual fee paid by every student was found in the admission pages (rule application plus absence; not exhaustive). Govt targeted: bursa socială, paid from the state-budget scholarship fund, for students whose family's average net monthly income per member over the previous 12 months does not exceed the net minimum wage (OM 6463/2023 annex art. 10(2),(9)(c)); the fund is allocated per budget-funded full-time student (Law 199/2023 art. 149(20)) with at least 30% reserved for social scholarships (OM art. 16(4)); whether fee-paying students may receive it depends on the institution's own methodology (not checked for 2023/24); share of recipients not found. National scheme cited by rule. Law 199/2023 art. 128(24) also exempts students from disadvantaged groups (Law 292/2011) from tuition 'în condițiile finanțării acestora de către stat' - implementation in 2023/24 not verified, not coded. Inst unknown: not searched beyond the fee pages."
ROU-SCMS,ROU,Romania,Stefan cel Mare University of Suceava,1201-1400,public,ownership,no,public,4050,0,4050,RON,midpoint_of_range,3300,4800,83455.44,0.0485,low,low_to_low_moderate,low,low_moderate,yes,low,unknown,yes,unknown,unknown,,,,,,2023/24,medium,agree,agree,V014,7453,first_degree_headcount,2023/24,high,https://usv.ro/fisiere_utilizator/file/Acte%20oficiale/2024/_RAPORT%20privind%20starea%20USV%202023_25%20martie%202024%20fara%20anexe%20pentru%20SITE.pdf,"Derived: Licență Total 7510 (TOTAL STUDENŢI row) minus 57 'an pregătitor' (preparatory Romanian-language year, counted in the Licență columns) = 7453, as of 1 October 2023. Includes state-funded full-time (FT IF 5642), fee-paying full-time (CT IF 1021) and fee-paying distance learning (CT ID 847, minus prep-year rows as applicable: the 57 prep-year students are all FT IF). Table total alternative = 7510. Visual check of rendered page (text extraction garbled).",7,"Control public: listed in Annex 2 ('Structura instituţiilor de învăţământ superior de stat') of HG 367/2023 for 2023/24; Law 199/2023: state universities hold state public/private-domain property, which on dissolution reverts to the state (art. 152(4),(9)); the rector (elected/selected internally) is confirmed by order of the Minister of Education (art. 135(1)). The senate and administrative council are internal bodies, not state-appointed, so 'public' rests on state creation and ownership, not a state-appointed board (as in the POL precedent). Headline: annual tuition from the USV fee plan, Annex 1 as amended by HS 52/2023 (published in the 2023 'Acte oficiale' folder; the 2024 version states the next amendment, HS 44/2024, applies from 2024/25): full-time (IF) bachelor range 3,300 (Administrative Sciences, History, Philosophy, Letters, Economics) to 4,800 (General Nursing, Faculty of Medicine and Biological Sciences); most engineering 3,500; Computers, Law, Physiotherapy 3,900; midpoint 4,050. The document does not print the academic year on Annex 1 (year inferred from the HS 52/2023 amendment; confidence medium). Distance-learning (ID) prices excluded. Split subsidy track: headline is the fee-paying (locuri cu taxă) price; students admitted to budget-financed places (locuri bugetate, allocated by admission ranking) pay no tuition (Law 199/2023 art. 9(1)); budget/fee status can be re-ranked annually; share of free places not collected. Compulsory fees 0: Law 199/2023 art. 148(3) limits other charges at state universities to admission, (one-off) enrolment, re-enrolment, exam repeats, overrunning duration and optional activities, and art. 128(26) makes student documents free; no recurring annual fee paid by every student was found in the institution's 2023/24 fee rules (rule application plus absence; not exhaustive). Govt targeted: bursa socială, paid from the state-budget scholarship fund, for students whose family's average net monthly income per member over the previous 12 months does not exceed the net minimum wage (OM 6463/2023 annex art. 10(2),(9)(c)); the fund is allocated per budget-funded full-time student (Law 199/2023 art. 149(20)) with at least 30% reserved for social scholarships (OM art. 16(4)); whether fee-paying students may receive it depends on the institution's own methodology (not checked for 2023/24); share of recipients not found. National scheme cited by rule. Law 199/2023 art. 128(24) also exempts students from disadvantaged groups (Law 292/2011) from tuition 'în condițiile finanțării acestora de către stat' - implementation in 2023/24 not verified, not coded. Inst unknown: no means-tested reduction found in the fee plan (only staff exemptions); not searched further."
ROU-TCN,ROU,Romania,Technical University of Cluj-Napoca,1201-1400,public,ownership,no,public,3300,0,3300,RON,midpoint_of_range,2100,4500,83455.44,0.0395,low,low_to_low_moderate,low,low_moderate,yes,low,unknown,yes,unknown,unknown,,,,,,2023/24,high,agree,agree,V014,14151,first_degree_headcount,2023/24,medium,https://utcluj.ro/documente/e9d55f44-b826-4b79-a99a-5fdfda32c25d,"Licență students enrolled in academic year 2023-2024, as stated retrospectively in the Rector's report on 2025 (the 2023 report was not located). Reference date and mode coverage not stated; presumably all campuses (Cluj-Napoca and North University Centre Baia Mare). Note: the same paragraph's 2024-2025 breakdown is internally inconsistent (12,323 + 1,459 = 13,782, not 14,524), suggesting care with these figures.",8,"Control public: listed in Annex 2 ('Structura instituţiilor de învăţământ superior de stat') of HG 367/2023 for 2023/24; Law 199/2023: state universities hold state public/private-domain property, which on dissolution reverts to the state (art. 152(4),(9)); the rector (elected/selected internally) is confirmed by order of the Minister of Education (art. 135(1)). The senate and administrative council are internal bodies, not state-appointed, so 'public' rests on state creation and ownership, not a state-appointed board (as in the POL precedent). Headline: 2023/24 annual tuition (bachelor and master share the rates), Senate decision 1642 (scanned, read visually): range 2,100 (Letters and non-engineering Sciences at the North University Centre Baia Mare, CUNBM, part of UTCN) to 4,500 (Architecture and Urbanism); Romanian-taught engineering in Cluj-Napoca and extensions 3,600; Visual Arts CUNBM 3,000; Management/Economics CUNBM 2,700; midpoint 3,300. Foreign-language engineering 3,900 excluded per D039. 10% reduction for full payment by 27.10.2023 not applied (conditional on early payment). Split subsidy track: headline is the fee-paying (locuri cu taxă) price; students admitted to budget-financed places (locuri bugetate, allocated by admission ranking) pay no tuition (Law 199/2023 art. 9(1)); budget/fee status can be re-ranked annually; share of free places not collected. Compulsory fees 0: Law 199/2023 art. 148(3) limits other charges at state universities to admission, (one-off) enrolment, re-enrolment, exam repeats, overrunning duration and optional activities, and art. 128(26) makes student documents free; no recurring annual fee paid by every student was found in the first two pages of the 2023/24 fee decision (57 pages, not all read) (rule application plus absence; not exhaustive). Govt targeted: bursa socială, paid from the state-budget scholarship fund, for students whose family's average net monthly income per member over the previous 12 months does not exceed the net minimum wage (OM 6463/2023 annex art. 10(2),(9)(c)); the fund is allocated per budget-funded full-time student (Law 199/2023 art. 149(20)) with at least 30% reserved for social scholarships (OM art. 16(4)); whether fee-paying students may receive it depends on the institution's own methodology (not checked for 2023/24); share of recipients not found. National scheme cited by rule. Law 199/2023 art. 128(24) also exempts students from disadvantaged groups (Law 292/2011) from tuition 'în condițiile finanțării acestora de către stat' - implementation in 2023/24 not verified, not coded. Inst unknown: a faculty page refers to a 2023/24 Administrative Council decision on 'gratuități și reduceri taxe' whose criteria were not read. | [V014] Cited www.utcluj.ro URL now redirects to a 404; same PDF available at old.utcluj.ro (ROU-TCN-CV014-01), values re-confirmed."
ROU-GATI,ROU,Romania,"The ""Gheorghe Asachi"" Technical University of Iasi",1201-1400,public,ownership,no,public,3350,0,3350,RON,midpoint_of_range,2200,4500,83455.44,0.0401,low,low_to_low_moderate,low,low_moderate,yes,low,unknown,yes,unknown,unknown,,,,,,2023/24,medium,agree,agree,V014,9591,first_degree_headcount,2023/24,high,https://www.tuiasi.ro/wp-content/uploads/2024/03/Raport-starea-universitatii-TUIASI-_2023-27-martie-pentru-site-29.03.2024.pdf,"Licență (bachelor-level, incl. the university's long-cycle architecture programme presumably, not stated) students reported at 1 October 2023 (academic year 2023/2024). All faculties; fee-paying and state-funded; the table does not split by attendance mode. Total 13,267 incl. master 2,942, doctorate 734, teacher grades 16.",8,"Control public: listed in Annex 2 ('Structura instituţiilor de învăţământ superior de stat') of HG 367/2023 for 2023/24; Law 199/2023: state universities hold state public/private-domain property, which on dissolution reverts to the state (art. 152(4),(9)); the rector (elected/selected internally) is confirmed by order of the Minister of Education (art. 135(1)). The senate and administrative council are internal bodies, not state-appointed, so 'public' rests on state creation and ownership, not a state-appointed board (as in the POL precedent). Headline: per-faculty annual bachelor tuition from the official admission page as captured in June 2023 and March 2024 (the page carries no year label; the 3,000 lei for Hydrotechnics matches that faculty's 3 Oct 2023 notice for 2023/24): range 2,200 (Mechanical Engineering, Mechatronics and Robotics) to 4,500 (Electronics/Telecom/IT and Architecture); Automatic Control & Computers 4,200; most others 2,400-3,000; midpoint 3,350. The Senate decision fixing 2023/24 fees was not found (2024/25 and 2025/26 decisions exist; current page states a uniform 4,500 from later years). One-off first-year enrolment fee (taxa de înmatriculare) 30 lei paid by all first-years (budget and fee-paying) excluded as one-off per task instruction. Split subsidy track: headline is the fee-paying (locuri cu taxă) price; students admitted to budget-financed places (locuri bugetate, allocated by admission ranking) pay no tuition (Law 199/2023 art. 9(1)); budget/fee status can be re-ranked annually; share of free places not collected. Compulsory fees 0: Law 199/2023 art. 148(3) limits other charges at state universities to admission, (one-off) enrolment, re-enrolment, exam repeats, overrunning duration and optional activities, and art. 128(26) makes student documents free; no recurring annual fee paid by every student was found in the sources read (rule application plus absence; not exhaustive). Govt targeted: bursa socială, paid from the state-budget scholarship fund, for students whose family's average net monthly income per member over the previous 12 months does not exceed the net minimum wage (OM 6463/2023 annex art. 10(2),(9)(c)); the fund is allocated per budget-funded full-time student (Law 199/2023 art. 149(20)) with at least 30% reserved for social scholarships (OM art. 16(4)); whether fee-paying students may receive it depends on the institution's own methodology (not checked for 2023/24); share of recipients not found. National scheme cited by rule. Law 199/2023 art. 128(24) also exempts students from disadvantaged groups (Law 292/2011) from tuition 'în condițiile finanțării acestora de către stat' - implementation in 2023/24 not verified, not coded. Inst unknown: not searched."
ROU-TB,ROU,Romania,Transilvania University of Brasov,1201-1400,public,ownership,no,public,5250,0,5250,RON,midpoint_of_range,3500,7000,83455.44,0.0629,low_moderate,low_to_low_moderate,low,low_moderate,yes,low_moderate,unknown,yes,unknown,unknown,,,,,,2023/24,high,agree,agree,V014,17127,first_degree_headcount,2023/24,medium,http://web.archive.org/web/20240419210202id_/https://www.unitbv.ro/unitbv-in-cifre.html,"Licență-cycle students, academic year 2023-2024, from the university's 'UNITBV în cifre' page as archived by the Wayback Machine (the live page now shows 2025-2026: 17,522). CONFLICT PRESERVED: the capture of 2023-12-06 (20231206163638) states 17.123 licență students (total 20.875); the captures of 2024-04-19 and 2024-09-14 state 17.127 (total 20.885); the later value is used. Reference date and attendance-mode coverage not stated; excludes master 3,218, doctorate 540 and 622 medical residents.",10,"Control public: listed in Annex 2 ('Structura instituţiilor de învăţământ superior de stat') of HG 367/2023 for 2023/24; Law 199/2023: state universities hold state public/private-domain property, which on dissolution reverts to the state (art. 152(4),(9)); the rector (elected/selected internally) is confirmed by order of the Minister of Education (art. 135(1)). The senate and administrative council are internal bodies, not state-appointed, so 'public' rests on state creation and ownership, not a state-appointed board (as in the POL precedent). Headline: 2023/24 annual bachelor tuition, Senate decision 44/2023 Annex 8.2 (read visually): 3,500 for all faculties and programmes except Music (Instruments and Singing 5,500) and Medicine faculty (Medicine 7,000; General Nursing and Physiotherapy 4,500; Clinical Laboratory 3,500); range 3,500-7,000, midpoint 5,250; Medicine is an integrated first degree and is included. Split subsidy track: headline is the fee-paying (locuri cu taxă) price; students admitted to budget-financed places (locuri bugetate, allocated by admission ranking) pay no tuition (Law 199/2023 art. 9(1)); budget/fee status can be re-ranked annually; share of free places not collected. Compulsory fees 0: Law 199/2023 art. 148(3) limits other charges at state universities to admission, (one-off) enrolment, re-enrolment, exam repeats, overrunning duration and optional activities, and art. 128(26) makes student documents free; no recurring annual fee paid by every student was found in the 2023/24 schedule of other fees (Annex 8.4: duplicates, transfer, re-enrolment, exam repeats, certificates) (rule application plus absence; not exhaustive). Govt targeted: bursa socială, paid from the state-budget scholarship fund, for students whose family's average net monthly income per member over the previous 12 months does not exceed the net minimum wage (OM 6463/2023 annex art. 10(2),(9)(c)); the fund is allocated per budget-funded full-time student (Law 199/2023 art. 149(20)) with at least 30% reserved for social scholarships (OM art. 16(4)); whether fee-paying students may receive it depends on the institution's own methodology (not checked for 2023/24); share of recipients not found. National scheme cited by rule. Law 199/2023 art. 128(24) also exempts students from disadvantaged groups (Law 292/2011) from tuition 'în condițiile finanțării acestora de către stat' - implementation in 2023/24 not verified, not coded. Inst targeted (flag): the university's internal quality report for 2021/22 (annexed to the Feb 2023 Senate decision) says it grants tuition reductions to students in a difficult financial situation; criteria and 2023/24 application not verified - checker should confirm or downgrade to unknown."
ROU-VDTWT,ROU,Romania,Universitatea de Vest din Timisoara / West University of Timisoara,1201-1400,public,ownership,no,public,6750,0,6750,RON,midpoint_of_range,3500,10000,83455.44,0.0809,low_moderate,low_to_low_moderate,low,moderate,yes,low_moderate,unknown,yes,unknown,unknown,,,,,,2023/24,high,agree,agree,V014,11425,first_degree_headcount,2023/24,high,https://uvt.ro/wp-content/uploads/2024/03/Raportul-Rectorului-Cu-Privire-La-Starea-UVT-2023-HS-116-din-01.03.2024_compressed-1.pdf,"Licență students as of January 2024 (within academic year 2023/24), sum of all 11 faculties (arithmetic of faculty rows verified = 11,425). Likely includes all study forms reported to the ministry (not stated). Master 3,367, doctorate 592. PDF is a scanned image document; values read visually from the rendered page (no text layer) - figures checked by summing rows.",7,"Control public: listed in Annex 2 ('Structura instituţiilor de învăţământ superior de stat') of HG 367/2023 for 2023/24; Law 199/2023: state universities hold state public/private-domain property, which on dissolution reverts to the state (art. 152(4),(9)); the rector (elected/selected internally) is confirmed by order of the Minister of Education (art. 135(1)). The senate and administrative council are internal bodies, not state-appointed, so 'public' rests on state creation and ownership, not a state-appointed board (as in the POL precedent). Headline: 2023/24 bachelor tuition, first-year column, HS 94/15.06.2023: 3,500 for most faculties (full-time); Law 4,500; Arts and Design 3,800; Music Pedagogy 6,000; all other Music and Theatre programmes 10,000; range 3,500-10,000, midpoint 6,750; distance-learning (ID) 3,200 excluded (not full-time). One faculty (Music and Theatre) sets the maximum, so the band may depend on it (checker). 10% reduction for full payment by 31.10.2023 not applied (conditional on early payment). Split subsidy track: headline is the fee-paying (locuri cu taxă) price; students admitted to budget-financed places (locuri bugetate, allocated by admission ranking) pay no tuition (Law 199/2023 art. 9(1)); budget/fee status can be re-ranked annually; share of free places not collected. Compulsory fees 0: Law 199/2023 art. 148(3) limits other charges at state universities to admission, (one-off) enrolment, re-enrolment, exam repeats, overrunning duration and optional activities, and art. 128(26) makes student documents free; no recurring annual fee paid by every student was found in the 2023/24 tuition schedule (rule application plus absence; not exhaustive). Govt targeted: bursa socială, paid from the state-budget scholarship fund, for students whose family's average net monthly income per member over the previous 12 months does not exceed the net minimum wage (OM 6463/2023 annex art. 10(2),(9)(c)); the fund is allocated per budget-funded full-time student (Law 199/2023 art. 149(20)) with at least 30% reserved for social scholarships (OM art. 16(4)); whether fee-paying students may receive it depends on the institution's own methodology (not checked for 2023/24); share of recipients not found. National scheme cited by rule. Law 199/2023 art. 128(24) also exempts students from disadvantaged groups (Law 292/2011) from tuition 'în condițiile finanțării acestora de către stat' - implementation in 2023/24 not verified, not coded. Inst unknown: not searched."
ROU-PB,ROU,Romania,University POLITEHNICA of Bucharest,1201-1400,public,ownership,no,public,4850,0,4850,RON,midpoint_of_range,3400,6300,83455.44,0.0581,low_moderate,low_to_low_moderate,low,low_moderate,yes,low_moderate,unknown,yes,unknown,unknown,,,,,,2023/24,medium,agree,disagree,V014,24542,first_degree_headcount,2023/24,high,https://www.cnfis.ro/wp-content/uploads/2025/02/SF_LMD-BT-oct.2023_site.pdf,"Physical students ('studenți fizici') enrolled in licență (bachelor, first-degree) programmes, state-funded (18,936) + fee-paying (5,606), reference date October 2023, for the Universitatea Națională de Știință și Tehnologie POLITEHNICA București as constituted in 2023/24 (merger of UPB with Universitatea din Pitești; per the merger law reported by edupedu.ro, Valahia University of Târgoviște is NOT part of it, contrary to the E002 target note). Covers all centres (București, Pitești). Excludes master (9,840) and doctorate (2,577); total LMD 36,959. Includes all study forms reported to CNFIS (forms not separated). Visually checked against rendered table header (column 'Licenta / Total (L)').",9,"Control public: listed in Annex 2 ('Structura instituţiilor de învăţământ superior de stat') of HG 367/2023 for 2023/24; Law 199/2023: state universities hold state public/private-domain property, which on dissolution reverts to the state (art. 152(4),(9)); the rector (elected/selected internally) is confirmed by order of the Minister of Education (art. 135(1)). The senate and administrative council are internal bodies, not state-appointed, so 'public' rests on state creation and ownership, not a state-appointed board (as in the POL precedent). In 2023 UPB merged with the University of Pitești into the Universitatea Națională de Știință și Tehnologie Politehnica București (the 2023/24 fee document is issued under that name; HG 367/2023 still lists 'Universitatea Politehnica din București'). Headline: uniform 2023/24 annual tuition 4,000 lei for fee-paying bachelor students in the Bucharest university centre; foreign-language bachelor programmes 4,500 lei excluded per D039; the Pitești centre has its own schedule (not collected; outside the Bucharest centre document). One-off first-year enrolment fee (înmatriculare) 50 lei, paid at registration, excluded as one-off (project precedent); admission application fee 125 lei excluded. Split subsidy track: headline is the fee-paying (locuri cu taxă) price; students admitted to budget-financed places (locuri bugetate, allocated by admission ranking) pay no tuition (Law 199/2023 art. 9(1)); budget/fee status can be re-ranked annually; share of free places not collected. Compulsory fees 0: Law 199/2023 art. 148(3) limits other charges at state universities to admission, (one-off) enrolment, re-enrolment, exam repeats, overrunning duration and optional activities, and art. 128(26) makes student documents free; the 2023/24 fee schedule lists no other recurring annual fee paid by every student was found in the institution's 2023/24 fee rules (rule application plus absence; not exhaustive). Govt targeted: bursa socială, paid from the state-budget scholarship fund, for students whose family's average net monthly income per member over the previous 12 months does not exceed the net minimum wage (OM 6463/2023 annex art. 10(2),(9)(c)); the fund is allocated per budget-funded full-time student (Law 199/2023 art. 149(20)) with at least 30% reserved for social scholarships (OM art. 16(4)); whether fee-paying students may receive it depends on the institution's own methodology (not checked for 2023/24); share of recipients not found. National scheme cited by rule. Law 199/2023 art. 128(24) also exempts students from disadvantaged groups (Law 292/2011) from tuition 'în condițiile finanțării acestora de către stat' - implementation in 2023/24 not verified, not coded. Inst unknown: the fee schedule exempts orphans of both parents, children from care, children of staff/teachers (categorical, not means-tested; not counted); no means-tested institutional scheme found in a limited search. | [V014, supersedes an earlier statement in this note] Law 186/2023 merged UPB and Univ. of Pitești into UNSTPB, teaching as one institution from 2023-2024 (art. 1, 9); Pitești centre 2023/24 IF licence fees 3,400-6,300 (Acting 6,300; nursing 5,000; engineering 3,900; IFR 3,200 excluded); Bucharest centre uniform 4,000 (foreign-language 4,500 excluded, D039). Range 3,400-6,300, midpoint 4,850. Sensitivity: Bucharest only 4,000 (low); without Acting 4,200 (5.03%)."
BEL-KL,BEL,Belgium,KU Leuven,61,private_nonprofit,legal_form,yes,private_govt_dependent,1092.10,0,1092.10,EUR,uniform,,,51092.47,0.0214,low,low_to_low_moderate,,,no,free,yes,yes,unknown,yes,,,,,,2023/24,high,agree,agree,V015,26500,first_degree_headcount,2023/24,medium,https://data-onderwijs.vlaanderen.be/documenten/bestanden/stjb-13-l-hoger-2324.xlsx,"Enrolments (inschrijvingen) with a diploma contract in academic bachelor programmes (""Academisch gerichte bachelor"") at Katholieke Universiteit Leuven, Flemish Community, 2023/24; Belgian 22947 + foreign-nationality 3553. Counts registrations, not unique persons (a student in two bachelor programmes counts twice). Excludes credit/exam contracts, bachelor-after-bachelor, preparatory/bridging programmes; joint academic bachelors with tUL (525) and UHasselt (498) listed separately and excluded. All campuses.",11,"Flemish statutory studiegeld 2023/24 for a diplomacontract: EUR 282.10 fixed + EUR 13.50 per credit = EUR 1,092.10 for 60 credits (same rate published by all three Flemish universities); no other compulsory charge found on the fee pages (absence, not a stated zero). Conditional rate: the per-credit part doubles for credits taken without remaining leerkrediet (students who fall behind; not the baseline). Control: private-law sui generis legal person under the Law of 12 Aug 1911 (founding act published 1970); organic regulation adopted by the Inrichtende Overheid (made up of KU Leuven representatives, representatives of the partner colleges in the Associatie KU Leuven and co-opted independents, with the Flemish bishops in an advisory group). A majority of the Raad van Bestuur are external directors appointed by the Inrichtende Overheid on the board's nomination (organiek reglement, current text amended Dec 2023); no state appointments. govt_dependent yes: listed university funded by Flemish annual werkingsuitkeringen that include a variable education part (Codex III.1, III.5). Govt aid: Flemish studietoelage (household income test) plus statutory reduced fees EUR 128.80 (beurstarief) / EUR 576.10 (bijna-beurstarief); recipient share not documented for 2023/24. Inst aid: Stuvo toelage assessed on household income (current page, nearest-year); Stuvo interest-free loan (max EUR 1,500) excluded as a loan."
BEL-G,BEL,Belgium,Ghent University,=159,public,ownership,no,public,1092.10,0,1092.10,EUR,uniform,,,51092.47,0.0214,low,low_to_low_moderate,,,no,free,yes,yes,unknown,yes,,,,,,2023/24,high,agree,agree,V015,23316,first_degree_headcount,2023/24,medium,https://data-onderwijs.vlaanderen.be/documenten/bestanden/stjb-13-l-hoger-2324.xlsx,"Enrolments (inschrijvingen) with a diploma contract in academic bachelor programmes (""Academisch gerichte bachelor"") at Universiteit Gent, Flemish Community, 2023/24; Belgian 22606 + foreign-nationality 710. Counts registrations, not unique persons (a student in two bachelor programmes counts twice). Excludes credit/exam contracts, bachelor-after-bachelor, preparatory/bridging programmes; joint academic bachelor with VUB (805) listed separately and excluded. All campuses.",8,"Flemish statutory studiegeld 2023/24 for a diplomacontract: EUR 282.10 fixed + EUR 13.50 per credit = EUR 1,092.10 for 60 credits (same rate published by all three Flemish universities); no other compulsory charge found on the fee pages (absence, not a stated zero). Conditional rate: the per-credit part doubles for credits taken without remaining leerkrediet (students who fall behind; not the baseline). Control: established by special decree 'als openbare instelling met rechtspersoonlijkheid'; board mostly elected internally, with 10 external members nominated by the Flemish Government and elected by the board; supervised by a Flemish Government commissioner. Govt aid: Flemish studietoelage plus statutory reduced fees (EUR 128.80 / 576.10); share not documented. Inst aid: Sociale Dienst studiefinanciering paid as a grant ('toelage'), based on household income and situation (current page, nearest-year); interest-free loans excluded."
BEL-UCLOUVAIN,BEL,Belgium,Université catholique de Louvain (UCLouvain),=180,private_nonprofit,legal_form,yes,private_govt_dependent,835,0,835,EUR,uniform,,,51092.47,0.0163,low,low_to_low_moderate,,,no,free,yes,yes,yes,yes,,,,,,2023/24,high,agree,agree,V015,37686,total_headcount,2023/24,medium,http://www.cref.be/annuaires/tab_rentr%C3%A9e_2023,"FALLBACK total_headcount: all students ('Étudiantes et étudiants', all study sectors) of UCLouvain, 2023-24, PROVISIONAL situation end of February 2024; INCLUDES master's (and probably doctoral/specialisation) students - the table does not break down by cycle. All campuses. No 2023-24 bachelor (1st cycle) headcount found: CRef definitive annuaires with per-institution cycle tables are online only up to Annuaire 2022 (year 2021-22); UCLouvain 'L'université en chiffres' gives only rounded current totals (38 500, summer 2025) without cycle split. The CRef page is now 404 on the live site; read via Wayback capture.",12,"French Community standard minerval EUR 835 for Belgian/EU/assimilated students (Sept 2023 capture); sport affiliation and 'carte solidaire' are optional; no other compulsory charge found (absence, not a stated zero). Control: private-law legal person (Law of 12 Aug 1911 as amended 1970); organising authority (pouvoir organisateur) = the archbishop and French-speaking bishops, who adopt the organic regulation and appoint the members of the conseil d'administration (Règlement organique v. 14 Sept 2016, art. 8, the nearest accessible version; the version in force from 14-09-2023 is on a login-only site). French Community government delegates attend the board but are not appointed members. govt_dependent yes: Law of 27 July 1971 art. 25 operating grants with a variable part by number of enrolled students. Govt aid: FWB allocation d'études (household income test), minerval 0 for grantees and EUR 374 legal intermediate rate for modest incomes; share not documented for 2023/24 (a 2026 UCLouvain release cites 22% boursiers in FWB; not used). Inst aid: UCLouvain 'tarif social' EUR 374 and Service d'aide grants from the university's social budget. The FWB minerval rise to EUR 1,194 is a 2026/27 reform, outside the reference year."
BEL-LB,BEL,Belgium,Universite libre de Bruxelles,=189,private_nonprofit,legal_form,yes,private_govt_dependent,835,0,835,EUR,uniform,,,51092.47,0.0163,low,low_to_low_moderate,,,no,free,yes,yes,unknown,yes,,,,,,2023/24,high,agree,agree,V015,37489,total_headcount,2023/24,medium,http://www.cref.be/annuaires/tab_rentr%C3%A9e_2023,"FALLBACK total_headcount: all students ('Étudiantes et étudiants', all study sectors) of ULB, 2023-24, PROVISIONAL situation end of February 2024; INCLUDES master's (and probably doctoral/specialisation) students - no cycle breakdown in the table. Consistent with ULB's own gender report ('près de 38.000' in 2023-24), whose cycle breakdown (Figure 4) is an image without numbers. ULB activity reports sit behind a ULB login (portail.ulb.be; not bypassed). CRef definitive per-institution cycle tables online only up to 2021-22. Read via Wayback capture (live CRef page 404).",9,"French Community standard minerval EUR 835 ('Droits complets', bachelor and master; Oct 2023 capture); no other compulsory charge found (absence, not a stated zero). Control: legal personality from the Law of 12 Aug 1911; board = president, rector, members designated by the internally elected Plenary Assembly and co-opted members; no government-appointed seats (a French Community government delegate attends meetings). govt_dependent yes: Law of 27 July 1971 art. 25 operating grants with a variable part by number of enrolled students. Govt aid: FWB allocation d'études (household income), minerval 0 for grantees and EUR 374 for modest incomes; share not documented. Inst aid: Service social des étudiant·es financial aid for students 'de condition modeste' under household-income ceilings (2023/24 capture)."
BEL-A,BEL,Belgium,University of Antwerp,=248,public,ownership,no,public,1092.10,0,1092.10,EUR,uniform,,,51092.47,0.0214,low,low_to_low_moderate,,,no,free,yes,yes,unknown,yes,,,,,,2023/24,medium,agree,agree,V015,10573,first_degree_headcount,2023/24,medium,https://data-onderwijs.vlaanderen.be/documenten/bestanden/stjb-13-l-hoger-2324.xlsx,"Enrolments (inschrijvingen) with a diploma contract in academic bachelor programmes (""Academisch gerichte bachelor"") at Universiteit Antwerpen, Flemish Community, 2023/24; Belgian 9390 + foreign-nationality 1183. Counts registrations, not unique persons (a student in two bachelor programmes counts twice). Excludes credit/exam contracts, bachelor-after-bachelor, preparatory/bridging programmes; no joint bachelor rows for UAntwerpen alone. All campuses.",16,"Flemish statutory studiegeld 2023/24 for a diplomacontract: EUR 282.10 fixed + EUR 13.50 per credit = EUR 1,092.10 for 60 credits (same rate published by all three Flemish universities); no other compulsory charge found on the fee pages (absence, not a stated zero). Conditional rate: the per-credit part doubles for credits taken without remaining leerkrediet (students who fall behind; not the baseline). Control coded public with medium confidence: UA was created by Flemish decree (1995/2003) with legal personality and no private founder or owner, and is supervised by a Flemish Government commissioner; but the decree does not call it an 'openbare instelling' (unlike Ghent), KBO records 'Andere rechtsvorm', and the board is mostly elected internally with 3 externally appointed seats (1 by the education minister, 1 by the provincial governor, 1 by the Jesuit provincial, a legacy of the 2003 merger with the Jesuit UFSIA). Checker V015 read the decree (art. 7): of 28 board seats, 4 are ex officio, 16 elected by staff and students, 1 named by the education minister, 1 by the provincial governor, 1 by the Jesuit provincial and 6 co-opted. There is no state-appointed majority, but no private owner or appointing body either (the Jesuit seat is 1 of 28). For public: the legislature itself fixes the board composition (not a private organising authority as at KU Leuven/UCLouvain); UA is the general legal successor of RUCA (state university centre) and UIA and received their assets by operation of law (Decr. 4 Apr 2003 art. 10, 21); KBO registers UA's activity as 'Officieel hoger onderwijs' (NACE 2003: 'Hoger onderwijs ingericht door de Gemeenschappen'), the same class as Ghent, whereas KU Leuven is 'Vrij gesubsidieerd hoger onderwijs'. Against: Codex III.58 calls Ghent a 'publiekrechtelijke instelling' and groups UA with KU Leuven, VUB and UHasselt for employer-cost compensation, and the UA decree does not use 'openbare instelling'. Public kept (state creation and official education network, as for Ghent and the GRC/POL/ROU precedent). Belgium's control type (2/5 public = mixed vs 1/5 = private) depends on this row; report it as a sensitivity. If treated as private it would be private_nonprofit with govt_dependent yes. Govt aid: studietoelage plus reduced fees (bijna-beurstarief if income is at most EUR 3,768 above the grant ceiling in 2023/24). Inst aid: Sociale Dienst 'sociale toelage' after a social and financial investigation (2023/24 capture)."
ISR-TA,ISR,Israel,Tel Aviv University,215,private_nonprofit,legal_form,yes,private_govt_dependent,11264,620,11884,ILS,uniform,,,191167.22,0.0622,low_moderate,low_to_low_moderate,,,no,low_moderate,unknown,unknown,yes,unknown,,,,,,2023/24,high,agree,agree,V015,16038,first_degree_headcount,2023/24,high,https://che.org.il/wp-content/uploads/2025/11/לוח-2-תשפה.xlsx,"Bachelor's degree students, 2023/24 (tashpad). Table notes: data include students in academic tracks under university auspices (colleges under university academic responsibility) appearing in the university's student file; source C.B.S. All campuses; no full-/part-time split given.",16,"Control private_nonprofit (strict test): the Knesset Research and Information Center (2018) states that a university recognised under s.14 of the Council for Higher Education Law 1958 'is not a statutory corporation but a private body enjoying full institutional autonomy' (quasi-public status noted); TAU is incorporated under s.14 of the CHE Law only. No state ownership found. Governing bodies under the CHE-binding Grossman principles (2004): the Board of Governors (supreme body) consists of Israeli and overseas persons with an interest in the institution; public members of the Executive Committee are chosen by a search committee drawn from the Executive Committee itself - no government appointment of a governing-body majority found (checker V015 read the TAU Constitution: the Board of Governors is 'a self governing body'. Its Israeli non-academic members are elected by the Board itself, and up to a quarter of Israeli members are elected by the Senate. The 13-member Executive Council is the chair, president, rector, 3 Senate appointees and 7 public representatives: 2 appointed by the Board of Governors Standing Committee and 5 elected by the Executive Council from a search-committee list. There is no government appointee). govt_dependent_flag yes: the PBC (VATAT) budgets the university's teaching component as number of students x tariff by field and degree x efficiency coefficient (PBC budget model, 2012 document, nearest year), and the government funds the national reduction of first-degree tuition (TAU note: the reduction 'is based on the government's commitment to fund this reduction'). Charge: TAU 2023/24 basic first-degree tuition NIS 11,264 for a 100% annual load (the CHE-set reduced rate; the reduction is conditional on registering for and passing at least 18 credit hours in the year - met by the baseline full-time student, otherwise the unreduced rate applies); fees = security fee 610 (compulsory) + national representative student organisation 10 (statutory, CHE rules 2018) = 620. Welfare fee NIS 367 excluded: students may opt out in advance (sensitivity with it: 12,251). Note TAU's page shows 11,264 while HUJI/Technion/BGU/BIU show the national rate 11,296 at the July-2023 index (TAU states its figure at the June-2023 index, 'not less than' the July-index amount) - difference NIS 32, not band-relevant. Engineering/law take more years (more total %), not a higher annual rate; overhead/drag charges apply only outside the standard path. govt_need_aid targeted (national scheme cited by rule): PBC/CHE Student Aid Fund (keren ha-siyua, Ministry of Education-CHE; 'Mil-GO' scholarship) - grants for first-degree students scored on per-capita household income (40% weight) and other criteria, four tiers NIS 5,000-12,480, at least 4,000 recipients a year (criteria decided 16.3.22; operated by Perach/Davidson from 2022/23; no 2023/24-specific call read, so year = nearest documented). Ministry of Defense discharged-soldier study grants are not means-tested and Perach is service-linked - not coded. Loans excluded. inst_need_aid targeted: TAU Dean of Students financial-aid scholarships awarded on the economic situation of the student and family relative to other applicants, from 10% of annual tuition up to full tuition; recipient share not documented."
ISR-HJ,ISR,Israel,The Hebrew University of Jerusalem,251,private_nonprofit,legal_form,yes,private_govt_dependent,11296,707,12003,ILS,uniform,,,191167.22,0.0628,low_moderate,low_to_low_moderate,,,no,low_moderate,unknown,unknown,unknown,unknown,,,,,,2023/24,high,agree,agree,V015,13605,first_degree_headcount,2023/24,high,https://che.org.il/wp-content/uploads/2025/11/לוח-2-תשפה.xlsx,"Bachelor's degree students, 2023/24 (tashpad). Table notes: data include students in academic tracks under university auspices (colleges under university academic responsibility) appearing in the university's student file; source C.B.S. All campuses; no full-/part-time split given.",13,"Control private_nonprofit (strict test): the Knesset Research and Information Center (2018) states that a university recognised under s.14 of the Council for Higher Education Law 1958 'is not a statutory corporation but a private body enjoying full institutional autonomy' (quasi-public status noted); HUJI is incorporated under s.14 of the CHE Law only. No state ownership found. Governing bodies under the CHE-binding Grossman principles (2004): the Board of Governors (supreme body) consists of Israeli and overseas persons with an interest in the institution; public members of the Executive Committee are chosen by a search committee drawn from the Executive Committee itself - no government appointment of a governing-body majority found (the specific statute of this university was not read; Grossman is a CHE condition of recognition, and a 2011 study cited by the Knesset paper says it was not fully implemented). govt_dependent_flag yes: the PBC (VATAT) budgets the university's teaching component as number of students x tariff by field and degree x efficiency coefficient (PBC budget model, 2012 document, nearest year), and the government funds the national reduction of first-degree tuition (reduction and its government funding documented in the BGU and BIU 2023/24 sources; national rule). Charge: HUJI 2023/24 annual tuition for a bachelor's degree NIS 11,296 for a 100% programme (CHE-set rate at the July-2023 index); fees = security fee 697 (Jerusalem campuses; 'a compulsory payment independent of scope or track'; Rehovot campus 634 - headline uses the Jerusalem rate, Rehovot variant 11,940) + national representative student organisation 10 (compulsory) = 707. Welfare fee and student-union dues are listed by HUJI as 'optional payments' (2024/25 capture; welfare NIS 160 then) - excluded. A 25% surcharge applies only to non-citizens and students funded by an external public body. govt_need_aid targeted (national scheme cited by rule): PBC/CHE Student Aid Fund (keren ha-siyua, Ministry of Education-CHE; 'Mil-GO' scholarship) - grants for first-degree students scored on per-capita household income (40% weight) and other criteria, four tiers NIS 5,000-12,480, at least 4,000 recipients a year (criteria decided 16.3.22; operated by Perach/Davidson from 2022/23; no 2023/24-specific call read, so year = nearest documented). Ministry of Defense discharged-soldier study grants are not means-tested and Perach is service-linked - not coded. Loans excluded. inst_need_aid targeted: HUJI Dean of Students Financial Aid Unit scholarships based on gross monthly per-capita income (usually of the parental household); recipient share not documented."
ISR-TIT,ISR,Israel,Technion - Israel Institute of Technology,=392,private_nonprofit,legal_form,yes,private_govt_dependent,11296,460,11756,ILS,uniform,,,191167.22,0.0615,low_moderate,low_to_low_moderate,,,no,low_moderate,unknown,unknown,yes,unknown,,,,,,2023/24,high,agree,agree,V015,9400,first_degree_headcount,2023/24,high,https://che.org.il/wp-content/uploads/2025/11/לוח-2-תשפה.xlsx,"Bachelor's degree students, 2023/24 (tashpad). Table notes: data include students in academic tracks under university auspices (colleges under university academic responsibility) appearing in the university's student file; source C.B.S. All campuses; no full-/part-time split given.",12,"Control private_nonprofit (strict test): the Knesset Research and Information Center (2018) states that a university recognised under s.14 of the Council for Higher Education Law 1958 'is not a statutory corporation but a private body enjoying full institutional autonomy' (quasi-public status noted); the Technion is incorporated under s.14 of the CHE Law only. No state ownership found. Governing bodies under the CHE-binding Grossman principles (2004): the Board of Governors (supreme body) consists of Israeli and overseas persons with an interest in the institution; public members of the Executive Committee are chosen by a search committee drawn from the Executive Committee itself - no government appointment of a governing-body majority found (the specific statute of this university was not read; Grossman is a CHE condition of recognition, and a 2011 study cited by the Knesset paper says it was not fully implemented). govt_dependent_flag yes: the PBC (VATAT) budgets the university's teaching component as number of students x tariff by field and degree x efficiency coefficient (PBC budget model, 2012 document, nearest year), and the government funds the national reduction of first-degree tuition (national rule; the Technion lists the 'full' 15,265 and the 'reduced' 11,296 rates). Charge: Technion 2023/24 'reduced tuition for a self-paying [Israeli] student' NIS 11,296 (the unreduced 15,265 is the full rate; baseline student pays the reduced rate); fees = security (shmira) 450 ('compulsory payment ... per the Maltz committee decisions') + national student organisation 10 = 460. Welfare fee 420 and student-union membership 171 (+ insurance 40 via the union) are stated to be voluntary - excluded (sensitivity with all: 12,397). A 2.5% discount for paying in advance is optional, not applied. govt_need_aid targeted (national scheme cited by rule): PBC/CHE Student Aid Fund (keren ha-siyua, Ministry of Education-CHE; 'Mil-GO' scholarship) - grants for first-degree students scored on per-capita household income (40% weight) and other criteria, four tiers NIS 5,000-12,480, at least 4,000 recipients a year (criteria decided 16.3.22; operated by Perach/Davidson from 2022/23; no 2023/24-specific call read, so year = nearest documented). Ministry of Defense discharged-soldier study grants are not means-tested and Perach is service-linked - not coded. Loans excluded. inst_need_aid targeted: Technion Dean of Students financial-aid scholarships for Israeli first-degree students allocated mainly on socio-economic criteria (search snippet mentions gross per-capita family income - not read from the captured page); recipient share not documented."
ISR-BGN,ISR,Israel,Ben-Gurion University of The Negev,=469,private_nonprofit,legal_form,yes,private_govt_dependent,11296,647,11943,ILS,uniform,,,191167.22,0.0625,low_moderate,low_to_low_moderate,,,no,low_moderate,unknown,unknown,yes,unknown,,,,,,2023/24,high,agree,agree,V015,12246,first_degree_headcount,2023/24,high,https://che.org.il/wp-content/uploads/2025/11/לוח-2-תשפה.xlsx,"Bachelor's degree students, 2023/24 (tashpad). Table notes: data include students in academic tracks under university auspices (colleges under university academic responsibility) appearing in the university's student file; source C.B.S. All campuses; no full-/part-time split given.",11,"Control private_nonprofit (strict test): the Knesset Research and Information Center (2018) states that a university recognised under s.14 of the Council for Higher Education Law 1958 'is not a statutory corporation but a private body enjoying full institutional autonomy' (quasi-public status noted); BGU is listed among the universities incorporated under s.14 only (its constitution does not address incorporation). No state ownership found. Governing bodies under the CHE-binding Grossman principles (2004): the Board of Governors (supreme body) consists of Israeli and overseas persons with an interest in the institution; public members of the Executive Committee are chosen by a search committee drawn from the Executive Committee itself - no government appointment of a governing-body majority found (the specific statute of this university was not read; Grossman is a CHE condition of recognition, and a 2011 study cited by the Knesset paper says it was not fully implemented). govt_dependent_flag yes: the PBC (VATAT) budgets the university's teaching component as number of students x tariff by field and degree x efficiency coefficient (PBC budget model, 2012 document, nearest year), and the government funds the national reduction of first-degree tuition (BGU booklet: reduction (shipui) NIS 3,969 'approved by the Government of Israel, which undertook to fund this reduction'). Charge: BGU 2023/24 full basic tuition NIS 15,265 (100% load) less the government-funded reduction 3,969 = reduced first-degree tuition 11,296 (the reduction requires completing 18 credit points in the first year - met by the baseline student); fees = security 637 ('applies to all students and cannot be cancelled') + national student organisation 10 (compulsory) = 647. Welfare NIS 448 excluded (students may waive it by 14.09). Accounting 4th year billed at 160% (NIS 23,638) regardless of load - one year of one programme, recorded here only. govt_need_aid targeted (national scheme cited by rule): PBC/CHE Student Aid Fund (keren ha-siyua, Ministry of Education-CHE; 'Mil-GO' scholarship) - grants for first-degree students scored on per-capita household income (40% weight) and other criteria, four tiers NIS 5,000-12,480, at least 4,000 recipients a year (criteria decided 16.3.22; operated by Perach/Davidson from 2022/23; no 2023/24-specific call read, so year = nearest documented). Ministry of Defense discharged-soldier study grants are not means-tested and Perach is service-linked - not coded. Loans excluded. inst_need_aid targeted: BGU Dean of Students scholarships 'distributed mainly on an economic basis' to cover tuition, conditional on community activity (service condition noted; still coded because eligibility is means-based); recipient share not documented."
ISR-BI,ISR,Israel,Bar-Ilan University,=545,private_nonprofit,legal_form,yes,private_govt_dependent,11296,636,11932,ILS,uniform,,,191167.22,0.0624,low_moderate,low_to_low_moderate,,,no,low_moderate,unknown,unknown,unknown,unknown,,,,,,2023/24,high,agree,agree,V015,11703,first_degree_headcount,2023/24,high,https://che.org.il/wp-content/uploads/2025/11/לוח-2-תשפה.xlsx,"Bachelor's degree students, 2023/24 (tashpad). Table notes: data include students in academic tracks under university auspices (colleges under university academic responsibility) appearing in the university's student file; source C.B.S. All campuses; no full-/part-time split given.",12,"Control private_nonprofit (strict test): the Knesset Research and Information Center (2018) states that a university recognised under s.14 of the Council for Higher Education Law 1958 'is not a statutory corporation but a private body enjoying full institutional autonomy' (quasi-public status noted); Bar-Ilan is additionally a registered non-profit association (amuta) whose statutes aim to maintain the university 'in the spirit of Torah and Jewish tradition' (2018 source; a 2011 study found it still an amuta contrary to the Maltz recommendation; checker V015 confirmed the current registry status 'עמותה רשומה', no. 580063683). No state ownership found. Governing bodies under the CHE-binding Grossman principles (2004): the Board of Governors (supreme body) consists of Israeli and overseas persons with an interest in the institution; public members of the Executive Committee are chosen by a search committee drawn from the Executive Committee itself - no government appointment of a governing-body majority found (the specific statute of this university was not read; Grossman is a CHE condition of recognition, and a 2011 study cited by the Knesset paper says it was not fully implemented). govt_dependent_flag yes: the PBC (VATAT) budgets the university's teaching component as number of students x tariff by field and degree x efficiency coefficient (PBC budget model, 2012 document, nearest year), and the government funds the national reduction of first-degree tuition (BIU: the reduction 'is based on the government's commitment to fund this reduction as a condition'). Charge: BIU 2023/24 basic first-degree tuition for Israelis NIS 11,296 for a 100% load (CHE-set, July-2023 index; standard 3 years = 300%, law/economics-accounting 350%, engineering/optometry 400% over 3.5-4 years - annual rate unchanged); BIU may charge the full rate to first-degree students registered for fewer than 18 hours (baseline not affected). Fees = security 626 + national student organisation 10 = 636; welfare NIS 359 excluded (waiver on request by 31/12/2023). govt_need_aid targeted (national scheme cited by rule): PBC/CHE Student Aid Fund (keren ha-siyua, Ministry of Education-CHE; 'Mil-GO' scholarship) - grants for first-degree students scored on per-capita household income (40% weight) and other criteria, four tiers NIS 5,000-12,480, at least 4,000 recipients a year (criteria decided 16.3.22; operated by Perach/Davidson from 2022/23; no 2023/24-specific call read, so year = nearest documented). Ministry of Defense discharged-soldier study grants are not means-tested and Perach is service-linked - not coded. Loans excluded. inst_need_aid targeted: BIU Scholarships Section first-degree scholarships (NIS 1,000-7,000) on socio-economic status, per-capita family income and a grade average above 65, administered by BIU partly from public/private donor funds (institution-run, counts under D036); recipient share not documented."
GRC-TA,GRC,Greece,National Technical University of Athens,=347,public,ownership,no,public,0,0,0,EUR,uniform,,,21589.19,0.0000,free,free,,,no,free,not_applicable,yes,not_applicable,yes,,,,,,2023/24,high,agree,agree,V015,8191,first_degree_headcount,2023/24,medium,https://www.statistics.gr:443/el/statistics?p_p_id=documents_WAR_publicationsportlet_INSTANCE_VBZOni0vs5VJ&p_p_lifecycle=2&p_p_state=normal&p_p_mode=view&p_p_cacheability=cacheLevelPage&p_p_col_id=column-2&p_p_col_count=4&p_p_col_pos=2&_documents_WAR_publicationsportlet_INSTANCE_VBZOni0vs5VJ_javax.faces.resource=document&_documents_WAR_publicationsportlet_INSTANCE_VBZOni0vs5VJ_ln=downloadResources&_documents_WAR_publicationsportlet_INSTANCE_VBZOni0vs5VJ_documentID=586808&_documents_WAR_publicationsportlet_INSTANCE_VBZOni0vs5VJ_locale=el,"Undergraduate (first-degree, ptychio) students at end of academic year 2023/2024, ELSTAT Table 4 'ΣΥΝΟΛΟ' column, which equals the sum of study years 1-6 only (verified arithmetically) and EXCLUDES students 'beyond the regular years of study' (ΠΕΡΑΝ ΤΩΝ ΚΑΝΟΝΙΚΩΝ ΕΤΩΝ) = 9328 for this institution; the latter are still formally registered, so total registered undergraduates = 17519. Nationally 286,348 within-duration vs 320,978 beyond-duration. All departments/campuses; full-time system (no part-time split). Postgraduate and doctoral students are in separate tables (05M, 05D), so excluded.",14,"Control public: Greek universities are legal persons under public law (ΝΠΔΔ) - Constitution art. 16(5) (higher education provided exclusively by ΝΠΔΔ) and Law 4957/2022 art. 3(1)-(2) (AEI are ΝΠΔΔ under State supervision by the Minister of Education); no private universities existed in 2023/24. The governing board (11 members: 6 elected internal professors + 5 external members chosen by the internal members, art. 8(1), 10(4)) is not state-appointed, so 'public' rests on statutory public-law status and state creation (as in the POL/ROU precedent); the institution's own founding act was not opened. Headline 0: undergraduate study at state institutions is free under Constitution art. 16(4); Eurydice (2023/24 view) states first-cycle home students do not pay fees at Greek public HEIs (exceptions: Hellenic Open University and foreign-language programmes). Compulsory fees 0 by rule application plus absence: no annual registration/student-service fee paid by every undergraduate was found (not exhaustive; no institution-level fee page stating this was found). Textbooks are provided free (in kind; ignored). D039: foreign-language first-cycle programmes (Law 4957/2022 art. 101-105) may charge tuition but are open exclusively to foreign citizens with a foreign school diploma, so they are not available to the baseline student; excluded from the range (amounts not collected). Govt targeted (national schemes cited once per institution by rule): (1) student housing allowance (φοιτητικό στεγαστικό επίδομα), 2023/24 circular 70084/Ζ1/2024: cash EUR 1,500/yr (2,000 with approved cohabitation or at universities outside Attica/Thessaloniki; 2,500 both), paid to the parent (or independent student) for a first-degree student renting away from the family's main residence; household income ceiling EUR 30,000 + 3,000 per dependent child beyond the first (ceiling read from the current ΜΙΤΟΣ registry page, nearest-year; the 2023/24 circular confirms the per-child increment); also requires passing half of the previous year's courses (not for first-years). Cash, so counted despite the housing label; recipient share not found. (2) ΙΚΥ ΕΚΟ scholarships 2023/24 (ESF co-financed; call issued April 2026, retroactive): about 3,000 undergraduate awards nationally, household per-capita income <= EUR 9,000 (tax year 2023), ranked on academic criteria; EUR 5,500 (studying away from home) or 3,300. Free meals (σίτιση) and dormitory places are in kind and excluded. No student loans exist (Eurydice). Inst targeted: NTUA administers bequest scholarships with a financial-need eligibility condition, e.g. the Christos Argyropoulos bequest scholarship (EUR 3,600/yr; 'οικονομικά αδύνατος' plus origin from Gorgogyri, parents' tax assessment required) in the NTUA 2024/25 awards guide (nearest-year evidence, standing bequest terms); several other awards combine need with merit or origin. Very small numbers; D036 (institution-administered, bequest-funded). Eugenides Foundation scholarships for NTUA students are run by a separate foundation (not counted; not verified further)."
GRC-KA,GRC,Greece,National and Kapodistrian University of Athens,=444,public,ownership,no,public,0,0,0,EUR,uniform,,,21589.19,0.0000,free,free,,,no,free,not_applicable,yes,not_applicable,yes,,,,,,2023/24,high,agree,agree,V015,30682,first_degree_headcount,2023/24,medium,https://www.statistics.gr:443/el/statistics?p_p_id=documents_WAR_publicationsportlet_INSTANCE_VBZOni0vs5VJ&p_p_lifecycle=2&p_p_state=normal&p_p_mode=view&p_p_cacheability=cacheLevelPage&p_p_col_id=column-2&p_p_col_count=4&p_p_col_pos=2&_documents_WAR_publicationsportlet_INSTANCE_VBZOni0vs5VJ_javax.faces.resource=document&_documents_WAR_publicationsportlet_INSTANCE_VBZOni0vs5VJ_ln=downloadResources&_documents_WAR_publicationsportlet_INSTANCE_VBZOni0vs5VJ_documentID=586808&_documents_WAR_publicationsportlet_INSTANCE_VBZOni0vs5VJ_locale=el,"Undergraduate (first-degree, ptychio) students at end of academic year 2023/2024, ELSTAT Table 4 'ΣΥΝΟΛΟ' column, which equals the sum of study years 1-6 only (verified arithmetically) and EXCLUDES students 'beyond the regular years of study' (ΠΕΡΑΝ ΤΩΝ ΚΑΝΟΝΙΚΩΝ ΕΤΩΝ) = 62588 for this institution; the latter are still formally registered, so total registered undergraduates = 93270. Nationally 286,348 within-duration vs 320,978 beyond-duration. Sum of the institution's rows in two regions (Attica and Sterea Ellada). All departments/campuses; full-time system (no part-time split). Postgraduate and doctoral students are in separate tables (05M, 05D), so excluded.",14,"Control public: Greek universities are legal persons under public law (ΝΠΔΔ) - Constitution art. 16(5) (higher education provided exclusively by ΝΠΔΔ) and Law 4957/2022 art. 3(1)-(2) (AEI are ΝΠΔΔ under State supervision by the Minister of Education); no private universities existed in 2023/24. The governing board (11 members: 6 elected internal professors + 5 external members chosen by the internal members, art. 8(1), 10(4)) is not state-appointed, so 'public' rests on statutory public-law status and state creation (as in the POL/ROU precedent); the institution's own founding act was not opened. Headline 0: undergraduate study at state institutions is free under Constitution art. 16(4); Eurydice (2023/24 view) states first-cycle home students do not pay fees at Greek public HEIs (exceptions: Hellenic Open University and foreign-language programmes). Compulsory fees 0 by rule application plus absence: no annual registration/student-service fee paid by every undergraduate was found (not exhaustive; no institution-level fee page stating this was found). Textbooks are provided free (in kind; ignored). D039: foreign-language first-cycle programmes (Law 4957/2022 art. 101-105) may charge tuition but are open exclusively to foreign citizens with a foreign school diploma, so they are not available to the baseline student; excluded from the range (amounts not collected). Govt targeted (national schemes cited once per institution by rule): (1) student housing allowance (φοιτητικό στεγαστικό επίδομα), 2023/24 circular 70084/Ζ1/2024: cash EUR 1,500/yr (2,000 with approved cohabitation or at universities outside Attica/Thessaloniki; 2,500 both), paid to the parent (or independent student) for a first-degree student renting away from the family's main residence; household income ceiling EUR 30,000 + 3,000 per dependent child beyond the first (ceiling read from the current ΜΙΤΟΣ registry page, nearest-year; the 2023/24 circular confirms the per-child increment); also requires passing half of the previous year's courses (not for first-years). Cash, so counted despite the housing label; recipient share not found. (2) ΙΚΥ ΕΚΟ scholarships 2023/24 (ESF co-financed; call issued April 2026, retroactive): about 3,000 undergraduate awards nationally, household per-capita income <= EUR 9,000 (tax year 2023), ranked on academic criteria; EUR 5,500 (studying away from home) or 3,300. Free meals (σίτιση) and dormitory places are in kind and excluded. No student loans exist (Eurydice). Inst targeted: NKUA's Directorate of Bequests awards selection-based undergraduate scholarships from bequests, several restricted to 'άποροι' students with a household income ceiling (EUR 25,000 self-employment / EUR 35,000 salaried, +1,500 per child beyond two), e.g. the Lampridou bequest (medical/dental students; call year 2023-24; 1 place; EUR 200/month) in the NKUA 2024 scholarship table (193 undergraduate selection-based awards from 14 bequests in 2024, not all need-tested). D036."
GRC-AT,GRC,Greece,Aristotle University of Thessaloniki,=530,public,ownership,no,public,0,0,0,EUR,uniform,,,21589.19,0.0000,free,free,,,no,free,not_applicable,yes,not_applicable,yes,,,,,,2023/24,high,agree,agree,V015,31904,first_degree_headcount,2023/24,medium,https://www.statistics.gr:443/el/statistics?p_p_id=documents_WAR_publicationsportlet_INSTANCE_VBZOni0vs5VJ&p_p_lifecycle=2&p_p_state=normal&p_p_mode=view&p_p_cacheability=cacheLevelPage&p_p_col_id=column-2&p_p_col_count=4&p_p_col_pos=2&_documents_WAR_publicationsportlet_INSTANCE_VBZOni0vs5VJ_javax.faces.resource=document&_documents_WAR_publicationsportlet_INSTANCE_VBZOni0vs5VJ_ln=downloadResources&_documents_WAR_publicationsportlet_INSTANCE_VBZOni0vs5VJ_documentID=586808&_documents_WAR_publicationsportlet_INSTANCE_VBZOni0vs5VJ_locale=el,"Undergraduate (first-degree, ptychio) students at end of academic year 2023/2024, ELSTAT Table 4 'ΣΥΝΟΛΟ' column, which equals the sum of study years 1-6 only (verified arithmetically) and EXCLUDES students 'beyond the regular years of study' (ΠΕΡΑΝ ΤΩΝ ΚΑΝΟΝΙΚΩΝ ΕΤΩΝ) = 46439 for this institution; the latter are still formally registered, so total registered undergraduates = 78343. Nationally 286,348 within-duration vs 320,978 beyond-duration. All departments/campuses; full-time system (no part-time split). Postgraduate and doctoral students are in separate tables (05M, 05D), so excluded.",14,"Control public: Greek universities are legal persons under public law (ΝΠΔΔ) - Constitution art. 16(5) (higher education provided exclusively by ΝΠΔΔ) and Law 4957/2022 art. 3(1)-(2) (AEI are ΝΠΔΔ under State supervision by the Minister of Education); no private universities existed in 2023/24. The governing board (11 members: 6 elected internal professors + 5 external members chosen by the internal members, art. 8(1), 10(4)) is not state-appointed, so 'public' rests on statutory public-law status and state creation (as in the POL/ROU precedent); the institution's own founding act was not opened. Headline 0: undergraduate study at state institutions is free under Constitution art. 16(4); Eurydice (2023/24 view) states first-cycle home students do not pay fees at Greek public HEIs (exceptions: Hellenic Open University and foreign-language programmes). Compulsory fees 0 by rule application plus absence: no annual registration/student-service fee paid by every undergraduate was found (not exhaustive; no institution-level fee page stating this was found). Textbooks are provided free (in kind; ignored). D039: foreign-language first-cycle programmes (Law 4957/2022 art. 101-105) may charge tuition but are open exclusively to foreign citizens with a foreign school diploma, so they are not available to the baseline student; excluded from the range (amounts not collected). Govt targeted (national schemes cited once per institution by rule): (1) student housing allowance (φοιτητικό στεγαστικό επίδομα), 2023/24 circular 70084/Ζ1/2024: cash EUR 1,500/yr (2,000 with approved cohabitation or at universities outside Attica/Thessaloniki; 2,500 both), paid to the parent (or independent student) for a first-degree student renting away from the family's main residence; household income ceiling EUR 30,000 + 3,000 per dependent child beyond the first (ceiling read from the current ΜΙΤΟΣ registry page, nearest-year; the 2023/24 circular confirms the per-child increment); also requires passing half of the previous year's courses (not for first-years). Cash, so counted despite the housing label; recipient share not found. (2) ΙΚΥ ΕΚΟ scholarships 2023/24 (ESF co-financed; call issued April 2026, retroactive): about 3,000 undergraduate awards nationally, household per-capita income <= EUR 9,000 (tax year 2023), ranked on academic criteria; EUR 5,500 (studying away from home) or 3,300. Free meals (σίτιση) and dormitory places are in kind and excluded. No student loans exist (Eurydice). Inst targeted: AUTh Bequests Department announcement (January 2024) of cash support to five needy ('ενδεείς') undergraduates of any department from the Tzivoglou bequest, poverty assessed on the family's tax assessment against the Social Solidarity Income (ΚΕΑ) income and asset criteria; preference for descendants of Asia Minor refugees. Other AUTh bequests (e.g. Varkas, 2024/25) combine 'οικονομική αδυναμία' with merit. D036."
GRC-C,GRC,Greece,University of Crete,=534,public,ownership,no,public,0,0,0,EUR,uniform,,,21589.19,0.0000,free,free,,,no,free,not_applicable,yes,not_applicable,yes,,,,,,2023/24,high,agree,agree,V015,8552,first_degree_headcount,2023/24,medium,https://www.statistics.gr:443/el/statistics?p_p_id=documents_WAR_publicationsportlet_INSTANCE_VBZOni0vs5VJ&p_p_lifecycle=2&p_p_state=normal&p_p_mode=view&p_p_cacheability=cacheLevelPage&p_p_col_id=column-2&p_p_col_count=4&p_p_col_pos=2&_documents_WAR_publicationsportlet_INSTANCE_VBZOni0vs5VJ_javax.faces.resource=document&_documents_WAR_publicationsportlet_INSTANCE_VBZOni0vs5VJ_ln=downloadResources&_documents_WAR_publicationsportlet_INSTANCE_VBZOni0vs5VJ_documentID=586808&_documents_WAR_publicationsportlet_INSTANCE_VBZOni0vs5VJ_locale=el,"Undergraduate (first-degree, ptychio) students at end of academic year 2023/2024, ELSTAT Table 4 'ΣΥΝΟΛΟ' column, which equals the sum of study years 1-6 only (verified arithmetically) and EXCLUDES students 'beyond the regular years of study' (ΠΕΡΑΝ ΤΩΝ ΚΑΝΟΝΙΚΩΝ ΕΤΩΝ) = 11728 for this institution; the latter are still formally registered, so total registered undergraduates = 20280. Nationally 286,348 within-duration vs 320,978 beyond-duration. All departments/campuses; full-time system (no part-time split). Postgraduate and doctoral students are in separate tables (05M, 05D), so excluded.",15,"Control public: Greek universities are legal persons under public law (ΝΠΔΔ) - Constitution art. 16(5) (higher education provided exclusively by ΝΠΔΔ) and Law 4957/2022 art. 3(1)-(2) (AEI are ΝΠΔΔ under State supervision by the Minister of Education); no private universities existed in 2023/24. The governing board (11 members: 6 elected internal professors + 5 external members chosen by the internal members, art. 8(1), 10(4)) is not state-appointed, so 'public' rests on statutory public-law status and state creation (as in the POL/ROU precedent); the institution's own founding act was not opened. Headline 0: undergraduate study at state institutions is free under Constitution art. 16(4); Eurydice (2023/24 view) states first-cycle home students do not pay fees at Greek public HEIs (exceptions: Hellenic Open University and foreign-language programmes). Compulsory fees 0 by rule application plus absence: no annual registration/student-service fee paid by every undergraduate was found (not exhaustive; no institution-level fee page stating this was found). Textbooks are provided free (in kind; ignored). D039: foreign-language first-cycle programmes (Law 4957/2022 art. 101-105) may charge tuition but are open exclusively to foreign citizens with a foreign school diploma, so they are not available to the baseline student; excluded from the range (amounts not collected). Govt targeted (national schemes cited once per institution by rule): (1) student housing allowance (φοιτητικό στεγαστικό επίδομα), 2023/24 circular 70084/Ζ1/2024: cash EUR 1,500/yr (2,000 with approved cohabitation or at universities outside Attica/Thessaloniki; 2,500 both), paid to the parent (or independent student) for a first-degree student renting away from the family's main residence; household income ceiling EUR 30,000 + 3,000 per dependent child beyond the first (ceiling read from the current ΜΙΤΟΣ registry page, nearest-year; the 2023/24 circular confirms the per-child increment); also requires passing half of the previous year's courses (not for first-years). Cash, so counted despite the housing label; recipient share not found. (2) ΙΚΥ ΕΚΟ scholarships 2023/24 (ESF co-financed; call issued April 2026, retroactive): about 3,000 undergraduate awards nationally, household per-capita income <= EUR 9,000 (tax year 2023), ranked on academic criteria; EUR 5,500 (studying away from home) or 3,300. Free meals (σίτιση) and dormitory places are in kind and excluded. No student loans exist (Eurydice). Inst targeted: University of Crete bequest awards with household income tests, e.g. the Kalantzopoulou bequest rent support (2 needy female students in Rethymno, EUR 1,000 one-off cash; combined individual+family income <= EUR 10,000 +20% per spouse/child), call for 2024/25 (nearest year; scanned PDF read visually). The Dimitriadi donation scholarships (12 x EUR 2,000 for undergraduates, 2024/25) score household income <= EUR 10,000 ('άποροι') as one weighted criterion rather than an eligibility condition. D036."
GRC-P,GRC,Greece,University of Patras,791-800,public,ownership,no,public,0,0,0,EUR,uniform,,,21589.19,0.0000,free,free,,,no,free,not_applicable,yes,not_applicable,yes,,,,,,2023/24,high,agree,agree,V015,21928,first_degree_headcount,2023/24,medium,https://www.statistics.gr:443/el/statistics?p_p_id=documents_WAR_publicationsportlet_INSTANCE_VBZOni0vs5VJ&p_p_lifecycle=2&p_p_state=normal&p_p_mode=view&p_p_cacheability=cacheLevelPage&p_p_col_id=column-2&p_p_col_count=4&p_p_col_pos=2&_documents_WAR_publicationsportlet_INSTANCE_VBZOni0vs5VJ_javax.faces.resource=document&_documents_WAR_publicationsportlet_INSTANCE_VBZOni0vs5VJ_ln=downloadResources&_documents_WAR_publicationsportlet_INSTANCE_VBZOni0vs5VJ_documentID=586808&_documents_WAR_publicationsportlet_INSTANCE_VBZOni0vs5VJ_locale=el,"Undergraduate (first-degree, ptychio) students at end of academic year 2023/2024, ELSTAT Table 4 'ΣΥΝΟΛΟ' column, which equals the sum of study years 1-6 only (verified arithmetically) and EXCLUDES students 'beyond the regular years of study' (ΠΕΡΑΝ ΤΩΝ ΚΑΝΟΝΙΚΩΝ ΕΤΩΝ) = 19308 for this institution; the latter are still formally registered, so total registered undergraduates = 41236. Nationally 286,348 within-duration vs 320,978 beyond-duration. All departments/campuses; full-time system (no part-time split). Postgraduate and doctoral students are in separate tables (05M, 05D), so excluded.",17,"Control public: Greek universities are legal persons under public law (ΝΠΔΔ) - Constitution art. 16(5) (higher education provided exclusively by ΝΠΔΔ) and Law 4957/2022 art. 3(1)-(2) (AEI are ΝΠΔΔ under State supervision by the Minister of Education); no private universities existed in 2023/24. The governing board (11 members: 6 elected internal professors + 5 external members chosen by the internal members, art. 8(1), 10(4)) is not state-appointed, so 'public' rests on statutory public-law status and state creation (as in the POL/ROU precedent); the institution's own founding act was not opened. Headline 0: undergraduate study at state institutions is free under Constitution art. 16(4); Eurydice (2023/24 view) states first-cycle home students do not pay fees at Greek public HEIs (exceptions: Hellenic Open University and foreign-language programmes). Compulsory fees 0 by rule application plus absence: no annual registration/student-service fee paid by every undergraduate was found (not exhaustive; no institution-level fee page stating this was found). Textbooks are provided free (in kind; ignored). D039: foreign-language first-cycle programmes (Law 4957/2022 art. 101-105) may charge tuition but are open exclusively to foreign citizens with a foreign school diploma, so they are not available to the baseline student; excluded from the range (amounts not collected). Govt targeted (national schemes cited once per institution by rule): (1) student housing allowance (φοιτητικό στεγαστικό επίδομα), 2023/24 circular 70084/Ζ1/2024: cash EUR 1,500/yr (2,000 with approved cohabitation or at universities outside Attica/Thessaloniki; 2,500 both), paid to the parent (or independent student) for a first-degree student renting away from the family's main residence; household income ceiling EUR 30,000 + 3,000 per dependent child beyond the first (ceiling read from the current ΜΙΤΟΣ registry page, nearest-year; the 2023/24 circular confirms the per-child increment); also requires passing half of the previous year's courses (not for first-years). Cash, so counted despite the housing label; recipient share not found. (2) ΙΚΥ ΕΚΟ scholarships 2023/24 (ESF co-financed; call issued April 2026, retroactive): about 3,000 undergraduate awards nationally, household per-capita income <= EUR 9,000 (tax year 2023), ranked on academic criteria; EUR 5,500 (studying away from home) or 3,300. Free meals (σίτιση) and dormitory places are in kind and excluded. No student loans exist (Eurydice). Inst targeted: 'Andreas Mentzelopoulos' scholarships for undergraduate study at Patras (up to 30 per year at EUR 5,000/yr per the current page; 10 in the 2010 regulation), donor-financed (Mentzelopoulos family), called annually by the University and awarded by a university scholarships committee; eligibility requires proof that the candidate's financial situation does not allow study without help, family finances considered first; the University's list shows a 2023 cohort paid in 2023-2024. Counted as institutional under D036. Checker V015 confirmed that the University itself announces the scholarships ('Το Πανεπιστήμιο Πατρών προκηρύσσει υποτροφίες ... χρηματοδοτούνται από την οικογένεια Ανδρέα Μεντζελόπουλου'). Applications go to the University's registry, and the committee (university professors plus one family representative) is renewed by the Rector's Council. The separate Andreas Mentzelopoulos Foundation funds named chairs, not this undergraduate scheme. Eligibility also requires a high entry score (need plus merit, not merit-only). The University's Social Welfare 'vulnerable groups' scholarships (10 x EUR 1,500, income-based, call Feb 2023 for 2022/23) run under a funded project whose funding source was not checked; not used for coding."
URY-UM,URY,Uruguay,Universidad de Montevideo,651-660,private_nonprofit,legal_form,no,private_not_govt_dependent,,0,,UYU,,,,,,,,,,,,no,no,yes,unknown,,,,,,2023,low,agree,unresolved,V016,2769,first_degree_headcount,2023,high,https://www.gub.uy/ministerio-educacion-cultura/sites/ministerio-educacion-cultura/files/2025-04/Anuario%20Estad%C3%ADstico%20de%20Educaci%C3%B3n%202023.xlsx,"MATRÍCULA TOTAL in programas de grado, Universidad de Montevideo; only a Montevideo row exists for UM in the table. Source: data reported by the institution to MEC. Postgraduate matrícula (Cuadro II-7.1.2) 1,338 excluded. Whether the count is persons or programme enrolments is not stated for private institutions.",7,"HEADLINE NOT ESTABLISHED: UM publishes no fee amounts; its official page states there is no matrícula, the year is paid in 12 monthly cuotas adjusted each semester, and the cuota depends on the subjects taken and the current credit value (amounts only in the student portal). Aggregator figures (e.g. cuantomecuesta.com, 'UYU 35,000/month', April 2026, unsourced) were not used. compulsory_fees 0 = UM's stated absence of matrícula (current page). Control: private university recognised by the Executive in 1997 under Decreto 308/995; private tertiary institutions must be non-profit civil associations or foundations (Decreto 104/014 art. 10, in force in 2023); Opus Dei provides spiritual care (the legal owner/board-appointment rules were not read). govt_dependent no: no per-student teaching grant, state fee payment or state free-tuition scheme found; indirect support only (special-donations tax regime used by private universities for scholarship funds and research, reported by El Observador 2019; general tax exemptions of teaching institutions not verified here). Govt aid: Fondo de Solidaridad becas (Ley 16.524) are restricted by statute to students of Udelar, UTU tertiary and UTEC, so they do not reach this institution; no other national household-means-tested grant for private-university undergraduates was found (departmental/municipal schemes not searched exhaustively). Inst aid: 'Beca al mérito' (up to 90%, family income and expenses declared, awarded by UM's scholarship committee; 2023 capture); other UM becas are merit/competition-based."
URY-OU,URY,Uruguay,Universidad ORT Uruguay,771-780,private_nonprofit,legal_form,no,private_not_govt_dependent,,,,UYU,,,,,,,,,,,,no,no,yes,unknown,,,,,,2023,low,agree,unresolved,V016,10770,first_degree_headcount,2023,high,https://www.gub.uy/ministerio-educacion-cultura/sites/ministerio-educacion-cultura/files/2025-04/Anuario%20Estad%C3%ADstico%20de%20Educaci%C3%B3n%202023.xlsx,"MATRÍCULA TOTAL in programas de grado, Universidad ORT Uruguay; only a Montevideo row exists. Postgraduate matrícula 1,048 excluded. Persons vs programme enrolments not stated.",9,"HEADLINE NOT ESTABLISHED: ORT states that final cuota values are given only in a personal interview with an academic adviser (2023 capture); fees are set by the number of subjects taken each semester and cuotas are adjusted twice a year (current page). No 2023 amounts found in official pages or Wayback; aggregator figures (unsourced, 2026) not used. Whether a separate matrícula exists was not established. Control: private university recognised by the Ministry of Education and Culture in 1996, part of the World ORT network; private tertiary institutions must be non-profit civil associations or foundations (Decreto 104/014 art. 10, in force in 2023); board-appointment rules not read. govt_dependent no: no per-student teaching grant, state fee payment or state free-tuition scheme found; indirect support only (special-donations tax regime used by private universities for scholarship funds and research, reported by El Observador 2019; general tax exemptions of teaching institutions not verified here). Govt aid: Fondo de Solidaridad becas (Ley 16.524) are restricted by statute to students of Udelar, UTU tertiary and UTEC, so they do not reach this institution; no other national household-means-tested grant for private-university undergraduates was found (departmental/municipal schemes not searched exhaustively). Inst aid: Fondo de Becas Concursables combines the aptitude test with financial need from a sworn household income declaration (2023 capture); also Becas de Reválidas (family economic situation) and the Fondo de Becas Sociales; excellence/olympiad becas are merit-only; Santander student credit line excluded (loan)."
URY-UDELAR,URY,Uruguay,Universidad de la República,801-850,public,ownership,no,public,0,0,0,UYU,uniform,,,907650.38,0.0000,free,free,,,no,free,not_applicable,yes,not_applicable,yes,,,,,,2023,high,agree,agree,V016,163288,undergraduate_headcount,2023,high,https://planeamiento.udelar.edu.uy/portal/wp-content/uploads/sites/33/2025/04/EB-2023.pdf,"Udelar 'estudiantes activos' of grado, persons counted once regardless of number of careers; includes all grado-ordinance levels (licenciaturas, professional degrees and tecnólogo/technical certifications), all services and regional centres. 'Activo' = some course/exam activity in 2021-2022 or 2023 entry cohort (Res. N°15 CDC 23/10/12). Programme-level registrations (matrícula activa por carrera) = 227,903, which equals the MEC Anuario 2023 Cuadro II-7.1.1 UdelaR sum; service-level registrations 197,801.",8,"Ley Orgánica 12.549 art. 66: official university teaching is free; students pay no matrícula, examination or any other university fee (current consolidated text; article not amended, regime in force in 2023). The Fondo de Solidaridad contribution is a special levy paid by GRADUATES earning over 8 BPC from the fifth year after graduation (Ley 16.524 art. 3), not a student charge; excluded from the headline. Control: public legal person operating as an autonomous entity (Ente Autónomo) under the Constitution (art. 1); governing council (CDC) formed by the rector, faculty delegates and members designated by the university's own Asamblea General del Claustro, not by the government (art. 8) - public by ownership. Govt aid: Fondo de Solidaridad becas, means-tested by statute (art. 7), financed by the graduates' special contribution (tax-code levy) and run by a non-state public body chaired by the MEC delegate; 9,168 recipients in 2023 across Udelar/UTEC/UTU, 91% at Udelar, about UYU 11,320 per month; share of Udelar enrolment not documented but clearly small - targeted. Inst aid: Bienestar Universitario 'Beca de Apoyo económico' (2 BPC per month, financed by Bienestar Universitario, for students with socioeconomic vulnerabilities; 2023 capture); meals, housing and transport becas are in-kind/other and not counted. | [V016] Checker V016: the Fondo de Solidaridad is coded government-funded because it is financed by a compulsory statutory tax ('contribución especial', Código Tributario art. 13) and run by a statutory public-law body whose commission is chaired by the MEC delegate with a majority designated by state bodies; it is not a voluntary alumni/foundation scheme under D036."
URY-UCU,URY,Uruguay,Universidad Católica del Uruguay,851-900,private_nonprofit,legal_form,no,private_not_govt_dependent,,,,UYU,,,,,,,,,,,,no,no,yes,unknown,,,,,,2023,low,agree,unresolved,V016,6680,first_degree_headcount,2023,high,https://www.gub.uy/ministerio-educacion-cultura/sites/ministerio-educacion-cultura/files/2025-04/Anuario%20Estad%C3%ADstico%20de%20Educaci%C3%B3n%202023.xlsx,"Derived sum of MATRÍCULA TOTAL in programas de grado for UCU across departments: Montevideo 6,028 + Maldonado 320 + Salto 332 = 6,680; equals the UCU total 6,680 in Cuadro II-7.2.2. Postgraduate matrícula 1,817 excluded. Persons vs programme enrolments not stated.",10,"HEADLINE NOT ESTABLISHED: UCU's official pages describe payment by equal consecutive monthly cuotas (plan básico; early-payment discount 'a partir de 12 cuotas') but publish no amounts; no 2023 schedule found. Nearest documented evidence is press only: El Observador (2019-09-19) reported UCU cuotas from UYU 13,881 (social sciences, early education) to UYU 29,758 (dentistry) per month, Psychology UYU 22,015 - 2019 prices, not used for the headline. Whether a separate matrícula exists was not established from an official source (aggregator claim of 'UYU 15,000' unsourced). Control: private Catholic university, 'institución de la Conferencia Episcopal del Uruguay confiada a la Compañía de Jesús' (Archbishop of Montevideo is Gran Canciller); authorised by decreto 343/984; private tertiary institutions must be non-profit civil associations or foundations (Decreto 104/014 art. 10). govt_dependent no: no per-student teaching grant, state fee payment or state free-tuition scheme found; indirect support only (special-donations tax regime used by private universities for scholarship funds and research, reported by El Observador 2019; general tax exemptions of teaching institutions not verified here). Govt aid: Fondo de Solidaridad becas (Ley 16.524) are restricted by statute to students of Udelar, UTU tertiary and UTEC, so they do not reach this institution; no other national household-means-tested grant for private-university undergraduates was found (departmental/municipal schemes not searched exhaustively). Inst aid: Becas Dámaso Antonio Larrañaga (100%/80%) and CEU (80%/50%) require household net income below UYU thresholds by household size and a sworn income declaration (2023 capture); excellence and 'buen desempeño' becas are merit-only; El Observador 2019 reported about 20% of UCU students receiving some aid (all types, 2019)."
HUN-S,HUN,Hungary,University of Szeged,601-610,private_nonprofit,legal_form,yes,private_govt_dependent,1465000,0,1465000,HUF,midpoint_of_range,230000,2700000,7841615.56,0.1868,moderate,moderate_or_high,low,high,yes,moderate,no,yes,yes,unknown,,,,,,2023/24,medium,agree,agree,V016,18669,first_degree_headcount,2023/24,high,https://firstat.oh.gov.hu/storage/Hallgat%C3%B3_202321.xlsx,"Autumn semester 2023/24 (2023/24 ősz) snapshot. Derived: sum of 'Hallgatók statisztikai száma' over all rows with Intézmény kód=SZTE and Képzési szint in {'alapképzés (BA/BSc/BProf)' = 13154, 'osztatlan képzés' (integrated/undivided long-cycle first degree) = 5515}. Excludes felsőoktatási szakképzés (short-cycle), mesterképzés, doktori, szakirányú továbbképzés, egyéb. All faculties/campuses; includes foreign students and all study modes (nappali/full-time 15579, levelező/part-time 2792, távoktatás 298). Bachelor-only alternative = 13154.",18,"Control private_nonprofit (strict test; classification-critical): in 2023/24 the university was maintained and owned by the Szegedi Tudományegyetemért Alapítvány, a public-interest trust foundation (KEKVA) set up by the State in 2021; the institution law (Act XXIII of 2021 1. § (4), 2. §) required the founding deed to assign the full founder's rights to the board of trustees (kuratórium) and transferred the maintainer's rights to the foundation; KEKVA Act 7. § (1)-(4) (time state 2023) makes that transfer irrevocable and has vacancies on the board filled by the board with the supervisory board (self-perpetuating after the initial ministerial appointments, which were not re-checked here); KEKVA Act 22. § (1): the foundation is the maintainer and owner; Nftv 4. § (1)(d)/(1a) classes institutions maintained by foundations as 'magán felsőoktatási intézmény'; felvi.hu 2023 lists the foundation as 'Fenntartó'. The foundation's founding deed (alapító okirat) itself was not opened (the only copy found, for Szeged, is a scanned PDF). govt_dependent_flag yes: state-scholarship (állami ösztöndíjas) places at the university (felvi 2023 capacity 7497 places) are free of charge for students (Nftv 81. §) and financed by the State; KEKVA Act 20.-21. § provide long-term public-task financing contracts and support at least equal to state institutions (contract amounts not collected). Later change (not 2023/24): Act XVIII of 2026 returned founder's rights to the State from 2026-06-29 and provides for winding up the foundations. Headline = self-financed (önköltséges) price per D038(1): places are state-financed (állami ösztöndíjas, tuition-free, Nftv 81. §) or self-financed by admission score; the free track is not the headline. Range from the felvi.hu archive of the 2023 general admission (September 2023 intake): 298 Hungarian-language full-time bachelor/undivided self-financed listings (teacher-training subject pairs and specialisations counted as listed), semester prices 115,000-1,350,000 HUF (min: germanisztika [német nemzetiségi], Szegedi Tudományegyetem Juhász Gyula Pedagógusképző Kar; max: fogorvos, Szegedi Tudományegyetem Fogorvostudományi Kar); most common 500,000 HUF/semester (206 listings); annualised x2 semesters (two-semester academic year; semester pricing stated on felvi) to 230,000-2,700,000, midpoint 1,465,000. Amounts apply to the 2023 entrant cohort. Part-time (levelező/esti), short-cycle (FOSZ) and master's programmes excluded; foreign-language listings in the Hungarian procedure excluded per D039 (mezőgazdasági mérnöki (angol nyelven) 350 000 Ft; gazdálkodási és menedzsment (angol nyelven) 300 000 Ft; turizmus-vendéglátás (angol nyelven) 300 000 Ft); separately admitted international English-taught programmes not collected. Compulsory fees 0 by rule plus absence: Nftv 83. § (1) makes the self-financed student pay the önköltség for the services listed in 81. § (1)-(2) and térítési díj only for the separately listed services (dormitory, repeat/late procedures, etc.); no fee paid by every student each semester was found. govt_need_aid targeted: the regular social scholarship (rendszeres szociális ösztöndíj, 51/2007 Korm. rendelet 16. §) is a monthly cash grant based on social situation, which must take into account the income of the household members (21. § (1) a)); it is paid from the state student-support normative (Nftv 84. § (2) a)) and is limited to full-time state-scholarship students (2. § (1) g)), so the self-financed headline student is not eligible (D038: coded anyway); first-year alaptámogatás follows the same test. Bursa Hungarica (municipal plus institutional part, social-need only, 18. §) is open to full-time students. Recipient shares not found. National rules cited once per institution. inst_need_aid targeted (medium): SZTE Faculty of Health Sciences and Social Studies rules (in force since 2018-10-04; nearest-year) allow a discretionary social-grounds reduction of up to 50% of the önköltség, subject to the faculty budget; other SZTE faculties' rules not checked. Foundation 'rászorultsági alapú támogatás' tasks (KEKVA Act annex) are the foundation's, not counted (D036).  | [V016] Checker V016 (control): private under D041 confirmed - private-law KEKVA foundation (preamble 'magánjogi szereplőként'); the State as founder assigned all founder's rights irrevocably to the board (institution act 1. § (4); KEKVA 7. § (1)); board vacancies filled by the board with the supervisory board in 2023/24 (KEKVA 7. § (4)); the State keeps only a residual claim on assets on dissolution without successor (KEKVA 14. § (3)), not ownership. Sensitivity flag: most 2023/24 members were named by the State as founder in 2021. Szeged's foundation elected its own replacement board member in April 2023 (Szeged365). band_unstable yes (2.9%-34.4%)."
HUN-D,HUN,Hungary,University of Debrecen,671-680,private_nonprofit,legal_form,yes,private_govt_dependent,1510000,0,1510000,HUF,midpoint_of_range,320000,2700000,7841615.56,0.1926,moderate,moderate_or_high,low,high,yes,moderate,no,yes,yes,unknown,,,,,,2023/24,medium,agree,agree,V016,24084,first_degree_headcount,2023/24,high,https://firstat.oh.gov.hu/storage/Hallgat%C3%B3_202321.xlsx,"Autumn semester 2023/24 (2023/24 ősz) snapshot. Derived: sum of 'Hallgatók statisztikai száma' over all rows with Intézmény kód=DE and Képzési szint in {'alapképzés (BA/BSc/BProf)' = 17554, 'osztatlan képzés' (integrated/undivided long-cycle first degree) = 6530}. Excludes felsőoktatási szakképzés (short-cycle), mesterképzés, doktori, szakirányú továbbképzés, egyéb. All faculties/campuses; includes foreign students and all study modes (nappali/full-time 19625, levelező/part-time 4459). Bachelor-only alternative = 17554.",19,"Control private_nonprofit (strict test; classification-critical): in 2023/24 the university was maintained and owned by the Gróf Tisza István Debreceni Egyetemért Alapítvány, a public-interest trust foundation (KEKVA) set up by the State in 2021; the institution law (Act XIII of 2021 1. § (4), 2. §) required the founding deed to assign the full founder's rights to the board of trustees (kuratórium) and transferred the maintainer's rights to the foundation; KEKVA Act 7. § (1)-(4) (time state 2023) makes that transfer irrevocable and has vacancies on the board filled by the board with the supervisory board (self-perpetuating after the initial ministerial appointments, which were not re-checked here); KEKVA Act 22. § (1): the foundation is the maintainer and owner; Nftv 4. § (1)(d)/(1a) classes institutions maintained by foundations as 'magán felsőoktatási intézmény'; felvi.hu 2023 lists the foundation as 'Fenntartó'. The foundation's founding deed (alapító okirat) itself was not opened (the only copy found, for Szeged, is a scanned PDF). govt_dependent_flag yes: state-scholarship (állami ösztöndíjas) places at the university (felvi 2023 capacity 7494 places) are free of charge for students (Nftv 81. §) and financed by the State; KEKVA Act 20.-21. § provide long-term public-task financing contracts and support at least equal to state institutions (contract amounts not collected). Later change (not 2023/24): Act XVIII of 2026 returned founder's rights to the State from 2026-06-29 and provides for winding up the foundations. Headline = self-financed (önköltséges) price per D038(1): places are state-financed (állami ösztöndíjas, tuition-free, Nftv 81. §) or self-financed by admission score; the free track is not the headline. Range from the felvi.hu archive of the 2023 general admission (September 2023 intake): 289 Hungarian-language full-time bachelor/undivided self-financed listings (teacher-training subject pairs and specialisations counted as listed), semester prices 160,000-1,350,000 HUF (min: csecsemő- és kisgyermeknevelő, Debreceni Egyetem Gyermeknevelési és Gyógypedagógiai Kar; max: fogorvos, Debreceni Egyetem Fogorvostudományi Kar); most common 500,000 HUF/semester (180 listings); annualised x2 semesters (two-semester academic year; semester pricing stated on felvi) to 320,000-2,700,000, midpoint 1,510,000. Amounts apply to the 2023 entrant cohort. Part-time (levelező/esti), short-cycle (FOSZ) and master's programmes excluded; foreign-language listings in the Hungarian procedure excluded per D039 (építőmérnöki (angol nyelven) 325 000 Ft; repülőmérnöki (angol nyelven) 4 575 000 Ft); separately admitted international English-taught programmes not collected. Compulsory fees 0 by rule plus absence: Nftv 83. § (1) makes the self-financed student pay the önköltség for the services listed in 81. § (1)-(2) and térítési díj only for the separately listed services (dormitory, repeat/late procedures, etc.); no fee paid by every student each semester was found. govt_need_aid targeted: the regular social scholarship (rendszeres szociális ösztöndíj, 51/2007 Korm. rendelet 16. §) is a monthly cash grant based on social situation, which must take into account the income of the household members (21. § (1) a)); it is paid from the state student-support normative (Nftv 84. § (2) a)) and is limited to full-time state-scholarship students (2. § (1) g)), so the self-financed headline student is not eligible (D038: coded anyway); first-year alaptámogatás follows the same test. Bursa Hungarica (municipal plus institutional part, social-need only, 18. §) is open to full-time students. Recipient shares not found. National rules cited once per institution. inst_need_aid targeted: UD TJSZ (amendment 10, 21 Sept 2023) 5. § (2) allows exemptions/discounts on the önköltség for 'kirívóan rossz szociális helyzet' (social-scholarship categories, documented), decided by the faculty committee; first semester of self-financed entrants only instalments. Foundation support not counted (D036).  | [V016] Checker V016 (control): private under D041 confirmed - private-law KEKVA foundation (preamble 'magánjogi szereplőként'); the State as founder assigned all founder's rights irrevocably to the board (institution act 1. § (4); KEKVA 7. § (1)); board vacancies filled by the board with the supervisory board in 2023/24 (KEKVA 7. § (4)); the State keeps only a residual claim on assets on dissolution without successor (KEKVA 14. § (3)), not ownership. Sensitivity flag: most 2023/24 members were named by the State as founder in 2021. band_unstable yes (4.1%-34.4%); DE engineering 2023/24 table (325 thousand HUF/semester) consistent with the range."
HUN-EL,HUN,Hungary,Eötvös Loránd University,701-710,public,ownership,no,public,995000,0,995000,HUF,midpoint_of_range,390000,1600000,7841615.56,0.1269,moderate,moderate_or_high,low,moderate,yes,low_moderate,no,yes,yes,unknown,,,,,,2023/24,high,agree,agree,V016,25588,first_degree_headcount,2023/24,high,https://firstat.oh.gov.hu/storage/Hallgat%C3%B3_202321.xlsx,"Autumn semester 2023/24 (2023/24 ősz) snapshot. Derived: sum of 'Hallgatók statisztikai száma' over all rows with Intézmény kód=ELTE and Képzési szint in {'alapképzés (BA/BSc/BProf)' = 20674, 'osztatlan képzés' (integrated/undivided long-cycle first degree) = 4914}. Excludes felsőoktatási szakképzés (short-cycle), mesterképzés, doktori, szakirányú továbbképzés, egyéb. All faculties/campuses; includes foreign students and all study modes (nappali/full-time 22275, levelező/part-time 3005, esti 308). Bachelor-only alternative = 20674.",14,"Control public: state-maintained budgetary institution (költségvetési szerv); founding deed issued by the Minister, with the Ministry of Culture and Innovation as directing body and maintainer (ELTE deed II/2058-4/2023, applicable from 2023-08-01); Nftv 4. § (3)-(4); felvi.hu 2023 lists the Ministry as 'Fenntartó'. Not transferred to a KEKVA foundation. Headline = self-financed (önköltséges) price per D038(1): places are state-financed (állami ösztöndíjas, tuition-free, Nftv 81. §) or self-financed by admission score; the free track is not the headline. Range from the felvi.hu archive of the 2023 general admission (September 2023 intake): 549 Hungarian-language full-time bachelor/undivided self-financed listings (teacher-training subject pairs and specialisations counted as listed), semester prices 195,000-800,000 HUF (min: gazdálkodási és menedzsment (Szombathely), Eötvös Loránd Tudományegyetem Társadalomtudományi Kar; max: mozgókép [film- és televíziórendezés], Eötvös Loránd Tudományegyetem Bölcsészettudományi Kar); most common 500,000 HUF/semester (456 listings); annualised x2 semesters (two-semester academic year; semester pricing stated on felvi) to 390,000-1,600,000, midpoint 995,000. Amounts apply to the 2023 entrant cohort. Part-time (levelező/esti), short-cycle (FOSZ) and master's programmes excluded; foreign-language listings in the Hungarian procedure excluded per D039 (nemzetközi gazdálkodás (angol nyelven) 350 000 Ft; pénzügy és számvitel (angol nyelven) 350 000 Ft; óvodapedagógus (angol nyelven) 200 000 Ft; nemzetközi tanulmányok (angol nyelven) 300 000 Ft; szociológia (angol nyelven) 300 000 Ft); separately admitted international English-taught programmes not collected. ELTE's minimum is at its Szombathely campus; cross-check: ELTE AJK 2023/24 table gives jogász nappali 350 000 Ft/semester for 2023 entrants, matching felvi. Compulsory fees 0 by rule plus absence: Nftv 83. § (1) makes the self-financed student pay the önköltség for the services listed in 81. § (1)-(2) and térítési díj only for the separately listed services (dormitory, repeat/late procedures, etc.); no fee paid by every student each semester was found. govt_need_aid targeted: the regular social scholarship (rendszeres szociális ösztöndíj, 51/2007 Korm. rendelet 16. §) is a monthly cash grant based on social situation, which must take into account the income of the household members (21. § (1) a)); it is paid from the state student-support normative (Nftv 84. § (2) a)) and is limited to full-time state-scholarship students (2. § (1) g)), so the self-financed headline student is not eligible (D038: coded anyway); first-year alaptámogatás follows the same test. Bursa Hungarica (municipal plus institutional part, social-need only, 18. §) is open to full-time students. Recipient shares not found. National rules cited once per institution. inst_need_aid targeted (medium): ELTE HKR faculty provisions allow önköltség reductions conditional on household-income documentation (Bárczi Faculty 310. § (6)-(7): up to 50%, max 4 times, plus a credit condition; Faculty of Primary and Pre-School Education 516. § (3): up to 15%); text is the 2018 consolidation served in April 2023 (nearest-year); university-wide rule not established. "
HUN-BTE,HUN,Hungary,Budapest University of Technology and Economics,741-750,public,ownership,no,public,800000,0,800000,HUF,midpoint_of_range,600000,1000000,7841615.56,0.1020,moderate,moderate_or_high,low_moderate,moderate,yes,low_moderate,no,yes,yes,unknown,,,,,,2023/24,high,agree,agree,V016,13573,first_degree_headcount,2023/24,high,https://firstat.oh.gov.hu/storage/Hallgat%C3%B3_202321.xlsx,"Autumn semester 2023/24 (2023/24 ősz) snapshot. Derived: sum of 'Hallgatók statisztikai száma' over all rows with Intézmény kód=BME and Képzési szint in {'alapképzés (BA/BSc/BProf)' = 12496, 'osztatlan képzés' (integrated/undivided long-cycle first degree) = 1077}. Excludes felsőoktatási szakképzés (short-cycle), mesterképzés, doktori, szakirányú továbbképzés, egyéb. All faculties/campuses; includes foreign students and all study modes (nappali/full-time 13514, levelező/part-time 59). Bachelor-only alternative = 12496.",15,"Control public: state-maintained budgetary institution (költségvetési szerv); founding deed issued by the Minister, with the Ministry of Culture and Innovation as directing body and maintainer (BME deed II/554-1/2022/PKF, applicable from 2022-07-01); Nftv 4. § (3)-(4); felvi.hu 2023 lists the Ministry as 'Fenntartó'. Not transferred to a KEKVA foundation. Headline = self-financed (önköltséges) price per D038(1): places are state-financed (állami ösztöndíjas, tuition-free, Nftv 81. §) or self-financed by admission score; the free track is not the headline. Range from the felvi.hu archive of the 2023 general admission (September 2023 intake): 26 Hungarian-language full-time bachelor/undivided self-financed listings (teacher-training subject pairs and specialisations counted as listed), semester prices 300,000-500,000 HUF (min: gazdálkodási és menedzsment, Budapesti Műszaki és Gazdaságtudományi Egyetem Gazdaság- és Társadalomtudományi Kar; max: matematika, Budapesti Műszaki és Gazdaságtudományi Egyetem Természettudományi Kar); most common 325,000 HUF/semester (19 listings); annualised x2 semesters (two-semester academic year; semester pricing stated on felvi) to 600,000-1,000,000, midpoint 800,000. Amounts apply to the 2023 entrant cohort. Part-time (levelező/esti), short-cycle (FOSZ) and master's programmes excluded; foreign-language listings in the Hungarian procedure excluded per D039 (fizikus-mérnöki (angol nyelven) 325 000 Ft); separately admitted international English-taught programmes not collected. Compulsory fees 0 by rule plus absence: Nftv 83. § (1) makes the self-financed student pay the önköltség for the services listed in 81. § (1)-(2) and térítési díj only for the separately listed services (dormitory, repeat/late procedures, etc.); no fee paid by every student each semester was found (BME TJSZ lists only önköltség, dormitory, service and special-procedure fees). govt_need_aid targeted: the regular social scholarship (rendszeres szociális ösztöndíj, 51/2007 Korm. rendelet 16. §) is a monthly cash grant based on social situation, which must take into account the income of the household members (21. § (1) a)); it is paid from the state student-support normative (Nftv 84. § (2) a)) and is limited to full-time state-scholarship students (2. § (1) g)), so the self-financed headline student is not eligible (D038: coded anyway); first-year alaptámogatás follows the same test. Bursa Hungarica (municipal plus institutional part, social-need only, 18. §) is open to full-time students including self-financed ones at BME (TJSZ). Recipient shares not found. National rules cited once per institution. inst_need_aid targeted: BME TJSZ ('Önköltségi díj' (6)-(7), in force since 2020-06-30) allows partial or full fee concessions decided by the rector with the chancellor, considering social situation (per 25. § or the Equal Opportunities Committee's proposal); recipient numbers not found.  | [V016] Checker V016: BME charges a base fee plus a per-credit fee (2023 entrants: matematika 200 000 + 10 000 Ft/credit; engineering 145 000 + 6 000; gazdálkodási és menedzsment 120 000 + 6 000); the felvi amounts equal these at 30 credits/semester. Midpoint 800,000 = 10.20% of GDP pc, 2% above the moderate cut-off; band_unstable yes; the modal price (650,000 = 8.3%) would be low_moderate - near-threshold case for the paper."
HUN-P,HUN,Hungary,University of Pecs,801-850,private_nonprofit,legal_form,yes,private_govt_dependent,1550000,0,1550000,HUF,midpoint_of_range,400000,2700000,7841615.56,0.1977,moderate,moderate_or_high,low_moderate,high,yes,moderate,no,yes,yes,unknown,,,,,,2023/24,medium,agree,agree,V016,17923,first_degree_headcount,2023/24,high,https://firstat.oh.gov.hu/storage/Hallgat%C3%B3_202321.xlsx,"Autumn semester 2023/24 (2023/24 ősz) snapshot. Derived: sum of 'Hallgatók statisztikai száma' over all rows with Intézmény kód=PTE and Képzési szint in {'alapképzés (BA/BSc/BProf)' = 11662, 'osztatlan képzés' (integrated/undivided long-cycle first degree) = 6261}. Excludes felsőoktatási szakképzés (short-cycle), mesterképzés, doktori, szakirányú továbbképzés, egyéb. All faculties/campuses; includes foreign students and all study modes (nappali/full-time 14833, levelező/part-time 3053, távoktatás 37). Bachelor-only alternative = 11662.",17,"Control private_nonprofit (strict test; classification-critical): in 2023/24 the university was maintained and owned by the Universitas Quinqueecclesiensis Alapítvány, a public-interest trust foundation (KEKVA) set up by the State in 2021; the institution law (Act XXVI of 2021 1. § (4), 2. §) required the founding deed to assign the full founder's rights to the board of trustees (kuratórium) and transferred the maintainer's rights to the foundation; KEKVA Act 7. § (1)-(4) (time state 2023) makes that transfer irrevocable and has vacancies on the board filled by the board with the supervisory board (self-perpetuating after the initial ministerial appointments, which were not re-checked here); KEKVA Act 22. § (1): the foundation is the maintainer and owner; Nftv 4. § (1)(d)/(1a) classes institutions maintained by foundations as 'magán felsőoktatási intézmény'; felvi.hu 2023 lists the foundation as 'Fenntartó'. The foundation's founding deed (alapító okirat) itself was not opened (the only copy found, for Szeged, is a scanned PDF). govt_dependent_flag yes: state-scholarship (állami ösztöndíjas) places at the university (felvi 2023 capacity 5845 places) are free of charge for students (Nftv 81. §) and financed by the State; KEKVA Act 20.-21. § provide long-term public-task financing contracts and support at least equal to state institutions (contract amounts not collected). Later change (not 2023/24): Act XVIII of 2026 returned founder's rights to the State from 2026-06-29 and provides for winding up the foundations. Headline = self-financed (önköltséges) price per D038(1): places are state-financed (állami ösztöndíjas, tuition-free, Nftv 81. §) or self-financed by admission score; the free track is not the headline. Range from the felvi.hu archive of the 2023 general admission (September 2023 intake): 322 Hungarian-language full-time bachelor/undivided self-financed listings (teacher-training subject pairs and specialisations counted as listed), semester prices 200,000-1,350,000 HUF (min: csecsemő- és kisgyermeknevelő (Szekszárd), Pécsi Tudományegyetem Kultúratudományi, Pedagógusképző és Vidékfejlesztési Kar; max: fogorvos, Pécsi Tudományegyetem Általános Orvostudományi Kar); most common 500,000 HUF/semester (213 listings); annualised x2 semesters (two-semester academic year; semester pricing stated on felvi) to 400,000-2,700,000, midpoint 1,550,000. Amounts apply to the 2023 entrant cohort. Part-time (levelező/esti), short-cycle (FOSZ) and master's programmes excluded; foreign-language listings in the Hungarian procedure excluded per D039 (biotechnológia (angol nyelven) 400 000 Ft; kommunikáció- és médiatudomány (angol nyelven) 300 000 Ft; nemzetközi tanulmányok (angol nyelven) 250 000 Ft; pedagógia (angol nyelven) 300 000 Ft; pszichológia (angol nyelven) 300 000 Ft; régészet (angol nyelven) 300 000 Ft; romológia (angol nyelven) 300 000 Ft; szabad bölcsészet (angol nyelven) 300 000 Ft; szociális munka (angol nyelven) 225 000 Ft; gazdálkodási és menedzsment (angol nyelven) 400 000 Ft; biológia (angol nyelven) 500 000 Ft; edző (angol nyelven) 225 000 Ft; fizika (angol nyelven) 500 000 Ft; földrajz (angol nyelven) 500 000 Ft; földtudományi (angol nyelven) 500 000 Ft; kémia (angol nyelven) 500 000 Ft; matematika (angol nyelven) 500 000 Ft; programtervező informatikus (angol nyelven) 325 000 Ft); separately admitted international English-taught programmes not collected. Compulsory fees 0 by rule plus absence: Nftv 83. § (1) makes the self-financed student pay the önköltség for the services listed in 81. § (1)-(2) and térítési díj only for the separately listed services (dormitory, repeat/late procedures, etc.); no fee paid by every student each semester was found. govt_need_aid targeted: the regular social scholarship (rendszeres szociális ösztöndíj, 51/2007 Korm. rendelet 16. §) is a monthly cash grant based on social situation, which must take into account the income of the household members (21. § (1) a)); it is paid from the state student-support normative (Nftv 84. § (2) a)) and is limited to full-time state-scholarship students (2. § (1) g)), so the self-financed headline student is not eligible (D038: coded anyway); first-year alaptámogatás follows the same test. Bursa Hungarica (municipal plus institutional part, social-need only, 18. §) is open to full-time students. Recipient shares not found. National rules cited once per institution. inst_need_aid targeted: PTE TJSZ 48. § (1) (last amended 2023-01-19) allows a reduction of the önköltség on the basis of social situation, rules set by each faculty's dean's instruction, within a faculty annual cap; faculty instructions not opened. Foundation support not counted (D036).  | [V016] Checker V016 (control): private under D041 confirmed - private-law KEKVA foundation (preamble 'magánjogi szereplőként'); the State as founder assigned all founder's rights irrevocably to the board (institution act 1. § (4); KEKVA 7. § (1)); board vacancies filled by the board with the supervisory board in 2023/24 (KEKVA 7. § (4)); the State keeps only a residual claim on assets on dissolution without successor (KEKVA 14. § (3)), not ownership. Sensitivity flag: most 2023/24 members were named by the State as founder in 2021. band_unstable yes (5.1%-34.4%); PTE TTK 2023/24 table consistent with the range."
AUT-V,AUT,Austria,University of Vienna,=130,public,ownership,no,public,0,45.40,45.40,EUR,uniform,,,52326.96,0.0009,free,free,,,no,free,unknown,yes,unknown,unknown,,12.1,,,,2023/24,high,agree,agree,V016,85250,total_headcount,"2023/24 (Wintersemester 2023, reference date 28.02.2024)",high,https://unidata.gv.at/assets/files/Studierende-%C3%B6ffentliche-Universit%C3%A4ten.csv,"FLAG: includes postgraduates (master, doctoral) and non-degree (außerordentliche) students. Derived sum of ""Studierende (PU)"" over 6 rows (Austria/EU/Drittstaaten x women/men) for ""Universität Wien"". No student headcount by study type is published in unidata open data; degree students (ord. Studierende) = 80090. For context, ordinary study enrolments (studies, not persons; a student can hold several) WS2023: Bachelorstudium 51735, Diplomstudium 8322 (first-degree types). Public university only (medical universities are separate institutions).",8,"Control: public-law legal person (UG 2002 § 4) listed in and established/abolished by federal statute (§ 6); Universitätsrat: Senate elects 2-4, Federal Government appoints 2-4 (equal numbers), one further member co-opted, so the state appoints a minority of the council; coded public on statutory creation by and legal supervision of the Bund (§ 9), not on a state-appointed majority - flag for the checker. Tuition 0 per D038(2): EU/EEA students pay no Studienbeitrag within minimum duration + 2 tolerance semesters (bachelor: liable from the 9th semester), beyond that EUR 363.36/semester (UG § 91(1)). Fees = ÖH-Beitrag 22.70 x 2 (WS 2023/24 + SS 2024) = 45.40; it includes EUR 0.70/semester ÖH accident and liability insurance, which is not separately payable or optional. govt_need_aid targeted: Studienbeihilfe (grant tested on parental income; 12.1% of domestic-educated students received the conventional grant in 2023); Studienbeihilfe nach Selbsterhalt (7.9%) does not test parental income and is excluded by D037(2). inst_need_aid unknown: a one-off EUR 50,000 cost-of-living support from university-administered foundation money (Dec 2022), processed through the ÖH Sozialtopf, was found; its existence in 2023/24 is not established; the ÖH Sozialtopf itself is union-run (not counted, D036)."
AUT-TW,AUT,Austria,Technische Universität Wien,=184,public,ownership,no,public,0,45.40,45.40,EUR,uniform,,,52326.96,0.0009,free,free,,,no,free,unknown,yes,unknown,unknown,,12.1,,,,2023/24,medium,agree,agree,V016,25743,total_headcount,"2023/24 (Wintersemester 2023, reference date 28.02.2024)",high,https://unidata.gv.at/assets/files/Studierende-%C3%B6ffentliche-Universit%C3%A4ten.csv,"FLAG: includes postgraduates (master, doctoral) and non-degree (außerordentliche) students. Derived sum of ""Studierende (PU)"" over 6 rows (Austria/EU/Drittstaaten x women/men) for ""Technische Universität Wien"". No student headcount by study type is published in unidata open data; degree students (ord. Studierende) = 24739. For context, ordinary study enrolments (studies, not persons; a student can hold several) WS2023: Bachelorstudium 15443, Diplomstudium 7 (first-degree types). Public university only (medical universities are separate institutions).",9,"Control: public-law legal person (UG 2002 § 4) listed in and established/abolished by federal statute (§ 6); Universitätsrat: Senate elects 2-4, Federal Government appoints 2-4 (equal numbers), one further member co-opted, so the state appoints a minority of the council; coded public on statutory creation by and legal supervision of the Bund (§ 9), not on a state-appointed majority - flag for the checker. Tuition 0 per D038(2): no Studienbeitrag within Regelstudiendauer + 2 tolerance semesters (bachelor 6+2), then EUR 363.36/semester (UG § 91(1)). Fees = ÖH-Beitrag 22.70 x 2 = 45.40 incl. EUR 0.70/semester insurance (not separable); the TU Wien pages captured in 2023/24 state that the fee is compulsory for all students but give no amount, so the amount is taken from national ÖH sources (one nationwide rate for 2023/24), hence medium confidence. govt_need_aid targeted: Studienbeihilfe (grant tested on parental income; 12.1% of domestic-educated students received the conventional grant in 2023); Studienbeihilfe nach Selbsterhalt (7.9%) does not test parental income and is excluded by D037(2). inst_need_aid unknown: only union-run (HTU/ÖH) hardship funds surfaced in a bounded search; no TU Wien-funded means-tested aid established."
AUT-I,AUT,Austria,Universität Innsbruck,=362,public,ownership,no,public,0,45.40,45.40,EUR,uniform,,,52326.96,0.0009,free,free,,,no,free,unknown,yes,unknown,yes,,12.1,,,,2023/24,high,agree,agree,V016,27576,total_headcount,"2023/24 (Wintersemester 2023, reference date 28.02.2024)",high,https://unidata.gv.at/assets/files/Studierende-%C3%B6ffentliche-Universit%C3%A4ten.csv,"FLAG: includes postgraduates (master, doctoral) and non-degree (außerordentliche) students. Derived sum of ""Studierende (PU)"" over 6 rows (Austria/EU/Drittstaaten x women/men) for ""Universität Innsbruck"". No student headcount by study type is published in unidata open data; degree students (ord. Studierende) = 26971. For context, ordinary study enrolments (studies, not persons; a student can hold several) WS2023: Bachelorstudium 16789, Diplomstudium 2376 (first-degree types). Public university only (medical universities are separate institutions).",8,"Control: public-law legal person (UG 2002 § 4) listed in and established/abolished by federal statute (§ 6); Universitätsrat: Senate elects 2-4, Federal Government appoints 2-4 (equal numbers), one further member co-opted, so the state appoints a minority of the council; coded public on statutory creation by and legal supervision of the Bund (§ 9), not on a state-appointed majority - flag for the checker. Tuition 0 per D038(2): only the ÖH-Beitrag within designated duration + 2 tolerance semesters, then EUR 363.36/semester. Fees = ÖH-Beitrag 22.70 x 2 = 45.40 (stated by Innsbruck for Studienjahr 2023/2024; includes EUR 0.70/semester ÖH insurance, not separable). Joint programmes with the private UMIT charge fees at UMIT (separate track, D039; excluded). govt_need_aid targeted: Studienbeihilfe (grant tested on parental income; 12.1% of domestic-educated students received the conventional grant in 2023); Studienbeihilfe nach Selbsterhalt (7.9%) does not test parental income and is excluded by D037(2). inst_need_aid targeted: university-run Sozialtopf (Träger: the university; test on household income incl. parents; limited funds, one-off payments, no entitlement); the guideline file was unchanged 2022-2025, and the 2023/24 funding volume is not documented."
AUT-GT,AUT,Austria,Graz University of Technology,=421,public,ownership,no,public,0,45.40,45.40,EUR,uniform,,,52326.96,0.0009,free,free,,,no,free,unknown,yes,unknown,unknown,,12.1,,,,2023/24,high,agree,agree,V016,17032,total_headcount,"2023/24 (Wintersemester 2023, reference date 28.02.2024)",high,https://unidata.gv.at/assets/files/Studierende-%C3%B6ffentliche-Universit%C3%A4ten.csv,"FLAG: includes postgraduates (master, doctoral) and non-degree (außerordentliche) students. Derived sum of ""Studierende (PU)"" over 6 rows (Austria/EU/Drittstaaten x women/men) for ""Technische Universität Graz"". No student headcount by study type is published in unidata open data; degree students (ord. Studierende) = 16499. For context, ordinary study enrolments (studies, not persons; a student can hold several) WS2023: Bachelorstudium 8700, Diplomstudium 0 (first-degree types). Public university only (medical universities are separate institutions).",7,"Control: public-law legal person (UG 2002 § 4) listed in and established/abolished by federal statute (§ 6); Universitätsrat: Senate elects 2-4, Federal Government appoints 2-4 (equal numbers), one further member co-opted, so the state appoints a minority of the council; coded public on statutory creation by and legal supervision of the Bund (§ 9), not on a state-appointed majority - flag for the checker. Tuition 0 per D038(2): Studienbeitrag only after designated duration + 2 tolerance semesters, then EUR 363.36/semester. Fees = ÖH-Beitrag 22.70 x 2 = 45.40 (TU Graz page, Jan 2024; SS 2024 at the same per-Studienjahr rate per ÖH); includes EUR 0.70/semester ÖH insurance, not separable. govt_need_aid targeted: Studienbeihilfe (grant tested on parental income; 12.1% of domestic-educated students received the conventional grant in 2023); Studienbeihilfe nach Selbsterhalt (7.9%) does not test parental income and is excluded by D037(2). inst_need_aid unknown: only the union-run HTU Graz/ÖH social fund surfaced in a bounded search (not counted, D036)."
AUT-JKL,AUT,Austria,Johannes Kepler University Linz,=446,public,ownership,no,public,0,45.40,45.40,EUR,uniform,,,52326.96,0.0009,free,free,,,no,free,unknown,yes,unknown,unknown,,12.1,,,,2023/24,high,agree,agree,V016,24569,total_headcount,"2023/24 (Wintersemester 2023, reference date 28.02.2024)",high,https://unidata.gv.at/assets/files/Studierende-%C3%B6ffentliche-Universit%C3%A4ten.csv,"FLAG: includes postgraduates (master, doctoral) and non-degree (außerordentliche) students. Derived sum of ""Studierende (PU)"" over 6 rows (Austria/EU/Drittstaaten x women/men) for ""Universität Linz"". No student headcount by study type is published in unidata open data; degree students (ord. Studierende) = 23441. For context, ordinary study enrolments (studies, not persons; a student can hold several) WS2023: Bachelorstudium 9162, Diplomstudium 5851 (first-degree types). Public university only (medical universities are separate institutions).",7,"Control: public-law legal person (UG 2002 § 4) listed in and established/abolished by federal statute (§ 6); Universitätsrat: Senate elects 2-4, Federal Government appoints 2-4 (equal numbers), one further member co-opted, so the state appoints a minority of the council; coded public on statutory creation by and legal supervision of the Bund (§ 9), not on a state-appointed majority - flag for the checker. JKU appears in UG § 6(1) Z 14 as ""Universität Linz"". Tuition 0 per D038(2): EU/EEA exempt within designated duration + 2 tolerance semesters, then EUR 363.36/semester. Fees = ÖH-Beitrag 22.70 x 2 = 45.40 (JKU: 22.70 ""Stand WS 23/24""; SS 2024 at the same per-Studienjahr rate per ÖH); includes EUR 0.70/semester ÖH insurance, not separable. govt_need_aid targeted: Studienbeihilfe (grant tested on parental income; 12.1% of domestic-educated students received the conventional grant in 2023); Studienbeihilfe nach Selbsterhalt (7.9%) does not test parental income and is excluded by D037(2). inst_need_aid unknown: only union-run ÖH JKU social funds surfaced in a bounded search (not counted, D036)."
CHE-EZ,CHE,Switzerland,ETH Zurich,7,public,ownership_and_appointment,no,public,1460,148,1608,CHF,uniform,,,93847.06,0.0171,low,low_to_low_moderate,,,no,free,unknown,yes,unknown,yes,,7,,,,2023/24,high,agree,agree,V017,10948,first_degree_headcount,2023/24 (winter semester),high,https://www.pxweb.bfs.admin.ch/api/v1/de/px-x-1502040100_105/px-x-1502040100_105.px,"BFS cell: students at university ""ETHZ"", Studienstufe ""Bachelor"", all fields of study (Fachrichtung eliminated = total), 2023/24. Headcount of all enrolled students (full- and part-time, all nationalities). Excludes ""Lizenziat/Diplom"" students (239 in 2023/24), master, doctorate, continuing education and other.",7,"Tuition CHF 730 per semester for regular Bachelor/Master enrolment x2 (HS 2023 + FS 2024), same for Swiss and foreign students in 2023/24. Compulsory semester fees CHF 74 x2 = ASVZ 35 + scholarship fund 7 + VSETH general-services fee 32; voluntary items (VSETH membership 10, SOS-eth 5, solidarity fund 5) and one-off application/entrance-exam fees excluded. Source: ETH fee sheet dated June 2023 (Fee Ordinance for the ETH Domain, state 01 Sep 2022), Wayback 2024-03-05; the swissuniversities table (730 + 74) quoted by the Basel-Stadt government in Dec 2024 agrees. Control: federal institution; ETH Act art. 1(2) 'Diese Anstalten werden vom Bund gefuehrt', art. 5 autonomous public-law institution of the Confederation; the Federal Council elects all appointed ETH Board members (art. 24) and the school presidents (art. 28). Govt aid: cantonal study grants (Stipendien, non-repayable; loans separate) tested on parental income/assets, granted by the student's canton of stipend residence (normally the parents' canton), so the home canton's scheme applies; cited: Canton of Zurich as the reference example. Coded targeted: BFS reports a 7% grant-recipient rate across post-compulsory education in 2022 (national; institution-level share not documented). Inst aid: ETH social scholarships (subsidiary; awarded on official evidence of financial circumstances, 'if financial resources are available'; family responsible first) - targeted; ESOP excellence scholarship (Master, merit) excluded."
CHE-E,CHE,Switzerland,EPFL,36,public,ownership_and_appointment,no,public,1460,50,1510,CHF,uniform,,,93847.06,0.0161,low,low_to_low_moderate,,,no,free,unknown,yes,unknown,yes,,7,,,,2023/24,high,agree,agree,V017,6773,first_degree_headcount,2023/24 (winter semester),high,https://www.pxweb.bfs.admin.ch/api/v1/de/px-x-1502040100_105/px-x-1502040100_105.px,"BFS cell: students at university ""EPFL"", Studienstufe ""Bachelor"", all fields of study (Fachrichtung eliminated = total), 2023/24. Headcount of all enrolled students (full- and part-time, all nationalities). Excludes ""Lizenziat/Diplom"" students (0 in 2023/24), master, doctorate, continuing education and other.",8,"Semester invoice CHF 780 = tuition 730 + AGEPoly membership 25 + sports facilities 16 + social fund 9; AGEPoly membership is refundable on request (opt-out), so excluded; compulsory fees = (16+9) x2 = 50 (sensitivity incl. AGEPoly: 1,610). Same rate for Swiss and foreign students in 2023/24. Wayback capture 2023-11-02 of the EPFL fee page. Control: federal institution under the ETH Act (art. 1(2), art. 5; the Federal Council elects the ETH Board, art. 24, and the school president, art. 28). Govt aid: cantonal study grants (Stipendien, non-repayable; loans separate) tested on parental income/assets, granted by the student's canton of stipend residence (normally the parents' canton), so the home canton's scheme applies; cited: Canton of Vaud (OCBE; parents' contributory share from their determining income) as the reference example. Coded targeted: BFS reports a 7% grant-recipient rate across post-compulsory education in 2022 (national; institution-level share not documented). Inst aid: EPFL social scholarship (EPFL ordinance on study grants; hardship criteria including the situation of the persons in charge of the applicant; subsidiary to parental contribution and state grants) - targeted; merit-based Bachelor excellence fellowships excluded."
CHE-Z,CHE,Switzerland,University of Zurich,=91,public,ownership_and_appointment,no,public,1440,118,1558,CHF,uniform,,,93847.06,0.0166,low,low_to_low_moderate,,,no,free,unknown,yes,unknown,yes,,7,,,,2023/24,high,agree,agree,V017,14324,first_degree_headcount,2023/24 (winter semester),high,https://www.pxweb.bfs.admin.ch/api/v1/de/px-x-1502040100_105/px-x-1502040100_105.px,"BFS cell: students at university ""UZH"", Studienstufe ""Bachelor"", all fields of study (Fachrichtung eliminated = total), 2023/24. Headcount of all enrolled students (full- and part-time, all nationalities). Excludes ""Lizenziat/Diplom"" students (585 in 2023/24), master, doctorate, continuing education and other.",8,"Tuition CHF 720 per semester x2 for students (surcharge +500/semester applies only to foreign students at Bachelor level - not baseline). Mandatory semester contributions CHF 59 x2 (scholarship fund 6.50, libraries 15, ASVZ 35, student concerns 2.50); voluntary contributions (student loan foundation 7, solidarity fund 5, VSUZH membership 14) and the application fee (100) excluded. Wayback capture 2023-10-22 of the UZH fees page; the swissuniversities table (720 + 59) quoted by the Basel-Stadt government in Dec 2024 agrees. Control: UniG (LS 415.11, version 1.1.2023) s.1 public-law institution of the Canton; the University Council (supreme organ) = cantonal education minister ex officio + members elected by the cantonal government (Regierungsrat), election approved by the Kantonsrat (ss. 25, 26, 28). Govt aid: cantonal study grants (Stipendien, non-repayable; loans separate) tested on parental income/assets, granted by the student's canton of stipend residence (normally the parents' canton), so the home canton's scheme applies; cited: Canton of Zurich as the reference example. Coded targeted: BFS reports a 7% grant-recipient rate across post-compulsory education in 2022 (national; institution-level share not documented). Inst aid: UZH social scholarships (Richtlinien des Stipendienfonds der UZH of 31 May 2022; examined and decided by UZH's Fachstelle Studienfinanzierung; financed via the 'Stipendienfonds der UZH' sub-foundation of the UZH Foundation - counts as institutional under D036; applicants document income and assets of persons liable for maintenance) - targeted. UZH interest-free hardship loans excluded (loans)."
CHE-B,CHE,Switzerland,University of Basel,=124,public,ownership_and_appointment,no,public,1700,0,1700,CHF,uniform,,,93847.06,0.0181,low,low_to_low_moderate,,,no,free,unknown,yes,yes,yes,,7,,,,2023/24,medium,agree,agree,V017,5867,first_degree_headcount,2023/24 (winter semester),high,https://www.pxweb.bfs.admin.ch/api/v1/de/px-x-1502040100_105/px-x-1502040100_105.px,"BFS cell: students at university ""BS"", Studienstufe ""Bachelor"", all fields of study (Fachrichtung eliminated = total), 2023/24. Headcount of all enrolled students (full- and part-time, all nationalities). Excludes ""Lizenziat/Diplom"" students (1 in 2023/24), master, doctorate, continuing education and other.",13,"Semester fee CHF 850 x2 (Gebuehrenordnung SG 442.600 s.5, effective 1 Aug 2014; the Basel-Stadt government answer of 4 Dec 2024 states fees were last raised in HS 2014, so 850 applied in 2023/24; current fee page same; same for Swiss and foreign students). No 2023/24 capture of the fee page was found. compulsory_fees 0: the swissuniversities comparison (Stand 15 July 2024, quoted by the Basel-Stadt government) lists no further regular compulsory fees ('-') for Basel. A 2018 Grosser Rat motion states students pay 'Fr. 10 Skuba-Gebuehren pro Semester' collected by the university; this is the skuba membership contribution, and the Universitaetsstatut in force 1 Jan 2023 - 8 Jun 2025 (s.21) makes membership automatic on matriculation with a written opt-out to the Rektorat, so it is excluded as optional, on the same rule as Bern SUB and EPFL AGEPoly (checker V017; sensitivity incl. skuba +20/yr = 1,720, no band effect). Application fee CHF 100 excluded. Control: bicantonal public-law institution jointly carried by Basel-Stadt and Basel-Landschaft (Staatsvertrag SG 442.400 s.1); each government elects four or five voting members of the University Council (the supreme decision-making organ), the presidency is set jointly by both governments, one member on Regenz proposal (ss. 21(2), 24). Govt aid: cantonal study grants (Stipendien, non-repayable; loans separate) tested on parental income/assets, granted by the student's canton of stipend residence (normally the parents' canton), so the home canton's scheme applies; cited: Canton of Basel-Stadt as the reference example. Coded targeted: BFS reports a 7% grant-recipient rate across post-compulsory education in 2022 (national; institution-level share not documented). Inst aid: university Stipendienfonds (parental income limits CHF 75,000-85,000; FAQ dated 2024-11-20, nearest-year evidence) and fee remission for 'Beduerftigkeit' (Gebuehrenordnung s.10) - targeted."
CHE-B2,CHE,Switzerland,University of Bern,=126,public,ownership_and_appointment,no,public,1500,68,1568,CHF,uniform,,,93847.06,0.0167,low,low_to_low_moderate,,,no,free,unknown,yes,no,no,,7,,,,2023/24,high,agree,agree,V017,8106,first_degree_headcount,2023/24 (winter semester),high,https://www.pxweb.bfs.admin.ch/api/v1/de/px-x-1502040100_105/px-x-1502040100_105.px,"BFS cell: students at university ""BE"", Studienstufe ""Bachelor"", all fields of study (Fachrichtung eliminated = total), 2023/24. Headcount of all enrolled students (full- and part-time, all nationalities). Excludes ""Lizenziat/Diplom"" students (0 in 2023/24), master, doctorate, continuing education and other.",11,"Regular tuition CHF 750 per semester x2 (UniV art. 39; +200/semester for students resident abroad at admission - not baseline). Regular semester fee CHF 34 x2 (UniV art. 40); the SUB student-body fee +21/semester is excluded because membership is optional: UniG (Stand 1 Jan 2023) art. 31(1) lets any student leave by written notice and art. 32(3) levies the fee on members only (opt-out; sensitivity incl. SUB: 1,610). Wayback capture 2023-09-29 of the Bern fee page; the swissuniversities table ('34-55') agrees. Control: UniG BSG 436.11 (version in force since 1.1.2023) art. 1: the Canton maintains the University, a public-law institution with its own legal personality; the cantonal government appoints the administrative director and elects the other members of the University Executive (Universitaetsleitung), art. 38. Govt aid: cantonal study grants (Stipendien, non-repayable; loans separate) tested on parental income/assets, granted by the student's canton of stipend residence (normally the parents' canton), so the home canton's scheme applies; cited: Canton of Bern as the reference example. Coded targeted: BFS reports a 7% grant-recipient rate across post-compulsory education in 2022 (national; institution-level share not documented). Inst aid none found: the university's scholarship page (Dec 2023 capture) lists only external schemes for study at Bern (Swiss Study Foundation, merit; EDUCA SWISS loans; cantonal grants; federal excellence scholarships; educationsuisse) plus exchange/abroad scholarships; remission of fees exists only for the over-duration surcharge (hardship); emergency help comes from the Stiftung Sozialkasse (a legally separate foundation, though administered from the University Executive's General Secretariat and asking about the parents' capacity to support; one-off bridging for students close to graduation, no scholarships; excluded under D036 - borderline, sensitivity: targeted) and the SUB social fund (student union, excluded)."
SVN-L,SVN,Slovenia,University of Ljubljana,621-630,public,ownership,no,public,0,44.85,44.85,EUR,midpoint_of_range,30.85,58.85,30205.70,0.0015,free,free,free,free,no,free,unknown,yes,no,no,,,,,,2023/24,medium,agree,agree,V017,25050,first_degree_headcount,2023/24,high,https://www.uni-lj.si/assets/Sluzba-za-kakovost-in-podporo-strateskemu-upravljanju/UL-V-STEVILKAH/Stevilo-vpisanih-studentov-podatki-po-studijskih-letih.xlsx,"Derived: 'prva stopnja' (1st cycle: univerzitetni 14798.5 + visokošolski strokovni 6086) = 20884.5 plus 'enovit magistrski' (integrated/uniform master, long-cycle first degree) = 4165; sum 25049.5 rounded to 25050 (fractional counts in source, presumably joint-programme splitting). All UL member faculties/academies; full- and part-time; includes foreign students. First-cycle only (excluding uniform master) = 20884.5. SURS SiStat does not publish per-university counts (table 0955201S only has 'Universities - total').",12,"Control public on ownership (D041): founder is the Republic of Slovenia, founding rights exercised by the Government (Odlok o preoblikovanju Univerze v Ljubljani 1994, art. 1); board composition not checked. Tuition 0: the joint national call for enrolment 2023/24 (common provisions, published by UL, UM, UP and others) states that tuition for full-time (redni) study cannot be prescribed for Slovenian/EU citizens in first- and second-cycle public-service programmes (ZViS art. 77); tuition is charged to those who already hold a qualification of the same level, whose student status ended under ZViS art. 70, or who have already repeated a year or changed programme once (D038(2)-type condition, not the baseline). Part-time (izredni) study is a separately priced track (D039), excluded. Fees are paid at enrolment in each year (UL Pravilnik o prispevkih 2023/24 art. 19: ICT and library contributions 'se poravnata ob vpisu v posamezni letnik'): UL-wide ICT 13.50 + library 17.35 (amounts read from the EF 2023/24 price list) = 30.85, plus member-level items set by each faculty (art. 15). Range from four of ~23 members sampled for 2023/24: TEOF 30.85 (UL-wide items only; no member item in its price list), FF 38.85 (30.85 + student council 3.00 + tutoring 5.00; the EUR 10 diploma contribution, paid only at first enrolment into the final year, and the optional SMS service are excluded), MF 55.85 for Medicine and Dental Medicine year 1 (30.85 + work clothing 25.00, billed with the contributions) and EF 58.85 (30.85 + student council 3.00 + 'nadomestilo za napredne studijske metode' 25.00, listed inside 'PRISPEVKI ZA STUDIJ 58,85' and stated as payable at enrolment in the EF 2024/25 instructions); range 30.85-58.85, midpoint 44.85 (checker V017); other members not checked, band cannot move. Prices stated net of VAT where VAT applies. govt_need_aid targeted: drzavna stipendija (ZStip-1 art. 15; cash grant for pupils and students from socially weaker families, awarded by the social work centres; condition: average monthly income per family member in the previous year below a threshold - EUR 1,269.24 on the current eUprava page, not a 2023/24 figure); regime in force since 2013, so it applied in 2023/24; national scheme cited by rule; the recipient share among students was not documented from an opened source, so not coded broad. Zois scholarships are merit-only (excluded). inst_need_aid none: 'Srcna UL' is run by UL under D036 (UL public call; scoring commission of four UL members and one ZPMS member; points for household income per member) but ZPMS pays the help as settlement of the student's bills (rent, food/clothing, study material, computers) and 'Student/-ka ne dobi nakazila financnih sredstev na transakcijski racun', so it is treated as in-kind and excluded; only the 2024/25 call (Srcna UL 6) was opened, no 2023/24 call located (checker V017). Sensitivity: targeted if bill payment counts as cash. Fundacija Studentski tolar is a separate foundation (not counted)."
SVN-M,SVN,Slovenia,University of Maribor,851-900,public,ownership,no,public,0,36.88,36.88,EUR,uniform,,,30205.70,0.0012,free,free,,,no,free,unknown,yes,no,no,,,,,,2023/24,high,agree,agree,V017,10443,first_degree_headcount,2023/24,high,https://www.um.si/wp-content/uploads/2021/12/Poslovno-porocilo-UM-2023.pdf,"Undergraduate 1st-cycle (univerzitetni 4686.5 + visokošolski strokovni 4934) plus enoviti magistrski (uniform master, long-cycle) 822 = 10442.5, rounded to 10443 (fractional count in source). Includes absolventi (graduation candidates) per the report's total sentence; full- and part-time; includes foreign students (1356 on these programmes). All UM faculties.",7,"Control public on ownership (D041): founder is the Republic of Slovenia, founding rights exercised by the Government (Odlok o preoblikovanju Univerze v Mariboru 1994, art. 1); board composition not checked. Tuition 0: the joint national call for enrolment 2023/24 (common provisions, published by UL, UM, UP and others) states that tuition for full-time (redni) study cannot be prescribed for Slovenian/EU citizens in first- and second-cycle public-service programmes (ZViS art. 77); tuition is charged to those who already hold a qualification of the same level, whose student status ended under ZViS art. 70, or who have already repeated a year or changed programme once (D038(2)-type condition, not the baseline). Part-time (izredni) study is a separately priced track (D039), excluded. UM's current funding page (citing ZViS-1) states the same free-tuition rule; the UM 2023/24 part-time tuition table shows first-cycle amounts from about EUR 1,990 to EUR 4,200 per year. Fees: UM 2023/24 enrolment contributions for 'Vpis v 1. letnik, visji letnik in ponovni vpis' 36.88 (library 8.80 + software 24.75 + student activities 3.33), uniform across members and paid at every enrolment. The same price list has member-proposed 'prispevki za druge posamicne storitve' (e.g. MF 10, FKBV 8, FL e-materials 100 on 1st/2nd cycle, optional language courses 25); these are not included because it is not established that every student of the member must pay them (upper bound 136.88 at FL; band unaffected). Prices stated net of VAT where VAT applies. govt_need_aid targeted: drzavna stipendija (ZStip-1 art. 15; cash grant for pupils and students from socially weaker families, awarded by the social work centres; condition: average monthly income per family member in the previous year below a threshold - EUR 1,269.24 on the current eUprava page, not a 2023/24 figure); regime in force since 2013, so it applied in 2023/24; national scheme cited by rule; the recipient share among students was not documented from an opened source, so not coded broad. Zois scholarships are merit-only (excluded). inst_need_aid none (searched, not found; confirmed by a second bounded search by checker V017): bounded search found only the student-organisation (SOUM) Solidarity Fund and a separate foundation (Drzecnik, MF students); neither counts under D036; no UM-run means-tested scheme established."
SVN-P,SVN,Slovenia,University of Primorska,1001-1200,public,ownership,no,public,0,38.80,38.80,EUR,uniform,,,30205.70,0.0013,free,free,,,no,free,unknown,yes,unknown,unknown,,,,,,2023/24,medium,agree,agree,V017,4218,undergraduate_headcount,2023/24,high,https://www.upr.si/files/static/3551,"'Dodiplomski' (undergraduate) Skupaj = 3297 redni (full-time) + 921 izredni (part-time), all UP member faculties, 2023/24. The table does not state whether the (newly accredited, Feb 2023) uniform-master programme students are counted under Dodiplomski or Magistrski; hence undergraduate_headcount. Includes foreign students. Table visually checked (rendered page image) because text extraction garbled columns.",6,"Control public on ownership (D041): founder is the Republic of Slovenia, founding rights exercised by the Government (Odlok o ustanovitvi Univerze na Primorskem, National Assembly 29 Jan 2003, art. 1); under the 2003 text the Government appoints 3 of 7 board members (a minority; later amendments not checked), so not coded on appointment. Tuition 0: the joint national call for enrolment 2023/24 (common provisions, published by UL, UM, UP and others) states that tuition for full-time (redni) study cannot be prescribed for Slovenian/EU citizens in first- and second-cycle public-service programmes (ZViS art. 77); tuition is charged to those who already hold a qualification of the same level, whose student status ended under ZViS art. 70, or who have already repeated a year or changed programme once (D038(2)-type condition, not the baseline). Part-time (izredni) study is a separately priced track (D039), excluded. Fees: UP FAMNIT 2023/24 price list (aligned with the UP price list of 6 Jan 2023): enrolment contributions 38.80 both for first enrolment and for enrolment into a higher year or repeat (university information system 16.80 + library 7.00 + extracurricular activities 15.00); only FAMNIT checked - the extracurricular component is set per member by its student council, so other members may differ slightly. Prices stated net of VAT where VAT applies. govt_need_aid targeted: drzavna stipendija (ZStip-1 art. 15; cash grant for pupils and students from socially weaker families, awarded by the social work centres; condition: average monthly income per family member in the previous year below a threshold - EUR 1,269.24 on the current eUprava page, not a 2023/24 figure); regime in force since 2013, so it applied in 2023/24; national scheme cited by rule; the recipient share among students was not documented from an opened source, so not coded broad. Zois scholarships are merit-only (excluded). inst_need_aid unknown: the UP Scholarship Fund (Stipendijski sklad UP) is merit/employer-linked ('nagrajevanju in spodbujanju najboljsih studentov'), not means-tested; no UP-run means-tested scheme found in a bounded search."
CZE-CU,CZE,Czechia,Charles University,=248,public,ownership,no,public,0,0,0,CZK,uniform,,,705046.52,0.0000,free,free,,,no,free,not_applicable,yes,not_applicable,unknown,,,,,,2023/24,high,agree,agree,V019,36027,first_degree_headcount,2023/24,high,https://dsia.msmt.cz/vystupy/f2/f21.xlsx,"Derived sum of four cells: students (physical persons) at 31.12.2023 (= academic year 2023/24) in bachelor's (bakalářský) plus long-cycle master's (magisterský, not the follow-up navazující) programmes, full-time (prezenční) plus distance/combined forms; all citizenships (Czech and foreign) and all faculties. Persons enrolled in two programmes of the same type in different forms could be counted twice in the sum (the table's own form totals are person counts). Follow-up master's and doctoral students excluded. SIMS status as of 20.1.2026.",10,"Control public (ownership): a public university (veřejná vysoká škola) is a legal person created and abolished only by statute (Act 111/1998 § 2(2), § 5(1)) and is listed in Annex 1 of the Act; no private founder; mergers/dissolution only by statute, which also decides where its property goes (§ 5(2)-(3)). Appointment: the minister appoints and dismisses all members of the správní rada (board of trustees, § 14(1)), but that board is a supervisory body giving prior consent to property transactions (§ 15), not the governing body; the academic senate is elected by the academic community (§ 8(1)) and the rector is appointed by the President on the senate's proposal (§ 10(2)), so 'public' rests on state ownership, not on a state-appointed governing majority. Tuition 0: Act § 58 allows public universities to charge only an admission fee (§ 58(1), excluded), a fee for study beyond the standard duration plus one year (§ 58(3), not the baseline under D038; recorded below) and a fee for programmes taught in a foreign language (§ 58(4), separate track under D039); no fee is provided for Czech-language study within the standard duration, and the institution's 2023/24 fee schedule lists no other study fee (rule application plus absence in the schedule). CU 2023/24 schedule: admission 880/930 CZK (excluded); over-duration fee set per programme by economic-cost coefficient (e.g. 21,000-46,000 CZK; charging period as printed in the schedule, whose two-column layout did not extract cleanly) (notes only, D038); foreign-language programmes separately priced (e.g. General Medicine 330,000-500,000 CZK, Dentistry up to 500,000 CZK by faculty and cohort) excluded under D039. Fees 0: the basic CU student card is issued free (Oct 2023 capture); the ISIC licence (320 CZK) is optional; replacement 200 CZK only on loss/damage; no registration or other recurring compulsory fee found. Govt cash yes: social scholarship (sociální stipendium) under § 91(2)(d)+(3), for students entitled to child benefit whose family income for child-benefit purposes does not exceed 1.5x the family subsistence minimum; 1/4 of the minimum wage per month (4,330 CZK in 2023) for 10 months, within the standard duration; paid by the university from the state contribution/subsidy (§ 91(2) 'hrazená z dotace nebo z příspěvku'), so government-funded (D036; national scheme cited by rule). Govt fee aid not_applicable (headline 0); the rector may waive or reduce the over-duration fee on appeal considering the social situation (§ 58(7)), which does not touch the baseline. State-guaranteed loans: none relevant. Also govt cash: CU's accommodation scholarship in increased amount (ubytovací stipendium ve zvýšené výměře, Rector's measure 34/2023 for 2023/24) is paid by bank transfer on the basis of household income (1st category: family income <= 1.5x subsistence minimum; 2nd: above that and up to the child-benefit ceiling, with child benefit or subsistence benefit received); CU's scholarship regulations list it among scholarships paid from the state contribution/subsidy (Čl. 3), so government-funded (D036). The basic accommodation scholarship (by residence, not income-tested) is excluded. Inst cash unknown: the regulations let the rector set conditions for scholarships in 'other difficult social situations' (Čl. 7(5)) and the 2023 annual report mentions a 900 CZK meal contribution paid to social-scholarship holders, but neither the funder (state contribution vs CU's own scholarship fund) nor the form is documented; Nadační fond UK is a separate body (D036, not counted). No documented recipient count for CU found; share blank."
CZE-MU,CZE,Czechia,Masaryk University,=400,public,ownership,no,public,0,0,0,CZK,uniform,,,705046.52,0.0000,free,free,,,no,free,not_applicable,yes,not_applicable,no,,0.21,,,,2023/24,high,agree,agree,V019,23114,first_degree_headcount,2023/24,high,https://dsia.msmt.cz/vystupy/f2/f21.xlsx,"Derived sum of four cells: students (physical persons) at 31.12.2023 (= academic year 2023/24) in bachelor's (bakalářský) plus long-cycle master's (magisterský, not the follow-up navazující) programmes, full-time (prezenční) plus distance/combined forms; all citizenships (Czech and foreign) and all faculties. Persons enrolled in two programmes of the same type in different forms could be counted twice in the sum (the table's own form totals are person counts). Follow-up master's and doctoral students excluded. SIMS status as of 20.1.2026.",10,"Control public (ownership): a public university (veřejná vysoká škola) is a legal person created and abolished only by statute (Act 111/1998 § 2(2), § 5(1)) and is listed in Annex 1 of the Act; no private founder; mergers/dissolution only by statute, which also decides where its property goes (§ 5(2)-(3)). Appointment: the minister appoints and dismisses all members of the správní rada (board of trustees, § 14(1)), but that board is a supervisory body giving prior consent to property transactions (§ 15), not the governing body; the academic senate is elected by the academic community (§ 8(1)) and the rector is appointed by the President on the senate's proposal (§ 10(2)), so 'public' rests on state ownership, not on a state-appointed governing majority. Tuition 0: Act § 58 allows public universities to charge only an admission fee (§ 58(1), excluded), a fee for study beyond the standard duration plus one year (§ 58(3), not the baseline under D038; recorded below) and a fee for programmes taught in a foreign language (§ 58(4), separate track under D039); no fee is provided for Czech-language study within the standard duration, and the institution's 2023/24 fee schedule lists no other study fee (rule application plus absence in the schedule). MU 2023/24 schedule: over-duration fee 18,000-36,000 CZK per started six months (notes only, D038); foreign-language programmes separately priced (e.g. General Medicine 380,000 CZK/yr, Dentistry 400,000 CZK/yr, other bachelor's/long-cycle programmes 0-7,000 EUR/yr) excluded under D039. Fees 0: per the MU IT services page (Oct 2023 capture) the first ID card (full-time students automatically receive an ISIC-type card) is issued free ('První vydání ID průkazu ... je bezplatné'); ISIC-licence fees are set by a directive not opened; no registration or other recurring compulsory fee found. Govt cash yes: social scholarship (sociální stipendium) under § 91(2)(d)+(3), for students entitled to child benefit whose family income for child-benefit purposes does not exceed 1.5x the family subsistence minimum; 1/4 of the minimum wage per month (4,330 CZK in 2023) for 10 months, within the standard duration; paid by the university from the state contribution/subsidy (§ 91(2) 'hrazená z dotace nebo z příspěvku'), so government-funded (D036; national scheme cited by rule). Govt fee aid not_applicable (headline 0); the rector may waive or reduce the over-duration fee on appeal considering the social situation (§ 58(7)), which does not touch the baseline. State-guaranteed loans: none relevant. MU's 2023 scholarship report states that social and accommodation scholarships are fully financed from the MŠMT contribution and that 68 students (without duplicates) received the social scholarship in 2023; share = 68 / 32,768 MU students (all levels, headcount at 31.12.2023, DSIA F21) = 0.21% (derived, institutional; recipients are a calendar-year count, denominator a year-end stock). The accommodation scholarship (residence/first-programme criteria from the student register) is not income-tested and is excluded. Inst cash no: the rector's programme for students in an especially difficult life situation (Opatření 16/2018; 23 awards in 2023) assesses own and parents' bank statements but is financed from the residual of the MŠMT social-scholarship contribution in MU's operating fund, i.e. state funds administered by the university (D036: government); it is discretionary hardship aid without an income threshold, recorded rather than coded. No other MU-funded means-tested scheme found."
CZE-CTU,CZE,Czechia,Czech Technical University in Prague,=454,public,ownership,no,public,0,0,0,CZK,uniform,,,705046.52,0.0000,free,free,,,no,free,not_applicable,yes,not_applicable,unknown,,,,,,2023/24,high,agree,agree,V019,11478,first_degree_headcount,2023/24,high,https://dsia.msmt.cz/vystupy/f2/f21.xlsx,"Derived sum of four cells: students (physical persons) at 31.12.2023 (= academic year 2023/24) in bachelor's (bakalářský) plus long-cycle master's (magisterský, not the follow-up navazující) programmes, full-time (prezenční) plus distance/combined forms; all citizenships (Czech and foreign) and all faculties. Persons enrolled in two programmes of the same type in different forms could be counted twice in the sum (the table's own form totals are person counts). Follow-up master's and doctoral students excluded. SIMS status as of 20.1.2026.",9,"Control public (ownership): a public university (veřejná vysoká škola) is a legal person created and abolished only by statute (Act 111/1998 § 2(2), § 5(1)) and is listed in Annex 1 of the Act; no private founder; mergers/dissolution only by statute, which also decides where its property goes (§ 5(2)-(3)). Appointment: the minister appoints and dismisses all members of the správní rada (board of trustees, § 14(1)), but that board is a supervisory body giving prior consent to property transactions (§ 15), not the governing body; the academic senate is elected by the academic community (§ 8(1)) and the rector is appointed by the President on the senate's proposal (§ 10(2)), so 'public' rests on state ownership, not on a state-appointed governing majority. Tuition 0: Act § 58 allows public universities to charge only an admission fee (§ 58(1), excluded), a fee for study beyond the standard duration plus one year (§ 58(3), not the baseline under D038; recorded below) and a fee for programmes taught in a foreign language (§ 58(4), separate track under D039); no fee is provided for Czech-language study within the standard duration, and the institution's 2023/24 fee schedule lists no other study fee (rule application plus absence in the schedule). CTU 2023-2024 rector's notice (27.1.2023): admission 900 CZK (excluded); over-duration fee 21,400-48,100 CZK per started six months by cost coefficient (notes only, D038); foreign-language programmes 55,000 CZK (FIT 64,000) per started semester for bachelor's, excluded under D039. Fees 0: the plain CTU student card is issued free on first issue (March 2023 capture of the price list: 'první vydání – zdarma', extension free); the ISIC-licence card (450 CZK) is optional; no registration or other recurring compulsory fee found (capture predates 2023/24 by months; same price list regime assumed, current page also shows 0 CZK). Govt cash yes: social scholarship (sociální stipendium) under § 91(2)(d)+(3), for students entitled to child benefit whose family income for child-benefit purposes does not exceed 1.5x the family subsistence minimum; 1/4 of the minimum wage per month (4,330 CZK in 2023) for 10 months, within the standard duration; paid by the university from the state contribution/subsidy (§ 91(2) 'hrazená z dotace nebo z příspěvku'), so government-funded (D036; national scheme cited by rule). Govt fee aid not_applicable (headline 0); the rector may waive or reduce the over-duration fee on appeal considering the social situation (§ 58(7)), which does not touch the baseline. State-guaranteed loans: none relevant. CTU scholarship regulations (full text VI, in force from 8.7.2022; later amendment dates not checked) implement the social scholarship in Čl. 5 with the § 91(3) household test. The accommodation scholarship is granted on student-register (SIMS) criteria and is not income-tested; excluded. Inst cash unknown: a purpose scholarship 'jako sociální příspěvek' (Čl. 4(2)(c)) may be granted by the dean or rector, but no income test is documented and it may be paid from the state contribution or from CTU's own scholarship fund (Čl. 2(2), 10(2)); funder and means test not established. No recipient count found; share blank."
CZE-UCT,CZE,Czechia,"University of Chemistry and Technology, Prague",=556,public,ownership,no,public,0,0,0,CZK,uniform,,,705046.52,0.0000,free,free,,,no,free,not_applicable,yes,not_applicable,unknown,,,,,,2023/24,high,agree,agree,V019,2294,first_degree_headcount,2023/24,high,https://dsia.msmt.cz/vystupy/f2/f21.xlsx,"Derived sum of four cells: students (physical persons) at 31.12.2023 (= academic year 2023/24) in bachelor's (bakalářský) plus long-cycle master's (magisterský, not the follow-up navazující) programmes, full-time (prezenční) plus distance/combined forms; all citizenships (Czech and foreign) and all faculties. Persons enrolled in two programmes of the same type in different forms could be counted twice in the sum (the table's own form totals are person counts). Follow-up master's and doctoral students excluded. SIMS status as of 20.1.2026.",8,"Control public (ownership): a public university (veřejná vysoká škola) is a legal person created and abolished only by statute (Act 111/1998 § 2(2), § 5(1)) and is listed in Annex 1 of the Act; no private founder; mergers/dissolution only by statute, which also decides where its property goes (§ 5(2)-(3)). Appointment: the minister appoints and dismisses all members of the správní rada (board of trustees, § 14(1)), but that board is a supervisory body giving prior consent to property transactions (§ 15), not the governing body; the academic senate is elected by the academic community (§ 8(1)) and the rector is appointed by the President on the senate's proposal (§ 10(2)), so 'public' rests on state ownership, not on a state-appointed governing majority. Tuition 0: Act § 58 allows public universities to charge only an admission fee (§ 58(1), excluded), a fee for study beyond the standard duration plus one year (§ 58(3), not the baseline under D038; recorded below) and a fee for programmes taught in a foreign language (§ 58(4), separate track under D039); no fee is provided for Czech-language study within the standard duration, and the institution's 2023/24 fee schedule lists no other study fee (rule application plus absence in the schedule). UCT rector's decree A/V/961/7/2023 (in force 11.9.2023-8.9.2024), based on the MŠMT 2023/24 fee base of 4,657 CZK: over-duration fee 18,700 CZK per started six months in the first twelve months, then 37,300 CZK (notes only, D038); foreign-language programmes 74,600 CZK/yr (chemistry/food) or 90,000 CZK/yr (economics), excluded under D039; foreign-language doctoral programmes free. Fees 0: the UCT computing centre price list (Feb 2024 capture) states new student cards are free ('Nové karty zdarma – ... studentská karta'); ISIC card (300 CZK) optional; no registration or other recurring compulsory fee found. Govt cash yes: social scholarship (sociální stipendium) under § 91(2)(d)+(3), for students entitled to child benefit whose family income for child-benefit purposes does not exceed 1.5x the family subsistence minimum; 1/4 of the minimum wage per month (4,330 CZK in 2023) for 10 months, within the standard duration; paid by the university from the state contribution/subsidy (§ 91(2) 'hrazená z dotace nebo z příspěvku'), so government-funded (D036; national scheme cited by rule). Govt fee aid not_applicable (headline 0); the rector may waive or reduce the over-duration fee on appeal considering the social situation (§ 58(7)), which does not touch the baseline. State-guaranteed loans: none relevant. UCT's study portal lists the § 91(3) social scholarship (application with the state social-support confirmation by 30.11). The accommodation scholarship (27 CZK/day, by permanent residence outside Prague) is not income-tested; excluded. Inst cash unknown: a one-off social scholarship for a difficult social situation under § 91(2)(d), amount set by the dean, is available on documented grounds, but no income test and no funder (state contribution vs UCT funds) is documented; the 'socio-economic support programme' of the counselling centre (PKC) was not examined. Nearest-year: study-portal page read in 2026. No recipient count found; share blank."
CZE-BUT,CZE,Czechia,Brno University of Technology,611-620,public,ownership,no,public,0,0,0,CZK,uniform,,,705046.52,0.0000,free,free,,,no,free,not_applicable,yes,not_applicable,unknown,,,,,,2023/24,high,agree,agree,V019,11253,first_degree_headcount,2023/24,high,https://dsia.msmt.cz/vystupy/f2/f21.xlsx,"Derived sum of four cells: students (physical persons) at 31.12.2023 (= academic year 2023/24) in bachelor's (bakalářský) plus long-cycle master's (magisterský, not the follow-up navazující) programmes, full-time (prezenční) plus distance/combined forms; all citizenships (Czech and foreign) and all faculties. Persons enrolled in two programmes of the same type in different forms could be counted twice in the sum (the table's own form totals are person counts). Follow-up master's and doctoral students excluded. SIMS status as of 20.1.2026.",9,"Control public (ownership): a public university (veřejná vysoká škola) is a legal person created and abolished only by statute (Act 111/1998 § 2(2), § 5(1)) and is listed in Annex 1 of the Act; no private founder; mergers/dissolution only by statute, which also decides where its property goes (§ 5(2)-(3)). Appointment: the minister appoints and dismisses all members of the správní rada (board of trustees, § 14(1)), but that board is a supervisory body giving prior consent to property transactions (§ 15), not the governing body; the academic senate is elected by the academic community (§ 8(1)) and the rector is appointed by the President on the senate's proposal (§ 10(2)), so 'public' rests on state ownership, not on a state-appointed governing majority. Tuition 0: Act § 58 allows public universities to charge only an admission fee (§ 58(1), excluded), a fee for study beyond the standard duration plus one year (§ 58(3), not the baseline under D038; recorded below) and a fee for programmes taught in a foreign language (§ 58(4), separate track under D039); no fee is provided for Czech-language study within the standard duration, and the institution's 2023/24 fee schedule lists no other study fee (rule application plus absence in the schedule). BUT Rector's decision 1/2023 (in force 1.9.2023) sets the 2023/24 over-duration fee at 14,100 / 28,200 / 56,100 CZK per started six months (notes only, D038); foreign-language programme fees are set separately (not opened; D039 track). Fees 0: the BUT card manual states a student is entitled to one free standard student card (first card paid by the faculty); the ISIC licence is optional (250 CZK from 1.1.2026). This is the current (2026) page; no 2023/24 capture found, flagged as nearest-year evidence. No registration or other recurring compulsory fee found. Govt cash yes: social scholarship (sociální stipendium) under § 91(2)(d)+(3), for students entitled to child benefit whose family income for child-benefit purposes does not exceed 1.5x the family subsistence minimum; 1/4 of the minimum wage per month (4,330 CZK in 2023) for 10 months, within the standard duration; paid by the university from the state contribution/subsidy (§ 91(2) 'hrazená z dotace nebo z příspěvku'), so government-funded (D036; national scheme cited by rule). Govt fee aid not_applicable (headline 0); the rector may waive or reduce the over-duration fee on appeal considering the social situation (§ 58(7)), which does not touch the baseline. State-guaranteed loans: none relevant. BUT's social-scholarship page describes the § 91(3) application with the state social-support confirmation. The accommodation scholarship (permanent residence outside the Brno districts) is not income-tested; excluded. Inst cash unknown: the scholarship regulations provide an extraordinary social scholarship (mimořádné sociální stipendium) for disability or a difficult social situation, discretionary with no documented income test or funder; the text read is the 2025 regulation (the 2023/24 text registered 12.4.2017 with two amendments was not opened). No recipient count found; share blank."
EST-UT,EST,Estonia,University of Tartu,=358,public,ownership,no,public,0,0,0,EUR,uniform,,,27989.35,0.0000,free,free,,,no,free,not_applicable,yes,not_applicable,no,,,,,,2023/24,high,agree,agree,V020,9327,first_degree_headcount,2023/24,high,https://ut.ee/sites/default/files/2024-05/Aastaaruanne%202023.pdf,"Students at 10 Nov 2023 in the first cycle, which UT defines as professional higher education, bachelor's and integrated bachelor's-master's (long-cycle) study; all citizenships; excludes externs, visiting students and medical residents. Total all levels 14,778.",9,"Headline 0 by D038 (default waiver): under KHaS § 16 lg 1 (version in force 2023-08-01 to 2024-07-31) study in an Estonian-language programme is free for a full-time student who cumulatively meets the required load; the university may charge per unmet credit (lg 2). No other compulsory charge found for the baseline student (no registration fee or student levy found; KHaS § 16 lg 5 bars admission-related charges for students studying free). UT (2023/24 capture): free with 30 ECTS/semester and 60/year; charge only for a cumulative shortfall above 6 ECTS; UT's 2023/24 per-credit price table (linked from the page) could not be retrieved (adr.ut.ee refused connection); the current page gives EUR 50/ECTS for 2026/27. Parallel tracks excluded (D039): part-time/session study and English-taught first-degree programmes (charged). UT 2023 annual report: 88% of all 14,778 students were on free places (all levels, not entrants; zero-pay entrant share not documented). Control public by ownership (D041): public-law legal person (avalik-õiguslik juriidiline isik) under its own statute and KHaS § 22 (establishment and dissolution decided by the Riigikogu); council (nõukogu) of 11 = 5 named by the senate, 1 by the Estonian Academy of Sciences, 5 by the minister, composition confirmed by Government order on the minister's proposal, so the state names 5 of 11 (a minority; not an appointment majority). Aid: state needs-based study allowance (vajaduspõhine õppetoetus, ÕÕS § 5 lg 2^1), tested on income per family member (parents and siblings for students up to 24), paid from the state budget via the ministry, EUR 150/270/440 per month from 2023/24 -> govt_cash_aid yes; needs-based special allowance (vajaduspõhine eritoetus, ÕÕS § 5 lg 2^2) for students refused the allowance whose family income fell, paid by the university from a state-budget fund -> government per D036. National schemes cited once per institution by rule. Fee aid not_applicable (headline 0). Share: the ministry states about 13% of students (5,075) received the allowance in spring semester 2023 (2022/23, before the 2023/24 doubling); not the reference year, so govt_cash_share_pct left blank. Excluded: study loan (õppelaen), field/merit scholarships (erialastipendium), disability and foster-care stipends (not income-tested). Institutional: the need-based scholarships found are run by the separate Tartu Ülikooli Sihtasutus foundation (not institutional per D036); none run by UT itself found."
EST-TALTECH,EST,Estonia,Tallinn University of Technology (TalTech),651-660,public,ownership,no,public,0,0,0,EUR,uniform,,,27989.35,0.0000,free,free,,,no,free,not_applicable,yes,not_applicable,no,,,,,,2023/24,high,agree,agree,V020,8898,total_headcount,2023/24,medium,https://haldus.taltech.ee/sites/default/files/2024-04/taltech%202023%20EST%20majandusaasta%20aruanne.pdf,"FLAG: all-level headcount (first cycle, master's, doctoral) for 2023 from the report's ÜLDNUMBRID table; the report gives no university-wide first-degree split (faculty pages give totals at 10.11.2023 without a level split); the date of the university-wide figure is not stated in the table. Estonian statistics (andmed.stat.ee) have no by-institution table; EHIS open-data student counts returned no higher-education rows.",9,"Headline 0 by D038 (default waiver): under KHaS § 16 lg 1 (version in force 2023-08-01 to 2024-07-31) study in an Estonian-language programme is free for a full-time student who cumulatively meets the required load; the university may charge per unmet credit (lg 2). No other compulsory charge found for the baseline student (no registration fee or student levy found; KHaS § 16 lg 5 bars admission-related charges for students studying free). TalTech Senate decision no. 29 (15.11.2022) for 2023/24: full-time students on free Estonian- or English-language places who have not cumulatively met the load pay EUR 44 per unmet ECTS (point 10); part-time Estonian-language study for 2023/24 entrants EUR 50/ECTS (point 5). English-taught programmes carry semester fees (e.g. EUR 2,100/semester in business for 2023/24 entrants), waived for EU citizens/Estonian permanent residents in engineering, IT, natural sciences and EMERA (point 2.1); these parallel tracks are excluded (D039). Control public by ownership (D041): public-law legal person (avalik-õiguslik juriidiline isik) under its own statute and KHaS § 22 (establishment and dissolution decided by the Riigikogu); council (nõukogu) of 11 = 5 named by the senate, 1 by the Estonian Academy of Sciences, 5 by the minister, composition confirmed by Government order on the minister's proposal, so the state names 5 of 11 (a minority; not an appointment majority). Aid: state needs-based study allowance (vajaduspõhine õppetoetus, ÕÕS § 5 lg 2^1), tested on income per family member (parents and siblings for students up to 24), paid from the state budget via the ministry, EUR 150/270/440 per month from 2023/24 -> govt_cash_aid yes; needs-based special allowance (vajaduspõhine eritoetus, ÕÕS § 5 lg 2^2) for students refused the allowance whose family income fell, paid by the university from a state-budget fund -> government per D036. National schemes cited once per institution by rule. Fee aid not_applicable (headline 0). Share: the ministry states about 13% of students (5,075) received the allowance in spring semester 2023 (2022/23, before the 2023/24 doubling); not the reference year, so govt_cash_share_pct left blank. Excluded: study loan (õppelaen), field/merit scholarships (erialastipendium), disability and foster-care stipends (not income-tested). Institutional: only merit scholarships (edukusstipendium) found; Arengufond scholarships are run by SA Tallinna Tehnikaülikooli Arengufond, a separate foundation (not institutional per D036)."
EST-TLU,EST,Estonia,Tallinn University,1001-1200,public,ownership,no,public,0,0,0,EUR,uniform,,,27989.35,0.0000,free,free,,,no,free,not_applicable,yes,not_applicable,no,,,,,,2023/24,high,agree,agree,V020,3927,first_degree_headcount,2023/24,high,https://www.tlu.ee/sites/default/files/2023_majandusaasta_aruanne_TLU.pdf,"Derived sum: professional higher education (RKH) 388 + bachelor's (BA) 3,539 at 1 Nov 2023; integrated bachelor's-master's students appear to be counted under MA in TLU's reporting (integrated graduates are counted with MA) and are not included. Total all levels 6,843.",10,"Headline 0 by D038 (default waiver): under KHaS § 16 lg 1 (version in force 2023-08-01 to 2024-07-31) study in an Estonian-language programme is free for a full-time student who cumulatively meets the required load; the university may charge per unmet credit (lg 2). No other compulsory charge found for the baseline student (no registration fee or student levy found; KHaS § 16 lg 5 bars admission-related charges for students studying free). TLU: free with 30 ECTS/semester and 60/year; compensation due when the cumulative shortfall exceeds 6 ECTS, at EUR 30/ECTS for students matriculated from 2017/18 up to 2023/24 (TLU page, and Senate decision no. 11 of 14.04.2024 as nearest-year document with the same rate); EUR 50/ECTS for 2024/25 entrants. Part-time study (assigned when 50-74.9% of the load is met) is charged per credit and excluded (D039), as are foreign-language programmes. Control public by ownership (D041): public-law legal person (avalik-õiguslik juriidiline isik) under its own statute and KHaS § 22 (establishment and dissolution decided by the Riigikogu); council (nõukogu) of 11 = 5 named by the senate, 1 by the Estonian Academy of Sciences, 5 by the minister, composition confirmed by Government order on the minister's proposal, so the state names 5 of 11 (a minority; not an appointment majority). Aid: state needs-based study allowance (vajaduspõhine õppetoetus, ÕÕS § 5 lg 2^1), tested on income per family member (parents and siblings for students up to 24), paid from the state budget via the ministry, EUR 150/270/440 per month from 2023/24 -> govt_cash_aid yes; needs-based special allowance (vajaduspõhine eritoetus, ÕÕS § 5 lg 2^2) for students refused the allowance whose family income fell, paid by the university from a state-budget fund -> government per D036. National schemes cited once per institution by rule. Fee aid not_applicable (headline 0). Share: the ministry states about 13% of students (5,075) received the allowance in spring semester 2023 (2022/23, before the 2023/24 doubling); not the reference year, so govt_cash_share_pct left blank. Excluded: study loan (õppelaen), field/merit scholarships (erialastipendium), disability and foster-care stipends (not income-tested). Institutional: TLU lists only the state allowances, a civic-participation scholarship and merit awards; no institution-run means-tested grant found."
HKG-HKU,HKG,Hong Kong,The University of Hong Kong,=26,public,ownership,no,public,42100,100,42200,HKD,uniform,,,395590.56,0.1067,moderate,moderate_or_high,,,no,low_moderate,yes,yes,unknown,yes,,,,,,2023/24,high,agree,agree,V019,18131,undergraduate_headcount,2023/24,high,https://portal.csdi.gov.hk/server/services/common/ugc_rcd_1665536366226_31862/MapServer/WFSServer?service=wfs&version=2.0.0&request=GetFeature&typeNames=csdi:geotagging&outputFormat=geojson,"UGC-funded undergraduate programmes only (full-time; no part-time UG recorded for this university), local and non-local students on UGC-funded places; sum of female + male headcount. Excludes self-financed undergraduate programmes run by the university and its self-financing arms, so it understates total undergraduate headcount. UGC 'Undergraduate' level = first-degree programmes (incl. any senior-year/top-up intake) - recorded as undergraduate_headcount rather than first_degree_headcount.",9,"Control public on ownership (D041): HKU is a statutory body politic and corporate continued by the University of Hong Kong Ordinance (Cap. 1053, s.4); no private owner. Board majority not state-appointed: under Statute XVIII the Chancellor (the Chief Executive) appoints 7 of 24 Council members (6 appointed by Council, 2 elected by Court, VC, Treasurer, 4 teachers, 1 staff, 2 students). Tuition HKD 42,100 is the Government-set rate for UGC-funded (publicly funded) first-degree places, unchanged since 1997/98 through 2024/25 (EDB press release 20 Jun 2024), confirmed for 2023/24 by the university's own schedule. Self-financed programmes and non-local tracks are separate tracks (D039), excluded. HKU Schedule of Fees 2023-24: composition fee $42,100 p.a. (local) for fully government-funded bachelor's programmes; fees = Student Activity Fee $100 p.a., 'applicable to all full-time students'. Excluded: caution money $350 (a deposit paid once at first registration, not an annual charge; its refund/conversion terms were not found in an opened HKU source); graduation fee $350 (one-off); non-JUPAS application fee; hall charges and optional non-residential hall membership ($200). Separately priced double degrees with a self-financing second degree (BBA&BEng $74,000; BEng(CS)&BBA(IS) $80,000; handbook: 'self-financing second degree of a double degree programme') are D039 tracks, excluded. govt_fee_aid yes and govt_cash_aid yes: TSFS (Student Finance Office, WFSFAA) 2023/24 lists this university; household means test (income test on Adjusted Family Income + assets test); grant covers tuition fee, academic expenses and compulsory union fees and is credited to the student's bank account (cash component = academic expenses grant; per D047 the source states money is paid to the student); the living-expenses loan and the non-means-tested NLSFT loan are excluded; national scheme cited by rule. TSFS shares blank: the only counts opened (FC reply 2025: 18,904 TSFS applications 2023/24; 11,771 grant-only cases + 2,990 cases with loans) cover all TSFS institutions incl. VTC, with no matching denominator, so no share is computed. inst_cash_aid yes: HKUFresh$3000, a $3,000 subsidy paid to new local full-time undergraduates in receipt of CSSA (the household means-tested social security assistance) 'to cover their immediate expenses' (HKU-run; 2023-24 handbook). inst_fee_aid unknown: HKU's University Financial Assistance (Main Exercise bursaries and loans for 'local students who are in financial need') exists, but the opened page does not state a household means test or that bursaries are applied against fees; CEDARS detail pages could not be opened (Wayback temporarily offline). No shares found."
HKG-CUHK,HKG,Hong Kong,The Chinese University of Hong Kong (CUHK),=47,public,ownership,no,public,42100,0,42100,HKD,uniform,,,395590.56,0.1064,moderate,moderate_or_high,,,no,low_moderate,yes,yes,unknown,unknown,,,,,,2023/24,high,agree,agree,V019,17744,undergraduate_headcount,2023/24,high,https://portal.csdi.gov.hk/server/services/common/ugc_rcd_1665536366226_31862/MapServer/WFSServer?service=wfs&version=2.0.0&request=GetFeature&typeNames=csdi:geotagging&outputFormat=geojson,"UGC-funded undergraduate programmes only (full-time; no part-time UG recorded for this university), local and non-local students on UGC-funded places; sum of female + male headcount. Excludes self-financed undergraduate programmes run by the university and its self-financing arms, so it understates total undergraduate headcount. UGC 'Undergraduate' level = first-degree programmes (incl. any senior-year/top-up intake) - recorded as undergraduate_headcount rather than first_degree_headcount.",7,"Control public on ownership (D041): CUHK is a statutory body governed by The Chinese University of Hong Kong Ordinance (Cap. 1109) (EDB/LegCo 2015: the eight UGC-funded institutions are 'independent autonomous statutory bodies'); no private owner (the foundation colleges are constituent parts, not owners - not further checked). Board majority not state-appointed: per Statute 11 (as summarised in the 2015 LegCo paper) the Chancellor (Chief Executive) nominates 6 members and appoints the Chairman on the Council's nomination; 3 members are elected by LegCo members; the rest are ex officio, college, Senate, Council-elected and Convocation members - composition not re-checked for 2023/24 (e-Legislation site needs JavaScript). Tuition HKD 42,100 is the Government-set rate for UGC-funded (publicly funded) first-degree places, unchanged since 1997/98 through 2024/25 (EDB press release 20 Jun 2024), confirmed for 2023/24 by the university's own schedule. Self-financed programmes and non-local tracks are separate tracks (D039), excluded. CUHK admissions page (Wayback capture 15 Jan 2024, stating the 2023-24 non-local fee): local HK$42,100. Fees 0: the caution fee HK$450 is 'refundable upon withdrawal [...] otherwise usually used as a graduation fee' (one-off, excluded). Student Union entrance/annual fees and College Student Association fees are collected by the Finance Office 'on behalf of' the unions/associations; amounts and compulsoriness not established from open pages (the payment pages need a login) - a checker point (such fees are typically a few hundred HKD and cannot move the band). Dual-degree programmes whose second degree is billed at the non-local rate and 'Dual Undergraduate Degree Programmes' are D039 tracks (not the baseline). govt_fee_aid yes and govt_cash_aid yes: TSFS (Student Finance Office, WFSFAA) 2023/24 lists this university; household means test (income test on Adjusted Family Income + assets test); grant covers tuition fee, academic expenses and compulsory union fees and is credited to the student's bank account (cash component = academic expenses grant; per D047 the source states money is paid to the student); the living-expenses loan and the non-means-tested NLSFT loan are excluded; national scheme cited by rule. TSFS shares blank: the only counts opened (FC reply 2025: 18,904 TSFS applications 2023/24; 11,771 grant-only cases + 2,990 cases with loans) cover all TSFS institutions incl. VTC, with no matching denominator, so no share is computed. inst aid unknown: CUHK's University Bursaries and Loans (Office of Admissions and Financial Aid; application 4-29 Sep 2023) exist for local full-time undergraduates in financial difficulty who cannot get sufficient TSFS assistance, but the opened sources do not state a household means test, nor whether bursaries are applied to fees or paid as cash; the Student Residence Bursary is a hostel-fee subsidy (in-kind, excluded). College bursaries are administered by the colleges (not checked)."
HKG-HKUST,HKG,Hong Kong,The Hong Kong University of Science and Technology,60,public,ownership_and_appointment,no,public,42100,0,42100,HKD,uniform,,,395590.56,0.1064,moderate,moderate_or_high,,,no,low_moderate,yes,yes,yes,unknown,,,,,,2023/24,high,agree,agree,V019,10520,undergraduate_headcount,2023/24,high,https://portal.csdi.gov.hk/server/services/common/ugc_rcd_1665536366226_31862/MapServer/WFSServer?service=wfs&version=2.0.0&request=GetFeature&typeNames=csdi:geotagging&outputFormat=geojson,"UGC-funded undergraduate programmes only (full-time; no part-time UG recorded for this university), local and non-local students on UGC-funded places; sum of female + male headcount. Excludes self-financed undergraduate programmes run by the university and its self-financing arms, so it understates total undergraduate headcount. UGC 'Undergraduate' level = first-degree programmes (incl. any senior-year/top-up intake) - recorded as undergraduate_headcount rather than first_degree_headcount.",7,"Control public on ownership and appointment: HKUST is a body corporate established by The Hong Kong University of Science and Technology Ordinance (Cap. 1141, s.3); the Chief Executive is Chancellor (s.6(2)); of a Council of at most 27 (s.9(1)), up to 17 lay members are appointed by the Chancellor (not more than 9 directly and not more than 8 on the Council's recommendation), and the Chancellor appoints the Chairman, Vice-Chairman and Treasurer; the majority holds when the lay seats are filled (current membership not counted); ordinance text read from HKUST's own copy (current page; amendment date not shown). Tuition HKD 42,100 is the Government-set rate for UGC-funded (publicly funded) first-degree places, unchanged since 1997/98 through 2024/25 (EDB press release 20 Jun 2024), confirmed for 2023/24 by the university's own schedule. Self-financed programmes and non-local tracks are separate tracks (D039), excluded. HKUST Academic Registry 2023-24 (Wayback 3 Dec 2023): local $42,100 per annum. Fees 0: caution money $400 is a deposit at first registration transferred to the graduation fee (one-off, excluded); no other recurring compulsory university fee in the Registry fee pages (miscellaneous fees are per-service); no student union fee is listed by the university (not further checked). Dual Degree Program in Technology and Management: 5th-year tuition $30,000 per term for local students (not the first-year baseline; noted only). govt_fee_aid yes and govt_cash_aid yes: TSFS (Student Finance Office, WFSFAA) 2023/24 lists this university; household means test (income test on Adjusted Family Income + assets test); grant covers tuition fee, academic expenses and compulsory union fees and is credited to the student's bank account (cash component = academic expenses grant; per D047 the source states money is paid to the student); the living-expenses loan and the non-means-tested NLSFT loan are excluded; national scheme cited by rule. TSFS shares blank: the only counts opened (FC reply 2025: 18,904 TSFS applications 2023/24; 11,771 grant-only cases + 2,990 cases with loans) cover all TSFS institutions incl. VTC, with no matching denominator, so no share is computed. inst_fee_aid yes (D047): HKUST University Financial Assistance Bursaries and Loans (SFAO, 2023/24 application periods on the page) - bursary and/or interest-free loan after a 'means-tested review', amount depending on 'the individual's family financial condition', covering part of 'study expenses'; loans excluded. inst_cash_aid unknown: no source states the bursary is paid out to the student. No shares found."
HKG-POLYU,HKG,Hong Kong,The Hong Kong Polytechnic University,=65,public,ownership,no,public,42100,0,42100,HKD,uniform,,,395590.56,0.1064,moderate,moderate_or_high,,,no,low_moderate,yes,yes,yes,unknown,,,,,,2023/24,high,agree,agree,V019,16275,undergraduate_headcount,2023/24,high,https://portal.csdi.gov.hk/server/services/common/ugc_rcd_1665536366226_31862/MapServer/WFSServer?service=wfs&version=2.0.0&request=GetFeature&typeNames=csdi:geotagging&outputFormat=geojson,"UGC-funded undergraduate programmes only (full-time; no part-time UG recorded for this university), local and non-local students on UGC-funded places; sum of female + male headcount. Excludes self-financed undergraduate programmes run by the university and its self-financing arms, so it understates total undergraduate headcount. UGC 'Undergraduate' level = first-degree programmes (incl. any senior-year/top-up intake) - recorded as undergraduate_headcount rather than first_degree_headcount.",8,"Control public on ownership (D041): PolyU is a statutory body governed by The Hong Kong Polytechnic University Ordinance (Cap. 1075) (EDB/LegCo 2015); no private owner. Board majority not state-appointed: of a Council of 25 (President, Deputy President, 3 staff, 17 lay, 1 alumnus, 2 students), the Chief Executive appoints 9 lay members and the Council 8, the CE naming the Chairman, Deputy Chairman and Treasurer from the lay members (2015 LegCo summary; composition not re-checked for 2023/24, e-Legislation needs JavaScript; Annex table layout partly scrambled in extraction, entries matched by section labels). Tuition HKD 42,100 is the Government-set rate for UGC-funded (publicly funded) first-degree places, unchanged since 1997/98 through 2024/25 (EDB press release 20 Jun 2024), confirmed for 2023/24 by the university's own schedule. Self-financed programmes and non-local tracks are separate tracks (D039), excluded. PolyU Student Handbook for Taught Programmes 2023/24: Bachelor's full-time UGC-funded local $42,100/academic year. Fees 0: caution money $400 at first registration, 'converted to graduation fee' (one-off, excluded); the HK$5,000 initial fee forms part of first-semester tuition; the listed other charges are per-event (reinstatement, replacement, appeals); no student union fee listed. The additional self-financing year for double majors ($80,000) is not the first-year baseline (noted). govt_fee_aid yes and govt_cash_aid yes: TSFS (Student Finance Office, WFSFAA) 2023/24 lists this university; household means test (income test on Adjusted Family Income + assets test); grant covers tuition fee, academic expenses and compulsory union fees and is credited to the student's bank account (cash component = academic expenses grant; per D047 the source states money is paid to the student); the living-expenses loan and the non-means-tested NLSFT loan are excluded; national scheme cited by rule. TSFS shares blank: the only counts opened (FC reply 2025: 18,904 TSFS applications 2023/24; 11,771 grant-only cases + 2,990 cases with loans) cover all TSFS institutions incl. VTC, with no matching denominator, so no share is computed. inst_fee_aid yes (D047; D036 institution-run though donor-funded): PolyU Financial Assistance Scheme (Student Affairs Office) - bursary (no repayment, normally HK$3,000-10,000) and/or interest-free loan; assessment on 'family income and assets'; level set by the extent to which 'tuition fee and basic living expenses' are not covered; 2023/24 application on the page (Wayback 2 Oct 2023); loans excluded. inst_cash_aid unknown: no source states disbursement to the student. The page gives 273 successful of 287 applications in 2022/23 (no enrolment denominator; not a share)."
HKG-CITYU,HKG,Hong Kong,City University of Hong Kong,70,public,ownership_and_appointment,no,public,42100,0,42100,HKD,uniform,,,395590.56,0.1064,moderate,moderate_or_high,,,no,low_moderate,yes,yes,unknown,unknown,,,,,,2023/24,high,agree,agree,V019,11858,undergraduate_headcount,2023/24,high,https://portal.csdi.gov.hk/server/services/common/ugc_rcd_1665536366226_31862/MapServer/WFSServer?service=wfs&version=2.0.0&request=GetFeature&typeNames=csdi:geotagging&outputFormat=geojson,"UGC-funded undergraduate programmes only (full-time; no part-time UG recorded for this university), local and non-local students on UGC-funded places; sum of female + male headcount. Excludes self-financed undergraduate programmes run by the university and its self-financing arms, so it understates total undergraduate headcount. UGC 'Undergraduate' level = first-degree programmes (incl. any senior-year/top-up intake) - recorded as undergraduate_headcount rather than first_degree_headcount.",8,"Control public on ownership and appointment: CityU is a statutory body governed by the City University of Hong Kong Ordinance (Cap. 1132) (EDB/LegCo 2015); per s.10(1) as summarised there, the Council has up to 23 members of whom up to 15 lay members are appointed by the Chief Executive (7 directly, not more than 8 on the Council's recommendation), and the CE names the Chairman, Deputy Chairman and Treasurer - a majority when filled. Composition as at 2015; not re-checked for 2023/24 (CityU's own ordinance page is behind an anti-bot challenge and e-Legislation needs JavaScript; not bypassed). Tuition HKD 42,100 is the Government-set rate for UGC-funded (publicly funded) first-degree places, unchanged since 1997/98 through 2024/25 (EDB press release 20 Jun 2024), confirmed for 2023/24 by the university's own schedule. Self-financed programmes and non-local tracks are separate tracks (D039), excluded. CityU Finance Office fee page (Wayback 15 Oct 2023; non-local rate shown for the 2023 intake): Bachelor's local $42,100 per annum. Fees 0: the Graduation Fee $400 is charged at enrolment and refunded on withdrawal (one-off, excluded); Students' Union membership (entrance $70 + annual $130) is collected by the university but students 'who do not wish to join' can withdraw and obtain a refund, so it is not compulsory (sensitivity: +130/yr, +70 once; band unaffected). Credits beyond limits for double majors/degrees and 5th-year credits are self-financed (not the baseline). govt_fee_aid yes and govt_cash_aid yes: TSFS (Student Finance Office, WFSFAA) 2023/24 lists this university; household means test (income test on Adjusted Family Income + assets test); grant covers tuition fee, academic expenses and compulsory union fees and is credited to the student's bank account (cash component = academic expenses grant; per D047 the source states money is paid to the student); the living-expenses loan and the non-means-tested NLSFT loan are excluded; national scheme cited by rule. TSFS shares blank: the only counts opened (FC reply 2025: 18,904 TSFS applications 2023/24; 11,771 grant-only cases + 2,990 cases with loans) cover all TSFS institutions incl. VTC, with no matching denominator, so no share is computed. inst aid unknown: CityU Financial Assistance Scheme (Student Development Services; donor-funded, university-administered; 2023/24 second round Jan-Feb 2024) gives bursaries (HK$8,000-40,000) and/or interest-free loans 'allocated primarily on the basis of financial need', sometimes also field/academic performance; the household basis of the need test and whether bursaries go against fees or to students are not stated in the opened page (guidance notes not retrievable). No shares found."
MYS-UM,MYS,Malaysia,Universiti Malaya (UM),=65,public,ownership_and_appointment,no,public,3953.57,0,3953.57,MYR,midpoint_of_range,2050,5857.14,51927.43,0.0761,low_moderate,low_to_low_moderate,low,moderate,yes,low_moderate,yes,unknown,yes,unknown,,,,,,2023/24,medium,agree,agree,V019,18754,first_degree_headcount,2023,high,https://www.mohe.gov.my/muat-turun/statistik/2023-3/1474-bab-2-ua-2023-pdf/file,"Bachelor (Sarjana Muda) enrolment at UM, calendar 2023, official MOHE statistics; all modes and nationalities as reported by MOHE (full/part-time and citizenship split not stated in this table).",8,"Tuition: UM 'Program Ijazah Sarjana Muda Sesi Akademik 2023/2024' brochure (Malaysian, UPU channel; note 4: fees apply to the 2023/2024 intake) lists a whole-programme fee ('Yuran Pengajian Keseluruhan') per programme and the programme length. Annualised = programme fee / (regular semesters / 2) (or / years where stated '5 Tahun'); short special semesters ('Semester Khas') are not counted as periods (convention, stated). Min 2,050/yr = B.Ed TESL 8,200 over 8 semesters; max 5,857.14/yr = B.CompSc (Data Science, industry-mode programme) 20,500 over 7 semesters. Next-highest programmes: Building Surveying 11,700/7 sem = 3,342.86; Pharmacy 13,300/8 sem = 3,325; Dentistry 16,500/5 yrs = 3,300; Medicine 15,000/5 yrs = 3,000. BAND-SENSITIVE: the Data Science outlier stays in the range per protocol; without it the max is 3,342.86 and the midpoint 2,696.43. One-off 'Yuran Kemasukan' RM500 excluded (registration only, D032). compulsory_fees_std 0 is not a verified zero: note 3 says the listed fees are tuition only and exclude residential college fees 'dan lain-lain'; no separate recurring compulsory fee schedule was found (possible understatement). The 2025/26 UPU fee list (Bursary, ref. date 22.11.2024) shows the same programme totals and states 'Fees are applied to 2023/2024 intake and onwards'. Control public: university incorporated by order of the Yang di-Pertuan Agong under UUCA 1971 s.6-7 (state-created body corporate, no private owner); First Schedule paras 13-14: all Board members except the Vice-Chancellor are appointed by the Minister, and the VC is appointed by the Minister (reprint as at 2012; later amendments not checked). govt_fee_aid yes: Program SULUNG 2.0 (KPT initiative, from 2023/24) gives first-born students of B40 families with no family member in higher education a university fee exemption ('pengecualian yuran universiti') at public universities; B40 is a household-income test (secondary sources also state an academic threshold, so it is means-and-merit, not merit-only); national scheme cited by rule. Funder coded government (KPT programme at a statutory public university); secondary sources say the universities absorb the exemption, so a checker may prefer inst_fee_aid for this scheme. Recipient share not documented (secondary sources cite a target of 10,000 per session across 20 UAs; target, not recipients). Excluded: PTPTN national loans; Budget-2024/2026 PTPTN 'free education'/non-repayable financing for eKasih students (forgivable loan, D037, and later than 2023/24); JPA/MARA/merit scholarships; Yayasan Kebajikan Siswa one-off gifts. govt_cash_aid unknown: SULUNG 1.0 living allowance was offered only at 8 pioneer UAs (UM not among them); no other household-income-tested government cash grant for degree students verified (state zakat/state entry grants not verified for 2023/24). inst_fee_aid yes (D047 general need-based grant): 'Bantuan Tabung Zakat Pendidikan Pelajar Universiti Malaya' run by UM Student Affairs, Sem 2 2023/2024, household income < RM5,249, Muslim students only; zakat-financed but institution-run (D036); the notice does not say whether it is paid as cash or against fees, so inst_cash_aid unknown. Shares not documented."
MYS-USM,MYS,Malaysia,Universiti Sains Malaysia (USM),=137,public,ownership_and_appointment,no,public,1410,1180,2590,MYR,midpoint_of_range,2120,3060,51927.43,0.0499,low,low_to_low_moderate,low,low_moderate,yes,low,yes,unknown,unknown,unknown,,,,,,2023/24 (bracketed: identical 2022/23 and 2024/25 schedules),medium,agree,agree,V019,22070,first_degree_headcount,2023,high,https://www.mohe.gov.my/muat-turun/statistik/2023-3/1474-bab-2-ua-2023-pdf/file,"Bachelor (Sarjana Muda) enrolment at USM, calendar 2023, official MOHE statistics; all modes and nationalities as reported (split not stated).",8,"Charge: USM 'Yuran Ijazah Pertama Penuh Masa' per semester = Yuran Pengajian (tuition) + Yuran Kebajikan & Kemudahan Siswa (compulsory student welfare & facilities fee), x2 semesters (convention; two regular semesters per session). The 2023/24 schedule itself was not found (URL 'yuran 2324' 404 in the Wayback, July 2024); the 2022/23 schedule (captured June 2023) and the 2024/25 schedule (updated June 2024) carry identical per-semester totals, so the same regime clearly applied in 2023/24 (nearest-year evidence). Min 1,060/semester (tuition 510 + welfare 550; humanities, social sciences, English for professionals) = 2,120/yr; max 1,530/semester (tuition 900 + welfare 630; Doctor of Medicine, Doctor of Dental Surgery) = 3,060/yr. tuition_std/compulsory_fees_std = midpoints of the components of the endpoint programmes (1,020-1,800; 1,100-1,260). One-off registration fee (750/850/870 in 2022/23; 720/820/840 in 2024/25) excluded ('Yuran pendaftaran hanya dibayar pada semester pertama sahaja'); housing (~RM650/semester) and RM200 convocation fee excluded. Midpoint is close to 5% of GDP per capita: checker should confirm band. Control public: UUCA 1971 s.6-7 incorporation order; First Schedule paras 13-14 and 9(1): Board (except VC) and VC appointed by the Minister (reprint as at 2012). govt_fee_aid yes: Program SULUNG 2.0 (KPT initiative, from 2023/24) gives first-born students of B40 families with no family member in higher education a university fee exemption ('pengecualian yuran universiti') at public universities; B40 is a household-income test (secondary sources also state an academic threshold, so it is means-and-merit, not merit-only); national scheme cited by rule. Funder coded government (KPT programme at a statutory public university); secondary sources say the universities absorb the exemption, so a checker may prefer inst_fee_aid for this scheme. Recipient share not documented (secondary sources cite a target of 10,000 per session across 20 UAs; target, not recipients). Excluded: PTPTN national loans; Budget-2024/2026 PTPTN 'free education'/non-repayable financing for eKasih students (forgivable loan, D037, and later than 2023/24); JPA/MARA/merit scholarships; Yayasan Kebajikan Siswa one-off gifts. govt_cash_aid unknown: USM not among the 8 SULUNG 1.0 pioneers (living allowance); no other household-income-tested government cash grant verified. inst_fee_aid/inst_cash_aid unknown: USM runs a Student Welfare Fund and USM Zakat Fund (Health Campus Islamic Centre, as amil for MAIK, pays 'bantuan sara hidup untuk pelajar', news 3 Aug 2023), but no page stating a household-income test was accessible (bhepa.kk.usm.my 403; news.usm.my zakat articles 404)."
MYS-UPM,MYS,Malaysia,Universiti Putra Malaysia (UPM),158,public,ownership_and_appointment,no,public,1400,762,2162,MYR,midpoint_of_range,1862,2462,51927.43,0.0416,low,low_to_low_moderate,low,low,no,low,yes,unknown,yes,yes,,,,,,schedule for entrants from Sem 1 2021/2022 (Serdang); Bintulu breakdown for 2023/24,low,agree,agree,V019,16351,first_degree_headcount,2023,high,https://www.mohe.gov.my/muat-turun/statistik/2023-3/1474-bab-2-ua-2023-pdf/file,"Bachelor (Sarjana Muda) enrolment at UPM (all campuses), calendar 2023, official MOHE statistics; all modes and nationalities as reported (split not stated).",15,"Charge: UPM Bursar 'Pecahan kadar yuran pengajian program bacelor dalam negara' (schedule for entrants from Semester 1 2021/2022, still posted May 2023): per semester B = service/activity/insurance fee RM381 (Serdang) + C = tuition by field (Sastera 550, Sains Tulen 620, Sains Gunaan 660, Teknikal 700, Perubatan 850); hostel (504 + 10) and first-semester registration (485) excluded. x2 semesters (UPM 2023/24 calendar: two regular semesters + a special third semester). Min = Sastera (550 + 381) x2 = 1,862; max = Perubatan (850 + 381) x2 = 2,462; the Bintulu campus 2023/24 breakdown (305.50 recurring fees + 660 tuition = 965.50/semester, 1,931/yr) lies inside the range and confirms the same component rates in 2023/24. tuition_std/compulsory_fees_std = midpoints of the endpoint components (1,100-1,700; 762). CONFLICT (preserved, not resolved): UPM's own programme brochures ('Maklumat Program Pengajian', 2022-2023 edition captured Oct 2023, and 2024-2025 edition) list 'Yuran Pengajian Setahun' of RM3,924-4,780 (Serdang, varying by residential college) and 3,143 (Bintulu); these include college accommodation and do not reconcile with the Bursar breakdown (arts: 1,930 + 1,445 = 3,375 incl. hostel and registration vs 3,924). If the brochure figures net of hostel were used the midpoint would be roughly 3,300 (BAND-SENSITIVE around 5% of GDP per capita). Saluran Alternatif (self-funded, RM5,750-18,125 per semester) and part-time/other tracks excluded (D039). Control public: UUCA 1971 s.6-7; First Schedule paras 13-14, 9(1) (Minister appoints Board and VC). govt_fee_aid yes: Program SULUNG 2.0 (KPT initiative, from 2023/24) gives first-born students of B40 families with no family member in higher education a university fee exemption ('pengecualian yuran universiti') at public universities; B40 is a household-income test (secondary sources also state an academic threshold, so it is means-and-merit, not merit-only); national scheme cited by rule. Funder coded government (KPT programme at a statutory public university); secondary sources say the universities absorb the exemption, so a checker may prefer inst_fee_aid for this scheme. Recipient share not documented (secondary sources cite a target of 10,000 per session across 20 UAs; target, not recipients). Excluded: PTPTN national loans; Budget-2024/2026 PTPTN 'free education'/non-repayable financing for eKasih students (forgivable loan, D037, and later than 2023/24); JPA/MARA/merit scholarships; Yayasan Kebajikan Siswa one-off gifts. govt_cash_aid yes: UPM was one of the 8 SULUNG 1.0 pioneer universities (cohort Oct 2022); SULUNG 1.0 'derma siswa' covered fees plus 'Elaun Sara Hidup' (living allowance) for first-generation B40 students; the 2022 cohort was still enrolled in 2023/24 (continuation of the allowance in 2023/24 not separately verified). inst_fee_aid and inst_cash_aid yes: UPM's WAZAN centre (institution unit, assistant amil for Lembaga Zakat Selangor under a UPM-LZS agreement; D036 institution-run) gave RM2.97m in 2023 to B40 and asnaf students incl. 'bantuan sara diri' and 'yuran pengajian'. Shares not documented."
MYS-UKM,MYS,Malaysia,Universiti Kebangsaan Malaysia (UKM),=159,public,ownership_and_appointment,no,public,2400,680,3080,MYR,midpoint_of_range,1780,4380,51927.43,0.0593,low_moderate,low_to_low_moderate,low,low_moderate,yes,low_moderate,yes,unknown,yes,yes,,,,,,2023/24 (schedule posted July 2023),medium,agree,agree,V019,19949,first_degree_headcount,2023,high,https://www.mohe.gov.my/muat-turun/statistik/2023-3/1474-bab-2-ua-2023-pdf/file,"Bachelor (Sarjana Muda) enrolment at UKM, calendar 2023, official MOHE statistics; all modes and nationalities as reported (split not stated).",11,"Charge: UKM 'Kadar Yuran Pengajian' (uploaded 2023/07 to the Academic portal) gives per faculty, for LOCAL full-time undergraduates: Registration (first semester only), Service & Activity fee and Tuition per semester, 1st-semester total and subsequent-semester total. Annual = subsequent-semester total (service & activity + tuition) x2 semesters (min 8 semesters for 4-year programmes, 10 for dentistry). Min 890/semester (service 340 + tuition 550: FEP, Education, Islamic Studies, Law, Social Sciences and Humanities, etc.) = 1,780/yr; max 2,190/semester (340 + 1,850: Dentistry, min 10 sem, total 23,100) = 4,380/yr. Other: Medicine (MD) 1,240/sem; Pharmacy and Health Sciences 1,190/sem; Science & Technology and FTSM 940/sem; Engineering 1,040/sem. BAND-SENSITIVE: dentistry drives the max (without it max 2,480 and midpoint 2,130). Registration RM1,200 (first semester only) excluded (D032). tuition_std/compulsory_fees_std = midpoints of the endpoint components (1,100-3,700; 680). Control public: UUCA 1971 s.6-7; First Schedule paras 13-14, 9(1) (Minister appoints Board and VC). govt_fee_aid yes: Program SULUNG 2.0 (KPT initiative, from 2023/24) gives first-born students of B40 families with no family member in higher education a university fee exemption ('pengecualian yuran universiti') at public universities; B40 is a household-income test (secondary sources also state an academic threshold, so it is means-and-merit, not merit-only); national scheme cited by rule. Funder coded government (KPT programme at a statutory public university); secondary sources say the universities absorb the exemption, so a checker may prefer inst_fee_aid for this scheme. Recipient share not documented (secondary sources cite a target of 10,000 per session across 20 UAs; target, not recipients). Excluded: PTPTN national loans; Budget-2024/2026 PTPTN 'free education'/non-repayable financing for eKasih students (forgivable loan, D037, and later than 2023/24); JPA/MARA/merit scholarships; Yayasan Kebajikan Siswa one-off gifts. govt_cash_aid yes: UKM was one of the 8 SULUNG 1.0 pioneer universities (cohort Oct 2022), whose 'derma siswa' included 'Elaun Sara Hidup' for first-generation B40 students; the 2022 cohort was still enrolled in 2023/24 (continuation not separately verified). inst_fee_aid and inst_cash_aid yes (medium-low: undated/2014 pages): UKM's university zakat unit (MoA with Lembaga Zakat Selangor; institution-run, D036) aids asnaf fakir/miskin students, defined by income relative to the 'had kifayah' of the student and dependants, with 'Bantuan Sara Diri' (cash) and 'Bantuan Yuran Tertunggak' (fee arrears); Muslim students only. Shares not documented."
MYS-UTM,MYS,Malaysia,Universiti Teknologi Malaysia,188,public,ownership_and_appointment,no,public,2575,0,2575,MYR,midpoint_of_range,2170,2980,51927.43,0.0496,low,low_to_low_moderate,low,low_moderate,yes,low,yes,unknown,yes,yes,,,,,,2023/24,medium,agree,agree,V019,19861,first_degree_headcount,2023,high,https://www.mohe.gov.my/muat-turun/statistik/2023-3/1474-bab-2-ua-2023-pdf/file,"Bachelor (Sarjana Muda) enrolment at UTM (all campuses), calendar 2023, official MOHE statistics; all modes and nationalities as reported (split not stated).",10,"Charge: UTM undergraduate programme brochure 'Program Sarjana Muda 2023' (uploaded 2023/09) 'Yuran Pengajian' table: Semester 1 fee, total payment for semesters 2-8 and total, by field; totals exclude accommodation. Recurring per-semester charge = (semesters 2-8 total)/7 (architecture: 6-semester programme, /5); annual = x2. Semester-1 fee exceeds the recurring rate by a uniform RM1,200 in every field (one-off, excluded under D032). Min = HRD/Management & Business/Social Sciences & Humanities 7,595/7 = 1,085/sem = 2,170/yr; max = Computer Science (Data Engineering) 2u2i 10,430/7 = 1,490/sem = 2,980/yr. Computer/IT/Education/Science 1,195/sem; Engineering 1,250; Quantity Surveying 1,235; Architecture 1,235. Consolidated payments (tuition + compulsory fees not split) are recorded in tuition_std; compulsory_fees_std 0 means no separate charge beyond the consolidated figure. EXCLUDED (D039, separately priced parallel track): Malaysia-Japan International Institute of Technology (MJIIT) engineering programmes, 6,050 semester 1 and 33,950 for semesters 2-8 (4,850/sem, 9,700/yr), while the same engineering fields are offered at the standard UTM rate; if MJIIT were included the max would be 9,700 and the midpoint 5,935 (BAND-SENSITIVE). The brochure itself carries no session label; year inferred from its title and upload path (2023/09). Control public: UUCA 1971 s.6-7; First Schedule paras 13-14, 9(1) (Minister appoints Board and VC). govt_fee_aid yes: Program SULUNG 2.0 (KPT initiative, from 2023/24) gives first-born students of B40 families with no family member in higher education a university fee exemption ('pengecualian yuran universiti') at public universities; B40 is a household-income test (secondary sources also state an academic threshold, so it is means-and-merit, not merit-only); national scheme cited by rule. Funder coded government (KPT programme at a statutory public university); secondary sources say the universities absorb the exemption, so a checker may prefer inst_fee_aid for this scheme. Recipient share not documented (secondary sources cite a target of 10,000 per session across 20 UAs; target, not recipients). Excluded: PTPTN national loans; Budget-2024/2026 PTPTN 'free education'/non-repayable financing for eKasih students (forgivable loan, D037, and later than 2023/24); JPA/MARA/merit scholarships; Yayasan Kebajikan Siswa one-off gifts. govt_cash_aid yes: UTM was one of the 8 SULUNG 1.0 pioneer universities (cohort Oct 2022), whose 'derma siswa' included 'Elaun Sara Hidup' for first-generation B40 students (continuation in 2023/24 not separately verified). inst_fee_aid and inst_cash_aid yes (undated pages, current): UTM Islamic Centre (institution unit; zakat-financed, D036) runs 'Bantuan Zakat Yuran Pengajian' and 'Bantuan Zakat Sara Diri' for full-time bachelor students at UTM Johor Bahru with family income below RM3,000 and many dependants (fakir/miskin per Johor had kifayah), Muslims only. Shares not documented."
SAU-KAU,SAU,Saudi Arabia,King Abdulaziz University (KAU),=143,public,ownership_and_appointment,no,public,0,0,0,SAR,uniform,,,135588.21,0.0000,free,free,,,no,free,not_applicable,no,not_applicable,yes,,,,,,2023/24,medium,agree,agree,V021,56251,fte,THE WUR 2026 data collection (reference year not stated on the page),low,https://www.timeshighereducation.com/world-university-rankings/king-abdulaziz-university,"Fallback only. THE profile 'Key Student Statistics' reports 'Student total 56251'; THE's rankings describe student numbers as FTE, so recorded as fte (collector's reading, not stated on the page). No official 2023/24 headcount obtained: Council of University Affairs statistics are a Power BI dashboard (not machine-readable here), moe.gov.sa and od.data.gov.sa were unreachable; a KAU headcount of 117,096 for 2022/23 appears only in secondary sources (search result, Wikipedia) and was not verified.",7,"Control public, ownership_and_appointment: Universities Law 1441 AH (Royal Decree M/27, 2/3/1441 AH = 30 Oct 2019) Art. 3 makes each university a public academic institution with legal personality, not-for-profit, created by Council of Ministers decision (Art. 4); Art. 11 has the chair, vice-chair and all members of the Board of Trustees (except the president) appointed by order of the Prime Minister on nomination of the chair of the Council of University Affairs, i.e. the whole board is state-appointed. A Council of Ministers order of 25/11/1441 AH (16 Jul 2020) applied the new law to KSU, KAU and IAU (secondary: KSU newspaper, Oct 2020); whether the boards were constituted by 2023/24 was not checked. Headline 0: my.gov.sa (Nov 2023 capture) states that bachelor's study at government universities is provided free to citizens; no compulsory fee for regular bachelor's students was found (none searched beyond this national statement; compulsory_fees_std 0 rests on that statement). Baseline = Saudi citizen, regular (منتظم) full-time bachelor's track. Separately priced tracks (paid diplomas, continuing-education/'paid' programmes, distance/intisab) were not examined and are outside the headline (D039). The monthly stipend (مكافأة شهرية) is paid to all regular students (my.gov.sa) and is not means-tested, so it is not coded as aid. govt_fee_aid not_applicable (headline 0); govt_cash_aid no: no national means-tested cash grant for university students was found (national portal lists only the universal stipend; limited search). inst_cash_aid yes (LOW confidence, old evidence): a 2012 news report quotes KAU's Dean of Student Affairs that the KAU Student Fund pays one-off and continuing monthly grants to needy students after a social case study (reference year 2011, far from 2023/24; nearest-year evidence only). Current KAU Student Fund pages (studentaffairs.kau.edu.sa, incl. a 'طلب إعانة مستمرة' page) appeared in search results but the host did not resolve and no Wayback capture exists, so they were not read. KAU's current financial-services page (JS-rendered) lists stipends, excellence awards and a disability grant, none means-tested. Checker should look for a 2023/24 KAU source."
SAU-KFUPM,SAU,Saudi Arabia,King Fahd University of Petroleum & Minerals,=180,public,ownership,no,public,0,0,0,SAR,uniform,,,135588.21,0.0000,free,free,,,no,free,not_applicable,no,not_applicable,unknown,,,,,,2023/24,medium,agree,agree,V021,5960,fte,THE WUR 2026 data collection (reference year not stated on the page),low,https://www.timeshighereducation.com/world-university-rankings/kfupm,"Fallback only. THE profile 'Student total 5960' (26 F : 74 M; 28% international), recorded as fte (collector's reading of THE's definition). No official 2023/24 headcount found (KFUPM facts page gives no count; national statistics unreachable). Wikipedia's 9,674 undergraduates (2025) not used (secondary).",8,"Control public on ownership (D041), medium confidence: KFUPM states it was established by Royal Decree of 5 Jumada I 1383 AH (23 Sep 1963), is run by a Board of Trustees chaired by the Minister of Energy, and that its status is being transformed 'from a government University to a Non-profit Institute' (started Oct 2019). The president was appointed in Jan 2020 by the Minister of Energy as board chair 'with the approval of the high authority' (المقام السامي). No private founder or owner was found. The legal instrument of the non-profit transformation, the board's composition and who appoints its members were NOT found (BOE unreachable), so a state-appointed majority is not documented; basis = ownership. Whether KFUPM falls under the 1441 Universities Law was not established. Checker: look for the royal order/Council of Ministers decision on KFUPM's new statute. Headline 0: KFUPM's sustainability page (Dec 2023 capture) states all students are on full scholarship including free tuition, books, housing and a stipend; the national portal states government-university bachelor's study is free for citizens; KFUPM's fee-paying seat programme (مقعد دراسي برسوم) is for non-Saudi students only. No compulsory fee found. Baseline = Saudi regular bachelor's student. Stipend paid to all regular students, not means-tested (not aid). govt_cash_aid no (no national means-tested grant found). inst_cash_aid unknown: KFUPM says it 'set up a fund (open to donors) to support those students who are from families with limited income' (household-income targeting) but does not say the support is money paid to the student; its Student Fund provides 'Financial assistance for students (subsidy and loans)' without a stated means test. Interest-free loans excluded."
SAU-KSU,SAU,Saudi Arabia,King Saud University,=203,public,ownership_and_appointment,no,public,0,0,0,SAR,uniform,,,135588.21,0.0000,free,free,,,no,free,not_applicable,no,not_applicable,yes,,,,,,2023/24,medium,agree,agree,V021,61973,first_degree_headcount,2024 (dataset labelled 'العام 2024'; whether academic year 2023/24 or calendar 2024 is not stated),medium,https://data.ksu.edu.sa/sites/data.ksu.edu.sa/files/users/user976/KSU-DMO-OD-DATASET-Students-Enrolled-2024.csv,"Count of rows with الدرجة = 'البكالوريوس' in KSU's record-level open dataset of enrolled students (one row per student: gender, college, degree). All nationalities, all colleges incl. Applied Studies and Community Service and the Common First Year; diploma (16,427), master's, doctoral and other levels excluded. Total rows 90,160. Derived by the collector.",9,"Control public, ownership_and_appointment: Universities Law 1441 AH (Royal Decree M/27, 2/3/1441 AH = 30 Oct 2019) Art. 3 makes each university a public academic institution with legal personality, not-for-profit, created by Council of Ministers decision (Art. 4); Art. 11 has the chair, vice-chair and all members of the Board of Trustees (except the president) appointed by order of the Prime Minister on nomination of the chair of the Council of University Affairs, i.e. the whole board is state-appointed. A Council of Ministers order of 25/11/1441 AH (16 Jul 2020) applied the new law to KSU, KAU and IAU (secondary: KSU newspaper, Oct 2020); whether the boards were constituted by 2023/24 was not checked. Headline 0: my.gov.sa (Nov 2023 capture) states that bachelor's study at government universities is provided free to citizens; no compulsory fee for regular bachelor's students was found (none searched beyond this national statement; compulsory_fees_std 0 rests on that statement). Baseline = Saudi citizen, regular (منتظم) full-time bachelor's track. Separately priced tracks (paid diplomas, continuing-education/'paid' programmes, distance/intisab) were not examined and are outside the headline (D039). The monthly stipend (مكافأة شهرية) is paid to all regular students (my.gov.sa) and is not means-tested, so it is not coded as aid. govt_fee_aid not_applicable (headline 0); govt_cash_aid no: no national means-tested cash grant for university students was found (national portal lists only the universal stipend; limited search). inst_cash_aid yes: the KSU Student Fund (صندوق الطلاب, a university unit under its board) pays one-off grants (إعانة مقطوعة, max SAR 500 each, up to 5 per student) to 'needy' students after a social case study with documents proving need (rules page captured Jul 2024; grants page undated). The test is of the student's need/situation; household income is not named explicitly. Funding of the Fund not verified; coded institutional per D036. Loans (سلف) excluded. Housing fees paid for social-security students are in-kind and excluded. No shares found. | [V021, supersedes an earlier statement in this note] 'Control public, ownership_and_appointment: a royal order converted KSU into an independent non-profit academic institution under the Royal Commission for Riyadh City. On 25 Jul 2023 the Crown Prince/Prime Minister issued an order forming its board of directors (chair Yousef Al-Benyan; the Minister of Human Resources as deputy; other ministers, heads of public bodies, a PIF representative and three named individuals), so the head of government appoints the whole board. Date of the conversion order not found. The Universities Law 1441 AH describes the pre-2023 regime.' Keep the rest."
SAU-PMU,SAU,Saudi Arabia,Prince Mohammad Bin Fahd University,=590,private_nonprofit,legal_form,no,private_not_govt_dependent,58000,0,58000,SAR,uniform,,,135588.21,0.4278,high,moderate_or_high,,,no,high,no,no,unknown,no,,,,,,2023/24,medium,agree,agree,V021,2470,fte,THE WUR 2026 data collection (reference year not stated on the page),low,https://www.timeshighereducation.com/world-university-rankings/prince-mohammad-bin-fahd-university,"Fallback only. THE profile 'Student total 2470', recorded as fte (collector's reading). The Ministry of Education private-higher-education page (Wayback 2018-09-19) gave 'اجمالي عدد الطلبة 4603' (total headcount, 2018, too old). PMU's student-metrics dashboards and 2022/2023 annual reports (FlippingBook) are not machine-readable; national statistics unreachable.",18,"Tuition: PMU undergraduate fee page (Wayback 21 Sep 2023) charges full-time undergraduates (12+ billable hours) a flat SAR 29,000 per semester, same for the Preparatory Program; annualised x2 regular semesters = SAR 58,000 (summer excluded). Saudi students pay no VAT on tuition. The Ministry's private-higher-education page (2018 capture) lists 'SAR 58,000 per year' per programme. Compulsory fees 0: the Dec 2023 'Student Fees' page lists only the non-refundable application fee (SAR 500, excluded) and 'Other Fees at PMU- Optional' (locker, bus, late fees, daycare). Control private: listed by the Ministry of Education's General Directorate of Private Higher Education among 'الجامعات و الكليات الأهلية' and by Study in Saudi under 'Private Universities'; founded on the initiative of HRH Prince Mohammad bin Fahd (then Governor of the Eastern Province) in 2002-2006; the Board of Trustees is the legal authority, appoints the president and sets tuition. The owning entity and its nonprofit status were NOT verified from a primary source (secondary only: Wikipedia 'private non-profit'; a D&B listing titled 'Charitable Education Foundation - Prince Mohammed Bin Fahd University' seen only as a search-result title); private_nonprofit is therefore provisional (checker). Who appoints the board was not documented. govt_dependent_flag no (provisional): the Ministry of Education's Internal Grants Programme (المنح الداخلية) pays approved tuition to private universities for students it selects (min GPA 2.75/5), and PMU lists 'MOHE Scholarships' among its aid types (pages list 2012-14 announcements), but the number/share of PMU students funded in 2023/24 was not found, so 'substantial' transfers are not documented. The scheme as described has a GPA floor and no household-income test, hence govt_fee_aid no. inst_fee_aid yes: PMU's Financial Aid Office takes applications with parents' interview and father/guardian employment and income information to help students 'who could not otherwise meet the cost of tuition' (application form dated 2008 still linked from the Dec 2023 site; mission statement from the 2009-2011 annual report); nearest-year/older evidence, funding described as 'governmental, institutional, and private sources'; coded institutional per D036 (office run by PMU). PMU Internal Scholarships and the Prince Mohammad Bin Fahd Scholarship are merit-based (not counted). Education-bank loan excluded. inst_cash_aid no (no means-tested cash to students found). No shares found. | [V021] Board of Trustees (PMU page): established by ministerial decree; the President + 5 faculty members selected by the Minister + 1 Ministry representative + 12 members selected by the ""Educational Services Company"" in the Eastern Province, a private majority. The owner is apparently that company; its nonprofit status is not verified. The Internal Grants Programme was live in 2023/24 (my.gov.sa); its FAQ (Sep 2023 capture) admits up to the best 50% of new entrants per private institution by GPA. PMU volume is unknown, so govt_dependent_flag is uncertain. inst_fee_aid unknown: PMU says its scholarships are generally not need-based."
SAU-IAU,SAU,Saudi Arabia,Imam Abdulrahman Bin Faisal University (IAU),=595,public,ownership_and_appointment,no,public,0,0,0,SAR,uniform,,,135588.21,0.0000,free,free,,,no,free,not_applicable,no,not_applicable,yes,,,,,,2023/24,medium,agree,agree,V021,25111,fte,THE WUR 2026 data collection (reference year not stated on the page),low,https://www.timeshighereducation.com/world-university-rankings/imam-abdulrahman-bin-faisal-university,"Fallback only. THE profile 'Student total 25111', recorded as fte (THE describes student numbers as FTE; collector's reading). No official 2023/24 headcount obtained (Council of University Affairs Power BI dashboard not machine-readable; moe.gov.sa/od.data.gov.sa unreachable; iau.edu.sa unreachable).",6,"Control public, ownership_and_appointment: Universities Law 1441 AH (Royal Decree M/27, 2/3/1441 AH = 30 Oct 2019) Art. 3 makes each university a public academic institution with legal personality, not-for-profit, created by Council of Ministers decision (Art. 4); Art. 11 has the chair, vice-chair and all members of the Board of Trustees (except the president) appointed by order of the Prime Minister on nomination of the chair of the Council of University Affairs, i.e. the whole board is state-appointed. A Council of Ministers order of 25/11/1441 AH (16 Jul 2020) applied the new law to KSU, KAU and IAU (secondary: KSU newspaper, Oct 2020); whether the boards were constituted by 2023/24 was not checked. Headline 0: my.gov.sa (Nov 2023 capture) states that bachelor's study at government universities is provided free to citizens; no compulsory fee for regular bachelor's students was found (none searched beyond this national statement; compulsory_fees_std 0 rests on that statement). Baseline = Saudi citizen, regular (منتظم) full-time bachelor's track. Separately priced tracks (paid diplomas, continuing-education/'paid' programmes, distance/intisab) were not examined and are outside the headline (D039). The monthly stipend (مكافأة شهرية) is paid to all regular students (my.gov.sa) and is not means-tested, so it is not coded as aid. govt_fee_aid not_applicable (headline 0); govt_cash_aid no: no national means-tested cash grant for university students was found (national portal lists only the universal stipend; limited search). inst_cash_aid yes (nearest year, Aug 2022 capture): the IAU Student Fund (founded with approval of the Supreme Council of Saudi Universities, 26/7/1398 AH = 2 Jul 1978) pays grants (إعانات) to needy students, amount set by case study of the student-care unit; required documents include the family register and a salary certificate of the guardian (شهادة تعريف براتب ولي الأمر), i.e. a household-means test. Funding of the Fund not verified; coded institutional per D036. Loans excluded. No shares found."
IDN-UI,IDN,Indonesia,Universitas Indonesia,=237,public,ownership,no,public,37500000,0,37500000,IDR,full_pay_rate_of_scale,0,40000000,74299609.95,0.5047,high,moderate_or_high,free,high,yes,high,yes,yes,yes,unknown,,,,,,2023/24,high,agree,agree,V020,31671,first_degree_headcount,2023/24 (semester 2023 ganjil),medium,https://api-pddikti.kemdiktisaintek.go.id/pt/prodi/WziEWp6vgY4ox1tmzy827ENWgdcUz9o7cnqZ7uaMJ98pdbtp68-m4kht-d73hYi8W9hrSA==/20231,"Sum of 'jumlah_mahasiswa' over the 67 programmes with jenjang_prodi = S1 returned by the PDDikti API for semester 20231 (odd semester of 2023/24); all S1 tracks and admission routes reported under S1 programme codes (may include international/parallel classes), excludes D3/D4 (applied bachelor), professional, specialist, S2, S3. Figures as served by PDDikti in Sept 2026 (later reporting corrections possible). Even semester 20232 S1 = 29473; 20241 S1 = 32752.",10,"Tuition: Keputusan Rektor UI 402/SK/R/UI/2023 (27 Mar 2023; national routes SNBP/SNBT, AY 2023/2024) sets UKT in 11 income classes (K-1..K-11), each a range in thousand IDR per semester; class assigned by the economic capacity of student/parents (diktum KETIGA). Top class K-11: >17,500-20,000 for all Science-Technology-Health faculties (medicine, dentistry, public health, nursing, pharmacy, math/science, engineering, computer science) and >15,000-17,500 for all Social-Humanities faculties (law, economics & business, cultural sciences, psychology, social/political sciences, administration). K-1: 0-500 everywhere. Full-pay rate taken as the ceiling of K-11; headline = midpoint of the annualised full-pay rates across programmes ((35,000,000+40,000,000)/2 = 37,500,000; x2 semesters per Permendikbud 25/2020 art. 9(1)); charge_min 0 = lowest point of K-1; charge_max 40,000,000. Regular S1 via the independent route (SIMAK, SK 668/2023) has the identical UKT table and is charged UKT only (diktum KEDUA), so no IPI/entry contribution for regular S1 in 2023/24. Excluded under D039: KKI international class (SK 452/2023) and S1 Non-Reguler/parallel (SK 672/2023). Fees 0: UKT is the single fee; Permendikbud 25/2020 art. 10 allows other levies only for foreign, international-class, partnership and independent-route students, and UI's decrees charge none for regular S1. Control public: PTN-BH (state university legal entity) per PP 75/2021 (statute); founded by the Government in 1950; initial wealth is separated state property (art. 85). MWA of 17: Minister, Rector, 7 lecturers, 6 community, 1 staff, 1 student; all members formally appointed and dismissed by the Minister on the Academic Senate's proposal (art. 25(3)); the Minister holds 1 seat (35% of votes only in electing/dismissing the Rector, art. 26(5)). Basis coded ownership: formal ministerial appointment is on SA nomination, so a state-chosen majority is not documented -> checker should confirm. Aid: govt_fee_aid yes = income-scaled UKT under the ministerial framework (Permendikbud 25/2020 art. 7: at least groups I <=500k and II 501k-1m, by household income and dependants; amounts and class procedure set by the PTN-BH rector after consulting the Minister) plus KIP Kuliah 2023 (full UKT waiver paid to the university, capped at 8m/semester non-medicine, 12m medicine, for poor/near-poor households; national scheme cited by rule). govt_cash_aid yes = KIP Kuliah living allowance paid to the student (800k-1.4m/month by region). inst_fee_aid yes = the class amounts K-3..K-11 and the assignment procedure are institution-set (rector's decree), and the statute obliges UI to recruit >=20% of national-route entrants who are academically able but economically poor or from 3T regions and to finance them with UI scholarships (art. 13(4)-(5)); actual recipients not documented. inst_cash_aid unknown (UI donor-funded scholarship programmes exist but no means-tested cash scheme verified). No documented shares (the 20% in Permendikbud art. 14 and statute art. 13 are minimum quotas, not observed shares). Loans excluded."
IDN-UGM,IDN,Indonesia,Gadjah Mada University,263,public,ownership,no,public,32300000,0,32300000,IDR,full_pay_rate_of_scale,0,49400000,74299609.95,0.4347,high,moderate_or_high,free,high,yes,high,yes,yes,yes,unknown,,,,,,2023/24,high,agree,agree,V020,37935,first_degree_headcount,2023/24 (semester 2023 ganjil),medium,https://api-pddikti.kemdiktisaintek.go.id/pt/prodi/ThYlesoC-K8Vfv3LyZV_WbLB3aW2XakyArH-MAjiC9G2hjNoz3PnjGKFDKGfpW_OywZDUg==/20231,"Sum of 'jumlah_mahasiswa' over the 81 programmes with jenjang_prodi = S1 returned by the PDDikti API for semester 20231 (odd semester of 2023/24); all S1 tracks and admission routes reported under S1 programme codes (may include international/parallel classes), excludes D3/D4 (applied bachelor), professional, specialist, S2, S3. Figures as served by PDDikti in Sept 2026 (later reporting corrections possible). Even semester 20232 S1 = 33246; 20241 S1 = 37432.",11,"Tuition: UGM admissions office (UM UGM) announcement 'Uang Kuliah Tunggal (UKT) Sarjana Terapan dan Sarjana UGM Tahun Akademik 2023/2024' (routes SNBP, SNBT and UM-UGM): each programme has one full-pay 'UKT Pendidikan Unggul' and subsidised levels 'UKT Pendidikan Unggul Bersubsidi' of 25/50/75/100% set by parents' economic capacity; UKT groups 1 and 2 of Permendikbud 25/2020 receive 100% subsidy (pay 0). S1 full-pay rates per semester: 7,600,000 (Korean, Indonesian, Javanese, Japanese, French, Arabic languages, tourism) to 24,700,000 (medicine, dentistry, veterinary medicine); others 8.3m, 8.8m, 9.2m (law, economics, management, accounting...), 10.0m, 11.0m, 12.3m (engineering majors), 13.5m, 17.3m (pharmacy, nursing). Annualised x2 (per-semester basis from Permendikbud 25/2020 art. 9(1); the announcement does not state the period): full-pay range 15,200,000-49,400,000; headline = midpoint of full-pay rates across programmes = 32,300,000; charge_min 0 (100% subsidy level); charge_max 49,400,000. Applied bachelor (Sarjana Terapan, Sekolah Vokasi, 11.4m/13.3m per semester) excluded from the range as not S1 (inside the range anyway). Independent route UM-CBT: students assessed at full-pay UKT also pay a one-off Sumbangan Solidaritas Pendidikan Unggul (SSPU) of 30,000,000 (science/technology/health) or 20,000,000 (social/humanities): one-off and route-specific, excluded (D032, D039). International undergraduate programmes (IUP) priced separately, excluded (D039). Fees 0: no other compulsory fee for regular S1 found; UKT is the single fee (Permendikbud 25/2020 art. 10 limits other levies to foreign, international-class, partnership and independent-route students). Control public: PTN-BH per PP 67/2013 (Statuta UGM; no replacement statute found for 2023/24); initial wealth is separated state property except land (art. 67(2)). MWA of 19: Minister, Sri Sultan Hamengku Buwono (Sultan-Governor of DIY), Rector, 6 community figures, 2 alumni, 3 professors, 3 other lecturers, 1 staff, 1 student; all appointed and dismissed by the Minister on the Academic Senate's proposal (art. 27(3)); Minister holds 35% of votes only in electing/dismissing the Rector (art. 27(8)). Coded ownership (state-chosen board majority not documented) -> checker should confirm. Aid: govt_fee_aid yes = ministerial UKT framework (groups 1-2 by household income, Permendikbud 25/2020 art. 7) and KIP Kuliah 2023 fee coverage (national scheme cited by rule); govt_cash_aid yes = KIP Kuliah living allowance paid to the student. inst_fee_aid yes = UGM's own 25-100% UKT subsidy by parents' economic capacity ('UKT Pendidikan Unggul Bersubsidi', institution-set). inst_cash_aid unknown (not verified). No documented shares. Loans excluded."
IDN-ITB,IDN,Indonesia,Bandung Institute of Technology (ITB),=281,public,ownership,no,public,32500000,0,32500000,IDR,full_pay_rate_of_scale,0,40000000,74299609.95,0.4374,high,moderate_or_high,free,high,yes,high,yes,yes,yes,unknown,,,,,,2023/24,medium,agree,agree,V020,22344,first_degree_headcount,2023/24 (semester 2023 ganjil),medium,https://api-pddikti.kemdiktisaintek.go.id/pt/prodi/TGTc-YBlStx8RZo_UrZTK-5l10ONlUsJNWZN0SRkximTaQoHyeEgxX36fvvyn5gA8OG6IA==/20231,"Sum of 'jumlah_mahasiswa' over the 54 programmes with jenjang_prodi = S1 returned by the PDDikti API for semester 20231 (odd semester of 2023/24); all S1 tracks and admission routes reported under S1 programme codes (may include international/parallel classes), excludes D3/D4 (applied bachelor), professional, specialist, S2, S3. Figures as served by PDDikti in Sept 2026 (later reporting corrections possible). Even semester 20232 S1 = 19040; 20241 S1 = 20225.",12,"Tuition: ITB admissions portal, SNBP 2023 and SNBT 2023 pages (Wayback captures of 30 Jan 2023; pages give the 2023 SNBP/SNBT schedules and the per-semester UKT for students admitted through these routes): five UKT groups; all faculties/schools except SBM: UKT5 12,500,000 / UKT4 8,750,000 / UKT3 5,000,000 / UKT2 1,000,000 / UKT1 0; SBM (School of Business and Management): 20,000,000 / 14,000,000 / 8,000,000 / 1,000,000 / 0. UKT5 is the full rate; students needing relief apply for 'beasiswa UKT' with family economic documents and ITB sets the group. Annualised x2 semesters (page states 'per semester'): full-pay 25,000,000 (non-SBM) and 40,000,000 (SBM); headline = midpoint of full-pay rates across programmes = 32,500,000; charge_min 0 (UKT1); charge_max 40,000,000. Independent route SM-ITB (2022 page, 2023 not captured): UKT5 25,000,000/semester plus a one-off Iuran Pengembangan Institusi (min 25,000,000; SBM min 40,000,000); route-specific and one-off, excluded (D032, D039) -> checker may wish to confirm the 2023 SM-ITB price. International Undergraduate Program (UKT 30,000,000/40,000,000 + IPI) excluded (D039). Year: rates published for the 2023 intake before admission (Jan 2023); no rector's decree for 2023/24 found (the 2024 Peraturan Rektor 26/2024 introduced a different 7-group schedule). Fees 0: UKT is the single fee (Permendikbud 25/2020 art. 10); no other compulsory fee for regular S1 found. Control public: PTN-BH per PP 65/2013 (Statuta ITB); initial wealth is separated state property except land (art. 57(1)). MWA of 15: Minister, Governor of West Java, SA chair, Rector, 4 community representatives, 4 SA representatives, 1 alumni, 1 staff, 1 student; members proposed by SA and ratified by the Minister (art. 21(3)); Minister holds 35% of votes only in electing/dismissing the Rector (art. 23(2)). Coded ownership (no state-chosen majority documented) -> checker should confirm. Aid: govt_fee_aid yes = ministerial UKT framework (groups I-II, Permendikbud 25/2020 art. 7) and KIP Kuliah 2023 fee coverage (national scheme cited by rule); ITB news: 222 of 2,093 SNBP 2023 admits were KIP-K candidates (candidates, not confirmed recipients; not coded as a share). govt_cash_aid yes = KIP Kuliah living allowance. inst_fee_aid yes = ITB 'beasiswa UKT' (reduction from UKT5 to a lower group on verified family economic documents, set by ITB); the statute requires ITB to provide and manage 'bantuan biaya pendidikan' for economically disadvantaged students (art. 53(1)). inst_cash_aid unknown. No documented shares. Loans excluded. | [V020] Year corroborated by detik.com 19 Jan 2023 (ITB 2023 SNBP/SNBT UKT, same five groups)"
IDN-UNAIR,IDN,Indonesia,Airlangga University,=345,public,ownership,no,public,32500000,0,32500000,IDR,full_pay_rate_of_scale,0,50000000,74299609.95,0.4374,high,moderate_or_high,free,high,yes,high,yes,yes,unknown,unknown,,,,,,2023/24,medium,agree,agree,V020,30504,first_degree_headcount,2023/24 (semester 2023 ganjil),medium,https://api-pddikti.kemdiktisaintek.go.id/pt/prodi/sDZz4IMN19GoDjfrFBWvcChBT8Bj6KoO7PgtvHHecMSWaUtMyBqIROgZsfjvnkwCeVXzDQ==/20231,"Sum of 'jumlah_mahasiswa' over the 55 programmes with jenjang_prodi = S1 returned by the PDDikti API for semester 20231 (odd semester of 2023/24); all S1 tracks and admission routes reported under S1 programme codes (may include international/parallel classes), excludes D3/D4 (applied bachelor), professional, specialist, S2, S3. Figures as served by PDDikti in Sept 2026 (later reporting corrections possible). Even semester 20232 S1 = 25841; 20241 S1 = 29551.",9,"Tuition: UNAIR admissions centre (PPMB) page 'Satuan Biaya Pendidikan SNBP, Tahun Akademik 2023/2024' (Wayback capture 8 Jun 2023): six UKT levels per programme, columns 'UKT I | UKT II | UKT III | UKT IV | IA | IB | IC' with values for UKT I 0-500,000, UKT II 1,000,000, UKT III 2,400,000, then three programme-specific upper levels; the highest level per programme ranges from 7,500,000 (Ilmu Sejarah) and 9,000,000 (sociology, political science, anthropology...) to 25,000,000 (Kedokteran/medicine); dentistry 21,000,000; pharmacy 15,000,000; law/management/accounting 10,000,000. Column labels are as printed (the table header has 7 labels for 6 value columns) -> checker should look at the capture. Per-semester basis from Permendikbud 25/2020 art. 9(1) (page does not state the period); annualised x2: full-pay 15,000,000-50,000,000; headline = midpoint of full-pay rates across programmes = 32,500,000; charge_min 0 (UKT I lower bound); charge_max 50,000,000. Assumes the SNBT schedule equals SNBP (not separately captured; Permendikbud art. 7(4) requires equal group amounts across routes). Independent route (Mandiri reguler 2023/24): per-semester UKS (e.g. medicine 15,000,000) plus a one-off minimum UKA (e.g. medicine 99,000,000): route-specific and partly one-off, excluded (D032, D039); Mandiri Kemitraan and international classes excluded (D039). Fees 0: UKT single fee (Permendikbud 25/2020 art. 10); no other compulsory fee for regular S1 found. Control public: PTN-BH per PP 30/2014 (Statuta UNAIR; text read from pasal.id reproduction, official JDIH copies blocked/timed out); initial wealth is separated state property except land (art. 84(1)). MWA of 21: Minister, Rector, 6 SA, 1 lecturer, 1 staff, 11 community (art. 18(2)); community members exceed non-community members (art. 18(6)); all appointed and dismissed by the Minister on UNAIR's proposal (art. 23(1)); Minister 35% of votes only in electing/dismissing the Rector (art. 25(1)). Coded ownership -> checker should confirm. Aid: govt_fee_aid yes = ministerial UKT framework (groups I-II) and KIP Kuliah 2023 fee coverage (national scheme cited by rule); govt_cash_aid yes = KIP Kuliah living allowance. inst_fee_aid unknown: the upper UKT levels are UNAIR-set, and search results point to UNAIR UKT reductions for economic hardship (Direktorat Keuangan, Oct 2023) but the pages returned 403/404/timeout and were not verified. inst_cash_aid unknown. No documented shares. Loans excluded. | [V020, supersedes an earlier statement in this note] Header: UKT I (colspan 3: IA 0-500.000, IB 1.000.000, IC 2.400.000), UKT II, UKT III, UKT IV; highest column = UKT IV = full-pay rate"
IDN-IPB,IDN,Indonesia,IPB University (a.k.a. Bogor Agricultural University),=489,public,ownership,no,public,22000000,0,22000000,IDR,full_pay_rate_of_scale,4800000,24000000,74299609.95,0.2961,high,moderate_or_high,low_moderate,high,yes,moderate,yes,yes,yes,unknown,,,,,,"2023/24 (2019 decree rates, displayed Jan 2023)",medium,agree,agree,V020,20165,first_degree_headcount,2023/24 (semester 2023 ganjil),medium,https://api-pddikti.kemdiktisaintek.go.id/pt/prodi/XFEs5Lo7UuJSO0CZmq2S-E0W3s_TaYMoXM3l4Iu4HUwyH70agzkj1OOwnJNY2wrzhfzRhg==/20231,"Sum of 'jumlah_mahasiswa' over the 55 programmes with jenjang_prodi = S1 returned by the PDDikti API for semester 20231 (odd semester of 2023/24); all S1 tracks and admission routes reported under S1 programme codes (may include international/parallel classes), excludes D3/D4 (applied bachelor), professional, specialist, S2, S3. Figures as served by PDDikti in Sept 2026 (later reporting corrections possible). Even semester 20232 S1 = 18530; 20241 S1 = 20417.",11,"Tuition: IPB admissions page 'Biaya Pendidikan' (Wayback capture 28 Jan 2023; the page already refers to the SNBP/SNBT routes introduced for 2023 and to the 2022 SM-IPB intake): UKT for all entry routes per Rector's Decree 66/IT3/KU/2019 (27 Feb 2019), five groups per semester, set 'dengan mempertimbangkan kondisi sosial-ekonomi mahasiswa': most programmes Golongan I 2,400,000 / II 4,000,000 / III 7,000,000 / IV 9,000,000 / V 11,000,000; economics & management faculty and KPM: 2.4m/3.0m/6.0m/8.0m/10.0m; veterinary medicine and Business (Sekolah Bisnis): 2.4m/5.0m/8.0m/10.0m/12.0m. The 2019 decree's table is headed 'Tahun Angkatan 2020', so its application to the 2023 intake is inferred from the Jan 2023 page (still displayed, updated for SNBP/SNBT) and corroborated by a Kompas (Apr 2023) article on 'Biaya Kuliah IPB 2023' giving the same groups (secondary). Annualised x2 (page states Rp/Semester): full-pay Golongan V 20,000,000-24,000,000; headline = midpoint of full-pay rates across programmes = 22,000,000; charge_min = Golongan I x2 = 4,800,000 (the table does not list the national groups I-II of <=500k/<=1m required by Permendikbud 25/2020 art. 7(3) -> checker should confirm whether lower groups existed; KIP-K students pay nothing via government aid); charge_max 24,000,000. Independent route SM-IPB: one-off BPIF (min 23,000,000-45,000,000 in the 2019 decree) on top of UKT, not charged to SNBP/SNBT entrants; one-off and route-specific, excluded (D032, D039). International class (SK 109/2019) excluded (D039). Fees 0: UKT single fee; no other compulsory fee for regular S1 found. Control public: PTN-BH per PP 66/2013 (Statuta IPB); initial wealth separated state property except land (art. 100(1)). MWA of 17: Minister, Rector, 8 SA, 1 staff, 1 student, 1 alumni, 4 community (art. 44(1)-(2)); SA and community members chosen by the SA; appointment and dismissal 'ditetapkan oleh Menteri atas usul dari SA' (art. 45(3)); Minister 35% of votes only in electing/dismissing the Rector (art. 46(2)). Coded ownership -> checker should confirm. Aid: govt_fee_aid yes = ministerial UKT framework (groups I-II) and KIP Kuliah 2023 fee coverage (national scheme cited by rule); govt_cash_aid yes = KIP Kuliah living allowance. inst_fee_aid unknown: IPB's five income groups are rector-set (income-scaled fee counted under the government framework); no separate IPB need-based waiver or grant verified within budget. inst_cash_aid unknown. No documented shares. Loans excluded. | [V020] Year corroborated by Kompas 28 Mar 2023 quoting IPB (SNBP 2023 UKT 2.4m-11m, max 12m per semester); KIP Kuliah 2023 entrants pay no UKT, so the lowest price paid is 0 although charge_min records the lowest listed group"
THA-CU,THA,Thailand,Chulalongkorn University,211,public,ownership,no,public,55000,0,55000,THB,midpoint_of_range,42000,68000,250942.62,0.2192,moderate,moderate_or_high,moderate,high,yes,moderate,no,no,yes,yes,,,,,,2023/24 (AY 2566),high,agree,agree,V022,27644,first_degree_headcount,"2023/24 (AY 2566, semester 1)",high,https://info.mhesi.go.th/download2.php?file_id=202409011314.xlsx&stat_id=7280&id_member=2566&url=stat_std_all.php,"All students (registered or maintaining status) at bachelor level (ป.ตรี) in semester 1 of academic year 2566 (2023/24), summed over the three field groups; includes all bachelor tracks reported by the institution (Thai regular, international, special programmes) and all years of study; excludes certificate, graduate diploma, master's and doctoral levels. Headcount as reported to MHESI.",7,"Tuition: CU announcement 'อัตราการเรียกเก็บเงินค่าเล่าเรียน พ.ศ. 2562' (applies to students entering from AY 2563 = 2020/21 onward, hence to 2566 entrants; still the current schedule on the Registrar page, with amendment No.2 of 2563 only redefining the humanities group) sets flat per-semester tuition for Thai bachelor's students in the first and second semesters by faculty group: biological sciences (1) (medicine, dentistry, veterinary science, etc.) 34,000; biological sciences (2) 26,500; physical sciences (science, engineering, architecture etc.) 25,500; social sciences 21,000; humanities 21,000 THB. Annualised x2 regular semesters (summer excluded): 42,000-68,000; headline = midpoint 55,000. Separately priced international programmes (D039) and foreign-student rates (76,000-106,000/semester) excluded. Fees 0: the CU announcement on other charges (อัตราเงินเรียกเก็บประเภทอื่นๆ พ.ศ. 2562) lists only application, fine, status-maintenance and document charges; no compulsory levy for all students found. Wayback Machine was offline (no 2023 capture checked). Control public by ownership: CU is a juristic person with the status of a state-supervised agency (หน่วยงานในกำกับของรัฐ) under the Chulalongkorn University Act B.E. 2551 (2008), s.5; no private owner. Council of 30 (s.19): chair and 15 external experts formally appointed by the King (royal appointment after the university's own nomination process), rector, faculty senate chair, alumni association president, 1 elected staff member, 10 elected academics/heads; the government (cabinet/minister) does not itself name members. Aid: govt_fee_aid/govt_cash_aid no: no national government non-repayable grant for university students tested on household income was found; the national student loan fund (กยศ.) is a loan and is excluded; the EEF 'ครูรัก(ษ์)ถิ่น' means-tested teacher scholarship is not offered at this university (EEF list of 18 partner institutions, 2022). The CU page also mentions need-based funds from over 60 external bodies incl. 'ภาครัฐ' (public sector) without detail. inst_fee_aid/inst_cash_aid yes: CU's own ทุนอุดหนุนการศึกษาของมหาวิทยาลัย (type ก tuition + monthly expenses; ข(1) tuition; ข(2) monthly expenses up to 60,000/yr; ค up to 10,000/yr) awarded by faculty committees on parents' income relative to family expenses (CU article dated 21 Mar 2025, nearest-year evidence); Act s.15 obliges the university to support needy students. Recipient share not documented."
THA-MU,THA,Thailand,Mahidol University,=382,public,ownership,no,public,67000,0,67000,THB,midpoint_of_range,34000,100000,250942.62,0.2670,high,moderate_or_high,moderate,high,yes,moderate,no,no,yes,unknown,,,,,,2023/24 (AY 2566),medium,agree,agree,V022,21343,first_degree_headcount,"2023/24 (AY 2566, semester 1)",high,https://info.mhesi.go.th/download2.php?file_id=202409011314.xlsx&stat_id=7280&id_member=2566&url=stat_std_all.php,"All students (registered or maintaining status) at bachelor level (ป.ตรี) in semester 1 of academic year 2566 (2023/24), summed over the three field groups; includes all bachelor tracks reported by the institution (Thai regular, international, special programmes) and all years of study; excludes certificate, graduate diploma, master's and doctoral levels. Headcount as reported to MHESI.",5,"Tuition: MU announcement 'อัตราค่าธรรมเนียมการศึกษาแบบเหมาจ่าย หลักสูตรปกติ (ไทย) ระดับปริญญาตรี สำหรับนักศึกษาตั้งแต่รหัสประจำตัว 63xxxxx เป็นต้นไป พ.ศ. 2566' (signed 25 Jan 2566, in force 'ตั้งแต่ปีการศึกษา 2566 เป็นต้นไป') sets flat per-semester fees by programme for regular Thai programmes: min 17,000 (Liberal Arts; Kanchanaburi BBA/accounting; some campus programmes), max 50,000 (Dentistry DDS; ICT Digital Science and Technology); medicine 30,000; engineering 30,000; nursing 25,000. Annualised x2 regular semesters (summer charged at 50% but excluded): 34,000-100,000; headline = midpoint 67,000. GAP: the College of Music (วิทยาลัยดุริยางคศิลป์) is excluded from this announcement and its Thai-programme rate was not collected, so the true max could be higher. International programmes (MUIC etc.) are separately priced tracks (D039) and excluded. Fees 0: the same announcement's other fees (ข้อ ๙) are status-maintenance, card replacement, fines and document charges; health insurance applies to foreign students only. Control public by ownership: MU is a juristic person with the status of a state-supervised agency (หน่วยงานในกำกับของรัฐ) under the Mahidol University Act B.E. 2550 (2007), s.5; no private owner. Council (s.21): chair and 15 external experts formally appointed by the King after the university's own nomination, rector, faculty senate chair, alumni association president, 1 elected staff member, 10 elected academics/deans; no cabinet/ministerial appointees. Aid: govt_fee_aid/govt_cash_aid no: no national government non-repayable grant for university students tested on household income was found; the national student loan fund (กยศ.) is a loan and is excluded; the EEF 'ครูรัก(ษ์)ถิ่น' means-tested teacher scholarship is not offered at this university (EEF list of 18 partner institutions, 2022). inst_fee_aid yes: 'ทุนมหาวิทยาลัยมหิดล' for students lacking financial means (ขาดแคลนทุนทรัพย์), 5,000-30,000 THB per award, listed as the university's own internal fund (undated MU faculty page; household-income test implied by 'ขาดแคลนทุนทรัพย์' but criteria page op.mahidol.ac.th/sa was blocked (HTTP 403)); coded fee aid per D047 (general need-based grant); inst_cash_aid unknown (no source seen stating money is paid to the student for the university fund; foundation-run schemes such as มูลนิธิชวน รัตนรักษ์ pay a living allowance but are separate foundations, D036). Recipient share not documented."
THA-CMU,THA,Thailand,Chiang Mai University,=571,public,ownership,no,public,44000,0,44000,THB,midpoint_of_range,30000,58000,250942.62,0.1753,moderate,moderate_or_high,moderate,moderate,no,moderate,yes,yes,yes,unknown,,,,,,2023/24 (AY 2566),medium,agree,agree,V022,32283,first_degree_headcount,"2023/24 (AY 2566, semester 1)",high,https://info.mhesi.go.th/download2.php?file_id=202409011314.xlsx&stat_id=7280&id_member=2566&url=stat_std_all.php,"All students (registered or maintaining status) at bachelor level (ป.ตรี) in semester 1 of academic year 2566 (2023/24), summed over the three field groups; includes all bachelor tracks reported by the institution (Thai regular, international, special programmes) and all years of study; excludes certificate, graduate diploma, master's and doctoral levels. Headcount as reported to MHESI.",11,"Tuition: 2566 entrants pay under 'ระเบียบมหาวิทยาลัยเชียงใหม่ ว่าด้วยค่าธรรมเนียมการศึกษาระดับปริญญาตรี พ.ศ. 2556' (applies to entrants from AY 2557; the replacing 2566 regulation applies only from AY 2567 and keeps 'ระเบียบเดิม' for earlier entrants; the Faculty of Economics posts the 2556 regulation as the schedule for semester 1/2566). Flat rates per regular semester (2-semester system): humanities & social sciences 15,000 (Mass Communication and Economics 20,000); science & technology 16,000 (Architecture 29,000); health sciences 20,000; year-based programmes 40,000 per academic year (all groups; pharmacy year 6 and dentistry years 4-6 60,000, not first year). Annualised x2 (summer excluded): 30,000-58,000; headline = midpoint 44,000. Six programmes charged under their own regulations are excluded by ข้อ 3 (marine product technology, two fine-arts media programmes, CAMT animation and modern management & IT, international relations) and their rates were not collected; international and special (ภาคพิเศษ) programmes are separate tracks (D039). Fees 0 with caveat: ข้อ 6 states the tuition 'ยังไม่รวมค่าธรรมเนียมอื่นที่เรียกเก็บตามรายการทุกครั้งที่มหาวิทยาลัยกำหนด'; no separate compulsory per-semester fee for all students was documented (finance.oou.cmu.ac.th fee listings unreachable). Control public by ownership: CMU is a juristic person with the status of a state-supervised agency under the Chiang Mai University Act B.E. 2551 (2008), s.5; no private owner. Council (s.21): chair and 15 external experts formally appointed by the King after the university's nomination process (one expert must come from a list proposed by the Commission on Higher Education), rector, 3 ex officio internal/alumni members, 3 elected executives, 4 elected staff; no cabinet/ministerial appointees. govt_fee_aid/govt_cash_aid yes: CMU is a partner of the Equitable Education Fund (EEF, a state fund) teacher scholarship 'ครูรัก(ษ์)ถิ่น' (cohort 4 entering AY 2566) for poor students (household income below 3,000 THB per person per month), paying fees (up to 30,000/yr, secondary source) and a 6,000 THB/month living allowance; service-bonded (6 years teaching), repayable only on dropping out without cause, so not a loan; limited to teacher education, about 300 awards/yr nationally across partner universities. No general national government means-tested grant found; กยศ. loans excluded. inst_fee_aid yes: CMU central scholarship (ทุนส่วนกลางมหาวิทยาลัยเชียงใหม่), funded from university budget and donations, 10,000-50,000 THB/yr allocated by degree of financial need (current page); faculties also award about 1,500 scholarships/yr. inst_cash_aid unknown (no source seen stating money is paid to the student). Shares not documented. | [V022] Kru Rak Thin cohort 4 (AY 2566): 327 awards nationally across partner institutions (EEF, 22 Sep 2022)."
THA-TU,THA,Thailand,Thammasat University,=600,public,ownership,no,public,65000,0,65000,THB,midpoint_of_range,26000,104000,250942.62,0.2590,high,moderate_or_high,moderate,high,yes,moderate,no,no,yes,unknown,,,,,,2023/24 (AY 2566),medium,agree,agree,V022,37419,first_degree_headcount,"2023/24 (AY 2566, semester 1)",high,https://info.mhesi.go.th/download2.php?file_id=202409011314.xlsx&stat_id=7280&id_member=2566&url=stat_std_all.php,"All students (registered or maintaining status) at bachelor level (ป.ตรี) in semester 1 of academic year 2566 (2023/24), summed over the three field groups; includes all bachelor tracks reported by the institution (Thai regular, international, special programmes) and all years of study; excludes certificate, graduate diploma, master's and doctoral levels. Headcount as reported to MHESI.",9,"Tuition: TU regulation 'ว่าด้วยอัตราค่าธรรมเนียมการศึกษาชั้นปริญญาตรี โครงการปกติแบบเหมาจ่าย พ.ศ. 2555' sets flat per-semester fees for regular (Thai) programmes: min 13,000 (Political Science; Sociology & Anthropology), e.g. Law (Rangsit) 13,800, Commerce 14,200, Engineering 18,200, Medicine 21,100, Dentistry 21,200 (2012 text). A May 2025 news report on the increase for entrants from AY 2568 gives the previous rates (Law 13,800, Medicine 21,100, Engineering 18,200), i.e. the 2555 rates were still charged before 2568, hence to 2566 entrants. Max: Pharmacy (regular Thai programme, faculty not in the 2012 text) about 52,000 per semester per a secondary source dated 13 Sep 2023; Dentistry is reported at 50,000 in 2025 with no earlier rate given, so the 2012 dentistry rate (21,200) may have been superseded by an amendment not seen. Annualised x2 regular semesters (summer excluded): 26,000-104,000; headline = midpoint 65,000. BAND-SENSITIVE: without the pharmacy/dentistry rates of about 50,000 the max would be 42,400 (midpoint 34,200). The amendments to the 2555 regulation (at least 5 by 2016) and the official 2566 schedule could not be read (web2.reg.tu.ac.th timed out; reg.tu.ac.th is JavaScript-rendered). International (English-taught) and special programmes are separate tracks (D039). Fees 0: the 2555 regulation's other fees (ข้อ 7) are status-maintenance, reinstatement, transcript and late-registration charges only. Control public by ownership: TU is a juristic person with the status of a state-supervised agency under the Thammasat University Act B.E. 2558 (2015), s.5; no private owner. Council (s.20): chair and 15 external experts formally appointed by the King (experts on the recommendation of the chair and internal members), rector, alumni association president, faculty and staff council chairs, and 7 elected/selected internal members; no cabinet/ministerial appointees. Aid: govt_fee_aid/govt_cash_aid no: no national government non-repayable grant for university students tested on household income was found; the national student loan fund (กยศ.) is a loan and is excluded; the EEF 'ครูรัก(ษ์)ถิ่น' means-tested teacher scholarship is not offered at this university (EEF list of 18 partner institutions, 2022). inst_fee_aid yes: TU's 'โครงการธรรมศาสตร์ช้างเผือก' 2566 admits students from poor families (total family income before expenses not above 300,000 THB/yr) with 150 university scholarships (50 full, 100 partial) paid under TU student-affairs rules; Act s.16 obliges support of needy students. inst_cash_aid unknown: secondary sources say the full award includes a monthly allowance but no primary source for 2566 was read. Shares not documented. | [V022] Max confirmed by the official TU TCAS64 pharmacy fee sheet (52,000 บาท/ภาค, โครงการปกติ แบบเหมาจ่าย, Thai-taught, Thai students only; AY 2564 entrants) and a 2569 report of the same rate; amendments 4 (2558) and 5 (2559) to the 2555 regulation are listed in the TU legal database but their PDFs return 404."
THA-KU,THA,Thailand,Kasetsart University,751-760,public,ownership,no,public,47700,0,47700,THB,midpoint_of_range,23200,72200,250942.62,0.1901,moderate,moderate_or_high,low_moderate,high,yes,moderate,no,no,yes,unknown,,,,,,2023/24 (AY 2566),high,agree,agree,V022,60558,first_degree_headcount,"2023/24 (AY 2566, semester 1)",high,https://info.mhesi.go.th/download2.php?file_id=202409011314.xlsx&stat_id=7280&id_member=2566&url=stat_std_all.php,"All students (registered or maintaining status) at bachelor level (ป.ตรี) in semester 1 of academic year 2566 (2023/24), summed over the three field groups; includes all bachelor tracks reported by the institution (Thai regular, international, special programmes) and all years of study; excludes certificate, graduate diploma, master's and doctoral levels. Headcount as reported to MHESI. All KU campuses (Bang Khen, Kamphaeng Saen, Sriracha, Chalermphrakiat Sakon Nakhon) reported under one institution row.",5,"Tuition: KU admissions table 'อัตราค่าธรรมเนียมการศึกษา (เหมาจ่าย) สำหรับนิสิตใหม่ ระดับปริญญาตรี ... ภาคต้น ปีการศึกษา 2566' (dated 1 Mar 2566) gives flat per-semester rates by programme and campus; column 'หลักสูตรไทย ภาคปกติ' (regular Thai track) used, special (ภาคพิเศษ), international and English-taught columns excluded (D039). Regular-track range across all campuses: min 11,600 (Faculty of Liberal Arts and Management Sciences, which the collector identifies as the Chalermphrakiat Sakon Nakhon campus) to max 36,100 (International Maritime College, Sriracha: nautical science; naval architecture and marine engineering); Bang Khen/Kamphaeng Saen faculties 12,900-17,300 (consistent with the KU announcement of 22 Jul 2565 on Bang Khen and Kamphaeng Saen rates from semester 1/2565, e.g. agriculture 14,300, engineering 17,300, humanities 12,900), Sriracha engineering 26,100. Annualised x2 regular semesters (summer excluded): 23,200-72,200; headline = midpoint 47,700 (D040-style whole-institution range; Bang Khen/Kamphaeng Saen only would be 25,800-34,600, midpoint 30,200 - checker should note). The table notes rates 'อาจมีการเปลี่ยนแปลง'. Fees 0: the flat fee is 'เหมาจ่าย'; the only other charge in the 2565 announcement is a status-maintenance fee (3,500/semester) for students on leave. Control public by ownership: KU is a juristic person with the status of a state-supervised agency under the Kasetsart University Act B.E. 2558 (2015), s.5; no private owner. Council (s.20): chair and 15 external experts formally appointed by the King (the council itself proposes the royal appointments, s.22(7)), 5 ex officio internal/alumni members and 8 elected internal members; no cabinet/ministerial appointees. Aid: govt_fee_aid/govt_cash_aid no: no national government non-repayable grant for university students tested on household income was found; the national student loan fund (กยศ.) is a loan and is excluded; the EEF 'ครูรัก(ษ์)ถิ่น' means-tested teacher scholarship is not offered at this university (EEF list of 18 partner institutions, 2022). inst_fee_aid yes: 'ทุนมหาวิทยาลัยเกษตรศาสตร์' allocated by the university to undergraduates lacking financial means (ขาดแคลนทุนทรัพย์), funded by donors (institution-administered, D036), 10,000-72,000 THB per year (faculty page, undated). inst_cash_aid unknown. Shares not documented."
