source_row_id,institution_id,variable,url,publisher,title,year_of_applicability,accessed_at,locator,quote,quote_truncated,read_via
SVK-UK-N053-P01,SVK-UK,tuition,https://uniba.sk/fileadmin/ruk/legislativa/2024/VP_2024_36_Priloha_c._7.pdf,Univerzita Komenského v Bratislave,Príloha č. 7 k vnútornému predpisu č. 17/2021 Smernici rektora UK: Školné a poplatky spojené so štúdiom na Univerzite Komenského v Bratislave v akademickom roku 2025/2026,2025/26,2026-09-30,p.1 title; p.2 section 1 Lekárska fakulta (1) Denná forma štúdia,"Školné a poplatky spojené so štúdiom na Univerzite Komenského v Bratislave v akademickom roku 2025/2026 ... (1) Denná forma štúdia Školné po prekročení štandardnej dĺžky štúdia alebo pri súbežnom štúdiu a) v študijných programoch prvého stupňa, druhého stupňa a v spojenom štúdiu podľa § 53 ods. 3, ktoré sú poskytované v slovenskom jazyku 2 450,00 €",no,curl direct download; text via pdftotext -layout
SVK-UK-N053-P02,SVK-UK,compulsory_fees,https://uniba.sk/fileadmin/ruk/legislativa/2024/VP_2024_36_Priloha_c._7.pdf,Univerzita Komenského v Bratislave,Príloha č. 7 k vnútornému predpisu č. 17/2021 Smernici rektora UK (2025/2026),2025/26,2026-09-30,"p.17, section 14 Výška poplatkov spojených so štúdiom, (1)","preukaz študenta v dennej forme štúdia s licenciou ISIC 26,00 € preukaz študenta v dennej forme štúdia bez licencie ISIC 13,00 € preukaz študenta v externej forme štúdia 13,00 € obnovenie platnosti preukazu študenta prolongačnou známkou študenti v dennej forme štúdia s licenciou ISIC 19,00 € študenti v dennej forme štúdia bez licencie ISIC 6,00 € študenti v externej forme štúdia 6,00 €",no,curl direct download; page rendered with pymupdf and read visually
SVK-UK-N053-P03,SVK-UK,regime,https://web.archive.org/web/20251019214741id_/https://www.zakonypreludi.sk/zz/2002-131,"zakonypreludi.sk (consolidated text of Act No. 131/2002 Z. z.), Wayback capture 2025-10-19","Zákon č. 131/2002 Z. z. o vysokých školách (Aktuálne znenie 01.02.2025, current at capture date)",2025/26,2026-09-30,§ 92 ods. 4,"(4) Študent verejnej vysokej školy v dennej forme štúdia je povinný uhradiť ročné školné, ak mu vznikne povinnosť uhradiť ročné školné podľa odseku 5, 6 alebo odseku 8. Študent verejnej vysokej školy v externej forme štúdia je povinný uhrádzať ročné školné v každom roku štúdia.",no,curl of Wayback raw capture (id_); HTML stripped to text
SVK-STU-N053-P01,SVK-STU,tuition,https://www.stuba.sk/buxus/docs/stu/pracoviska/rektorat/odd_pravne_organizacne/17.09.2024%20smernica%206_2024_skolne%20a%20poplatky_2025_2026_FIN-signed.pdf,Slovenská technická univerzita v Bratislave,Smernica rektora číslo 6/2024-SR: Školné a poplatky spojené so štúdiom na Slovenskej technickej univerzite v Bratislave na akademický rok 2025/2026 (17. 09. 2024),2025/26,2026-09-30,Článok 1 (base); Článok 2 body 1-2,"predstavuje sumu 740 Eur. ... (6) tejto smernice nesmie prekročiť sumu 3 700 Eur. (2) Študent v dennej forme štúdia je povinný uhradiť fakulte školné, ak mu vznikne táto povinnosť podľa bodu (3), (5), (9), (10) alebo (11) tohto článku.",no,curl direct download; text via pdftotext -layout
SVK-STU-N053-P02,SVK-STU,compulsory_fees,https://www.stuba.sk/buxus/docs/stu/pracoviska/rektorat/odd_pravne_organizacne/17.09.2024%20smernica%206_2024_skolne%20a%20poplatky_2025_2026_FIN-signed.pdf,Slovenská technická univerzita v Bratislave,Smernica rektora číslo 6/2024-SR: Školné a poplatky spojené so štúdiom na Slovenskej technickej univerzite v Bratislave na akademický rok 2025/2026 (17. 09. 2024),2025/26,2026-09-30,"Článok 7 bod 2 písm. a), b)",(2) Poplatky za vydanie dokladov o štúdiu a) Preukaz študenta STU 1. nový preukaz študenta STU 11 € 2. prolongácia preukazu študenta STU 4 € 3. nový hybridný preukaz študenta STU 26 € ... 1. nový preukaz ISIC študenta STU 24 € 2. prolongácia preukazu ISIC študenta STU (s licenciou ISIC) 15 € 3. prolongácia preukazu ISIC študenta STU (bez licencie ISIC) 4 €,no,curl direct download; text via pdftotext -layout
SVK-UPJS-N053-P01,SVK-UPJS,tuition,https://intranet.upjs.sk/op/op.Public.php?documentid=10074,Univerzita Pavla Jozefa Šafárika v Košiciach,"Rozhodnutie rektora č. 9/2025 o určení školného, poplatkov spojených so štúdiom a o úhradách nákladov spojených so zvyšovaním kvalifikácie v akademickom roku 2025/2026 na UPJŠ v Košiciach (23.01.2025)",2025/26,2026-09-30,title; Čl. 1 ods. 1,"Rozhodnutie rektora č. 9/2025 o určení školného, poplatkov spojených so štúdiom a o úhradách nákladov spojených so zvyšovaním kvalifikácie v akademickom roku 2025/2026 na UPJŠ v Košiciach ... 1. Školné z dôvodu štúdia dlhšieho, ako je štandardná dĺžka štúdia príslušného študijného programu, sa určí ako pomerná časť z ročného školného",no,curl direct download; text via pdftotext -layout
SVK-UPJS-N053-P02,SVK-UPJS,compulsory_fees,https://intranet.upjs.sk/op/op.Public.php?documentid=10074,Univerzita Pavla Jozefa Šafárika v Košiciach,"Rozhodnutie rektora č. 9/2025 o určení školného, poplatkov spojených so štúdiom a o úhradách nákladov spojených so zvyšovaním kvalifikácie v akademickom roku 2025/2026 na UPJŠ v Košiciach (23.01.2025)",2025/26,2026-09-30,Čl. 4 ods. 1,"1. Poplatky za úkony spojené s dokladmi, vydávaním a prolongáciou preukazov študenta: - denný študent nový preukaz ISIC 31,20,- € - denný študent prolongácia ISIC s dopravou 20,80,- € - denný študent prolongácia NonISIC s dopravou 10,00,- €",no,curl direct download; text via pdftotext -layout
SVK-TUKE-N053-P01,SVK-TUKE,tuition,https://pdf.tuke.sk/legislativa/PR_TUKE_03_24_Skolne_2025_2026.pdf,Technická univerzita v Košiciach,Príkaz rektora PR/TUKE/03/24: Výška školného a poplatkov spojených so štúdiom v akademickom roku 2025/2026,2025/26,2026-09-30,"title; Part I point 1 c), e)","V AKADEMICKOM ROKU 2025/2026 ... c) študujú študijný program dlhšie, ako je jeho štandardná dĺžka štúdia. ... e) študujú v externej forme štúdia (§ 92 ods. 3, § 113af zákona), pokiaľ neboli prijatí na bezplatný študijný",no,curl direct download; text via pdftotext -layout
SVK-TUKE-N053-P02,SVK-TUKE,compulsory_fees,https://pdf.tuke.sk/legislativa/PR_TUKE_03_24_Skolne_2025_2026.pdf,Technická univerzita v Košiciach,Príkaz rektora PR/TUKE/03/24: Výška školného a poplatkov spojených so štúdiom v akademickom roku 2025/2026,2025/26,2026-09-30,"Part III point 1, items 3) a) and d) (p. 5/7)","Poplatok | Výška poplatku v EUR/akad. rok ... - pre študentov v dennej forme – s vizuálom a funkciou medzinárodného preukazu ISIC 25,00,- ... - prolongačná známka ISIC pre obnovenie vizuálnej platnosti preukazu študenta v dennej forme štúdia 13,- - poplatok za nastavenie sektorov čipu preukazu ... 3,70,- - poplatok za komplexné služby univerzitnej knižnice 7,- ... d) úkony spojené so zápisom: - on [...]",yes,curl direct download; table page rendered with pymupdf and read visually
SVK-UNIZA-N053-P01,SVK-UNIZA,tuition,https://www.uniza.sk/images/pdf/skolne-a-poplatky/2025-2026/08092025_S-243-2023-skolne-a-poplatky-Priloha-c-1.pdf,Žilinská univerzita v Žiline,"Príloha č. 1 k Smernici č. 243: Výška školného, poplatkov spojených so štúdiom, poplatkov spojených s udeľovaním vedecko-pedagogických titulov a spôsob platby (version published 08.09.2025, amounts for 2025/2026)",2025/26,2026-09-30,Článok 2 ods. 1 (table); Článok 5 ods. 1,Suma pre akademický rok 2025/2026 Druh školného 1. stupeň 2. stupeň 3. stupeň a) pri prekročení štandardnej dĺžky štúdia 1 100 €* 1 100 €* 1 500 €* b) za súbežné štúdium druhého a ďalšieho študijného programu 900 € 900 € 1 500 € c) za študijný program výlučne v inom 3 500 € 3 500 € 15 000 € ... 1. Poplatok za vydanie a prolongáciu preukazu študenta vo forme čipovej karty s funkcionalitami služieb [...],yes,curl direct download; text via pdftotext -layout (table cells re-ordered by row)
SVK-SPU-N053-P01,SVK-SPU,tuition,https://is.uniag.sk/dok_server/slozka.pl?id=1744;download=65855;lang=sk,Slovenská poľnohospodárska univerzita v Nitre,"Školné pre študijné programy uskutočňované v slovenskom jazyku alebo v kombinácii slovenského a anglického jazyka v I., II. a III. stupni štúdia v akademickom roku 2025/2026 za súbežné štúdium v dennej forme za nadštandardnú dĺžku štúdia v dennej a v externej forme",2025/26,2026-09-30,title block,"Školné pre študijné programy uskutočňované v slovenskom jazyku alebo v kombinácii slovenského a anglického jazyka v I., II. a III. stupni štúdia v akademickom roku 2025/2026 za súbežné štúdium v dennej forme za nadštandardnú dĺžku štúdia v dennej a v externej forme",no,curl direct download; text via pdftotext -layout
SVK-SPU-N053-P02,SVK-SPU,compulsory_fees,https://is.uniag.sk/dok_server/slozka.pl?id=1744;download=65854;lang=sk,Slovenská poľnohospodárska univerzita v Nitre,"Poplatky spojené so štúdiom na SPU v Nitre v akademickom roku 2025/2026 (rektor SPU, 12.12.2024)",2025/26,2026-09-30,point 1 a),a) Poplatky o vydávaní dokladov o štúdiu a ich kópií sú za: aa) preukaz študenta dennej formy v 1. roku štúdia s licenciou ISIC 27 € ab) preukaz študenta externej formy 12 € ac) predĺženie platnosti preukazu študenta dennej formy s prolongáciou ISIC 17 € ad) predĺženie platnosti preukazu študenta dennej a externej formy bez prolongácie ISIC 3 €,no,curl direct download; text via pdftotext -layout
ARE-UAEU-N054-P01,ARE-UAEU,tuition,https://www.uaeu.ac.ae/en/admission/undergraduate-scholarships.shtml,United Arab Emirates University,Undergraduate Scholarships,2025/26 onward,2026-09-30,introductory paragraph,"A tuition fees discount may be granted to students enrolled at the United Arab Emirates University (UAEU) under the “Scholarship Students” category to pursue their undergraduate studies. ... The discount applies to the categories, effective from the academic year 2025/2026 and onwards: International students (enrolled from inside or outside the UAE). Children of UAEU faculty members and staff.",no,curl + html-to-text
ARE-UAEU-N054-P02,ARE-UAEU,tuition,https://www.uae-embassy.org/discover-uae/society/education-in-the-uae,"Embassy of the United Arab Emirates, Washington DC",Education in the UAE,undated (current page),2026-09-30,section 'Higher Education',"Today, UAE citizens can attend government institutions free of charge. UAE public universities include: UAE University",no,curl + html-to-text
ARE-KU-N054-P01,ARE-KU,tuition,https://web.archive.org/web/20250723053419/https://www.ku.ac.ae/admissions/undergraduate-admissions/tuition-fees,Khalifa University of Science and Technology,Undergraduate Admission Tuition Fees,2025/26 (Wayback capture 2025-07-23),2026-09-30,fee table,"Preparatory and Undergraduate AED 2,500 per credit hour",no,curl (Wayback id_) + html-to-text
ARE-KU-N054-P02,ARE-KU,tuition,https://web.archive.org/web/20250409212012/https://www.ku.ac.ae/undergraduate-scholarships,Khalifa University of Science and Technology,Undergraduate Scholarships,2025/26 admissions cycle (Wayback capture 2025-04-09),2026-09-30,'Scholarship for UAE National and Children of Emirati Mothers',Scholarship for UAE National and Children of Emirati Mothers Full coverage of tuition fees. Free University accommodation for eligible students. Free weekly transportation for eligible students. Textbooks provided by the University.,no,curl (Wayback id_) + html-to-text
ARE-KU-N054-P03,ARE-KU,tuition,https://www.ku.ac.ae/wp-content/uploads/2025/12/Student-Handbook-2025-2026-2MB.pdf,Khalifa University of Science and Technology,Student Handbook 2025-2026,2025/26,2026-09-30,'Scholarships for UAE National Students and Children of Emirati Mothers',"Khalifa University of Science and Technology offers the following scholarships to support qualified UAE National and children of Emirati mothers enrolled in undergraduate programs on a full-time basis, as below: > Full or partial coverage of tuition fees for",no,curl + pdftotext
ARE-KU-N054-P04,ARE-KU,tuition,https://web.archive.org/web/20240416164512/https://www.ku.ac.ae/scholarships-undergraduate,Khalifa University of Science and Technology,Undergraduate Scholarships,2024/25 admissions cycle (Wayback capture 2024-04-16),2026-09-30,'Scholarship for UAE National and Children of Emirati Mothers',Scholarship for UAE National and Children of Emirati Mothers Full coverage of tuition fees.,no,curl (Wayback id_) + html-to-text
ARE-AUS-N054-P01,ARE-AUS,tuition,https://web.archive.org/web/20250707152618/https://www.aus.edu/admissions/bachelors-degrees/undergraduate-tuition-and-fees,American University of Sharjah,Undergraduate Tuition and Fees,2025/26 (Wayback capture 2025-07-07),2026-09-30,'Undergraduate Tuition and Fees for Academic Year 2025-2026' table,"Undergraduate Tuition and Fees for Academic Year 2025-2026* (All fees are in UAE Dirhams.) Tuition for all majors is AED 105,020 per academic year. ... Tuition for all majors (12 to 16 credits) AED 53,823 per semester AED 107,646 per year",no,"curl (Wayback id_, gzip) + html-to-text"
ARE-AUS-N054-P02,ARE-AUS,compulsory_fees,https://web.archive.org/web/20250707152618/https://www.aus.edu/admissions/bachelors-degrees/undergraduate-tuition-and-fees,American University of Sharjah,Undergraduate Tuition and Fees,2025/26 (Wayback capture 2025-07-07),2026-09-30,"same table, 'Student Activities Fee' row",Student Activities Fee AED 410 + 5% VAT per semester,no,"curl (Wayback id_, gzip) + html-to-text"
ARE-AUS-N054-P03,ARE-AUS,tuition,https://web.archive.org/web/20240721231557/https://www.aus.edu/admissions/bachelors-degrees/undergraduate-tuition-and-fees,American University of Sharjah,Undergraduate Tuition and Fees,2024/25 (Wayback capture 2024-07-21),2026-09-30,'Undergraduate Tuition and Fees for Academic Year 2024-2025' table,"Undergraduate Tuition and Fees for Academic Year 2024-2025* (All fees are in UAE Dirhams.) Tuition for all majors is AED 105,020 per academic year. ... Tuition for all majors (12 to 16 credits) AED 52,510 per semester AED 105,020 per year ... Student Activities Fee AED 400 + 5% VAT per semester",no,curl (Wayback id_) + html-to-text
ARE-AJMAN-N054-P01,ARE-AJMAN,tuition,https://web.archive.org/web/20250830003503/https://www.ajman.ac.ae/upload/files/financial_documents/2025-26/Graduate_%26_Undergraduate_Programs_Fees_Brochure_2025_V03.pdf,Ajman University,Fees per Credit Hour - For Academic Year 2025/2026,2025/26,2026-09-30,title; Law and Medicine rows (pdftotext),"For Academic Year 2025/2026 ... AED 1,200 129 Bachelor of Law ... Doctor of Medicine AED 127,050 226 per year",no,"curl (Wayback id_, gzip) + pdftotext"
ARE-AJMAN-N054-P02,ARE-AJMAN,compulsory_fees,https://www.ajman.ac.ae/upload/files/financial_documents/AU_Services_Fees_-_Arabic_and_English.pdf,Ajman University,Other services fees,current file (md5 identical to the Sep 2023 capture),2026-09-30,p.1 table,Student service fee 500 Per semester Student ID Card 35 Per academic year,no,curl + pymupdf visual check
ARE-AJMAN-N054-P03,ARE-AJMAN,regime,https://web.archive.org/web/20240828202937/https://www.ajman.ac.ae/upload/files/financial_documents/2024-25/Booklet_AY_2024-25_-_Eng_%26_Ara.pdf,Ajman University,Fee booklet AY 2024-25,2024/25 (Wayback capture 2024-08-28),2026-09-30,tuition table and final financial notes (pdftotext),"College of Medicine AED 121,000 ... The 5% standard VAT rate will no longer be applied to tuition fees and charges which are part of the curriculum for all AU academic programs. Instead, they will be zero-rated.",no,curl (Wayback id_) + pdftotext
ARE-ADU-N054-P01,ARE-ADU,tuition,https://cdn.adu.ac.ae/images-container/docs/default-source/admissions-financials/all-tuition-fees-english.pdf?sfvrsn=d375c643_22,Abu Dhabi University,Abu Dhabi University Tuition and Fee Rates Academic Year 2026-2027 (V: 072026),2026/27 (used as most recent later year for the 2025/26 row),2026-09-30,p.2 (Abu Dhabi campus) and p.3 (Al Ain campus); read visually,"Undergraduate Tuition And Fee Rates | Al Ain Campus Academic Year 2026 - 2027 ... Arts, Education and Social Sciences (BA in Digital Media and Strategic Communication) 1300 ... Health Sciences 2085 ... Student Services 350 175 ... The above fees are subject to VAT 5% excluding the Accommodation and the transportation fees.",no,curl (cdn.adu.ac.ae) + pdftotext + pymupdf visual check
ARE-UOS-N054-P01,ARE-UOS,tuition,https://web.archive.org/web/20250528065018/https://www.sharjah.ac.ae/-/media/project/uos/sites/uos/admission/tuition_fees_en_25_26_1.png,University of Sharjah,Tuition Fees for Colleges and Majors for Bachelor Degree Programs Offered by University of Sharjah in the Academic Year 2025/2026 (image 1 of 2),2025/26,2026-09-30,title and row 'Sharia and Islamic Studies'; read visually,"Tuition Fees for Colleges and Majors for Bachelor Degree Programs Offered by University of Sharjah in the Academic Year 2025/2026 ... Sharia and Islamic Studies ... Semester 22,522 Year 45,045 1 Credit Hour 1,877 ... 126",no,curl (Wayback id_) + visual reading of image
ARE-UOS-N054-P02,ARE-UOS,tuition,https://web.archive.org/web/20250528065018/https://www.sharjah.ac.ae/-/media/project/uos/sites/uos/admission/tuition_fees_en_25_26_2.png,University of Sharjah,Tuition Fees ... Academic Year 2025/2026 (image 2 of 2),2025/26,2026-09-30,"rows Medicine, Dental Medicine, Foundation Years; 'Additional Fees'; read visually","Medicine Medicine and Surgery (M.B.B.S) 95% Not Qualified - 124,215 5,175 ... Dental Surgery (B.D.S) - 120,722 5,031 ... Foundation Year - College of Medicine 46,580 93,160 3,882 1 year ... Additional Fees: - Application fee: 360 AED (Non-refundable). - Student ID card fees: 105 AED (Valid for 4 years).",no,curl (Wayback id_) + visual reading of image
ARE-UOS-N054-P03,ARE-UOS,tuition,https://web.archive.org/web/20250812174557/https://www.sharjah.ac.ae/-/media/project/uos/sites/uos/admission/tuition-fees/ug--after-w-ch.pdf,"University of Sharjah, Finance Department",Tuition Fees for Students who have been admitted from Academic Year 2022/2023,captured 2025-08-12 (same file live in 2026); applies to cohorts admitted from 2022/23 - context only,2026-09-30,p.1 and p.7; read visually,"Tuition Fees for Students who have been admitted from Academic Year 2022/2023 ... College of Sharia and Islamic Studies ... 23,650 47,300 1,971 ... Bachelor of Medicine and Bachelor of Surgery (MBBS) - 130,430 5,435",no,curl (Wayback id_) + pdftotext + pymupdf visual check
OMN-SQU-N055-P01,OMN-SQU,regime,https://web.archive.org/web/20250723093359id_/https://www.heac.gov.om/media/doc/Self-FundedStudy2025.pdf,Higher Education Admission Centre (HEAC) / MoHERI,دليل الطالب للدراسة على النفقة الخاصة (بجامعة السلطان قابوس والتخصصات التربوية) للعام الأكاديمي 2026/2025 (Wayback capture 2025-07-23),2025/26,2026-09-30,"p. 10, ثانيًا: تفاصيل البرنامج (Afaq programme details)",يكون القبول في التخصص مباشرة ويبلغ عدد البرامج (57) برنامجًا موزعًا على مختلف الكليات. يبلغ العدد الإجمالي المستهدف للطلبة العمانيين المقبولين (150) طالبًا كحد أقصى. يكون الفرز لهذا البرنامج بعد الإعلان عن نتائج الفرز الأول للطلبة العمانيين من مركز القبول الموحد. ... رسوم التسجيل للبرنامج (100) ريالًا عمانيًا غير قابلة للإسترداد,no,"curl Wayback id_ capture; pymupdf text (NFKC-normalised, word order restored)"
OMN-SQU-N055-P02,OMN-SQU,tuition,https://web.archive.org/web/20250723093359id_/https://www.heac.gov.om/media/doc/Self-FundedStudy2025.pdf,Higher Education Admission Centre (HEAC) / MoHERI,دليل الطالب للدراسة على النفقة الخاصة (بجامعة السلطان قابوس والتخصصات التربوية) للعام الأكاديمي 2026/2025 (Wayback capture 2025-07-23),2025/26,2026-09-30,"pp. 11-13, ثالثًا: الرسوم الدراسية; جدول الرسوم الدراسية (college / cost per credit hour / credit hours / total cost)","يدفع الطلبة العمانيين الرسوم الدراسية كاملة للفصل الدراسي الأول وفي الفصول اللاحقة يحصل الطلبة على تخفيض بناء على تحصيلهم الأكاديمي بحد أقصى 50% من الرسوم ... [table] كلية العلوم الزراعية والبحرية 230.00 125 28,150.00 | كلية الهندسة 230.00 136 30,680.00 | كلية التمريض 230.00 130 29,300.00 | كلية العلوم 230.00 122 27,460.00 | كلية التربية 180.00 125 22,500.00 | كلية الحقوق 180.00 126 22,680.00 | كل [...]",yes,pages 11-12 rendered and read visually; page 13 rows from pymupdf text layer (column alignment reconstructed; totals equal rate x credits)
OMN-SQU-N055-P03,OMN-SQU,regime,https://alsahwa.om/?p=245918,Al-Sahwa (alsahwa.om),ماذا تكشف أرقام جامعة السلطان قابوس لعام 2025؟ (published 2025-07-07),2025/26,2026-09-30,Opening paragraph,جاءت النشرة الإحصائية للعام 2024-2025 لتُقدّم ما هو أكثر من أرقام وتقارير؛ إنها – فعليًا – تعكس ملامح جامعة ناضجة أكاديميًا، ومتنوعة علميًا، ومؤهلة عالميًا.. تمامًا كما يتطلبه تنفيذ برنامج (آفاق) الذي أُعلن عنه في مايو الماضي.,no,curl (HTML to text)
OMN-DU-N055-P01,OMN-DU,tuition,https://www.du.edu.om/images/Download_Section/Undergraduate-Student-Handbook-2025-26.pdf,Dhofar University,Undergraduate Student Handbook 2025-26,2025/26,2026-09-30,Section 3.1.8.1 Tuition Fees,"900 RO for each of three semesters in the CPS. 70 RO for each credit hour taken in the Fall, Spring and Summer semesters for all Undergraduate Programs. 80 RO for each credit hour taken in the Fall, Spring and Summer semesters for all Undergraduate Programs. (New Programmes) 190 RO for each credit hour taken in the Fall, Spring and Summer semesters for Omani student in College of Medicine 210 RO f [...]",yes,curl + pdftotext
OMN-DU-N055-P02,OMN-DU,tuition,https://www.du.edu.om/fees-and-expenses/,Dhofar University,Fees and Expenses (live page; same text in Wayback capture 2025-08-14),2025/26 (current page),2026-09-30,Tuition Fees,"70 Omani Riyals for each credit hour taken in the fall, spring and summer semesters for all day programs.",no,curl (HTML to text)
OMN-UNIZWA-N055-P01,OMN-UNIZWA,tuition,https://web.archive.org/web/20251016120822id_/https://www.unizwa.edu.om/program_details.php?eppage=1&department=&comingfrom=1079&lang=en,University of Nizwa,"Programs, page 1 (Wayback capture 2025-10-16)",2025/26,2026-09-30,Entries B.A. in Accounting and Bachelor of Science in Respiratory Therapy,"B.A. in Accounting College of Economics, Management and Information Systems Credit Hour Price ... Expected Studying Years (15 Credit Hour per Fall / Spring Semester) 83 OMR 130 1245 OMR 13030 OMR ... Bachelor of Science in Respiratory Therapy College of Health Sciences Credit Hour Price ... 125 OMR 141 1875 OMR 19865 OMR",no,curl Wayback id_ capture (HTML to text)
OMN-UNIZWA-N055-P02,OMN-UNIZWA,tuition,https://web.archive.org/web/20251016123057id_/https://www.unizwa.edu.om/program_details.php?eppage=2&department=&comingfrom=1079&lang=en,University of Nizwa,"Programs, page 2 (Wayback capture 2025-10-16)",2025/26,2026-09-30,Entry B.Eng. in Civil Engineering,B.Eng. in Civil Engineering College of Engineering and Architecture Credit Hour Price ... 107 OMR 148 1605 OMR 18076 OMR 5.5 to 6,no,curl Wayback id_ capture (HTML to text)
OMN-SOHAR-N055-P01,OMN-SOHAR,tuition,https://www.su.edu.om/pdf/UG-Fees-Structure-EN.pdf,Sohar University,FEES STRUCTURE (PDF title: UG-Fees Structure 2025),2025/26,2026-09-30,"Single page, Total Fees per Specialization (Diploma / Bachelor)",Faculty OF BUSINESS Accountancy ... 9088 R.O ... FACULTY OF COMPUTING & IT ... 9504 R.O ... FACULTY OF EDUCATION & ARTS Arabic Language and Literature 9044 R.O *Education (Mathematics - Arabic Language - Biology - Physical) 9044 R.O *Islamic Education 10624 R.O *Education in Physics 11264 R.O *Musical Education 11084 R.O *Education English Language 8778 R.O *Education Domain One Teacher 10880 R.O [...],yes,curl; page rendered and read visually
OMN-SOHAR-N055-P02,OMN-SOHAR,tuition,https://web.archive.org/web/20251207123232id_/https://www.su.edu.om/fees-and-funding-undergraduate/,Sohar University,Fees and Funding - Undergraduate (Wayback capture 2025-12-07),2025/26,2026-09-30,'View complete fees structure' link,View complete fees structure [link: /pdf/UG-Fees-Structure-EN.pdf] ** Fees are subject to change,no,curl Wayback id_ capture (link target read from the HTML)
OMN-NUST-N055-P01,OMN-NUST,tuition,https://nu.edu.om/assets/uploads/2025/07/NU-Fee-Structure2025-26.pdf,National University of Science and Technology,Fee Structure of NU programs (AY 2025-26) - for Private Students,2025/26,2026-09-30,"Single page, main table","Fee Structure of NU programs (AY 2025-26) - for Private Students ... Doctor of Medicine 6 200 220 43 8,600 9,460 | Bachelor of Health Sciences / Medical Laboratory Sciences 4 120 140 33.5 4,020 4,690 | Bachelor of Pharmacy 4 140 160 36.5 5,110 5,840 | Bachelor of Engineering (BEng) 4 120 140 33 3,960 4,620 | Bachelor of Science (Bsc) Quantity Surveying & Cost Management 4 120 140 31.25 3,750 4,375 [...]",yes,curl + pdftotext; table rendered and read visually
OMN-GUTECH-N055-P01,OMN-GUTECH,tuition,https://web.archive.org/web/20251009121229id_/https://www.gutech.edu.om/tuition-fees/,German University of Technology in Oman (GUtech),Tuition & Fees (Wayback capture 2025-10-09),2025/26,2026-09-30,Undergraduate Programmes Fees; + TUITION FEES FOR OMANI STUDENTS,"+ TUITION FEES FOR OMANI STUDENTS Bachelor degree programme | Tuition per semester in OMR (30 credit point) | Tuition per credit point in OMR | BSc Urban Planning Architectural Design 2700 90 | BSc International Business and Service Management or BSc Logistics 2700 90 | BSc Applied Geosciences 2880 96 | BSc Computer Science, BSc Cyber Security, or BSc Artificial Intelligence 2940 98 | BEng Mechani [...]",yes,curl Wayback id_ capture (HTML to text)
OMN-ASU-N055-P01,OMN-ASU,tuition,https://www.asu.edu.om/files/Student-Guide-2025-26-English.pdf,A'Sharqiyah University,Student Guide 2025-26 (English),2025/26,2026-09-30,s.9.1 Tuition Fees (printed pp. 52-53) and s.13.5 Study Load,- College of Business Administration undergraduate programs except Real Estate Management and Data Science and Business Analytics Programs: 81.6 Omani Rials per credit hour. For Real Estate Management Program: 91.8 Omani Rials per credit hour and for Data Science and Business Analytics program: 80 Omani Rials per credit hour. ... - College of Engineering undergraduate programs: 91.8 Omani Rials pe [...],yes,curl + pymupdf text
PHL-UP-N056-P01,PHL-UP,regime,https://unifast.gov.ph/fhe.html,CHED - UniFAST,Free Higher Education (live page),current (accessed 2026-09-30),2026-09-30,Section 4 text,"All Filipino students who are either currently enrolled at the time of the effectivity of this Act, or shall enroll at any time thereafter, in courses in pursuance of a bachelor’s degree, certificate degree, or any comparable undergraduate degree in any SUC and LUC shall be exempt from paying tuition and other school fees for units enrolled in.",no,curl (HTML to text)
PHL-UP-N056-P02,PHL-UP,tuition,https://www.uptacloban.edu.ph/scholarships-and-financial-assistance/,University of the Philippines Tacloban College,Scholarships and Financial Assistance,AY 2024-2025,2026-09-30,A. Student Learning Assistance System (SLAS) Online (1st and 2nd Semester of AY 2024-2025),All UP students except those who have exceeded the approved duration of their degree programs (e.g. students in a four-year program who are already in their fifth year) enjoy free tuition under RA 10931 administered by the Commission on Higher Education.,no,curl (HTML to text)
PHL-ATENEO-N056-P01,PHL-ATENEO,tuition,https://web.archive.org/web/20260325164441id_/https://www.ateneo.edu/college/tuition-fees,Ateneo de Manila University,Tuition and Fees | College (Wayback capture 2026-03-25),SY 2026-2027 (estimate),2026-09-30,Body; 'Updated as of 19 July 2025',"Tuition and fees are charged on a semestral basis. For the School Year 2026-2027, you may find the estimate tuition and fees charged per semester, in Philippine Pesos, below: Tuition (20 units) 117,000 Basic Fees 18,437 Other Fees 8,074",no,"curl Wayback id_ capture (gzip, HTML to text)"
PHL-ATENEO-N056-P02,PHL-ATENEO,compulsory_fees,https://web.archive.org/web/20260325164441id_/https://www.ateneo.edu/college/tuition-fees,Ateneo de Manila University,Tuition and Fees | College (Wayback capture 2026-03-25),SY 2026-2027 (estimate),2026-09-30,Body,"Additional fees are charged for laboratory use, or for overload fees, depending on the student's program of study. ... Updated as of 19 July 2025",no,"curl Wayback id_ capture (gzip, HTML to text)"
PHL-DLSU-N056-P01,PHL-DLSU,tuition,https://web.archive.org/web/20250512054333id_/https://www.dlsu.edu.ph/wp-content/uploads/pdf/oas/undergraduate/projected-tuition-fees-ay2526.pdf,"De La Salle University, Office of Admissions and Scholarships",Projected Tuition and Fees for Incoming First-Year College Students AY 2025-2026 (Wayback capture 2025-05-12),"AY 2025-2026, Term 1",2026-09-30,single-page table 'Average Tuition & Fees'; values read from the rendered page (text layer columns misaligned),"PROJECTED TUITION AND FEES FOR INCOMING FIRST-YEAR COLLEGE STUDENTS AY 2025-2026 Term 1 of Academic Year 2025-2026, September 2025 Intake (ID125) College | Average Tuition & Fees | College of Computer Studies CCS 82,000 | Br. Andrew Gonzalez FSC College of Education BAGCED 74,000 | College of Liberal Arts CLA 81,000 | Ramon V. del Rosario College of Business RVRCOB 86,000 | Gokongwei College of En [...]",yes,curl Wayback id_ capture; pymupdf render read visually (table rows transcribed with | separators)
PHL-DLSU-N056-P02,PHL-DLSU,compulsory_fees,https://web.archive.org/web/20250512054333id_/https://www.dlsu.edu.ph/wp-content/uploads/pdf/oas/undergraduate/projected-tuition-fees-ay2526.pdf,"De La Salle University, Office of Admissions and Scholarships",Projected Tuition and Fees for Incoming First-Year College Students AY 2025-2026 (Wayback capture 2025-05-12),"AY 2025-2026, Term 1",2026-09-30,footnote,"The assessment fee is subject to adjustment based on changes to the student's academic load, including additions or deletions of laboratory courses, as well as Foundation and Advanced Placement exemptions.",no,curl Wayback id_ capture; pdftotext
PHL-UST-N056-P01,PHL-UST,tuition,https://web.archive.org/web/20250819101451id_/https://www.ust.edu.ph/tuition-fees/,University of Santo Tomas,Tuition Fees (Wayback capture 2025-08-19),AY 2025-2026,2026-09-30,accordion per college,"TOURISM AND HOSPITALITY MANAGEMENT, College of A.Y. 2025-2026 (August to December 2025) – Level I-IV",no,curl Wayback id_ capture (HTML parsed for accordion titles and image links)
PHL-UST-N056-P02,PHL-UST,tuition,https://www.ust.edu.ph/wp-content/uploads/2025/07/CTHM-1ST-TERM-AY-2025-2026-scaled.png,"University of Santo Tomas, College of Tourism and Hospitality Management","Schedule of Fees, First Term, A.Y. 2025-2026 (image)","AY 2025-2026, First Term",2026-09-30,"TRAVEL OPERATION AND SERVICE MANAGEMENT, row 'I 12 lec PE, NSTP / ROTC'; tuition rate block","TRAVEL OPERATION AND SERVICE MANAGEMENT | I 12 lec PE, NSTP / ROTC | 17,400 | 7,800 | 7,800 | 7,800 | 7,433 | 48,233 | 47,483 | 23,508 | 7,916 | 9,202 | 3,918 | 2,939 | Tuition fee (per unit): Lec I 1,959",no,image downloaded (live URL) and read visually
PHL-UST-N056-P03,PHL-UST,compulsory_fees,https://www.ust.edu.ph/wp-content/uploads/2025/07/CRS-1ST-TERM-AY-2025-2026-1-scaled.png,"University of Santo Tomas, College of Rehabilitation Sciences","Schedule of Fees, First Term, Academic Year 2025-2026 (image 1 of 2)","AY 2025-2026, First Term",2026-09-30,"SPEECH - LANGUAGE PATHOLOGY, Level I row with NSTP/ROTC","SPEECH - LANGUAGE PATHOLOGY | I 22u+3uLab+3LF+9SkillsL+SF+PE+NSTP/ROTC | 90,852 | 90,102 | 60,729 | 9,378 | 9,107 | 3,918 | 2,939 | 1,641 | 2,390",no,"image downloaded (live URL) and read visually; columns: Total fees installment, Total fees full, Tuition, Misc, Other, PE, NSTP/ROTC, Computer/Lab/SLF, Seminar/Skills"
PHL-ADAMSON-N056-P01,PHL-ADAMSON,tuition,https://web.archive.org/web/20250622214329id_/https://www.adamson.edu.ph/v1/?page=school-fee,Adamson University,"School Fees: Tentative Tuition and Other School Fees for Incoming Freshmen, First Semester School Year 2025 - 2026 (Wayback capture 2025-06-22)","SY 2025-2026, first semester",2026-09-30,College of Education and Liberal Arts; College of Nursing; footer,"Tentative Tuition and Other School Fees for Incoming Freshmen, First Semester School Year 2025 - 2026 ... B.A. in Political Science 17 Lec Php 41,587 ... B.S. in Nursing 23 Lec / 4 Lab Php 71,964 ... as of 4/25/2025",no,curl Wayback id_ capture (HTML to text)
PHL-ADAMSON-N056-P02,PHL-ADAMSON,compulsory_fees,https://web.archive.org/web/20250622214329id_/https://www.adamson.edu.ph/v1/?page=school-fee,Adamson University,School Fees (Wayback capture 2025-06-22),SY 2025-2026,2026-09-30,table header,Course Program Course Load (units) Total Fees in pesos,no,curl Wayback id_ capture (HTML to text)
KAZ-KAZNU-N057-P01,KAZ-KAZNU,tuition,https://el.kz/ru/skolko-stoit-uchitsya-v-kazahstanskih-vuzah-v-2025-godu-obzor-tsen_400028976/,el.kz,Сколько стоит учиться в казахстанских вузах в 2025 году — обзор цен (published 2025-07-08),"2025 admissions (2025/26), inferred from publication date",2026-09-30,Section 'Государственные вузы',"В Казахском национальном университете имени аль-Фараби стоимость составляет от 1,1 до 1,7 миллиона тенге в год.",no,curl (HTML to text)
KAZ-KAZNU-N057-P02,KAZ-KAZNU,tuition,https://lsm.kz/cena-znanij-skol-ko-stoit-obuchenie-v-universitetah-kazahstana,LS (lsm.kz),Цена знаний: сколько стоит обучение в университетах Казахстана (published 11 August 2025),2025/26,2026-09-30,Introductory paragraphs,"LS выяснил, каковы прейскуранты вузов на бакалавриат в 2025-2026 учебном году. ... При этом в КазНУ минимальная стоимость равна 500 тыс. тенге – на сестринское дело. Самый дорогой год – на юридическом факультете, 1,7 млн тенге.",no,curl (HTML to text)
KAZ-ENU-N057-P01,KAZ-ENU,tuition,https://smart.enu.kz/api/serve?path=/general/files/ada8f8ba-c65e-4195-af3c-6640aa86a958.pdf,L.N. Gumilyov Eurasian National University,"Прейскурант стоимости платного обучения по образовательным программам бакалавриата приема 2025 года (утверждено решением Совета директоров, Протокол № 09/25 от 29 мая 2025 года)",2025 intake (2025/26),2026-09-30,"Single-page table, column 'для граждан РК, тенге'","6В01 Педагогические науки 1 350 000 ... 6В02 Искусство и гуманитарные науки 1 500 000 ... 6В03 Социальные науки, журналистика и информация 1 450 000 ... - Международные отношения и дипломатия 1 550 000 ... 6В04 Бизнес, управление и право 1 550 000 ... 6В05 Естественные науки, математика и статистика 1 450 000 ... 6В06 Информационно-коммуникационные технологии 1 600 000 ... 6В07 Инженерные, обрабат [...]",yes,"pymupdf page render, visual reading (PDF without text layer)"
KAZ-SATBAYEV-N057-P01,KAZ-SATBAYEV,tuition,https://official.satbayev.university/download/document/47231/%D0%A1%D1%82%D0%BE%D0%B8%D0%BC%D0%BE%D1%81%D1%82%D1%8C%20%D0%BF%D1%80%D0%BE%D0%B3%D1%80%D0%B0%D0%BC%D0%BC%20%D0%91%D0%B0%D0%BA%D0%B0%D0%BB%D0%B0%D0%B2%D1%80%D0%B8%D0%B0%D1%82%D0%B0%20%D0%B4%D0%BB%D1%8F%20%D1%84%D0%B8%D0%B7%D0%B8%D1%87%D0%B5%D1%81%D0%BA%D0%B8%D1%85%20%D0%BB%D0%B8%D1%86%20%D0%BD%D0%B0%202025-2026%20%D1%83%D1%87.%D0%B3.pdf,Satbayev University,Перечень и стоимость образовательных программ платного обучения ... НАО КазНИТУ имени К.И.Сатпаева на 2025-2026 учебный год по уровням образования бакалавриата (для физических лиц) (новый прием),2025/26,2026-09-30,"Scanned PDF pp. 1-4, column '2025-2026 учебный год'",1 Институт автоматики и информационных технологий B057 Информационные технологии 6B06102 Computer Science 21 301 1 278 060 ... 50 Институт управления проектами имени Е.Туркебаева B044 Менеджмент и управление 6B04103 Бизнес инжиниринг 15 096 905 760,no,"pymupdf page render, visual reading (scanned PDF)"
KAZ-SATBAYEV-N057-P02,KAZ-SATBAYEV,tuition,https://official.satbayev.university/download/document/47228/%D0%A1%D1%82%D0%BE%D0%B8%D0%BC%D0%BE%D1%81%D1%82%D1%8C%20%D0%BF%D1%80%D0%BE%D0%B3%D1%80%D0%B0%D0%BC%D0%BC%20%D0%91%D0%B0%D0%BA%D0%B0%D0%BB%D0%B0%D0%B2%D1%80%D0%B8%D0%B0%D1%82%D0%B0%20%D0%B2%20%D0%A4%D0%B8%D0%BB%D0%B8%D0%B0%D0%BB%D0%B5%20%D0%90%D1%81%D1%82%D0%B0%D0%BD%D0%B0%20%D0%BD%D0%B0%202025-2026%20%D1%83%D1%87.%D0%B3.pdf,Satbayev University,"Перечень и стоимость ... на 2025-2026 учебный год по уровням образования бакалавриата (новый прием, г. Астана)",2025/26,2026-09-30,"Single scanned page, column 'Для физических лиц 2025-2026 учебный год'",6B06102 Computer Science 21 301 1 278 060 25 000 1 600 000 ... 6B04103 Бизнес инжиниринг 15 096 905 760 25 000 1 600 000,no,"pymupdf page render, visual reading (scanned PDF, low resolution)"
KAZ-ABAI-N057-P01,KAZ-ABAI,tuition,https://web.archive.org/web/20251221234043id_/https://abiturient.abaiuniversity.edu.kz/uploads/bac_price_ru.pdf,"Abai Kazakh National Pedagogical University (admissions site, via Internet Archive capture 2025-12-21)",Стоимость обучения по направлениям подготовки БАКАЛАВРИАТА на 2025-2026 учебный год,2025/26,2026-09-30,"Poster table, column 'Стоимость обучения на платной основе'",1 6B01 Педагогические науки B001 Педагогика и психология 900 000 ... 18 B018 Подготовка учителей по иностранному языку 1 000 000 ... 21 B028 Хореография 1 130 000 ... 48 6B06 ... B057 Информационные технологии 1 130 000 ... 50 B092 Досуг 950 000,no,"pymupdf page render, visual reading (image PDF)"
KAZ-KAZNARU-N057-P01,KAZ-KAZNARU,tuition,https://lsm.kz/cena-znanij-skol-ko-stoit-obuchenie-v-universitetah-kazahstana,LS (lsm.kz),Цена знаний: сколько стоит обучение в университетах Казахстана (published 11 August 2025),2025/26,2026-09-30,Paragraph on Auezov University and KazNARU,"Так, в Auezov University (Шымкент) и КазНАИУ (Алматы) единые тарифы на все специальности – 757 тыс. и 800 тыс. тенге соответственно.",no,curl (HTML to text)
KAZ-SKU-N057-P01,KAZ-SKU,tuition,https://lsm.kz/cena-znanij-skol-ko-stoit-obuchenie-v-universitetah-kazahstana,LS (lsm.kz),Цена знаний: сколько стоит обучение в университетах Казахстана (published 11 August 2025),2025/26,2026-09-30,Paragraph on Auezov University and KazNARU,"Так, в Auezov University (Шымкент) и КазНАИУ (Алматы) единые тарифы на все специальности – 757 тыс. и 800 тыс. тенге соответственно.",no,curl (HTML to text)
UZB-NUUZ-N058-P01,UZB-NUUZ,tuition,https://www.gazeta.uz/oz/2025/09/23/kontrakt/,"Gazeta.uz, reproducing the Ministry of Higher Education table (@eduuz; t.me/eduuz/38257 is cited by the article but was not opened)","2025/2026 o‘quv yili uchun to‘lov-kontrakt miqdorlari tasdiqlandi (23 Sep 2025), with images of the ministry table",2025/26,2026-09-30,"article text and table images pages 1-2, column Bakalavriat (stipendiyasiz - bazaviy) Kunduzgi","Davlat qabul komissiyasining tegishli bayoniga asosan 2025/2026-o‘quv yilidan boshlab respublika davlat oliy ta’lim muassasalarida bakalavriat ta’lim yo‘nalishlari (magistratura mutaxassisliklari) bo‘yicha bitta talabani bazaviy to‘lov-kontrakt shaklida bir yillik o‘qitish qiymatining miqdorlari tasdiqlandi. | Table image, column Bakalavriat (stipendiyasiz - bazaviy) Kunduzgi: Pedagogika, shu juml [...]",yes,curl (HTML to text) for the article text; table read visually from the two 1200px article images
UZB-NUUZ-N058-P02,UZB-NUUZ,tuition,https://web.archive.org/web/20250120215455id_/https://nuu.uz/wp-content/uploads/2024/08/OzMu_2024_2025_oquv_yili_tolov_kontrakt_miqdori_.pdf,National University of Uzbekistan (nuu.uz),Mirzo Ulug'bek nomidagi O'zbekiston Milliy universitetining 2024/2025- o'quv yillarida bakalavr ta'lim yo'nalishlari bo'yicha bitta talabani to'lov-kontrakt shaklida bir yillik o'qish qiymati,2024/25,2026-09-30,"p.1, Bakalavriat kundizgi, rows 1 and 25",2024/2025-o'quv yilidan to'lov kontrakt summasi | 1 60540200 Amaliy matematika 7 400 000 | 25 60420100 Yurisprudensiya 11 250 000,no,Wayback raw capture 2025-01-20; pdftotext plus visual check of the rendered page
UZB-NUUZ-N058-P03,UZB-NUUZ,tuition,https://my.uzbmb.uz/university-about-direction/314,Bilim va malakalarni baholash agentligi (state Agency for Assessment of Knowledge and Skills),National University of Uzbekistan named after Mirzo Ulugbek - ta'lim yo'nalishlari (programme list),2025/26 intake,2026-09-30,"Ta’lim yo’nalishlari, study form Kunduzgi (pass scores 2025)",Programme list used only to map programmes to national price categories; no prices shown on the page.,no,curl (HTML to text) of pages 1-7; programme names with kunduzgi (daytime) study form extracted by script; page shows pass scores for 2025 and 2024 (2023 for some programmes)
UZB-SAMSU-N058-P01,UZB-SAMSU,tuition,https://www.gazeta.uz/oz/2025/09/23/kontrakt/,"Gazeta.uz, reproducing the Ministry of Higher Education table (@eduuz; t.me/eduuz/38257 is cited by the article but was not opened)","2025/2026 o‘quv yili uchun to‘lov-kontrakt miqdorlari tasdiqlandi (23 Sep 2025), with images of the ministry table",2025/26,2026-09-30,"article text and table images pages 1-2, column Bakalavriat (stipendiyasiz - bazaviy) Kunduzgi","Davlat qabul komissiyasining tegishli bayoniga asosan 2025/2026-o‘quv yilidan boshlab respublika davlat oliy ta’lim muassasalarida bakalavriat ta’lim yo‘nalishlari (magistratura mutaxassisliklari) bo‘yicha bitta talabani bazaviy to‘lov-kontrakt shaklida bir yillik o‘qitish qiymatining miqdorlari tasdiqlandi. | Table image, column Bakalavriat (stipendiyasiz - bazaviy) Kunduzgi: Pedagogika, shu juml [...]",yes,curl (HTML to text) for the article text; table read visually from the two 1200px article images
UZB-SAMSU-N058-P02,UZB-SAMSU,tuition,https://my.uzbmb.uz/university-about-direction/312,Bilim va malakalarni baholash agentligi (state Agency for Assessment of Knowledge and Skills),Samarkand State University - ta'lim yo'nalishlari (programme list),2025/26 intake,2026-09-30,"Ta’lim yo’nalishlari, study form Kunduzgi (pass scores 2025)",Programme list used only to map programmes to national price categories; no prices shown on the page.,no,curl (HTML to text) of pages 1-7; programme names with kunduzgi (daytime) study form extracted by script; page shows pass scores for 2025 and 2024 (2023 for some programmes)
UZB-TIIAME-N058-P01,UZB-TIIAME,tuition,https://www.gazeta.uz/oz/2025/09/23/kontrakt/,"Gazeta.uz, reproducing the Ministry of Higher Education table (@eduuz; t.me/eduuz/38257 is cited by the article but was not opened)","2025/2026 o‘quv yili uchun to‘lov-kontrakt miqdorlari tasdiqlandi (23 Sep 2025), with images of the ministry table",2025/26,2026-09-30,"article text and table images pages 1-2, column Bakalavriat (stipendiyasiz - bazaviy) Kunduzgi","Davlat qabul komissiyasining tegishli bayoniga asosan 2025/2026-o‘quv yilidan boshlab respublika davlat oliy ta’lim muassasalarida bakalavriat ta’lim yo‘nalishlari (magistratura mutaxassisliklari) bo‘yicha bitta talabani bazaviy to‘lov-kontrakt shaklida bir yillik o‘qitish qiymatining miqdorlari tasdiqlandi. | Table image, column Bakalavriat (stipendiyasiz - bazaviy) Kunduzgi: Pedagogika, shu juml [...]",yes,curl (HTML to text) for the article text; table read visually from the two 1200px article images
UZB-TIIAME-N058-P02,UZB-TIIAME,tuition,https://my.uzbmb.uz/university-about-direction/376,Bilim va malakalarni baholash agentligi (state Agency for Assessment of Knowledge and Skills),Tashkent Institute of Irrigation and Agricultural Mechanization Engineers - National Research University (TIIAME-NRU) - ta'lim yo'nalishlari (programme list),2025/26 intake,2026-09-30,"Ta’lim yo’nalishlari, study form Kunduzgi (pass scores 2025)",Programme list used only to map programmes to national price categories; no prices shown on the page.,no,curl (HTML to text) of pages 1-7; programme names with kunduzgi (daytime) study form extracted by script; page shows pass scores for 2025 and 2024 (2023 for some programmes)
UZB-TSTU-N058-P01,UZB-TSTU,tuition,https://www.gazeta.uz/oz/2025/09/23/kontrakt/,"Gazeta.uz, reproducing the Ministry of Higher Education table (@eduuz; t.me/eduuz/38257 is cited by the article but was not opened)","2025/2026 o‘quv yili uchun to‘lov-kontrakt miqdorlari tasdiqlandi (23 Sep 2025), with images of the ministry table",2025/26,2026-09-30,"article text and table images pages 1-2, column Bakalavriat (stipendiyasiz - bazaviy) Kunduzgi","Davlat qabul komissiyasining tegishli bayoniga asosan 2025/2026-o‘quv yilidan boshlab respublika davlat oliy ta’lim muassasalarida bakalavriat ta’lim yo‘nalishlari (magistratura mutaxassisliklari) bo‘yicha bitta talabani bazaviy to‘lov-kontrakt shaklida bir yillik o‘qitish qiymatining miqdorlari tasdiqlandi. | Table image, column Bakalavriat (stipendiyasiz - bazaviy) Kunduzgi: Pedagogika, shu juml [...]",yes,curl (HTML to text) for the article text; table read visually from the two 1200px article images
UZB-TSTU-N058-P02,UZB-TSTU,tuition,https://my.uzbmb.uz/university-about-direction/315,Bilim va malakalarni baholash agentligi (state Agency for Assessment of Knowledge and Skills),Tashkent State Technical University - ta'lim yo'nalishlari (programme list),2025/26 intake,2026-09-30,"Ta’lim yo’nalishlari, study form Kunduzgi (pass scores 2025)",Programme list used only to map programmes to national price categories; no prices shown on the page.,no,curl (HTML to text) of pages 1-7; programme names with kunduzgi (daytime) study form extracted by script; page shows pass scores for 2025 and 2024 (2023 for some programmes)
UZB-TSTRU-N058-P01,UZB-TSTRU,tuition,https://www.gazeta.uz/oz/2025/09/23/kontrakt/,"Gazeta.uz, reproducing the Ministry of Higher Education table (@eduuz; t.me/eduuz/38257 is cited by the article but was not opened)","2025/2026 o‘quv yili uchun to‘lov-kontrakt miqdorlari tasdiqlandi (23 Sep 2025), with images of the ministry table",2025/26,2026-09-30,"article text and table images pages 1-2, column Bakalavriat (stipendiyasiz - bazaviy) Kunduzgi","Davlat qabul komissiyasining tegishli bayoniga asosan 2025/2026-o‘quv yilidan boshlab respublika davlat oliy ta’lim muassasalarida bakalavriat ta’lim yo‘nalishlari (magistratura mutaxassisliklari) bo‘yicha bitta talabani bazaviy to‘lov-kontrakt shaklida bir yillik o‘qitish qiymatining miqdorlari tasdiqlandi. | Table image, column Bakalavriat (stipendiyasiz - bazaviy) Kunduzgi: Pedagogika, shu juml [...]",yes,curl (HTML to text) for the article text; table read visually from the two 1200px article images
UZB-TSTRU-N058-P02,UZB-TSTRU,tuition,https://my.uzbmb.uz/university-about-direction/334,Bilim va malakalarni baholash agentligi (state Agency for Assessment of Knowledge and Skills),Tashkent State Transport University - ta'lim yo'nalishlari (programme list),2025/26 intake,2026-09-30,"Ta’lim yo’nalishlari, study form Kunduzgi (pass scores 2025)",Programme list used only to map programmes to national price categories; no prices shown on the page.,no,curl (HTML to text) of pages 1-7; programme names with kunduzgi (daytime) study form extracted by script; page shows pass scores for 2025 and 2024 (2023 for some programmes)
UZB-TSUE-N058-P01,UZB-TSUE,tuition,https://www.gazeta.uz/oz/2025/09/23/kontrakt/,"Gazeta.uz, reproducing the Ministry of Higher Education table (@eduuz; t.me/eduuz/38257 is cited by the article but was not opened)","2025/2026 o‘quv yili uchun to‘lov-kontrakt miqdorlari tasdiqlandi (23 Sep 2025), with images of the ministry table",2025/26,2026-09-30,"article text and table images pages 1-2, column Bakalavriat (stipendiyasiz - bazaviy) Kunduzgi","Davlat qabul komissiyasining tegishli bayoniga asosan 2025/2026-o‘quv yilidan boshlab respublika davlat oliy ta’lim muassasalarida bakalavriat ta’lim yo‘nalishlari (magistratura mutaxassisliklari) bo‘yicha bitta talabani bazaviy to‘lov-kontrakt shaklida bir yillik o‘qitish qiymatining miqdorlari tasdiqlandi. | Table image, column Bakalavriat (stipendiyasiz - bazaviy) Kunduzgi: Pedagogika, shu juml [...]",yes,curl (HTML to text) for the article text; table read visually from the two 1200px article images
UZB-TSUE-N058-P02,UZB-TSUE,tuition,https://tsue.uz/media/uploads/2025/09/25/1_emUaiDI.pdf,Tashkent State University of Economics (tsue.uz),Toshkent davlat iqtisodiyot universitetida 2025/2026 o‘quv yilida bakalavriat ta’lim yo‘nalishlari bo‘yicha bir nafar talaba uchun belgilangan tabaqalashtirilgan (oshirilgan) to‘lov-kontrakt miqdorlari,2025/26,2026-09-30,"single page, section Bakalavriyat kunduzgi, rows 1-17",Bakalavriyat kunduzgi | 1 60410100 Iqtisodiyot 10 500 000 8 | ... | 10 60411100 Jahon iqtisodiyoti va xalqari iqtisodiy munosabatlar 11 250 000 9 | ... | 13 60610100 Axborot tizimlari va texnologiyalari 8 150 000 7 | ... | 16 61010100 Turizm va mehmondo`stlik 8 150 000 5 | 17 61010400 Logistika 8 150 000 5,no,"pdftotext plus page rendered with pymupdf and read visually (columns: amaldagi kontrakt miqdori, multiplier)"
UZB-TSUE-N058-P03,UZB-TSUE,tuition,https://my.uzbmb.uz/university-about-direction/324,Bilim va malakalarni baholash agentligi (state Agency for Assessment of Knowledge and Skills),Tashkent State University of Economics - ta'lim yo'nalishlari (programme list),2025/26 intake,2026-09-30,"Ta’lim yo’nalishlari, study form Kunduzgi (pass scores 2025)",Programme list used only to map programmes to national price categories; no prices shown on the page.,no,curl (HTML to text) of pages 1-7; programme names with kunduzgi (daytime) study form extracted by script; page shows pass scores for 2025 and 2024 (2023 for some programmes)
AZE-UNEC-N059-P01,AZE-UNEC,tuition,https://web.archive.org/web/20251015085431id_/https://unec.edu.az/bakalavriat-seviyyesi-uzre-qebul/,"Azerbaijan State University of Economics (UNEC), Internet Archive capture 2025-10-15",UNEC – Bakalavr səviyyəsi üzrə ixtisaslar üzrə qəbul planı və təhsil haqqı,2025/26 (capture Oct 2025; page states no year),2026-09-30,table 'Təhsil haqqı (əyani)',"İnformasiya texnologiyaları az, ingilis, rus 2200 1800 ... Kompüter elmləri az,rus 1900 ... II ixtisas qrupu Maliyyə az, türk, ing, rus 2600 2100",no,curl (HTML to text) of Wayback capture
AZE-UNEC-N059-P02,AZE-UNEC,tuition,https://olke.az/olke/433089/universitetlerde-tehsil-haqlari-nece-olacaq/,Ölkə.az (news site; survey of university press services),Universitetlərdə təhsil haqları necə olacaq? (published 2025-08-09),2025/26,2026-09-30,article body,Azərbaycan Dövlət İqtisad Universitetinin (UNEC) ictimaiyyətlə əlaqələr şöbəsinin müdiri Elnarə Məmmədova onlarda da təhsil haqlarının artırılmadığını bildirdi,no,curl (HTML to text)
AZE-BSU-N059-P01,AZE-BSU,tuition,https://modern.az/az/tehsil/528506/baki-dovlet-universitetinde-tehsil-haqlari-100-600-manat-bahalasib/,Modern.az (news site),Bakı Dövlət Universitetində təhsil haqları 100-600 manat BAHALAŞIB (11 Avqust 2025),2025/26 (vs 2024/25),2026-09-30,article body,"Belə ki, I qrupda mühəndislik ixtisasları ... üzrə illik təhsil haqları ötən il 2100 manat olduğu halda bu il 2700 manatdır. Bu qrupda müəllimlik ixtisaslarının illik təhsil haqları 100-200 manat bahalaşıb. Fizika, kompüter elmləri, geologiya, mexanika, riyaziyyat ixtisaslarında isə artım 400 manat artaraq 2500 manata çatıb. ... hüquqşünaslıq ixtisasının illik təhsil haqqı dəyişməyib ( 4500 manat) [...]",yes,curl (HTML to text)
AZE-BSU-N059-P02,AZE-BSU,tuition,https://banker.az/birinci-qrup-uzr%C9%99-universitetl%C9%99rin-t%C9%99hsil-haqlari/,Banker.az (news site),Birinci qrup üzrə universitetlərin təhsil haqları (published 2025-08-05),2024/25,2026-09-30,article body,"Bakı Dövlət Universitetində əksər ixtisasların illik təhsil haqqı 2100 manatdır. ... Bundan başqa universitetin Qazax filialında tədrisi aparılan – Fizika müəllimliyi (əyani) , riyaziyyat müəllimliyi (əyani), həmçinin riyaziyyat və informatika müəllimliyinin (əyani) illik təhsil haqqı 1500 manat olub.",no,curl (HTML to text)
AZE-BSU-N059-P03,AZE-BSU,regime,https://olke.az/olke/433089/universitetlerde-tehsil-haqlari-nece-olacaq/,Ölkə.az (news site; survey of university press services),Universitetlərdə təhsil haqları necə olacaq? (published 2025-08-09),2025/26,2026-09-30,article body,"Bakı Dövlət Universitetinin (BDU) mətbuat katibi Kəmalə Namazova sorğumuza cavab olaraq bildirdi ki, 2025/2026-cı tədris ili üzrə BDU-da təhsil haqları ilə bağlı hər hansı əhəmiyyətli dəyişiklik nəzərdə tutulmayıb ... hazırda Bakı Dövlət Universitetinə qəbul olunan tələbələrin orta hesabla 70 faizi dövlət sifarişi əsasında təhsil alır",no,curl (HTML to text)
AZE-ASOIU-N059-P01,AZE-ASOIU,tuition,https://olke.az/olke/433089/universitetlerde-tehsil-haqlari-nece-olacaq/,Ölkə.az (news site; survey of university press services),Universitetlərdə təhsil haqları necə olacaq? (published 2025-08-09),2025/26,2026-09-30,article body,"Azərbaycan Dövlət Neft və Sənaye Universitetinin (ADNSU) mətbuat xidmətindən sorğumuza ""təhsil haqlarının ilə bağlı məlumatı tədris ili başlayandan sonra biləcəyik. Hazırda konkret söz deyə bilmərik”, - deyə cavab verildi. Təhsil haqları isə bakalavr səviyyəsi üçün 2000-2500, magistratura səviyyəsi üçün 2500-3000 AZN arasında dəyişir.",no,curl (HTML to text)
AZE-ASOIU-N059-P02,AZE-ASOIU,tuition,https://banker.az/birinci-qrup-uzr%C9%99-universitetl%C9%99rin-t%C9%99hsil-haqlari/,Banker.az (news site),Birinci qrup üzrə universitetlərin təhsil haqları (published 2025-08-05),2024/25,2026-09-30,article body,Azərbaycan Dövlət Neft və Sənaye Universitetində ötən il I qrupa aid olan bütün ixtisasların ödənişi 2000 manat təşkil edib.,no,curl (HTML to text)
AZE-AZTU-N059-P01,AZE-AZTU,tuition,https://olke.az/olke/433089/universitetlerde-tehsil-haqlari-nece-olacaq/,Ölkə.az (news site; survey of university press services),Universitetlərdə təhsil haqları necə olacaq? (published 2025-08-09),2025/26,2026-09-30,article body,"Azərbaycan Texniki Universitetinin mətbuat xidmətinin rəhbəri Sevinc İsgəndərova bildirdi ki, onlarda təhsil haqqı ötən il olduğu kimi qalır. AzTU-da ixtisaslar üzrə ən aşağı təhsil haqqı 1900 AZN, ən yüksək təhsil haqqı isə 2200 AZN-dir.",no,curl (HTML to text)
AZE-AZTU-N059-P02,AZE-AZTU,tuition,https://banker.az/birinci-qrup-uzr%C9%99-universitetl%C9%99rin-t%C9%99hsil-haqlari/,Banker.az (news site),Birinci qrup üzrə universitetlərin təhsil haqları (published 2025-08-05),2024/25,2026-09-30,article body,Azərbaycan Texniki Universitetində bu qrupa aid olan ixtisasların illik təhsil haqqı 1700-2100 manat aralığında dəyişir.,no,curl (HTML to text)
AZE-AZUAC-N059-P01,AZE-AZUAC,tuition,https://banker.az/birinci-qrup-uzr%C9%99-universitetl%C9%99rin-t%C9%99hsil-haqlari/,Banker.az (news site),Birinci qrup üzrə universitetlərin təhsil haqları (published 2025-08-05),2024/25,2026-09-30,article body,Azərbaycan Memarlıq və İnşaat Universitetində də əksər ixtisasların illik ödənişi 2000 manat təşkil edir. ... Həmin ixtisas üzrə illik ödəniş 2500 manat təşkil edir. Bundan başqa iki ixtisas – İnformasiya texnologiyalar və Yerquruluşu və daşınmaz əmlakın kadastrı (hər ikisi qiyabi təhsil forması üzrə) üzrə illik ödənişi 1700 manat təşkil edib.,no,curl (HTML to text)
AZE-AZUAC-N059-P02,AZE-AZUAC,tuition,https://modern.az/tehsil/481136/ixtisas-sechimi-tehsil-haqqi-ashaghi-olan-universitetlere-axin-var/,Modern.az (news site),İxtisas seçimi: Təhsil haqqı aşağı olan universitetlərə axın var (2024; article refers to the 2024/2025 academic year),2024/25,2026-09-30,article body,Azərbaycan Memarlıq və İnşaat Universitetində bu ixtisasın illik təhsil haqqı 2300 manat ... Sənayenin təşkili və idarə olunması ixtisasının illik təhsil haqqı isə ... Azərbaycan Memarlıq və İnşaat Universitetində 2300 manat,no,curl (HTML to text)
AZE-BEU-N059-P01,AZE-BEU,tuition,https://banker.az/birinci-qrup-uzr%C9%99-universitetl%C9%99rin-t%C9%99hsil-haqlari/,Banker.az (news site),Birinci qrup üzrə universitetlərin təhsil haqları (published 2025-08-05),2024/25,2026-09-30,article body,"Bakı Mühəndislik Universitetində I qrup üzrə ən aşağı təhsil haqqı tələb olunan ixtisaslar Ekologiya, energetika, maşın mühəndisliyidir ki, bunların da illik təhsil haqqı 2200 manatdır. Ən yüksək təhsil haqqı isə tədrisi həm Azərbaycan, həm də ingilis dilində aparılan memarlıq ixtisasıdır. Bu ixtisasda təhsil alanlar illik 2700 manat pul ödəyir.",no,curl (HTML to text)
AZE-KHAZAR-N059-P01,AZE-KHAZAR,tuition,https://olke.az/olke/433089/universitetlerde-tehsil-haqlari-nece-olacaq/,Ölkə.az (news site; survey of university press services),Universitetlərdə təhsil haqları necə olacaq? (published 2025-08-09),2025/26,2026-09-30,article body,"Xəzər Universitetinin ictimai əlaqələr və media üzrə direktoru Əlövsət Əmirbəylinin sözlərinə görə, təhsil ocağında 2025/26-cı tədris ili üzrə qəbulda heç bir səviyyə üzrə artım nəzərdə tutulmayıb. İxtisaslar üzrə təhsil haqları isə 4000-5000 AZN-dir.",no,curl (HTML to text)
KGZ-AUCA-N060-P01,KGZ-AUCA,tuition,https://web.archive.org/web/20260122232406/https://auca.kg/en/exchange_students/,American University of Central Asia,Exchange Students (Wayback capture 2026-01-22),2025/26,2026-09-30,Section COST,"Tuition for all exchange students will be the same as for AUCA undergraduate students: $2,850 per semester.",no,curl (Wayback id_ capture)
KGZ-AUCA-N060-P02,KGZ-AUCA,tuition,https://web.archive.org/web/20251209131903/https://auca.kg/en/support_scholarships/,American University of Central Asia,Scholarships (Wayback capture 2025-12-09),2025/26,2026-09-30,Body text,"AUCA tuition is 4 times the average per-capita GDP in the Kyrgyz Republic, and 93% of all AUCA students receive financial aid.",no,curl (Wayback id_ capture)
KGZ-KSTU-N060-P01,KGZ-KSTU,tuition,https://kstu.kg/fileadmin/user_upload/tekhnologichesikiinstitut.pdf,I. Razzakov Kyrgyz State Technical University,ПРЕЙСКУРАНТ ТАРИФОВ (ЦЕН) ... Технологический институт ... на 2025-2026 учебный год,2025/26,2026-09-30,"p. 1, ГРАЖДАНЕ КР, Очная форма обучения, rows 1 and 5 (minimum), 1 курс column",на 2025-2026 учебный год ... ГРАЖДАНЕ КР ТЕХНОЛОГИЧЕСКИЙ ИНСТИТУТ Очная форма обучения 1 Технология и производство продуктов питания животного происхождения ... 740200 81000 66000 54450 54450 ... 5 Стандартизация и метрология Профиль: Стандартизация и сертификация пищевых производств(бакалавр) 700600 72000 42471 42471 42471,no,visual reading of rendered page (OCR layer agrees)
KGZ-KSTU-N060-P02,KGZ-KSTU,tuition,https://kstu.kg/fileadmin/user_upload/institutarkhitekturyidizaina.pdf,I. Razzakov Kyrgyz State Technical University,ПРЕЙСКУРАНТ ТАРИФОВ (ЦЕН) ... Институт архитектуры и дизайна ... на 2025-2026 учебный год,2025/26,2026-09-30,"p. 1, ГРАЖДАНЕ КР, Очная форма обучения, first rows (maximum)",на 2025-2026 учебный год ... ГРАЖДАНЕ КР ИНСТИТУТ АРХИТЕКТУРЫ И ДИЗАЙНА Очная форма обучения Специалитет. Восточная архитектура и дизайн Экс.у/п 120000 120000 120000 1 кредит 2000 2000 2000,no,pymupdf (OCR text layer)
KGZ-KSTU-N060-P03,KGZ-KSTU,tuition,https://kstu.kg/fileadmin/user_upload/institutinformacionnykhtekhnologii.pdf,I. Razzakov Kyrgyz State Technical University,ПРЕЙСКУРАНТ ТАРИФОВ (ЦЕН) ... Институт информационных технологий ... на 2025-2026 учебный год,2025/26,2026-09-30,"p. 1-2, ГРАЖДАНЕ КР, Очная форма обучения","Бизнес-информатика (бакалавр), Профиль: Электронный бизнес 580500 90000 66000 50820 50820 ... Кампус И.Раззакова. Программная инженерия (англ. яз.)",no,pymupdf (OCR text layer)
KGZ-KSTU-N060-P04,KGZ-KSTU,regime,https://web.archive.org/web/20260217025813/https://kstu.kg/abiturientu/1/preiskurant-tarifov-na-platnye-obrazovatelnye-uslugi,I. Razzakov Kyrgyz State Technical University,Прейскурант тарифов на платные образовательные услуги (Wayback capture 2026-02-17),2025/26,2026-09-30,Link list,"href=""/fileadmin/user_upload/tekhnologichesikiinstitut.pdf"" ... href=""/fileadmin/user_upload/institutarkhitekturyidizaina.pdf""",no,curl (Wayback id_ capture); link targets
KGZ-KSTU-N060-P05,KGZ-KSTU,regime,https://24.kg/obschestvo/300082_v2-3_raza_doroje_kak_otmena_moratoriya_povliyala_natsenyi_vvuzah_kyirgyizstana/,24.kg,В 2-3 раза дороже. Как отмена моратория повлияла на цены в вузах Кыргызстана (24 July 2024),2024/25,2026-09-30,Paragraph 1,В июле в Кыргызстане за неделю до первого тура приема абитуриентов отменили запрет на повышение тарифов на платные услуги в государственных высших учебных заведениях.,no,curl
KGZ-KNU-N060-P01,KGZ-KNU,tuition,https://www.knu.kg/ky/ru/wp-content/uploads/sites/2/2026/06/Прейскурант-тарифов-на-ПОУ-КНУ-на-2026-2027-учебный-год-Б.Кабылбек-кызы-23.06.2026.pdf,Kyrgyz National University,Прейскурант тарифов (цен) ... на 2026-2027 учебный год,2026/27,2026-09-30,"p. 1, Институт журналистики и коммуникации, Бакалавриат, очная форма обучения","на 2026-2027 учебный год ... Бакалавриат, очная форма обучения 1 Журналистика 58 500 58 500 45 000 35 500",no,visual reading of rendered scanned page
KGZ-KNU-N060-P02,KGZ-KNU,regime,https://kaktus.media/doc/550538_skolko_stoit_obychenie_v_vyzah_v_etom_gody_ceny_na_popyliarnye_specialnosti.html,Kaktus.media,Сколько стоит обучение в вузах в этом году? Цены на популярные специальности (8 August 2026),2024/25-2026/27,2026-09-30,Section Как менялись цены на высшее образование,В июле 2024 года действие моратория завершилось . После этого многие университеты существенно повысили цены на контракты. ... После многочисленных жалоб президент Садыр Жапаров в мае 2026 года вновь ввел мораторий на повышение стоимости обучения в государственных вузах и колледжах на 2026/2027 учебный год.,no,curl
KGZ-KRSU-N060-P01,KGZ-KRSU,tuition,https://abit.krsu.kg/images/files/docs/299_P_O_stoimosti_platnykh_obrazovatelnykh_uslug_na_2025_2026_uchebnyy.pdf,Kyrgyz-Russian Slavic University,"Приказ «О стоимости платных образовательных услуг на 2025-2026 учебный год» (299-P), Приложение № 1",2025/26,2026-09-30,p. 1 points 1-2; Appendix 1 (p. 3 onward),"1. Установить стоимость обучения по образовательным программам высшего образования, магистратуры, среднего профессионального образования, интернатуры, ординатуры, аспирантуры, базовой докторантуры (PhD) для лиц, поступающих на 1 курс на 2025-2026 учебный год в соответствии с приложениями №№ 1-5. 2. Установить, что скидки и льготы по оплате за обучение за 2025-2026 учебный год не предоставляются.",no,pymupdf (text layer); file fetched via Wayback 2025 capture
KGZ-KRSU-N060-P02,KGZ-KRSU,tuition,https://abit.krsu.kg/images/files/docs/299_P_O_stoimosti_platnykh_obrazovatelnykh_uslug_na_2025_2026_uchebnyy.pdf,Kyrgyz-Russian Slavic University,"Приказ 299-P, Приложение № 1: СТОИМОСТЬ ПЛАТНЫХ ОБРАЗОВАТЕЛЬНЫХ УСЛУГ ВЫСШЕГО ОБРАЗОВАНИЯ НА 2025-2026 УЧЕБНЫЙ ГОД",2025/26,2026-09-30,"Appendix 1, Естественно-технический факультет (minimum) and Медицинский факультет (maximum)",11.03.04. 691000 Электроника и наноэлектроника Стоимость обучения 110 000 ... 31.05.03. 560004 Стоматология Стоимость обучения 200 000,no,pymupdf (text layer)
KGZ-KRSU-N060-P03,KGZ-KRSU,tuition,https://abit.krsu.kg/images/files/docs/299_P_O_stoimosti_platnykh_obrazovatelnykh_uslug_na_2025_2026_uchebnyy.pdf,Kyrgyz-Russian Slavic University,"Приказ 299-P, Приложение № 1",2025/26,2026-09-30,Appendix 1 p. 3 header,МЕЖГОСУДАРСТВЕННАЯ ОРГАНИЗАЦИЯ ВЫСШЕГО ОБРАЗОВАНИЯ КЫРГЫЗСКО-РОССИЙСКИЙ СЛАВЯНСКИЙ УНИВЕРСИТЕТ ИМЕНИ ПЕРВОГО ПРЕЗИДЕНТА РФ Б.Н.ЕЛЬЦИНА ... СТОИМОСТЬ ПЛАТНЫХ ОБРАЗОВАТЕЛЬНЫХ УСЛУГ ВЫСШЕГО ОБРАЗОВАНИЯ НА 2025-2026 УЧЕБНЫЙ ГОД,no,pymupdf (text layer)
KGZ-MANAS-N060-P01,KGZ-MANAS,tuition,https://manas.edu.kg/ru/about_manas/ktmu_at_a_glance,Kyrgyz-Turkish Manas University,"КТУ ""Манас"" в цифрах (live page, figures Sept/Oct 2025)",2025/26,2026-09-30,Section Оплата за обучение,Оплата за обучение Обучение бесплатное Образовательные программы Среднее профессиональное образование – 10 Бакалавриат – 44,no,curl
KGZ-MANAS-N060-P02,KGZ-MANAS,tuition,https://manas.edu.kg/tr/news/6696,Kyrgyz-Turkish Manas University,KIRGIZİSTAN-TÜRKİYE MANAS ÜNİVERSİTESİ TIP FAKÜLTESİ ADAY ÖĞRENCİ KABULÜNE BAŞLADI,2025/26,2026-09-30,Sections KONTENJAN DAĞILIMI and KATKI PAYI,"Kırgızistan-Türkiye Manas Üniversitesi Tıp Fakültesi Uluslararası Ortak Lisans Programı (UOLP) kapsamında, 2025–2026 eğitim-öğretim yılı için toplam 60 (altmış) kontenjan ayrılmıştır. ... KATKI PAYI Programa kayıt yaptıran öğrencilerden katkı payı alınacaktır. 2025–2026 eğitim-öğretim yılında Programa başlayan öğrenciler için her bir akademik yılın katkı payı 4000 (dört bin) Amerikan Dolarıdır. Ha [...]",yes,curl
KGZ-MANAS-N060-P03,KGZ-MANAS,regime,https://manas.edu.kg/tr/news/6698,Kyrgyz-Turkish Manas University,Tıp Fakültesi Öğrenci Alımına Başlıyor (2025-07-02),2025/26,2026-09-30,"Paragraphs on Sağlık Bilimleri Üniversitesi, scholarship and Katkı Payı","Kırgızistan-Türkiye Manas Üniversitesi Tıp Fakültesi’nde öğrenim görecek, ekonomik durumu yetersiz Kırgızistan’dan 5, Türkiye’den 2 öğrenciye burs sağlama çalışmalarının devam ettiğini dile getiren Prof. Dr. Ceylan, burs miktarının yıllık 2000 ABD Doları olacağı bilgisini verdi. ... 2025-2026 Eğitim-Öğretim Yılı öğrenci katkı payı 4000 Amerikan Doları olarak belirlenirken",no,curl
ARG-UBA-P01-ARG-01,ARG-UBA,tuition,https://web.archive.org/web/20250527233224/https://www.uba.ar/preguntasfrecuentes,Universidad de Buenos Aires,UBA preguntas frecuentes (Wayback capture 2025-05-27),2025,2026-09-29,FAQ '¿Cuánto cuesta estudiar en la UBA?',"Las carreras de grado de la UBA no son aranceladas, es decir, que no hay que abonar para inscribirse, cursar o rendir.",no,curl (Wayback id_ raw capture 20250527233224)
ARG-UBA-P01-ARG-02,ARG-UBA,compulsory_fees,https://web.archive.org/web/20250527233224/https://www.uba.ar/preguntasfrecuentes,Universidad de Buenos Aires,UBA preguntas frecuentes (Wayback capture 2025-05-27),2025,2026-09-29,FAQ '¿Cuánto cuesta estudiar en la UBA?',"Las carreras de grado de la UBA no son aranceladas, es decir, que no hay que abonar para inscribirse, cursar o rendir.",no,curl (Wayback id_ raw capture 20250527233224)
ARG-UBA-P01-ARG-03,ARG-UBA,regime,https://servicios.infoleg.gob.ar/infolegInternet/anexos/25000-29999/25394/texact.htm,"InfoLEG, Ministerio de Justicia","Ley de Educación Superior 24.521, texto actualizado",from 2025-05-29 (art. 2 bis as substituted by Decreto 366/2025),2026-09-29,Art. 2 bis and its amendment note,"Los estudios de grado en las instituciones de educación superior de gestión estatal serán gratuitos para todos los ciudadanos argentinos nativos o por opción y para todo extranjero que cuente con residencia permanente en el país. La gratuidad implica la prohibición de establecer sobre ellos cualquier tipo de gravamen, tasa, impuesto, arancel, o tarifa directos o indirectos. Las instituciones de ed [...]",yes,curl (HTML text)
ARG-UCA-P01-ARG-01,ARG-UCA,tuition,https://chequeado.com/el-explicador/estudiar-en-una-universidad-privada-puede-costar-entre-140-mil-y-1-millon-por-mes-en-la-argentina/,Chequeado,Estudiar en una universidad privada puede costar entre $ 140 mil y $ 1 millón por mes en la Argentina,"2024 (published 2024-09-06); most recent documented range, not 2025",2026-09-29,"Section '¿Cuánto sale una universidad privada en la Argentina en 2024?', paragraph on UCA","Asimismo, en la Universidad Católica Argentina (UCA) , la cuota de las licenciaturas e ingenierías se ubica entre $ 141 mil y $ 575 mil en la sede de la Ciudad de Buenos Aires.",no,"curl (raw HTML, published_time 2024-09-06)"
ARG-UCA-P01-ARG-02,ARG-UCA,tuition,https://www.iprofesional.com/management/448026-revelan-el-ranking-de-universidades-mas-caras-de-argentina-y-el-valor-de-las-cuotas,iProfesional,"Las universidades más caras de Argentina: así es el ranking 2026, con cuotas de hasta $1,7 millones",January 2025 and January 2026 (published 2026-02-15),2026-09-29,Paragraph on UCA,"En el caso de la Licenciatura en Comunicación Publicitaria e Institucional, la cuota de enero de 2026 se ubicó en $751.000, mientras que hace un año era de $558.737.",no,"curl (raw HTML, published_time 2026-02-15)"
ARG-UCA-P01-ARG-03,ARG-UCA,compulsory_fees,https://wadmin.uca.edu.ar/api/fare/careers?region=buenos-aires,Pontificia Universidad Católica Argentina,"UCA aranceles sede Buenos Aires (JSON API behind uca.edu.ar/es/aranceles-buenosaires), live","from July 2026 (context only: structure, not a 2025 amount)",2026-09-29,"'observation' field, e.g. id 4 Licenciatura en Composición; fields share = tuition = 695000","Al momento de inscribirse, el alumno abona la cifra estipulada de inscripción. Durante la carrera abonará 12 pagos anuales que corresponden a una matrícula y 11 cuotas. Los valores aquí informados rigen al 1/07/2026 y están sujetos a posibles modificaciones a futuro.",no,curl (JSON)
ARG-AUSTRAL-P01-ARG-01,ARG-AUSTRAL,tuition,https://chequeado.com/el-explicador/estudiar-en-una-universidad-privada-puede-costar-entre-140-mil-y-1-millon-por-mes-en-la-argentina/,Chequeado,Estudiar en una universidad privada puede costar entre $ 140 mil y $ 1 millón por mes en la Argentina,2024 (published 2024-09-06); not 2025,2026-09-29,"Section '¿Cuánto sale una universidad privada en la Argentina en 2024?', paragraph on Austral","En la Universidad Austral , los aranceles se ubican entre los $ 250 mil mensuales en las carreras de Enfermería y Nutrición y $ 1.060.000 en Medicina; mientras que la cuota para estudiar Psicología es de $ 450 mil, Ciencias Sociales (Economía, Derecho y Comunicación), $ 950 mil; y las distintas carreras de ingeniería, $ 990 mil.",no,"curl (raw HTML, published_time 2024-09-06)"
ARG-AUSTRAL-P01-ARG-02,ARG-AUSTRAL,tuition,https://www.iprofesional.com/management/448026-revelan-el-ranking-de-universidades-mas-caras-de-argentina-y-el-valor-de-las-cuotas,iProfesional,"Las universidades más caras de Argentina: así es el ranking 2026, con cuotas de hasta $1,7 millones",January 2026 (published 2026-02-15); 2025 value only estimated by the journalist,2026-09-29,Paragraph on Universidad Austral,"En la Universidad Austral , los aranceles para las carreras de grado de Ingeniería, Ciencias Biomédicas, Ciencias Económicas, Abogacía y Relaciones Internacionales se ubican en torno a los $1.400.000 mensuales desde enero de 2026. Durante 2025, los ajustes acompañaron la inflación, por lo que se estima que un año atrás los valores rondaban los $1,06 millones.",no,"curl (raw HTML, published_time 2026-02-15)"
ARG-UP-P01-ARG-01,ARG-UP,tuition,https://chequeado.com/el-explicador/estudiar-en-una-universidad-privada-puede-costar-entre-140-mil-y-1-millon-por-mes-en-la-argentina/,Chequeado,Estudiar en una universidad privada puede costar entre $ 140 mil y $ 1 millón por mes en la Argentina,"2024 (published 2024-09-06); most recent documented range, not 2025",2026-09-29,"Section '¿Cuánto sale una universidad privada en la Argentina en 2024?', paragraph on Universidad de Palermo","E n la Universidad de Palermo , la cuota mensual varía entre $ 400 mil y $ 500 mil.",no,"curl (raw HTML, published_time 2024-09-06)"
ARG-UP-P01-ARG-02,ARG-UP,tuition,https://web.archive.org/web/20240725125329/https://wwws.palermo.edu/Intranet/aranceles/pdf/Normas-Arancelarias.pdf,Universidad de Palermo,Universidad de Palermo Normas Arancelarias (PDF created 2024-04-11; Wayback capture 2024-07-25),2024,2026-09-29,"p. 5, art. 6.4","Los Aranceles de Estudio devengados en cada Período Lectivo semestral (Primer semestre, con clases de marzo a junio y Segundo semestre, con clases de agosto a noviembre) se deberán abonar en seis (6) cuotas mensuales totalizando doce (12) cuotas mensuales por año.",no,curl (Wayback id_ raw capture) + pdftotext
ARG-UP-P01-ARG-03,ARG-UP,compulsory_fees,https://web.archive.org/web/20240725125329/https://wwws.palermo.edu/Intranet/aranceles/pdf/Normas-Arancelarias.pdf,Universidad de Palermo,Universidad de Palermo Normas Arancelarias (PDF created 2024-04-11; Wayback capture 2024-07-25),2024,2026-09-29,"p. 4, art. 5.1 and 5.5","Los estudiantes, una vez admitidos como tales conforme las reglas de ingreso y habiendo finalizado sus dos primeros Períodos Lectivos semestrales consecutivos, deberán abonar una “Matrícula Anual” en todo Ciclo lectivo posterior en que se inscriban, asistan o realicen cualquier actividad académica. [...] El valor de la Matrícula es independiente del correspondiente a las cuotas por Aranceles de Es [...]",yes,curl (Wayback id_ raw capture) + pdftotext
ARG-UNLP-P01-ARG-01,ARG-UNLP,tuition,https://web.archive.org/web/20250424172106/https://www2.fba.unlp.edu.ar/ingreso/curso-de-ingreso/,"Facultad de Artes, Universidad Nacional de La Plata",Preguntas Frecuentes - Ingresantes 2025 (Wayback capture 2025-04-24),2025 intake,2026-09-29,FAQ '¿Son aranceladas las carreras?',"¿Son aranceladas las carreras? La Universidad Nacional de La Plata es pública y gratuita, no se cobra arancel por ninguna de nuestras carreras de grado.",no,curl (Wayback id_ raw capture 20250424172106)
ARG-UNLP-P01-ARG-02,ARG-UNLP,regime,https://servicios.infoleg.gob.ar/infolegInternet/anexos/25000-29999/25394/texact.htm,"InfoLEG, Ministerio de Justicia","Ley de Educación Superior 24.521, texto actualizado",from 2025-05-29 (art. 2 bis as substituted by Decreto 366/2025),2026-09-29,Art. 2 bis and its amendment note,"Los estudios de grado en las instituciones de educación superior de gestión estatal serán gratuitos para todos los ciudadanos argentinos nativos o por opción y para todo extranjero que cuente con residencia permanente en el país. La gratuidad implica la prohibición de establecer sobre ellos cualquier tipo de gravamen, tasa, impuesto, arancel, o tarifa directos o indirectos. [...] (Artículo sustitu [...]",yes,curl (HTML text)
ARG-UNC-P01-ARG-01,ARG-UNC,tuition,https://www.unc.edu.ar/sites/default/files/Guia%20de%20estudios%202025%20FINAL_v2.pdf,Universidad Nacional de Córdoba,Guía de estudios UNC 2025 (PDF metadata: created 2024-08-22),2025 intake,2026-09-29,"p. 12, section 'La UNC'","La UNC, conforma junto a más de 130 universidades, el sistema nacional de educación de nivel superior en Argentina siendo pública, laica y gratuita.",no,curl + pdftotext / pypdf
ARG-UNC-P01-ARG-02,ARG-UNC,compulsory_fees,https://www.unc.edu.ar/sites/default/files/Guia%20de%20estudios%202025%20FINAL_v2.pdf,Universidad Nacional de Córdoba,Guía de estudios UNC 2025 (PDF metadata: created 2024-08-22),2025 intake,2026-09-29,"pp. 67 and 311 (Facultad de Artes, 'Inscripciones e ingreso')","Tanto la inscripción como el cursado y los exámenes son gratuitos, es decir que no hay que pagar ninguna tasa.",no,curl + pdftotext / pypdf
ARG-UNC-P01-ARG-03,ARG-UNC,regime,https://servicios.infoleg.gob.ar/infolegInternet/anexos/25000-29999/25394/texact.htm,"InfoLEG, Ministerio de Justicia","Ley de Educación Superior 24.521, texto actualizado",from 2025-05-29 (art. 2 bis as substituted by Decreto 366/2025),2026-09-29,Art. 2 bis amendment note,(Artículo sustituido por art. 35 del Decreto Nº 366/2025 B.O. 29/5/2025. Vigencia: a partir del día de su publicación en el BOLETÍN OFICIAL.),no,curl (HTML text)
BRA-USP-P01-BRA-01,BRA-USP,tuition,https://web.archive.org/web/20250704170808/https://www5.usp.br/ensino/graduacao/,Universidade de São Paulo,Graduação na USP (Wayback capture 2025-07-04),2025 (capture date; page undated),2026-09-29,"Section ""Formas de ingresso""",Todos os cursos de graduação da USP são gratuitos. O ingresso é realizado das seguintes formas:,no,"curl (Wayback id_ raw capture, HTML text)"
BRA-USP-P01-BRA-02,BRA-USP,tuition,https://vestibular.unesp.br/Home/guiadeprofissoes51/guia-de-profissoes-unesp2026-1.pdf,Unesp,Guia de Profissões Unesp 2026 (PDF created 2025-08-08),2026 intake (published Aug 2025; present-tense description),2026-09-29,PDF p. 5 (printed p. 4),"Universidade Estadual Paulista ""Júlio de Mesquita Filho"" (Unesp), a Universidade de São Paulo (USP, fundada em 1934) e a Universidade Estadual de Campinas (Unicamp, 1966) formam o trio de universidades públicas paulistas, sem cobrança de mensalidades",no,curl + pymupdf text
BRA-USP-P01-BRA-03,BRA-USP,compulsory_fees,https://www.planalto.gov.br/ccivil_03/constituicao/constituicao.htm,Presidência da República (Planalto),Constituição da República Federativa do Brasil de 1988,in force 2025 (rule application),2026-09-29,"Art. 206, IV",IV - gratuidade do ensino público em estabelecimentos oficiais;,no,not re-opened in this run; quote carried from classification_sources BRA-UFMG-S03 (curl 2026-09-29)
BRA-UNICAMP-P01-BRA-01,BRA-UNICAMP,tuition,https://web.archive.org/web/20250909220414/https://internationaloffice.unicamp.br/estrangeiros/estudantes-estrangeiros/formas-de-ingresso/,Unicamp International Office,Formas de ingresso (Wayback capture 2025-09-09),2025,2026-09-29,GRADUAÇÃO section,"Os cursos de graduação na Unicamp são gratuitos, isto é, o estudante não paga taxas ou mensalidades para estudar.",no,"curl (Wayback id_ raw capture, HTML text)"
BRA-UNICAMP-P01-BRA-02,BRA-UNICAMP,compulsory_fees,https://web.archive.org/web/20250909220414/https://internationaloffice.unicamp.br/estrangeiros/estudantes-estrangeiros/formas-de-ingresso/,Unicamp International Office,Formas de ingresso (Wayback capture 2025-09-09),2025,2026-09-29,GRADUAÇÃO section,"Os cursos de graduação na Unicamp são gratuitos, isto é, o estudante não paga taxas ou mensalidades para estudar.",no,"curl (Wayback id_ raw capture, HTML text)"
BRA-UFRJ-P01-BRA-01,BRA-UFRJ,tuition,https://www.planalto.gov.br/ccivil_03/constituicao/constituicao.htm,Presidência da República (Planalto),Constituição da República Federativa do Brasil de 1988,in force 2025 (rule application),2026-09-29,"Art. 206, IV",IV - gratuidade do ensino público em estabelecimentos oficiais;,no,not re-opened in this run; quote carried from classification_sources BRA-UFMG-S03 (curl 2026-09-29)
BRA-UFRJ-P01-BRA-02,BRA-UFRJ,compulsory_fees,https://acessograduacao.ufrj.br/periodo-2025-1/2025-sisu-mec/divulgacao-dos-editais-para-o-acesso-sisu-mec-2025/2025-Edital_1060-2024-Acesso_Geral.pdf,Universidade Federal do Rio de Janeiro (PR1),Edital UFRJ nº 1060/2024 - Acesso Geral (ingresso 2025),2025,2026-09-29,"whole document (1,254 text lines) searched for taxa/gratuit/mensalid/pagamento/cobran","[no fee stated: zero matches for taxa, gratuit, mensalid, pagamento, cobran]",no,curl + pdftotext (documented absence)
BRA-UFRJ-P01-BRA-03,BRA-UFRJ,compulsory_fees,https://acessograduacao.ufrj.br/periodo-2025-1/2025-sisu-mec/divulgacao-dos-editais-para-o-acesso-sisu-mec-2025/2025-Edital_1061-2024-Acesso_SiSU.pdf,Universidade Federal do Rio de Janeiro (PR1),Edital UFRJ nº 1061/2024 - Acesso SiSU/MEC 2025,2025,2026-09-29,"whole document (1,950 text lines) searched for taxa/gratuit/mensalid/pagamento/cobran","[no fee stated: zero matches for taxa, gratuit, mensalid, pagamento, cobran]",no,curl + pdftotext (documented absence)
BRA-UNESP-P01-BRA-01,BRA-UNESP,tuition,https://vestibular.unesp.br/Home/guiadeprofissoes51/guia-de-profissoes-unesp2026-1.pdf,Unesp,Guia de Profissões Unesp 2026 (PDF created 2025-08-08),2026 intake (published Aug 2025; present-tense description),2026-09-29,PDF p. 5 (printed p. 4),"Universidade Estadual Paulista ""Júlio de Mesquita Filho"" (Unesp), a Universidade de São Paulo (USP, fundada em 1934) e a Universidade Estadual de Campinas (Unicamp, 1966) formam o trio de universidades públicas paulistas, sem cobrança de mensalidades",no,curl + pymupdf text
BRA-UNESP-P01-BRA-02,BRA-UNESP,tuition,https://vestibular.unesp.br/Home/guiadeprofissoes51/guia-de-profissoes-unesp2026-1.pdf,Unesp,Guia de Profissões Unesp 2026 (PDF created 2025-08-08),2026 intake (published Aug 2025),2026-09-29,"PDF p. 5, box heading",UNIVERSIDADE PÚBLICA DE EXCELÊNCIA Ensino superior gratuito e de qualidade para todo o Estado de São Paulo,no,curl + pymupdf text
BRA-UNESP-P01-BRA-03,BRA-UNESP,compulsory_fees,https://www.planalto.gov.br/ccivil_03/constituicao/constituicao.htm,Presidência da República (Planalto),Constituição da República Federativa do Brasil de 1988,in force 2025 (rule application),2026-09-29,"Art. 206, IV",IV - gratuidade do ensino público em estabelecimentos oficiais;,no,not re-opened in this run; quote carried from classification_sources BRA-UFMG-S03 (curl 2026-09-29)
BRA-PUCRIO-P01-BRA-01,BRA-PUCRIO,tuition,https://web.archive.org/web/20250814113040/https://www.puc-rio.br/vestibular/202512/mensalidades.html,PUC-Rio,Vestibular PUC-Rio 2026 - Mensalidades (Wayback capture 2025-08-14),2025,2026-09-29,"""Tabela de mensalidades de 2025"" (first-enrolment table)","Na tabela a seguir, constam os valores vigentes em 2025 para a faixa de créditos sugerida e considerada adequada pela PUC-Rio na primeira matrícula. [...] Nutrição | 28 | 3.557,00 [...] Ciências Econômicas | 26 | 6.362,00",no,"curl (Wayback id_ raw capture, HTML text; table cells joined with |)"
BRA-PUCRIO-P01-BRA-02,BRA-PUCRIO,tuition,https://web.archive.org/web/20250125055011/https://www.puc-rio.br/ensinopesq/ccg/anuidadesCCG.html,PUC-Rio Coordenação Central de Graduação,Tabela de Anuidades e Mensalidades - Ano: 2025 (Wayback capture 2025-01-25),2025,2026-09-29,2025 table; rows 26 and 28 credits; columns CTC/Economia and Nutrição,"Ano: 2025 [...] 26 | 61.032,00 | 30.516,00 | 5.086,00 | 62.136,00 | 31.068,00 | 5.178,00 | 76.344,00 | 38.172,00 | 6.362,00 [...] 28 | [...] | 42.684,00 | 21.342,00 | 3.557,00",no,"curl (Wayback id_ raw capture, HTML text; cells joined with |; [...] marks omitted cells)"
BRA-PUCRIO-P01-BRA-03,BRA-PUCRIO,tuition,https://www.puc-rio.br/ensinopesq/ccg/download/edital_anuidades_2025.pdf,PUC-Rio Vice-Reitoria Administrativa,Edital - valores das anuidades de graduação 2025 (cover letter dated 06/12/2024; registered 4ºRTD-RJ),2025,2026-09-29,"PDF p. 2, first paragraph (scanned; read visually from rendered page)","divulga pelo presente Edital os valores das anuidades de graduação e de pós-graduação stricto-sensu acadêmico referentes ao ano de 2025, como indicado no Anexo I, declarando que tais valores constituem 12 (doze) parcelas mensais",no,"curl + pymupdf render, visual reading (scanned PDF, no text layer)"
BRA-PUCRIO-P01-BRA-04,BRA-PUCRIO,tuition,https://web.archive.org/web/20250524012653/https://www.puc-rio.br/vestibular/202507/mensalidades_selecaoinverno_2025-07.html,PUC-Rio,Seleção de Inverno 2025 - Mensalidades (Wayback capture 2025-05-24),2025,2026-09-29,"""Tabela de mensalidades de 2025""; no Farmácia row; Nutrição row commented out in HTML source","Tabela de mensalidades de 2025 [...] Ciências Econômicas | 26 | 6.362,00 [...] Teologia | 19 a 20 | 4.659,00",no,"curl (Wayback id_ raw capture, HTML source inspected incl. comments)"
BRA-PUCRIO-P01-BRA-05,BRA-PUCRIO,compulsory_fees,https://www.puc-rio.br/ensinopesq/ccg/download/edital_anuidades_2025.pdf,PUC-Rio Vice-Reitoria Administrativa,Edital - valores das anuidades de graduação 2025,2025,2026-09-29,PDF pp. 1-2 read visually; no separate recurring fee mentioned (documented absence; pp. 3-5 not read),"divulga pelo presente Edital os valores das anuidades de graduação e de pós-graduação stricto-sensu acadêmico referentes ao ano de 2025, como indicado no Anexo I, declarando que tais valores constituem 12 (doze) parcelas mensais",no,"curl + pymupdf render, visual reading"
BRA-UFMG-P01-BRA-01,BRA-UFMG,tuition,https://www.planalto.gov.br/ccivil_03/constituicao/constituicao.htm,Presidência da República (Planalto),Constituição da República Federativa do Brasil de 1988,in force 2025 (rule application),2026-09-29,"Art. 206, IV",IV - gratuidade do ensino público em estabelecimentos oficiais;,no,not re-opened in this run; quote carried from classification_sources BRA-UFMG-S03 (curl 2026-09-29)
BRA-UFMG-P01-BRA-02,BRA-UFMG,compulsory_fees,https://www.ufmg.br/sisu/wp-content/uploads/2025/01/SEI_UFMG-3872000-Edital.pdf,Universidade Federal de Minas Gerais,Edital nº 67/2025 - acesso aos cursos presenciais de graduação da UFMG em 2025 (SiSU),2025,2026-09-29,whole document (31 pages) searched for taxa/gratuit/mensalid/cobran,"[no fee stated: zero matches for taxa, gratuit, mensalid, cobran]",no,curl + pymupdf text (documented absence)
BRA-UFMG-P01-BRA-03,BRA-UFMG,compulsory_fees,https://www.gov.br/pt-br/servicos/matricular-se-em-curso-de-graduacao-ufmg,Governo Federal (gov.br) / UFMG,Matricular-se em curso de graduação - UFMG,page last modified 15/12/2025,2026-09-29,time/cost section,Este serviço é gratuito para o cidadão.,no,curl (HTML text)
CHL-PUC-P01-CHL-01,CHL-PUC,tuition,https://mifuturo.cl/wp-content/uploads/2025/06/Oferta_Academica_2025_SIES_02_06_2025_WEB_E.zip,"Mineduc, Servicio de Informacion de Educacion Superior (SIES)",Base Oferta Academica 2025 (Oferta_Academica_2025_SIES_02_06_2025_WEB_E.csv),2025,2026-09-29,"PUC rows after filter N1 (62 rows); columns Codigo Unico, Nombre Sede, Nombre Carrera, Formato Valor, Matricula Anual, Arancel Anual, Vigencia; minimum and maximum rows",OFE_2025;I86S2C121J1V1;PONTIFICIA UNIVERSIDAD CATOLICA DE CHILE;SEDE VILLARRICA;PEDAGOGIA EN EDUCACION GENERAL BASICA;Monto en Pesos;185700;4140000;Vigente con estudiantes nuevos | OFE_2025;I86S5C342J1V1;PONTIFICIA UNIVERSIDAD CATOLICA DE CHILE;CAMPUS SAN JOAQUIN;ODONTOLOGIA;Monto en Pesos;185700;9930000;Vigente con estudiantes nuevos,no,"curl download + python csv (selected cells of the raw row, semicolon-joined)"
CHL-PUC-P01-CHL-02,CHL-PUC,tuition,https://web.archive.org/web/20250316100647/https://admision.uc.cl/carreras/odontologia/,"Pontificia Universidad Catolica de Chile, Admision UC",Odontologia - Admision UC (Wayback 2025-03-16),2025,2026-09-29,Programme data box (maximum),Arancel anual 2025: $9.930.000,no,"curl raw capture (id_), HTML text"
CHL-PUC-P01-CHL-03,CHL-PUC,tuition,https://web.archive.org/web/20250122102011/https://admision.uc.cl/carreras/pedagogia-general-basica-campus-villarrica/,"Pontificia Universidad Catolica de Chile, Admision UC",Pedagogia General Basica Campus Villarrica - Admision UC (Wayback 2025-01-22),2025,2026-09-29,Programme data box (minimum),Arancel anual 2025: $4.140.000,no,"curl raw capture (id_), HTML text"
CHL-PUC-P01-CHL-04,CHL-PUC,compulsory_fees,https://web.archive.org/web/20250522170234/https://admision.uc.cl/financiamiento-y-matricula/financiamiento-y-matricula-futuros-estudiantes/aranceles-de-pregrado/,"Pontificia Universidad Catolica de Chile, Admision UC",Aranceles de pregrado (Wayback 2025-05-22),2025,2026-09-29,'Importante' box,El Derecho de matrícula para el año 2025 es: $185.700 El Derecho de Inscripción para el año 2025 de estudiantes antiguos es: $51.208,no,"curl raw capture (id_), HTML text"
CHL-UCH-P01-CHL-01,CHL-UCH,tuition,https://mifuturo.cl/wp-content/uploads/2025/06/Oferta_Academica_2025_SIES_02_06_2025_WEB_E.zip,"Mineduc, Servicio de Informacion de Educacion Superior (SIES)",Base Oferta Academica 2025 (Oferta_Academica_2025_SIES_02_06_2025_WEB_E.csv),2025,2026-09-29,UCh rows after filter N1 (62 rows); minimum and maximum rows,OFE_2025;I70S1C842J1V1;UNIVERSIDAD DE CHILE;SANTIAGO;ETAPA BASICA DE LA LICENCIATURA EN ARTES CON MENCION EN INTERPRETACION MUSICAL;Monto en Pesos;196400;3510900;Vigente con estudiantes nuevos | OFE_2025;I70S1C158J1V1;UNIVERSIDAD DE CHILE;SANTIAGO;MEDICINA;Monto en Pesos;196400;8607500;Vigente con estudiantes nuevos,no,"curl download + python csv (selected cells of the raw row, semicolon-joined)"
CHL-UCH-P01-CHL-02,CHL-UCH,tuition,https://web.archive.org/web/20250325181031/https://uchile.cl/admision-y-matriculas/aranceles-y-credito/aranceles/estudiantes-nuevos,Universidad de Chile,Valor de aranceles 2025 para estudiantes nuevos (Wayback 2025-03-25),2025,2026-09-29,"Per-programme table: Facultad de Artes rows and Facultad de Medicina, Medicina row",Etapa Básica Artes - Artes Plásticas | 3.261.900 | Etapa Básica Artes - Composición Musical | 3.510.900 | ... Medicina | 8.607.500,no,"curl raw capture (id_), HTML text (table cells separated by |)"
CHL-UCH-P01-CHL-03,CHL-UCH,compulsory_fees,https://web.archive.org/web/20250325181031/https://uchile.cl/admision-y-matriculas/aranceles-y-credito/aranceles/estudiantes-nuevos,Universidad de Chile,Valor de aranceles 2025 para estudiantes nuevos (Wayback 2025-03-25),2025,2026-09-29,Paragraph above the table,"Todas las personas que ingresen a la Universidad de Chile deberán pagar, al momento de cursar su matrícula, la suma de $196.400 correspondiente al Derecho Básico de Matrícula Anual.",no,"curl raw capture (id_), HTML text"
CHL-USACH-P01-CHL-01,CHL-USACH,tuition,https://web.archive.org/web/20250318222219/https://admision.usach.cl/aranceles,"Universidad de Santiago de Chile, Admision Usach",Aranceles 2025 (Wayback 2025-03-18),2025,2026-09-29,"Table (columns Carrera | Facultad | Decil 7 | Decil 8-9 | Decil 10), minimum and maximum rows",TECNOLOGÍA EN ALIMENTOS | Facultad | TECNOLÓGICA | $3.351.594 | $3.351.594 | $3.520.000 ... MEDICINA | Facultad | CIENCIAS MÉDICAS | $6.978.660 | $6.978.660 | $7.511.000,no,"curl raw capture (id_), HTML text (table cells separated by |)"
CHL-USACH-P01-CHL-02,CHL-USACH,tuition,https://mifuturo.cl/wp-content/uploads/2025/06/Oferta_Academica_2025_SIES_02_06_2025_WEB_E.zip,"Mineduc, Servicio de Informacion de Educacion Superior (SIES)",Base Oferta Academica 2025 (Oferta_Academica_2025_SIES_02_06_2025_WEB_E.csv),2025,2026-09-29,USACH rows after filter N1 (70 rows); minimum and maximum rows; Matricula Anual 204000 in all 70 rows,OFE_2025;I71S1C103J1V1;UNIVERSIDAD DE SANTIAGO DE CHILE;CASA CENTRAL (SANTIAGO);TECNOLOGIA EN ALIMENTOS;Monto en Pesos;204000;3520000;Vigente con estudiantes nuevos | OFE_2025;I71S1C67J1V1;UNIVERSIDAD DE SANTIAGO DE CHILE;CASA CENTRAL (SANTIAGO);MEDICINA;Monto en Pesos;204000;7511000;Vigente con estudiantes nuevos,no,"curl download + python csv (selected cells of the raw row, semicolon-joined)"
CHL-USACH-P01-CHL-03,CHL-USACH,compulsory_fees,https://web.archive.org/web/20250318222219/https://admision.usach.cl/aranceles,"Universidad de Santiago de Chile, Admision Usach",Aranceles 2025 (Wayback 2025-03-18),2025,2026-09-29,Heading above the table,MATRÍCULA SEMESTRAL 2025: $102.000.-,no,"curl raw capture (id_), HTML text"
CHL-UAI-P01-CHL-01,CHL-UAI,tuition,https://web.archive.org/web/20250211223938/https://admision.uai.cl/admision/aranceles/,"Universidad Adolfo Ibanez, Admision UAI",Aranceles para Admision 2025 (Wayback 2025-02-11),2025,2026-09-29,Tables 'Aranceles 2025 Campus Penalolen' and 'Aranceles 2025 Campus Vina del Mar' (Carrera | Matricula Anual UF | Arancel Anual UF); extremes,"Aranceles 2025 Campus Peñalolén | Carrera | Matrícula Anual UF (1) | Arancel Anual UF (2) | Ingeniería Comercial | 23 | 240 ... Aranceles 2025 Campus Viña del Mar ... Comunicación Estratégica - Periodismo, Doble Título | 21 | 170",no,"curl raw capture (id_), HTML text (table cells separated by |)"
CHL-UAI-P01-CHL-02,CHL-UAI,compulsory_fees,https://web.archive.org/web/20250211223938/https://admision.uai.cl/admision/aranceles/,"Universidad Adolfo Ibanez, Admision UAI",Aranceles para Admision 2025 (Wayback 2025-02-11),2025,2026-09-29,Footnotes under the Penalolen table and UF reference value,"(2) La matrícula | del año académico 2026 se paga en diciembre 2025: UF 23 | ... valor de la UF al 9 de enero de 2025 | = 38.438,98 pesos chilenos",no,"curl raw capture (id_), HTML text"
CHL-UAI-P01-CHL-03,CHL-UAI,tuition,https://mifuturo.cl/wp-content/uploads/2025/06/Oferta_Academica_2025_SIES_02_06_2025_WEB_E.zip,"Mineduc, Servicio de Informacion de Educacion Superior (SIES)",Base Oferta Academica 2025 (Oferta_Academica_2025_SIES_02_06_2025_WEB_E.csv),2025,2026-09-29,"UAI rows after filter N1 (20 rows, Formato Valor = Monto en UF); minimum and maximum rows","OFE_2025;I23S1C518J1V1;UNIVERSIDAD ADOLFO IBAÑEZ;CASA CENTRAL (VIÑA DEL MAR);COMUNICACION ESTRATEGICA PERIODISMO, DOBLE TITULO;Monto en UF;21;170;Vigente con estudiantes nuevos | OFE_2025;I23S2C1J1V2;UNIVERSIDAD ADOLFO IBAÑEZ;SEDE PEÑALOLEN;INGENIERIA COMERCIAL, PLAN COMUN;Monto en UF;23;240;Vigente con estudiantes nuevos",no,"curl download + python csv (selected cells of the raw row, semicolon-joined)"
CHL-UDEC-P01-CHL-01,CHL-UDEC,tuition,https://documentos.udec.cl/sites/default/files/decreto%202024-140%20(1).pdf,"Universidad de Concepcion, Secretaria General",Decreto U. de C. N 2024-140 (Aranceles de Pregrado 2025),2025,2026-09-29,"p. 1 table (Bachillerato en Humanidades, minimum) and p. 3 table (Medicina, maximum); column 'ARANCEL DE LISTA SIES 2025'",Apruébese los siguientes Aranceles para los estudiantes de Pregrado de la Universidad de Concepción correspondiente al año académico 2025. ... CAMPUS CONCEPCIÓN | BACHILLERATO EN HUMANIDADES | $ 3.951.884 ... CAMPUS CONCEPCIÓN | MEDICINA | $ 9.748.579,no,curl + pypdf text layer (OCR) and visual check of pages 1 and 3 rendered with pymupdf
CHL-UDEC-P01-CHL-02,CHL-UDEC,compulsory_fees,https://documentos.udec.cl/sites/default/files/decreto%202024-140%20(1).pdf,"Universidad de Concepcion, Secretaria General",Decreto U. de C. N 2024-140 (Aranceles de Pregrado 2025),2025,2026-09-29,"p. 1, item 1",1. El valor Inscripción (Cuota Básica) para los estudiantes de primeros años y cursos superiores es de $ 167.200,no,curl + pypdf text layer and visual check of page 1 rendered with pymupdf
CHL-UDEC-P01-CHL-03,CHL-UDEC,tuition,https://mifuturo.cl/wp-content/uploads/2025/06/Oferta_Academica_2025_SIES_02_06_2025_WEB_E.zip,"Mineduc, Servicio de Informacion de Educacion Superior (SIES)",Base Oferta Academica 2025 (Oferta_Academica_2025_SIES_02_06_2025_WEB_E.csv),2025,2026-09-29,UdeC rows after filter N1 (89 rows); minimum and maximum rows; Matricula Anual 167200 in all rows,OFE_2025;I87S1C5J1V1;UNIVERSIDAD DE CONCEPCION;CASA CENTRAL;BACHILLERATO EN HUMANIDADES;Monto en Pesos;167200;3951884;Vigente con estudiantes nuevos | OFE_2025;I87S1C102J1V1;UNIVERSIDAD DE CONCEPCION;CASA CENTRAL;MEDICINA;Monto en Pesos;167200;9748579;Vigente con estudiantes nuevos,no,"curl download + python csv (selected cells of the raw row, semicolon-joined)"
CHL-UDEC-P01-CHL-04,CHL-UDEC,regime,"https://documentos.udec.cl/sites/default/files/decreto%202025-158,%20Aranceles%20para%20los%20estudiantes%20de%20Pregrado%20a%C3%B1o%202026.pdf","Universidad de Concepcion, Secretaria General",Decreto U. de C. N 2025-158 (Aranceles de Pregrado 2026),2026,2026-09-29,p. 1 item 1 and p. 2 table (context only; not used for the 2025 figure),1. El valor Inscripción (Cuota Básica)  para los estudiantes de primeros años y cursos superiores es de $ 52.795.- ... CAMPUS CONCEPCIÓN BACHILLERATO EN HUMANIDADES  $                7.386.835,no,curl + pypdf text layer
CHL-PUCV-P01-CHL-01,CHL-PUCV,tuition,https://mifuturo.cl/wp-content/uploads/2025/06/Oferta_Academica_2025_SIES_02_06_2025_WEB_E.zip,"Mineduc, Servicio de Informacion de Educacion Superior (SIES)",Base Oferta Academica 2025 (Oferta_Academica_2025_SIES_02_06_2025_WEB_E.csv),2025,2026-09-29,PUCV rows after filter N1 (67 rows); minimum and maximum rows; Matricula Anual 268000 in all rows,OFE_2025;I89S3C406J1V1;PONTIFICIA UNIVERSIDAD CATOLICA DE VALPARAISO;VIÑA DEL MAR;LICENCIATURA EN FILOSOFIA;Monto en Pesos;268000;3892000;Vigente con estudiantes nuevos | OFE_2025;I89S1C288J1V2;PONTIFICIA UNIVERSIDAD CATOLICA DE VALPARAISO;VALPARAISO;INGENIERIA CIVIL DE MINAS;Monto en Pesos;268000;6738000;Vigente con estudiantes nuevos,no,"curl download + python csv (selected cells of the raw row, semicolon-joined)"
CHL-PUCV-P01-CHL-02,CHL-PUCV,compulsory_fees,https://web.archive.org/web/20250121084511/https://estudiantespucv.cl/aranceles/,"Pontificia Universidad Catolica de Valparaiso, Estudiantes PUCV",Aranceles - Estudiantes PUCV (Wayback 2025-01-21),2025,2026-09-29,'Valores Aranceles 2025' - Primer Ano and Curso Superior tabs,"Los/las estudiantes deberán pagar al momento de Matricularse, la suma de $ 268.000. (doscientos sesenta y ocho mil)- como «Derecho Anual de Inscripción». ... Los/las estudiantes de Cursos Superiores de Pregrado, deberán pagar al momento de Matricularse en el 1er y 2do Semestre de 2025, la suma de $ 134.000.- (Ciento treinta y cuatro mil pesos) como “Derecho Semestral de Inscripción” por cada semes [...]",yes,"curl raw capture (id_, --compressed), HTML text"
CHL-PUCV-P01-CHL-03,CHL-PUCV,tuition,https://estudiantespucv.cl/wp-content/uploads/2024/11/ARANCELES-1ER-ANO-2025.pdf,Pontificia Universidad Catolica de Valparaiso,Aranceles 1er ano 2025 (linked from the 2025 aranceles page),2025,2026-09-29,whole document,,no,inaccessible (live 403 Forbidden; no Wayback capture found)
COL-UNIANDES-P01-COL-01,COL-UNIANDES,tuition,https://matriculas.uniandes.edu.co/images/Derechos%20pecuniarios%20Universidad%20de%20los%20Andes%202026%20MJSG%20aprobados%20CD10dic2025%20part%201%20-%20signed.pdf,Universidad de los Andes,Derechos pecuniarios Universidad de los Andes 2026,vigencia 2025 (2025-2) and vigencia 2026 (2026-1),2026-09-29,"p. 1, Pregrados table (columns 'Valor semestre 2025', 'Incremento', 'Valor semestre 2026'); text-layer rows partly misaligned, Medicine values corroborated by the web page","El Comité Directivo, en su sesión No. 312-25 del 10 de diciembre de 2025, aprobó el incremento en los valores de matrícula de pregrado y posgrado para la vigencia 2026. [...] Administración De Empresas $ 25.460.000 5,50% $ 26.860.000 [...] Medicina [...] $ 36.230.000 5,49% $ 38.220.000",no,pdftotext
COL-UNIANDES-P01-COL-02,COL-UNIANDES,tuition,https://web.archive.org/web/20251010151240id_/https://matriculas.uniandes.edu.co/pregrado/valores-pregrado,Universidad de los Andes,Valor de matrícula pregrado | Uniandes (Wayback capture 2025-10-10),2025 (applies to 2025-2),2026-09-29,Section 'Valor de Matrícula 2025',Valor de Matrícula 2025 Este valor de matrícula semestral aplica para estudiantes nuevos y antiguos [...] OTROS PROGRAMAS $25.460.000 MEDICINA $36.230.000,no,curl
COL-UNIANDES-P01-COL-03,COL-UNIANDES,tuition,https://matriculas.uniandes.edu.co/pregrado/valores-pregrado,Universidad de los Andes,Valor de matrícula pregrado | Uniandes (live page),2026 (applies to 2026-1),2026-09-29,Section 'Valor de Matrícula 2026',Valor de Matrícula 2026 Este valor de matrícula semestral aplica para estudiantes nuevos y antiguos [...] OTROS PROGRAMAS $26.860.000 MEDICINA $38.220.000,no,curl
COL-UNIANDES-P01-COL-04,COL-UNIANDES,compulsory_fees,https://matriculas.uniandes.edu.co/images/Derechos%20pecuniarios%20Universidad%20de%20los%20Andes%202026%20MJSG%20aprobados%20CD10dic2025%20part%201%20-%20signed.pdf,Universidad de los Andes,Derechos pecuniarios Universidad de los Andes 2026,vigencia 2025 and 2026,2026-09-29,"Last pages, table 'Por concepto de otros derechos pecuniarios'; only one-off items (graduation, certificates, duplicates, exams); no recurring charge, fees recorded as 0 on that basis",Por concepto de otros derechos pecuniarios el valor a cobrar será: [...] Derechos de Grado Pregrado [...] Certificados Pregrado [...] Duplicado Carnet [...] Examen de validación pregrado,no,pdftotext
COL-UNAL-P01-COL-01,COL-UNAL,tuition,https://web.archive.org/web/20240607224848id_/https://planeacion.medellin.unal.edu.co/images/documentos/IndicadoresPBM_2023-1.pdf,"Universidad Nacional de Colombia, Sede Medellín, Oficina de Planeación",Indicadores PBM 2023-1 (section 'PUNTAJE BÁSICO DE MATRÍCULA PBM - CONCEPTOS'),document for 2023-1; quotes the rule text (Acuerdo 100 de 1993 Art. 1) as used by the university,2026-09-29,"Final section 'PUNTAJE BÁSICO DE MATRÍCULA PBM - CONCEPTOS', Acuerdo 100 de 1993 - CSU, Art. 1",El valor del derecho se calcula como el producto del factor dado en la tabla por el valor del salario mínimo mensual legal vigente en el período lectivo correspondiente.,no,pdftotext
COL-UNAL-P01-COL-02,COL-UNAL,tuition,https://www.funcionpublica.gov.co/eva/gestornormativo/norma.php?i=257156,Función Pública (Gestor Normativo),Decreto 1572 de 2024,calendar year 2025 (input for 2025-2),2026-09-29,Art. 1,"Fijar a partir del primero (1) de enero de 2025 como Salario Mínimo Legal Mensual, la suma de UN MILLÓN CUATROCIENTOS VEINTITRÉS MIL QUINIENTOS PESOS ($1.423.500).",no,curl
COL-UNAL-P01-COL-03,COL-UNAL,tuition,https://www.cancilleria.gov.co/normograma/compilacion/docs/decreto_0159_2026.htm,Cancillería de Colombia (normograma compilation),Decreto 159 de 2026,calendar year 2026 (input for 2026-1); transitional pending Consejo de Estado ruling,2026-09-29,Art. 1 and Art. 2,"Fijar transitoriamente a partir de la fecha de publicación del presente decreto como Salario Mínimo Legal Mensual para el año 2026, la suma de un millón setecientos cincuenta mil novecientos cinco pesos ($1.750.905).",no,curl
COL-UNAL-P01-COL-04,COL-UNAL,tuition,https://web.archive.org/web/20260420190145id_/https://registro.bogota.unal.edu.co/admitidos/pregrado-20261s,"Universidad Nacional de Colombia, Sede Bogotá, División de Registro",Admitidos | Pregrado 2026-1S (Wayback capture 2026-04-20),2026-1,2026-09-29,"Paso 5: Consulta de PBM y valores de matrícula; confirms PBM liquidation in 2026-1, no amounts published",Paso 5: Consulta de PBM y valores de matrícula - 📅 Del 21 al 23 de enero 2026 1. Consulte la previsualización de su PBM y valores de matrícula: Descargue el pdf de previsualización del PBM asignado con la documentación entregada y los valores de matrícula.,no,curl
COL-UNAL-P01-COL-05,COL-UNAL,compulsory_fees,https://web.archive.org/web/20150619054704id_/http://www.legal.unal.edu.co/sisjurun/normas/Norma1.jsp?i=34648,Universidad Nacional de Colombia,Acuerdo 16 de 1998 del Consejo Superior Universitario (Wayback capture 2015-06-19),1998 text; assumed still in force for 2025/26 (in-force status not re-verified),2026-09-29,Art. 2,Todos los estudiantes pagarán por concepto de Bienestar Universitario el diez por ciento (10%) del valor de los derechos de matrícula que les corresponda según su ubicación en la tabla del Artículo 1º. del Acuerdo 100 de 1993 del Consejo Superior Universitario.,no,curl
COL-PUJ-P01-COL-01,COL-PUJ,tuition,https://web.archive.org/web/20250328085159id_/https://javeriana.edu.co/recursosdb/20125/720078/ANEXOS_BOGOTA_2025_VALORES-DE-MATRICULA-Y-OTROS-DERECHOS-PECUNIARIOS.xlsx,Pontificia Universidad Javeriana,Incremento en valores de matrícula y demás derechos pecuniarios - Anexo Sede Central (2025),2025 (applies to 2025-2),2026-09-29,"Sheet 'Valoresmatriculaspreg2024_2025', rows 'Admitidos a partir del año 2025' (cohorts 2510-9999), column 'Valor Matrícula Ordinaria 2025'; rows CIBAR and MEDICINA","CIENCIA DE LA INFORMACIÓN, BIBLIOTECOLOGÍA Y ARCHIVÍSTICA | Admitidos a partir del año 2025 | 2510 | 9999 | SEMESTRAL | 6727000 | 0.0641 | 7158000 [...] MEDICINA | Admitidos a partir del año 2025 | 2510 | 9999 | SEMESTRAL | 32930000 | 0.0641 | 35041000",no,python openpyxl (cell values)
COL-PUJ-P01-COL-02,COL-PUJ,tuition,https://www.javeriana.edu.co/recursosdb/20125/12161151/anexos-bogota-universidad-javeriana.xlsx,Pontificia Universidad Javeriana,Incremento en valores de matrícula y demás derechos pecuniarios - Anexo Sede Central (2025-2026),2026 (applies to 2026-1); also restates 2025 values,2026-09-29,"Sheet 'Valoresmatriculaspreg2025_2026', rows 'Admitidos a partir del año 2026', columns 'Valor Matrícula Ordinaria 2025', '% Incremento', 'Valor Matrícula Ordinaria 2026' (identical file captured by Wayback 2026-04-11)","CIENCIA DE LA INFORMACIÓN, BIBLIOTECOLOGÍA Y ARCHIVÍSTICA | Admitidos a partir del año 2026 | SEMESTRAL | 7158000 | 0.0651 | 7624000 [...] MEDICINA | Admitidos a partir del año 2026 | 12 | SEMESTRAL | 35041000 | 0.0651 | 37322000",no,python openpyxl (cell values)
COL-PUJ-P01-COL-03,COL-PUJ,tuition,https://www.javeriana.edu.co/recursosdb/20125/12161151/acuerdo-valores-de-matricula-y-otros-derechos-pecunarios-universidad-javeriana.pdf,Pontificia Universidad Javeriana (Consejo Directivo),Acuerdo N°. 781 - Valores de Matrícula y Otros Derechos Pecuniarios,year 2026,2026-09-29,p. 1 Considerando 2°; p. 2 Artículo Primero and Sede Central table (scanned; read visually),"ARTÍCULO PRIMERO- Aprobar los siguientes valores de matrícula para el año 2026, de los Programas de Pregrado y Posgrado [...] Los programas que registran valores diferenciales, corresponden al valor aprobado para la cohorte de admisión del estudiante",no,visual_render
COL-PUJ-P01-COL-04,COL-PUJ,compulsory_fees,https://www.javeriana.edu.co/recursosdb/20125/12161151/anexos-bogota-universidad-javeriana.xlsx,Pontificia Universidad Javeriana,"Anexo Sede Central (2025-2026), sheet 'OtrosConceptos 2025_2026'",Tarifa 2025 / Tarifa 2026,2026-09-29,"Sheet 'OtrosConceptos 2025_2026'; only application, duplicates, certificates, exams and graduation items; no recurring charge, fees recorded as 0 on that basis",Derechos de Inscripción Pregrado y Posgrado | 130000 | 0.0551 | 137000,no,python openpyxl (cell values)
COL-UDEA-P01-COL-01,COL-UDEA,tuition,https://www.udea.edu.co/wps/wcm/connect/udea/55b8ec4a-a428-443a-80a7-1d6e4f507f08/Resoluci%C3%B3n+Rectoral+47585+del+29+de+enero+de+2021.pdf?MOD=AJPERES&CVID=nJQve.K,Universidad de Antioquia,Resolución Rectoral 47585 del 29 de enero de 2021,2021 text; in force per RR 51916 (Dec 2024),2026-09-29,Art. 2 and Art. 9 Parágrafo,"Los derechos de matrícula se liquidarán de acuerdo con los factores indicados en el artículo 1°, sin que el valor total que resulte supere los once (11) salarios mínimos mensuales legales vigentes, que se establece como el valor máximo que se puede pagar por este concepto. [...] PARÁGRAFO. Si el admitido nuevo, por reingreso o transferencia no acredita documentos para aplicar los factores de matrí [...]",yes,pdftotext
COL-UDEA-P01-COL-02,COL-UDEA,regime,https://www.udea.edu.co/wps/wcm/connect/udea/ec897257-229b-43a1-8984-df7849db83f1/RR+51916+tarifa+cero+pregrado+2025-1.pdf?MOD=AJPERES&CVID=pipMIZ5,Universidad de Antioquia,Resolución Rectoral 51916 (12 de diciembre de 2024),2025-1,2026-09-29,Considerando 1 (regime still RR 47585),La Resolución Rectoral 47585 del 29 de enero de 2021 establece el procedimiento para la liquidación de los derechos de matrícula para los admitidos y estudiantes de programas de pregrado.,no,pdftotext
COL-UDEA-P01-COL-03,COL-UDEA,tuition,https://www.funcionpublica.gov.co/eva/gestornormativo/norma.php?i=257156,Función Pública (Gestor Normativo),Decreto 1572 de 2024,calendar year 2025 (input for 2025-2),2026-09-29,Art. 1,"Fijar a partir del primero (1) de enero de 2025 como Salario Mínimo Legal Mensual, la suma de UN MILLÓN CUATROCIENTOS VEINTITRÉS MIL QUINIENTOS PESOS ($1.423.500).",no,curl
COL-UDEA-P01-COL-04,COL-UDEA,tuition,https://www.cancilleria.gov.co/normograma/compilacion/docs/decreto_0159_2026.htm,Cancillería de Colombia (normograma compilation),Decreto 159 de 2026,calendar year 2026 (input for 2026-1); transitional,2026-09-29,Art. 1,"Fijar transitoriamente a partir de la fecha de publicación del presente decreto como Salario Mínimo Legal Mensual para el año 2026, la suma de un millón setecientos cincuenta mil novecientos cinco pesos ($1.750.905).",no,curl
COL-UDEA-P01-COL-05,COL-UDEA,compulsory_fees,https://www.udea.edu.co/wps/wcm/connect/udea/55b8ec4a-a428-443a-80a7-1d6e4f507f08/Resoluci%C3%B3n+Rectoral+47585+del+29+de+enero+de+2021.pdf?MOD=AJPERES&CVID=nJQve.K,Universidad de Antioquia,Resolución Rectoral 47585 del 29 de enero de 2021,2021 text,2026-09-29,Art. 7,ARTÍCULO 7°. Derechos complementarios. Los estudiantes de pregrado no cancelarán derechos complementarios.,no,pdftotext
COL-UROSARIO-P01-COL-01,COL-UROSARIO,tuition,https://urosario.edu.co/sites/default/files/2024-12/acuerdo-308-precios-pregrado-2025.pdf,Universidad del Rosario (Consiliatura),"Acuerdo 308 (30 de octubre de 2024), valores de matrícula pregrado 2025",2025-1 and 2025-2 (2025-2 used),2026-09-29,"pp. 2-3, Artículo Segundo table (Estudiantes Nuevos), column 'Valor 2025-2'; rows Licenciatura en Ciencias Sociales and Medicina (scanned; read visually)","ARTÍCULO SEGUNDO. Fijar los valores de las matrículas para los Estudiantes Nuevos que ingresarán a los períodos académicos 2025-1 y 2025-2, así: [...] Licenciatura en Ciencias Sociales $ 13.789.000 $ 13.789.000 (-) Descuento $ 8.498.161 $ 8.498.161 Neto $ 5.290.839 $ 5.290.839 [...] Medicina $ 35.903.000 $ 35.903.000 [...] Fonoaudiología $ 9.884.000 $ 9.884.000",no,visual_render
COL-UROSARIO-P01-COL-02,COL-UROSARIO,tuition,https://urosario.edu.co/sites/default/files/2025-11/acuerdo-323-precios-pregrado-2026.pdf,Universidad del Rosario (Consiliatura),"Acuerdo 323 (19 de noviembre de 2025), precios pregrado 2026",2026-1 and 2026-2 (2026-1 used),2026-09-29,"pp. 1-3, Artículo Segundo table (Estudiantes Nuevos), column 'Valor 2026-1'; rows Licenciatura en Ciencias Sociales, Medicina, Fonoaudiología (scanned; read visually)","ARTÍCULO SEGUNDO. Fijar los valores de las matrículas para los Estudiantes Nuevos que ingresarán a los períodos académicos 2026-1 y 2026-2, así: [...] Licenciatura en Ciencias Sociales $ 14.548.000 $ 14.548.000 (-) Descuento $ 8.966.000 $ 8.966.000 Neto $ 5.582.000 $ 5.582.000 [...] Medicina $ 37.881.000 $ 37.881.000 [...] Fonoaudiología $ 10.428.000 $ 10.428.000",no,visual_render
COL-UROSARIO-P01-COL-03,COL-UROSARIO,tuition,https://urosario.edu.co/sites/default/files/2025-11/acuerdo-323-precios-pregrado-2026.pdf,Universidad del Rosario (Consiliatura),"Acuerdo 323 (19 de noviembre de 2025), precios pregrado 2026",2026,2026-09-29,"p. 3, Parágrafo segundo (discounts revocable)","La Universidad en su autonomía y dentro del marco de la disponibilidad presupuestal, podrá suspender, modificar y suprimir los descuentos que se han estipulado para los programas relacionados en el presente decreto, aplicable en cualquier periodo académico.",no,visual_render
COL-UROSARIO-P01-COL-04,COL-UROSARIO,compulsory_fees,https://urosario.edu.co/sites/default/files/2024-12/acuerdo-311-precios-otros-pecunarios-2025.pdf,Universidad del Rosario (Consiliatura),"Acuerdo 311 (30 de octubre de 2024), derechos pecuniarios diferentes a matrículas 2025",1 Jan - 31 Dec 2025,2026-09-29,"pp. 1-2, Artículo Primero tables; only certificates, graduation, duplicates, application, exams; no recurring charge, fees recorded as 0 on that basis","Fijar el precio de los derechos pecuniarios diferentes a los de matrícula, por los servicios que presta la Universidad y que serán aplicables entre el 1 de enero y 31 de diciembre de 2025 [...] Inscripción pregrado y posgrado $ 219.000",no,visual_render
COL-USABANA-P01-COL-01,COL-USABANA,tuition,https://web.archive.org/web/20250116025533id_/https://www.unisabana.edu.co/fileadmin/Archivos_de_usuario/Documentos/Documentos_la_Universidad/derechos_pecuniarios/2025/2025-acuerdo-077-precio-matriculas-derechos-pecuciarios.pdf,Universidad de La Sabana (Consejo Superior),Acuerdo No. 077 del 20 de noviembre de 2024 (valores de matrículas 2025),year 2025 (applies to 2025-2),2026-09-29,"p. 5 Art. 18 (Medicina, column 'ALUMNOS INGRESADOS EN 2025'); p. 6 Art. 23 (Licenciatura en Educación Infantil, category 5); Art. 41 (checked visually on rendered pages)","ARTICULO 18°. Fijar la siguiente tabla de valores de matrícula semestral para el Programa de Medicina SNIES 2518: [...] 1 31.719.000 31.719.000 [...] ARTICULO 23°. [...] Licenciatura en Educación Infantil SNIES 105721: [...] 5 9.124.000 9.124.000 [...] ARTICULO 41º. Los precios nuevos de las matrículas por programas que cobrará la Universidad de La Sabana para el año 2025, quedaron con categoría ú [...]",yes,visual_render
COL-USABANA-P01-COL-02,COL-USABANA,tuition,https://usabana.widen.net/content/rgzc86qrti/original/Acuerdo-matriculas-No.-078-2026.pdf?u=3uuhrn&download=true,Universidad de La Sabana (Consejo Superior),"Acuerdo No. 078 del 26 de noviembre de 2025 (valores de matrículas 2026), linked from https://www.unisabana.edu.co/nosotros/derechos-pecuniarios",year 2026 (applies to 2026-1),2026-09-29,Art. 22 (Medicina) and Art. 27 (Licenciatura en Educación Infantil),"ARTICULO 22°. Fijar en Treinta y cuatro millones cuatrocientos diecinueve mil pesos /cte. ($34.419.000) el valor de la matrícula semestral para estudiantes nuevos del programa de Medicina SNIES 2518, Incremento 8.51%. [...] ARTICULO 27°. Fijar en Nueve millones setecientos dieciocho mil pesos /cte. ($9.718.000) el valor de la matrícula semestral para el programa de Licenciatura en Educación Infant [...]",yes,pdftotext
COL-USABANA-P01-COL-03,COL-USABANA,compulsory_fees,https://usabana.widen.net/content/rgzc86qrti/original/Acuerdo-matriculas-No.-078-2026.pdf?u=3uuhrn&download=true,Universidad de La Sabana (Consejo Superior),Acuerdo No. 078 del 26 de noviembre de 2025,year 2026,2026-09-29,"Art. 43 (derechos pecuniarios diferentes a matrículas); only one-off items; no recurring charge, fees recorded as 0 on that basis",ARTICULO 43º Establecer los siguientes valores para el cobro de los derechos pecuniarios diferentes a matrículas: [...] Derechos de Inscripción Pregrado [...] Duplicado de Carné [...] Supletorio de Examen Final Pregrado,no,pdftotext
URY-UDELAR-P01-URY-01,URY-UDELAR,tuition,https://www.impo.com.uy/bases/leyes/12549-1958,IMPO (Centro de Información Oficial),Ley N° 12.549 Ley Orgánica de la Universidad de la República (consolidated text),"statute of 1958, consolidated text as published 2026-09-29; in force in 2025 (article not amended)",2026-09-29,Artículo 66 (also basis for compulsory_fees 0),"Gratuidad de la enseñanza. - La enseñanza universitaria oficial es gratuita. Los estudiantes que cursen sus estudios en las diversas dependencias de la Universidad de la República no pagarán derechos de matrículas, exámenes, ni ningún otro derecho universitario.",no,"curl + html-to-text (python, cp1252 decoded)"
URY-UM-P01-URY-01,URY-UM,tuition,https://www.um.edu.uy/datos-utiles-nuevos-alumnos,Universidad de Montevideo,Datos útiles nuevos alumnos | UM,current page (accessed 2026-09-29); no amount stated; cited for fee structure only,2026-09-29,Section 'Pago de cuota',"Como sabrás, la Universidad de Montevideo no tiene matrícula. [...] El año se divide en 12 cuotas que se ajustan semestralmente. El valor de las cuotas depende de las materias que estés cursando en el semestre correspondiente y del valor del crédito vigente.",no,curl + html-to-text (python)
URY-UM-P01-URY-02,URY-UM,tuition,https://www.um.edu.uy/datos-utiles,Universidad de Montevideo,Datos útiles | UM,current page (accessed 2026-09-29); no amount stated,2026-09-29,Section 'Pago de la cuota',"El año se divide en 12 cuotas con ajuste anual de IPC. [...] Toda la información de facturación, cuotas a vencer, materias a las que estás inscripto, etc., la encontrarás en el Portal de Alumnos.",no,curl + html-to-text (python)
URY-OU-P01-URY-01,URY-OU,tuition,https://web.archive.org/web/20250105020903id_/https://www.ort.edu.uy/admisiones-y-becas/becas-para-carreras-universitarias,"Universidad ORT Uruguay, via Wayback",Becas para estudiar carreras universitarias (capture 2025-01-05),2025 (capture); no amount stated,2026-09-29,Box 'Valor de las cuotas',"El valor final de las cuotas varía en función de distintos factores, como por ejemplo: si te inscribís a todas las materias o a algunas materias del semestre en cuestión, si te postulaste a una beca o no, si te corresponde algún beneficio [...] Los valores finales de las cuotas se informan en una entrevista personal a través de los asesores académicos.",no,curl (Wayback id_ raw capture) + html-to-text (python)
URY-OU-P01-URY-02,URY-OU,tuition,https://www.ort.edu.uy/inscripciones/modalidades-de-pago,Universidad ORT Uruguay,Modalidades de pago,current page (accessed 2026-09-29); no amount stated,2026-09-29,Section 'Aranceles y ajustes de cuotas',La Universidad ORT Uruguay establece los aranceles correspondientes de acuerdo a la cantidad de materias que el estudiante decide cursar en cada semestre. Existen modalidades de inscripción donde el monto de la cuota NO depende de la cantidad de materias que el estudiante decide cursar.,no,curl + html-to-text (python)
URY-UCU-P01-URY-01,URY-UCU,tuition,https://carreras.ucu.edu.uy/categoria/Admisiones-y-becas-12,Universidad Católica del Uruguay,Admisiones y becas | Carreras,current page (accessed 2026-09-29); no amount stated,2026-09-29,'¿Cómo pago la segunda cuota en adelante?',"Las carreras de la UCU se abonan mediante el pago de cuotas iguales y consecutivas. Con este pago se obtiene el derecho a cursar los créditos totales de la carrera, más una cantidad de créditos adicionales. En el caso de querer cursar más créditos de los incluidos en la cuota, estos se podrán adquirir al valor económico actualizado del crédito de la carrera.",no,curl + html-to-text (python)
CAN-UT-P02-CAN-01,CAN-UT,tuition,https://planningandbudget.utoronto.ca/wp-content/uploads/2025/04/2025-26-Tuition-Fee-Report.pdf,"University of Toronto, Planning & Budget",Tuition Fee Schedules for Publicly-Funded Programs 2025-26,2025/26,2026-09-29,"Appendix B, Table B1: Domestic Tuition Fees for Undergraduate Direct-Entry Programs, p. 8 (column ONTARIO RESIDENT 2025-26 APPROVAL)","APPLIED SCIENCE & ENGINEERING Bachelors $14,180 $14,180 $16,090 $16,890 ... ARTS & SCIENCE incl. UTM & UTSC Bachelors $6,100 $6,100 $6,910 $7,250 ... KINESIOLOGY AND PHYSICAL EDUCATION Bachelors $6,100 $6,100 $6,910 $7,250 ... MUSIC Bachelors $6,100 $6,100 $6,910 $7,250",no,curl + pymupdf render (visual check; pdftotext -layout misaligns rows)
CAN-UT-P02-CAN-02,CAN-UT,regime,https://planningandbudget.utoronto.ca/wp-content/uploads/2025/04/2025-26-Tuition-Fee-Report.pdf,"University of Toronto, Planning & Budget",Tuition Fee Schedules for Publicly-Funded Programs 2025-26,2025/26,2026-09-29,"p. 2, Ontario tuition framework text","On January 17, 2019, the Ontario government announced a 10% cut to domestic tuition fees beginning in 2019-20, and a freeze at that level for 2020-21. The freeze has remained in place since then - with some exceptions as described below - and the Government has committed to extending it to at least 2026-27.",no,curl + pdftotext -layout
CAN-UT-P02-CAN-03,CAN-UT,compulsory_fees,https://www.registrar.utoronto.ca/wp-content/uploads/2025/06/25-26-FAS-UC-ONT.pdf,"University of Toronto, Student Accounts (Registrar site)","2025-2026 Fall-Winter Session Fees, Faculty of Arts and Science (St. George Campus), University College - Domestic (Ontario Resident) Students",2025/26,2026-09-29,Table 1A: Program Fee - Full-Time Domestic Students,"Table 1A: Program Fee - Full-Time Domestic Students enrolled in 4.0 credits or more in the Fall-Winter Session ... Program Fees Mandatory Incidental, System Access & Ancillary Fees (Note 4) Total Fees ... 2025 Summer or 2025-26 Fall-Winter Session $6,100.00 $2,040.90 $8,140.90",no,curl + pdftotext -layout
CAN-UT-P02-CAN-04,CAN-UT,compulsory_fees,https://www.studentcare.ca/RTEContent/Document/EN/Brochure/2025-2026/UTSU.pdf,Studentcare / University of Toronto Students' Union,UTSU Student Health & Dental Plan brochure 2025-2026,2025/26,2026-09-29,'Price' box,Price Health & Dental Plan Combined Annual Fee $522.90 Health Only Annual Fee $284.82 Dental Only Annual Fee $238.08 Winter 2026 $261.45 Combined Fee (January- August) Fall 2025 $261.45 Combined Fee (September- December),no,curl + pymupdf text
CAN-UT-P02-CAN-05,CAN-UT,compulsory_fees,https://web.archive.org/web/20251024183710id_/https://www.utsu.ca/fees-budget-finances/,University of Toronto Students' Union (UTSU),Fees & Opt-Out Forms (Wayback capture 24 Oct 2025),2025/26 (capture date),2026-09-29,Section 'Health & Dental',"With proof of insurance, you can opt-out of the health plan, and the fee will be refunded. | Health & Dental Plan fees are charged on a compulsory basis as part of tuition.",no,"curl (Wayback id_ capture, gzip) + HTML-to-text"
CAN-MU-P02-CAN-01,CAN-MU,tuition,https://web.archive.org/web/20250621090052id_/https://www.mcgill.ca/student-accounts/tuition-fees/tuition-and-fees-tables-and-rates/tuition-rates-information/undergraduate-tuition-rates-fallwinter-2025-26,"McGill University, Student Accounts",Undergraduate Tuition Rates Fall/Winter 2025-26 (Wayback capture 21 Jun 2025),2025/26,2026-09-29,Tuition Fees by Residency; General Administrative Charge,Tuition fees as established by the Quebec government are reflected in the amounts shown below. | Tuition Fees by Residency | Quebec Students/Canadian Students and Permanent Residents | Tuition per credit | Students who have proven they qualify for the Quebec rate of tuition | 100.89 | ... Rate A: Canadian students admitted since Fall 2024 (fees are composed of the Quebec rate $100.89 plus an out o [...],yes,"curl (Wayback id_ capture, gzip) + HTML-to-text"
CAN-MU-P02-CAN-02,CAN-MU,compulsory_fees,https://web.archive.org/web/20260119110524id_/https://www.mcgill.ca/student-accounts/tuition-fees/non-tuition-charges/society-services-and-administrative-fees,"McGill University, Student Accounts","Society, services and administrative fees 2025-26 (Wayback capture 19 Jan 2026)",2025/26,2026-09-29,"Student Society Fees; Student Services table; Athletics and Recreation table; Registration, IT, Transcripts and Diploma charges","Annual fees at the undergraduate level range from $800 – $1,498. ... Rates Student Services | Per term | Per year | ... Undergraduate full-time (registered in at least 9 credits): | – Downtown campus | 204.74 | ... Rates Athletics & Recreation | Per term | Per year | ... Undergraduate full-time (registered in at least 9 credits) | 171.28 | ... The charge will range from $10.03 per credit to $150.4 [...]",yes,"curl (Wayback id_ capture, gzip) + HTML-to-text; Student Services/Athletics values read as per term (same assumption as 2023/24)"
CAN-UBC-P02-CAN-01,CAN-UBC,tuition,https://web.archive.org/web/20251209020042id_/https://vancouver.calendar.ubc.ca/fees/tuition-fees/undergraduate,UBC Vancouver Academic Calendar,"Undergraduate (Tuition Fees), UBC Vancouver Academic Calendar 2025/26 (Wayback capture 9 Dec 2025)",2025/26,2026-09-29,Domestic Students - Program / Domestic per-credit rate table,"Domestic Students | Domestic Students - Program | Domestic per-credit rate | 1 | Applied Science (Year 1) | $202.64 | ... | Arts | $202.64 | Commerce (Year 1) | $202.64 | Commerce (Years 2 to 4) | $300.28 | ... | Design in Architecture, Landscape Architecture and Urbanism | $326.56 | ... | International Economics | $324.23 | ... | Media Studies | $269.69 | ... | Science | $202.64",no,"curl (Wayback id_ capture, gzip) + HTML-to-text"
CAN-UBC-P02-CAN-02,CAN-UBC,compulsory_fees,https://web.archive.org/web/20251117031504id_/https://vancouver.calendar.ubc.ca/fees/student-fees/student-fees-established-and-approved-ubc-board-governors,UBC Vancouver Academic Calendar,"Student Fees Established and Approved by the UBC Board of Governors, Calendar 2025/26 (Wayback capture 17 Nov 2025)",2025/26,2026-09-29,"Table, row 'Athletics and Recreation Fee'; iMED footnote",Athletics and Recreation Fee | 1 | $254.70 per year | $14.15 per credit | ... iMED | provides basic health insurance for all new international students.,no,"curl (Wayback id_ capture, gzip) + HTML-to-text"
CAN-UBC-P02-CAN-03,CAN-UBC,compulsory_fees,https://web.archive.org/web/20251117035817id_/https://vancouver.calendar.ubc.ca/fees/student-fees/student-fees-established-and-approved-student-society,UBC Vancouver Academic Calendar,"Student Fees Established and Approved by a Student Society, Calendar 2025/26 (Wayback capture 17 Nov 2025)",2025/26,2026-09-29,General Student Fees table (AMS); Undergraduate Society table (Arts rows); footnote 1,AMS Membership | $51.34 per year | Health and Dental Plan Fee | 1 | $388.26 per year | Student Aid Bursary | $12.00 per year | Athletics and Intramurals Fee | $21.00 per year | International Fee | $0.35 per year | Ombudsperson Fee | $1.34 per year | Sexual Assault Support Services Fee | $18.20 per year | Clubs Benefit Fee | $0.85 per year | Sustainable Food Access Fund Fee | $0.46 per year | Stude [...],yes,"curl (Wayback id_ capture, gzip) + HTML-to-text"
CAN-UA-P02-CAN-01,CAN-UA,tuition,https://web.archive.org/web/20250621135923id_/https://www.ualberta.ca/en/registrar/costs-tuition-fees/undergraduate-tuition/fall-winter-tuition-for-canadian-citizens-and-permanent-residents.html,"University of Alberta, Office of the Registrar",Fall/Winter Tuition for Canadian Citizens and Permanent Residents 2025 - 2026 (Wayback capture 21 Jun 2025),2025/26,2026-09-29,Course fee table; Program fees; Faculty specific fees,"Tuition (index value = $119.18) | $715.08 | $357.54 | $1,430.16 | $715.08 | ... Faculty specific fees | Engineering Course | Per 3-credit course of weight | Total cost per course | $1,101.20 | Business Course | Per 3-credit course weight | Total cost per course | $1,129.56 | ... Pharmacy Core Course | Per 3-credit of course weight | Total cost per course | $1,670.64",no,"curl (Wayback id_ capture, gzip) + HTML-to-text"
CAN-UA-P02-CAN-02,CAN-UA,compulsory_fees,https://web.archive.org/web/20251009005131id_/https://www.ualberta.ca/en/registrar/costs-tuition-fees/noninstructional-fees.html,"University of Alberta, Office of the Registrar",Non-Instructional Fees - Non-Instructional Fee Rates 2025 - 2026 (Wayback capture 9 Oct 2025),2025/26,2026-09-29,"On-Campus table, Full-Time column; opt-out sentence; notes 1-2","Students are assessed non-instructional fees per term as shown below. ... As is the case every year, there will still be fees that students can opt-out of. This would include costs like the APIRG fee, the SU’s Health & Dental plan, and the Access Fund. | On-Campus | ... Student Health and Wellness | $67.84 | ... Student Academic Support | $280.48 | ... Students' Union Membership Fees | $62.90 | .. [...]",yes,"curl (Wayback id_ capture, gzip) + HTML-to-text"
CAN-UW-P02-CAN-01,CAN-UW,tuition,https://uwaterloo.ca/finance/fee-schedule-domestic-ontario-undergraduates-fall-2025-0,"University of Waterloo, Finance",Fee Schedule for Domestic Ontario Undergraduates Fall 2025,Fall 2025 (2025/26),2026-09-29,Arts programs table; Engineering programs table; Science programs table (Maximum tuition per term),"Arts Regular programs - All terms | $683.00 | $332.00 | $3,064.00 | - | - | $807.07 FT $333.35 PT | ... Engineering Co-op programs - All terms | $1,445.00 | $6,985.00 | $817.00 | $1,030.64 FT | $477.92 PT | ... PharmD - Co-op program - Terms 1A & 1B, 4A & 4B | n/a | n/a | $8,515.00 | ... Optometry - Regular program - All terms | n/a | n/a | $7,635.00",no,curl + HTML-to-text
CAN-UW-P02-CAN-02,CAN-UW,compulsory_fees,https://uwaterloo.ca/finance/undergraduate-incidental-fees-fall-2025,"University of Waterloo, Finance",Undergraduate Incidental Fees fall 2025,Fall 2025 (2025/26),2026-09-29,"Compulsory incidental fees sections: WUSA fees, WUSA Student Assistance Program, GRT UPass, Health Services Building, SLC/PAC Expansion, Student Services; health & dental opt-out; co-op fee",Charge per term | Full-time students | Part-time students | Operations | $45.20 | $13.56 | Student Life | $52.26 | $15.68 | Academic Support & Advocacy | $24.11 | $7.23 | Undergraduate Student Capital Program | $18.50 | $5.55 | ... you may | opt out annually | at | www.studentcare.ca ... WUSA Student Assistance Program - regular - Fall | $4.46 | $4.46 | WUSA Student Assistance Program - regular - [...],yes,curl + HTML-to-text
CAN-UW-P02-CAN-03,CAN-UW,compulsory_fees,https://uwaterloo.ca/finance/undergraduate-incidental-fees-winter-2026,"University of Waterloo, Finance",Undergraduate Incidental Fees winter 2026,Winter 2026 (2025/26),2026-09-29,Same compulsory sections (values checked equal to Fall 2025),Operations | $45.20 ... Student Life | $52.26 ... GRT UPass | $131.16 ... HS Building Fee | $10.00 ... SLC/PAC Expansion fee | Full-time students | Part-time students | Charge per term | $21.17 ... Athletics & Recreation | $141.39,no,curl + HTML-to-text
CAN-UDEM-P02-CAN-01,CAN-UDEM,tuition,https://web.archive.org/web/20251112171020id_/https://registraire.umontreal.ca/droits-de-scolarite/couts/,"Université de Montréal, Bureau du registraire",Coûts des études (Wayback capture 12 Nov 2025),2025/26 (inferred from capture date; year not printed on the rate table),2026-09-29,Personnes étudiantes québécoises au 1er cycle,"En tant que personne étudiante québécoise ou résidente permanente du Québec, vous payez les droits de scolarité de base seulement, auxquels s'ajoutent les | autres frais exigibles | . [...] Personnes étudiantes québécoises au 1 | er | cycle | À ces droits de scolarité s'ajoutent les | autres frais exigibles | . | Par crédit | Calcul | Frais | DROITS DE BASE | Par crédit | 100,89$",no,"curl (Wayback id_ capture, gzip) + HTML-to-text; original French"
CAN-UDEM-P02-CAN-02,CAN-UDEM,compulsory_fees,https://web.archive.org/web/20251116001524id_/https://registraire.umontreal.ca/droits-de-scolarite/couts/autres-frais-exigibles/,"Université de Montréal, Bureau du registraire",Autres frais exigibles (Wayback capture 16 Nov 2025),2025/26 (management and library fees labelled Automne 2025 et Hiver 2026; health-assistance fee labelled 2024-25),2026-09-29,"Frais de services et de gestion, 1er cycle, par trimestre; Frais de programme d'aide complémentaire","Frais de services à la vie étudiante [...] 12,57$ par crédit | Maximum de 188,55$ par trimestre [...] FRAIS - CEPSUM [...] 6,72$ par crédit | Maximum de 100,80$ par trimestre [...] Frais de gestion [...] Automne 2025 et Hiver 2026 : | 10,93$ par crédit | Maximum de 163,95$ par trimestre [...] Frais de droits d'auteur [...] 0,17$ par crédit | Maximum de 2,55$ par trimestre [...] Frais de soutien au [...]",yes,"curl (Wayback id_ capture, gzip) + HTML-to-text; original French"
ECU-USFQU-P02-ECU-01,ECU-USFQU,tuition,https://www.usfq.edu.ec/sites/default/files/2025-04/tarifas_usfq_aprobadas_ocas_2025-2026_estudiantes_desde_agosto_2023.pdf,Universidad San Francisco de Quito USFQ,"ARANCELES, MATRÍCULAS - PREGRADO. Estudiantes que ingresaron después de Agosto 2023. AÑO ACADÉMICO 2025-2026",2025/26,2026-09-29,"PDF p. 2, rows COM (music programmes) and COCSA Medicina, ANUAL columns (read visually from rendered page); p. 1 table header","MEDICINA | COCSA | 1,261.00 | 12,639.00 | 630.50 | 6,319.50 [...] EJECUCIÓN DE MÚSICA CONTEMPORÁNEA | COM | 940.00 | 9,452.00 | 470.00 | 4,726.00",no,"curl + pymupdf render, visual read"
ECU-USFQU-P02-ECU-02,ECU-USFQU,compulsory_fees,https://www.usfq.edu.ec/sites/default/files/2025-04/tarifas_usfq_aprobadas_ocas_2025-2026_estudiantes_desde_agosto_2023.pdf,Universidad San Francisco de Quito USFQ,"ARANCELES, MATRÍCULAS - PREGRADO. Estudiantes que ingresaron después de Agosto 2023. AÑO ACADÉMICO 2025-2026",2025/26,2026-09-29,PDF p. 1 header and p. 2 Notas,ANUAL | SEMESTRE | NOMBRE OFERTA | COLEGIO | MATRÍCULA | ARANCEL | MATRÍCULA | ARANCEL [...] Valores vigentes para el año académico 2025-2026. • Estos valores cubren un año o semestre regular de estudios: I y II semestre. No incluye período extraordinario o Sesión de Verano.,no,curl + pdftotext -layout and visual read
ECU-PUCE-P02-ECU-01,ECU-PUCE,tuition,https://web.archive.org/web/20250716082351id_/https://www.puce.edu.ec/wp-content/uploads/2025/07/Tabla-matriculas-aranceles-derechos-2025-actualizada-jun-2025.pdf,"Pontificia Universidad Católica del Ecuador, Sede Quito","TABLA DE ARANCELES, MATRÍCULAS Y DERECHOS - Vigencia a partir del 2025 (actualizada 24 de junio 2025), Anexo 2",2025 (periods 2025-01 and 2025-02),2026-09-29,"PDF p. 3, Anexo 2 'ESTUDIANTES QUE INGRESAN EN CARRERAS REPOTENCIADAS DESDE 2023-02' (read visually); footnote (***)","Q348 | Ciencias Políticas (****) | 395,00 | 3.950,00 | 1.975,00 [...] Q365 | Medicina | 395,00 | 5.500,00 | 2.750,00 [...] Q269 | Ingeniería Integral | 500,00 | 5.000,00 | 2.500,00 [...] (***) Los descuentos directos permanentes aplican para toda la carrera y se rigen por la ""Norma de gestión interna de aplicación de descuentos directos permanentes de la Sede Quito"".",no,"curl (Wayback id_) + pdftotext and pymupdf render, visual read"
ECU-PUCE-P02-ECU-02,ECU-PUCE,tuition,https://web.archive.org/web/20260204131029id_/https://www.puce.edu.ec/wp-content/uploads/2026/02/Tabla-de-aranceles-2026.pdf,"Pontificia Universidad Católica del Ecuador, Sede Quito","Tabla de aranceles 2026, Anexo 2",2026 (period 2026-01),2026-09-29,"Anexo 2 (PDF p. 3), text layer","Q348      Ciencias Políticas                                         395,00  3.950,00     1.975,00 [...] Q365      Medicina                                                   395,00  5.500,00     2.750,00 [...] Q269      Ingeniería Integral                                        500,00  5.000,00     2.500,00",no,curl (Wayback id_) + pdftotext -layout
ECU-PUCE-P02-ECU-03,ECU-PUCE,tuition,https://web.archive.org/web/20250220094203id_/https://www.puce.edu.ec/wp-content/uploads/2025/02/Tabla-de-aranceles-2025.pdf,"Pontificia Universidad Católica del Ecuador, Sede Quito","TABLA DE ARANCELES - Vigencia a partir del 2025 (Feb-2025 version), Anexo 2",2024/25 (discounts referential for new students 2024-2),2026-09-29,"PDF p. 3, Anexo 2, right-hand block 'REFERENCIAL ESTUDIANTES NUEVOS 2024-2 DESCUENTO DIRECTO PARA TODA LA CARRERA (***)' (read visually at 150 dpi)","Q348 | Ciencias Políticas (****) | 395,00 | 3.950,00 | 1.975,00 | 37% | 2.500,00 | 1.250,00 [...] Q386 | Odontología | 395,00 | 5.500,00 | 2.750,00 | 27% | 4.000,00 | 2.000,00 [...] Q365 | Medicina | 395,00 | 5.500,00 | 2.750,00 | 18% | 4.500,00 | 2.250,00 [...] Q269 | Ingeniería Integral | 500,00 | 5.000,00 | 2.500,00 | 39% | 3.050,00 | 1.525,00",no,"curl (Wayback id_) + pymupdf render, visual read"
ECU-PUCE-P02-ECU-04,ECU-PUCE,compulsory_fees,https://web.archive.org/web/20250716082351id_/https://www.puce.edu.ec/wp-content/uploads/2025/07/Tabla-matriculas-aranceles-derechos-2025-actualizada-jun-2025.pdf,"Pontificia Universidad Católica del Ecuador, Sede Quito","TABLA DE ARANCELES, MATRÍCULAS Y DERECHOS - Vigencia a partir del 2025 (actualizada 24 de junio 2025)",2025,2026-09-29,"PDF p. 1, items 3, 4, 31 and 33 (read visually)","3 | MATRÍCULA ESTUDIANTES DE GRADO (Excepto Ingeniería Integral ICAM) | 395,00 | 434,50 [...] 4 | MATRÍCULA ESTUDIANTES DE GRADO - Ingeniería Integral - ICAM | 10% DEL ARANCEL VIGENTE [...] 31 | APORTE ASOCIACIONES ESCUELA - GRADO | 10,00 [...] 33 | SEGURO MÉDICO VOLUNTARIO SEMESTRAL GRADO PRESENCIAL, SEMIPRESENCIAL E HÍBRIDO | 83,00",no,"curl (Wayback id_) + pymupdf render, visual read"
ECU-PUCE-P02-ECU-05,ECU-PUCE,regime,https://web.archive.org/web/20250325131325id_/https://www.puce.edu.ec/financiamiento-y-becas/becas/directa/,Pontificia Universidad Católica del Ecuador,Descuento de Grado,2025 (capture 2025-03-25),2026-09-29,Page body,la universidad proporciona un descuento variable en el pago de aranceles a todos los estudiantes nuevos. [...] Los requisitos y condiciones del descuento pueden variar de un período a otro.,no,"curl (Wayback id_), HTML stripped"
ECU-EPN-P02-ECU-01,ECU-EPN,regime,https://procuraduria.utpl.edu.ec/sitios/documentos/NormativasPublicas/Ley%20Org%C3%A1nica%20de%20Educaci%C3%B3n%20Superior%202025.pdf,"Lexis consolidated text, hosted by Procuraduría, Universidad Técnica Particular de Loja (secondary host)","LEY ORGÁNICA DE EDUCACIÓN SUPERIOR, LOES (consolidated; 'Fecha de última reforma: 2025-05-14')",in force 2025/26 (last reform 2025-05-14),2026-09-29,"Header; Art. 80 literals a), c), e), f), h)",Estado: Reformado Fecha de última reforma: 2025-05-14 [...] Art. 80.- Gratuidad de la educación superior pública hasta el tercer nivel.- Se garantiza la gratuidad de la educación superior pública hasta el tercer nivel. [...] a) La gratuidad será para los y las estudiantes regulares que se matriculen en por lo menos el sesenta por ciento de todas las materias o créditos que permite su malla curricu [...],yes,curl + pdftotext
ECU-EPN-P02-ECU-02,ECU-EPN,compulsory_fees,https://atenea.epn.edu.ec/bitstream/25000/1132/5/GUIA%20PARA%20EL%20ESTUDIANTE%202026A.pdf,"Escuela Politécnica Nacional, Vicerrectorado de Docencia",Guía para el Estudiante 2026-A,"2025/26 (period 2026-A, classes from 1 April 2026)",2026-09-29,Sections A.4 'Aportes Voluntarios' and A.5 'Pérdida de la Gratuidad' (PDF pp. 12-13),"4. Aportes Voluntarios En caso de que la FEPON haya solicitado la inclusión del cobro del aporte voluntario como parte del proceso de matrícula, y tu decidas realizar este aporte voluntario [...] 5. Pérdida de la Gratuidad Como estudiante de grado y tecnología superior puedes perder la gratuidad por 3 situaciones: 1) Debido a que reprobaste asignaturas en el periodo académico previo. Esta pérdida [...]",yes,curl + pdftotext
ECU-ESPL-P02-ECU-01,ECU-ESPL,regime,https://procuraduria.utpl.edu.ec/sitios/documentos/NormativasPublicas/Ley%20Org%C3%A1nica%20de%20Educaci%C3%B3n%20Superior%202025.pdf,"Lexis consolidated text, hosted by Procuraduría, Universidad Técnica Particular de Loja (secondary host)","LEY ORGÁNICA DE EDUCACIÓN SUPERIOR, LOES (consolidated; 'Fecha de última reforma: 2025-05-14')",in force 2025/26 (last reform 2025-05-14),2026-09-29,"Header; Art. 80 literals a), c), e), f), h)",Estado: Reformado Fecha de última reforma: 2025-05-14 [...] Art. 80.- Gratuidad de la educación superior pública hasta el tercer nivel.- Se garantiza la gratuidad de la educación superior pública hasta el tercer nivel. [...] a) La gratuidad será para los y las estudiantes regulares que se matriculen en por lo menos el sesenta por ciento de todas las materias o créditos que permite su malla curricu [...],yes,curl + pdftotext
ECU-ESPL-P02-ECU-02,ECU-ESPL,compulsory_fees,"https://web.archive.org/web/20250612211145id_/https://www.dspace.espol.edu.ec/bitstream/123456789/42920/3/REGLAMENTO%20DE%20ARANCELES,%20MATR%C3%8DCULAS%20Y%20DERECHOS%20PARA%20EL%20NIVEL%20DE%20ADMISIONES%20Y%20NIVEL%20DE%20GRADO%20DE%20LA%20ESPOL.pdf","Escuela Superior Politécnica del Litoral (ESPOL), Consejo Politécnico","Reglamento de Aranceles, Matrículas y Derechos para el Nivel de Admisiones y Nivel de Grado de la ESPOL (Wayback capture 2025-06-12)",in force 2025 (capture 2025-06-12; last reform cited 8-Feb-2024),2026-09-29,Artículo 6,"Artículo 6.- Valor de matrícula en el nivel de grado. - Es el valor fijo, establecido en el Anexo “Tabla de Aranceles, Matrículas y Derechos de la ESPOL”, que se cobrará al inicio de cada término académico únicamente a estudiantes que incurran en cualquiera de las causales de pérdida de la gratuidad definidas en la Ley Orgánica de Educación Superior[...] así como para los estudiantes que no están [...]",yes,curl (Wayback id_) + pdftotext (OCR text layer)
ECU-ESPL-P02-ECU-03,ECU-ESPL,compulsory_fees,https://web.archive.org/web/20260419150325id_/https://www.dspace.espol.edu.ec/bitstream/123456789/42920/3/Reglamento%20de%20aranceles%20signed.pdf,"Escuela Superior Politécnica del Litoral (ESPOL), Consejo Politécnico","Reglamento de Aranceles, Matrículas y Derechos para el Nivel de Admisiones y Nivel de Grado de la ESPOL, VERSIÓN:03-2026",2026 (version 03-2026),2026-09-29,Artículo 2 and Artículo 6,"Artículo 2.- Objeto. - El objeto de este Reglamento es regular y determinar los aranceles, matrículas y derechos para los estudiantes de tercer nivel de la ESPOL que pierdan de manera parcial, temporal o definitiva la gratuidad o no están sujetos a la gratuidad [...] Artículo 6.- Valor de matrícula en el nivel de grado. - Es el valor fijo, establecido en el Anexo “Tabla de Aranceles, Matrículas y [...]",yes,curl (Wayback id_) + pdftotext
ECU-UCE-P02-ECU-01,ECU-UCE,regime,https://procuraduria.utpl.edu.ec/sitios/documentos/NormativasPublicas/Ley%20Org%C3%A1nica%20de%20Educaci%C3%B3n%20Superior%202025.pdf,"Lexis consolidated text, hosted by Procuraduría, Universidad Técnica Particular de Loja (secondary host)","LEY ORGÁNICA DE EDUCACIÓN SUPERIOR, LOES (consolidated; 'Fecha de última reforma: 2025-05-14')",in force 2025/26 (last reform 2025-05-14),2026-09-29,"Header; Art. 80 literals a), c), e), f), h)",Estado: Reformado Fecha de última reforma: 2025-05-14 [...] Art. 80.- Gratuidad de la educación superior pública hasta el tercer nivel.- Se garantiza la gratuidad de la educación superior pública hasta el tercer nivel. [...] a) La gratuidad será para los y las estudiantes regulares que se matriculen en por lo menos el sesenta por ciento de todas las materias o créditos que permite su malla curricu [...],yes,curl + pdftotext
ECU-UCE-P02-ECU-02,ECU-UCE,compulsory_fees,https://repositorio.uce.edu.ec/archivos/DGA-NC/NOTICIAS/ARANCELES/Aranceles-Banner.jpeg,"Universidad Central del Ecuador, Vicerrectorado Académico y de Posgrado, Dirección General Académica","PAGO DE ARANCELES - Nivelación UCE, Periodo Académico 2026-2026 (banner image)",2025/26 (period 2026-2026; payment dates July-August 2026),2026-09-29,"Image, central text (read visually)",PAGO DE ARANCELES Recuerda: El pago de aranceles aplica únicamente por: • Segunda matrícula • Cupo sin gratuidad [...] NIVELACIÓN UCE PERIODO ACADÉMICO 2026-2026,no,curl + visual read of image
ECU-UCE-P02-ECU-03,ECU-UCE,compulsory_fees,https://repositorio.uce.edu.ec/archivos/cona/FCQ/NOTICIAS/SEMESTRE_25-26/CRONOGRAMA_MATRICULAS_2025-2026.pdf,"Universidad Central del Ecuador, Facultad de Ciencias Químicas",SEMESTRE 2025-2026 CALENDARIO DE MATRICULAS ORDINARIAS,2025/26 (semester 2025-2026),2026-09-29,Single page table and footer,Jueves 09 de octubre de 8h00 a 12h00. | Estudiantes regulares de 1ero [...] Jueves 09 de octubre de 13h00 a 17h00. | Estudiantes no regulares de 1ero [...] PAGO DE ARANCELES POR CONCEPTO DEMATRICULA Del 06 de octubre hasta el 14 de noviembre de 2025 (improrrogable).,no,curl + pdftotext -layout
ECU-ULAE-P02-ECU-01,ECU-ULAE,tuition,https://academico.udla.edu.ec/page/tarifario/ug/UDLA1P714/,"Universidad de Las Américas (UDLA), Ecuador",Tarifario Pregrado - ENFERMERIA,"2025/26 (rate approved 4 July 2025, resolution 08-2025-V; period of application not stated on the page)",2026-09-29,Spanish tarifario block,"TARIFARIO ENFERMERIA Matrícula: $ 245,83 Arancel: $ 2.459,00 Resolución de Aprobación: 08-2025-V Fecha de Aprobación Tarifa: 4 de julio de 2025 Régimen: Diurno Modalidad: Presencial",no,"curl (live page), HTML stripped"
ECU-ULAE-P02-ECU-02,ECU-ULAE,tuition,https://academico.udla.edu.ec/page/tarifario/ug/UDLA1P704/,"Universidad de Las Américas (UDLA), Ecuador",Tarifario Pregrado - MEDICINA,"2025/26 (rate approved 4 July 2025, resolution 08-2025-V; period of application not stated on the page)",2026-09-29,Spanish tarifario block,"TARIFARIO MEDICINA Matrícula: $ 482,75 Arancel: $ 4.897,00 Resolución de Aprobación: 08-2025-V Fecha de Aprobación Tarifa: 4 de julio de 2025 Régimen: Diurno Modalidad: Presencial",no,"curl (live page), HTML stripped"
ECU-ULAE-P02-ECU-03,ECU-ULAE,compulsory_fees,https://academico.udla.edu.ec/page/tarifario/ug/UDLA1P704/,"Universidad de Las Américas (UDLA), Ecuador",Tarifario Pregrado - MEDICINA,"2025/26 (rate approved 4 July 2025, resolution 08-2025-V; period of application not stated on the page)",2026-09-29,"Spanish tarifario block, 'Matrícula' line","MEDICINA Matrícula: $ 482,75 Arancel: $ 4.897,00 [...] ENFERMERIA Matrícula: $ 245,83 (page UDLA1P714)",no,"curl (live page), HTML stripped"
ECU-UFAE-P02-ECU-01,ECU-UFAE,regime,https://procuraduria.utpl.edu.ec/sitios/documentos/NormativasPublicas/Ley%20Org%C3%A1nica%20de%20Educaci%C3%B3n%20Superior%202025.pdf,"Lexis consolidated text, hosted by Procuraduría, Universidad Técnica Particular de Loja (secondary host)","LEY ORGÁNICA DE EDUCACIÓN SUPERIOR, LOES (consolidated; 'Fecha de última reforma: 2025-05-14')",in force 2025/26 (last reform 2025-05-14),2026-09-29,"Header; Art. 80 literals a), c), e), f), h)",Estado: Reformado Fecha de última reforma: 2025-05-14 [...] Art. 80.- Gratuidad de la educación superior pública hasta el tercer nivel.- Se garantiza la gratuidad de la educación superior pública hasta el tercer nivel. [...] a) La gratuidad será para los y las estudiantes regulares que se matriculen en por lo menos el sesenta por ciento de todas las materias o créditos que permite su malla curricu [...],yes,curl + pdftotext
ECU-UFAE-P02-ECU-02,ECU-UFAE,tuition,https://web.archive.org/web/20260313020358id_/https://www.espe.edu.ec/wp-content/uploads/2026/03/Unidad_de_Finanzas_-FORMULAS-DE-CALCULO-DE-ARANCELES-Y-MATRICULAS-POR-PERDIDA-DE-LA-GRATUIDAD.pdf,"Universidad de las Fuerzas Armadas ESPE, Unidad de Finanzas",Fórmulas de cálculo de aranceles y matrículas por pérdida de la gratuidad; Anexo A matriz del valor de la matrícula y arancel por pérdida de gratuidad ... para el año 2026,2026 (uploaded March 2026; periods of 2025/26),2026-09-29,p. 1 introduction and 'SE APLICA A' lists; Anexo A title,"el Honorable Consejo Universitario de la Universidad de las Fuerzas Armadas-ESPE, aprobó las fórmulas de cálculo de aranceles y matrículas por pérdida de la gratuidad que se aplicarán únicamente a las carreras de tercer nivel, tecnológico y de grado vigentes [...] SE APLICA A: • ESTUDIANTES REGULARES QUE REPRUEBEN UNA O VARIAS ASIGNATURAS, CURSOS O SUS EQUIVALENTES; • ESTUDIANTES QUE NO SE MATRICU [...]",yes,curl (Wayback id_) + pdftotext -layout
ECU-UEES-P02-ECU-01,ECU-UEES,regime,https://uees.edu.ec/en/requisitos-de-admision/,Universidad Espíritu Santo (UEES),Preguntas frecuentes y requisitos de admisión,current page (2026),2026-09-29,FAQ on costs,"the total cost of the course, divided by the number of months the student decides to pay, without interest [...] enter...and fill out the form that will indicate the cost of your degree and the scholarships you can apply for",no,WebFetch summary only (English page version; not verbatim-verified)
MEX-UNAM-P02-MEX-01,MEX-UNAM,tuition,https://web.archive.org/web/20250113205536/https://escolar1.unam.mx/Licenciatura2025/instructivo_licenciatura2025.pdf,"UNAM, Dirección General de Administración Escolar (DGAE)","Instructivo, Concurso de Selección para ingresar a la Licenciatura 2025 (CICLO 2025-2026)",Ciclo 2025-2026 (admission for 2025/26 entry); Wayback capture 20250113205536 (live site behind Cloudflare challenge),2026-09-29,"p. 2, section 'CONSIDERA QUE'","la UNAM no cobra ni colegiaturas ni inscripción, todos estos trámites son gratuitos.",no,curl (Wayback id_ capture) + pdftotext -layout -enc UTF-8; original Spanish
MEX-UNAM-P02-MEX-02,MEX-UNAM,compulsory_fees,https://web.archive.org/web/20250113205536/https://escolar1.unam.mx/Licenciatura2025/instructivo_licenciatura2025.pdf,"UNAM, Dirección General de Administración Escolar (DGAE)","Instructivo, Concurso de Selección para ingresar a la Licenciatura 2025 (CICLO 2025-2026)",Ciclo 2025-2026; Wayback capture 20250113205536,2026-09-29,p. 2. Used for the zero inscripción charge,"la UNAM no cobra ni colegiaturas ni inscripción, todos estos trámites son gratuitos.",no,curl (Wayback id_ capture) + pdftotext -layout -enc UTF-8; original Spanish
MEX-UNAM-P02-MEX-03,MEX-UNAM,compulsory_fees,https://www.abogadogeneral.unam.mx/sites/default/files/archivos/53-ReglamentoGeneralPagos_rem38_021220.pdf,"UNAM, Oficina de la Abogacía General",Reglamento General de Pagos (approved 20 Dec 1966),live file accessed 2026-09-29 (editor's note: 1966 reglamento remains in force); used only for the contested nominal charge_max,2026-09-29,Art. 1 fracc. I (first-tier cuota anual $200.00) and 'Médico-deportivo (incluyendo credencial)' $25.00; editor's note at end,"Médico-deportivo (incluyendo credencial)...................$ 25.00 [...] refrenda la suspensión del Reglamento General de Pagos por Trámites Escolares y Servicios Educativos, por lo que queda vigente el reglamento aprobado el 20 de diciembre de 1966.",no,curl + pdftotext -layout -enc UTF-8; original Spanish
MEX-ITESM-P02-MEX-01,MEX-ITESM,tuition,https://web.archive.org/web/20250605020447/https://simuladordecostos.tec.mx/Home/GetPeriodos?institucion=TMTY&nivel=05,Tecnológico de Monterrey,"Simulador de costos - GetPeriodos, nivel 05 Profesional (Wayback capture 20250605020447)",capture 5 Jun 2025; period 202513 = Aug-Dec 2025,2026-09-29,JSON response,"{""data"":{""type"":""programas"",""attributes"":[{""term"":202513,""periodo"":""Semestral Ago - Dic de 2025"",""creditos"":""18""}]}}",no,"curl (Wayback id_ capture), raw JSON"
MEX-ITESM-P02-MEX-02,MEX-ITESM,tuition,https://simuladordecostos.tec.mx/Home/PostCuotas,Tecnológico de Monterrey,"Simulador de costos (embedded in tec.mx/es/profesional/politicas-y-reglamentos/colegiaturas) - PostCuotas response, periodo 202513, campus CDJ (Ciudad Juárez), programa IC_19 (Ingeniero Civil); minimum",Aug-Dec 2025 (periodo 202513),2026-09-29,"POST body {campus:CDJ, nivel:05, periodo:202513, programa:IC_19, area:7, institucion:TMTY, no beca/prestamo/apoyo}; field subtotal","""total"": {""leyenda"": ""Colegiatura Profesional (0 créditos)"", ""monto"": 122004.0 [...] ""subtotal"": {""leyenda"": ""Subtotal Colegiatura"", ""monto"": 122004.0 [...] ""cobertura"": {""leyenda"": ""Cobertura Pago de Colegiatura"", ""monto"": 2275.0",no,"python urllib POST to the public simulator API used by the official page, raw JSON; all 743 campus x programme combinations queried"
MEX-ITESM-P02-MEX-03,MEX-ITESM,tuition,https://simuladordecostos.tec.mx/Home/PostCuotas,Tecnológico de Monterrey,"Simulador de costos - PostCuotas response, periodo 202513, campus CSF (Santa Fe), programa LRI19 (Licenciado en Relaciones Internacionales); maximum outside medicine",Aug-Dec 2025 (periodo 202513),2026-09-29,"POST body {campus:CSF, nivel:05, periodo:202513, programa:LRI19, area:1, institucion:TMTY}; field subtotal","""subtotal"": {""leyenda"": ""Subtotal Colegiatura"", ""monto"": 183006.0 [...] ""contado"": {""leyenda"": ""Total de Contado"", ""monto"": 185281.0",no,"python urllib POST to the public simulator API, raw JSON"
MEX-ITESM-P02-MEX-04,MEX-ITESM,tuition,https://heraldodemexico.com.mx/economia/2025/7/17/cuanto-cuesta-estudiar-un-semestre-en-el-tec-de-monterrey-este-2025-715677.html,El Heraldo de México,¿Cuánto cuesta estudiar un semestre en el Tec de Monterrey este 2025?,"Aug-Dec 2025 (published 17 Jul 2025); press, citing the official portal; campus not named (168,894 matches the Ciudad de México campus in the simulator)",2026-09-29,Article body,"el costo del semestre que inicia en agosto y culmina en diciembre de 2025 es de 168,894 pesos, excepto para la carrera de Médico Cirujano del área de Salud, el cual, es de 185,796 pesos.",no,curl + HTML-to-text; original Spanish
MEX-ITAM-P02-MEX-01,MEX-ITAM,tuition,https://web.archive.org/web/20251227202105/https://carreras.itam.mx/cuanto-cuesta-estudiar-en-el-itam/,ITAM,¿Cuánto cuesta estudiar en el ITAM? - Calculadora de Inversión para mi Carrera (Wayback capture 20251227202105),capture 27 Dec 2025 (academic year 2025/26),2026-09-29,Embedded calculator settings JSON: 'costos' object,"""costos"":{""CostoCredito"":4100,""CuotaNuevoIngreso"":21000}",no,"curl (Wayback id_ capture), raw HTML embedded JSON; JSON unicode escapes shown decoded"
MEX-ITAM-P02-MEX-02,MEX-ITAM,tuition,https://web.archive.org/web/20251227202105/https://carreras.itam.mx/cuanto-cuesta-estudiar-en-el-itam/,ITAM,¿Cuánto cuesta estudiar en el ITAM? - Calculadora de Inversión para mi Carrera (Wayback capture 20251227202105),capture 27 Dec 2025,2026-09-29,"Embedded JSON, per-programme credit breakdown by semester ('desglose'); minimum and maximum first-year credit loads","""carrera"":""Contaduría Analítica y Finanzas Corporativas"" [...] ""desglose"":[43,44,...] | ""carrera"":""Dirección en Mercadotecnia"" [...] ""desglose"":[35,38,38,38,42,43,38,38]",no,"curl (Wayback id_ capture), raw HTML embedded JSON (programme names abbreviated in quote); JSON unicode escapes shown decoded"
MEX-ITAM-P02-MEX-03,MEX-ITAM,tuition,https://www.generacionuniversitaria.com.mx/oferta-academica/cuanto-cuesta-estudiar-en-el-itam-en-2025/,"El Universal, Generación Universitaria",¿Cuánto cuesta estudiar en el ITAM en 2025?,2025 (published 2025-09-19),2026-09-29,Article body,"En 2025, el monto por crédito es de 4 mil 100 pesos. [...] El primer semestre de la ingeniería requiere el cumplimiento de 39 créditos que, al multiplicarlos por el monto vigente por crédito (4 mil 100 pesos), equivale a una colegiatura de 159 mil 900 pesos.",no,curl + HTML-to-text; original Spanish
MEX-ITAM-P02-MEX-04,MEX-ITAM,tuition,https://carreras.itam.mx/cuanto-cuesta-estudiar-en-el-itam/,ITAM,¿Cuánto cuesta estudiar en el ITAM? - Calculadora de Inversión para mi Carrera (live),"live page accessed 2026-09-29 (year not stated; presumably 2026/27); context only, not used for 2025/26",2026-09-29,Embedded calculator settings JSON: 'costos' object,"""costos"":{""CostoCredito"":4400,""CuotaNuevoIngreso"":22050}",no,"curl, raw HTML embedded JSON; JSON unicode escapes shown decoded"
MEX-ITAM-P02-MEX-05,MEX-ITAM,correction,https://web.archive.org/web/20251227202105/https://carreras.itam.mx/cuanto-cuesta-estudiar-en-el-itam/,ITAM,¿Cuánto cuesta estudiar en el ITAM? - Calculadora de Inversión para mi Carrera (Wayback capture 20251227202105),capture 27 Dec 2025; used to question the 30-35 credits/semester annualisation of the 2023/24 row,2026-09-29,"Embedded JSON 'desglose' arrays for 16 licenciaturas: first-semester loads 35-43 credits, second-semester 38-47","""carrera"":""Economía"" [...] ""desglose"":[40,39,38,43,38,40,39,35]",no,"curl (Wayback id_ capture), raw HTML embedded JSON; JSON unicode escapes shown decoded"
MEX-UPAN-P02-MEX-01,MEX-UPAN,tuition,https://www.generacionuniversitaria.com.mx/oferta-academica/cuanto-cuesta-estudiar-en-la-universidad-panamericana-en-2025/,"El Universal, Generación Universitaria",Cuánto cuesta estudiar en la Universidad Panamericana en 2025,2025 (published 2025-10-15; semester not stated),2026-09-29,"Section 'Colegiatura de la Universidad Panamericana en 2025' (minimum Filosofía, maximum Matemáticas Aplicadas)",Filosofía Inscripción: 28 mil 795 pesos Costo por crédito: 3 mil 291 pesos (42 créditos) Costo total del primer semestre: 167 mil 17 pesos [...] Matemáticas Aplicadas Inscripción: 30 mil 436 pesos Costo por crédito: 3 mil 480 pesos (48 créditos) Costo total del primer semestre: 197 mil 476 pesos,no,curl + HTML-to-text; original Spanish
MEX-UPAN-P02-MEX-02,MEX-UPAN,compulsory_fees,https://www.generacionuniversitaria.com.mx/oferta-academica/cuanto-cuesta-estudiar-en-la-universidad-panamericana-en-2025/,"El Universal, Generación Universitaria",Cuánto cuesta estudiar en la Universidad Panamericana en 2025,2025 (published 2025-10-15),2026-09-29,Same section; inscripción per semester (two values across programmes),Comunicación Inscripción: 28 mil 795 pesos [...] Economía Inscripción: 30 mil 436 pesos Costo por crédito: 3 mil 480 pesos (40 créditos) Costo total del primer semestre: 169 mil 636 pesos,no,curl + HTML-to-text; original Spanish
MEX-UPAN-P02-MEX-03,MEX-UPAN,tuition,https://mkt.up.edu.mx/hubfs/Hoja%20Costos%201248-1258/Medicina%20-%201248.pdf,Universidad Panamericana,MEDICINA - cost sheet (re-downloaded; PDF modified 2024-07-05),2022/23 ('Costos vigentes hasta junio 2023'); shows the official sheet was not updated; not used for 2025/26,2026-09-29,Single page,"Cuota de inscripción semestral $31,046* Colegiatura mensual $26,713 [...] *Costos vigentes hasta junio 2023",no,curl + PyMuPDF text extraction; original Spanish
MEX-COLMEX-P02-MEX-01,MEX-COLMEX,tuition,https://cee.colmex.mx/licenciatura/economia/convocatoria/preguntas-frecuentes,"El Colegio de México, Centro de Estudios Económicos (CEE)","Licenciatura en Economía, convocatoria: preguntas frecuentes (live page; call 15 Aug 2025 - 9 Apr 2026)",call running 15 Aug 2025 - 9 Apr 2026 (for 2026 entry); accessed live 2026-09-29,2026-09-29,FAQ '¿Cuánto cuesta estudiar en El Colegio de México?',El Colegio de México es una institución pública que no cobra colegiatura a las y los estudiantes mexicanos.,no,curl -k + HTML-to-text; original Spanish
MEX-COLMEX-P02-MEX-02,MEX-COLMEX,regime,https://www.colmex.mx/licenciaturas,El Colegio de México,Licenciaturas (live page),accessed live 2026-09-29; calls Aug 2025 - Apr 2026 and Nov 2025 - Feb 2026,2026-09-29,Licenciatura en Economía and Licenciatura en Política y Administración Pública entries,"El programa tiene una duración de 8 semestres e inicia cada 2 años, previa convocatoria del Centro de Estudios Económicos para evaluar y seleccionar aspirantes. [...] Convocatoria concluida Agosto de 2025 a abril de 2026",no,curl -k + HTML-to-text; original Spanish
MEX-IPN-P02-MEX-01,MEX-IPN,tuition,https://web.archive.org/web/20241010021018/https://www.diputados.gob.mx/LeyesBiblio/pdf/171.pdf,Cámara de Diputados del H. Congreso de la Unión,Ley Orgánica del Instituto Politécnico Nacional (texto vigente),"text in force; capture 20241010021018, same digest as capture 20250617214059",2026-09-29,Art. 5,ARTICULO 5.- La educación que imparta el Instituto Politécnico Nacional será gratuita.,no,curl (Wayback id_ capture) + pdftotext -layout -enc UTF-8; CDX digest comparison; original Spanish
MEX-IPN-P02-MEX-02,MEX-IPN,compulsory_fees,https://web.archive.org/web/20250424155310/https://admision.ipn.mx/nse/convocatoria/,Instituto Politécnico Nacional,"Convocatoria, Nivel Superior, Modalidad Escolarizada, periodo agosto 2025 - enero 2026",2025/26 entry (capture 20250424155310),2026-09-29,TERCERA: Donativo,"El donativo contribuye al logro de los objetivos del Instituto Politécnico Nacional, por lo que, el aspirante deberá realizar la aportación [...] Nacional | $525.00 (Quinientos veinticinco pesos 00/100 M.N.);",no,"curl (Wayback id_ capture) + HTML-to-text; original Spanish; admission charge, excluded"
MEX-IPN-P02-MEX-03,MEX-IPN,compulsory_fees,https://www.escom.ipn.mx/SSEIS/gestionescolar/documentos/reinscripciones2026_1.pdf,"IPN, Escuela Superior de Cómputo (ESCOM)","Procedimiento de Reinscripción, periodo escolar 2026/1 (agosto 2025 - enero 2026)",2025/26 (Aug 2025 - Jan 2026),2026-09-29,"Item 2, donativos","Los servicios que recibes en esta Unidad Académica no tienen costo alguno, sin embargo, te invitamos a APOYAR A LA ESCOM con los siguientes donativos, los cuales permiten fortalecer la calidad de los servicios que se te brindan. a. Donativo sugerido a la Comisión de Operación y Fomento de Actividades Académicas del IPN (COFAA – IPN) [...] Monto Sugerido: $450.00",no,curl -k + PyMuPDF text extraction; original Spanish
MEX-UAM-P02-MEX-01,MEX-UAM,tuition,https://www.generacionuniversitaria.com.mx/campus/uam-fecha-limite-para-pagar-tu-reinscripcion-al-trimestre-25-o/,"El Universal, Generación Universitaria",UAM: fecha límite para pagar tu reinscripción al trimestre 25-O,trimestre 25-O (1 Oct - 12 Dec 2025); published 2025-08-04,2026-09-29,Article body,"El precio del trimestre depende de la modalidad en que curses tu carrera. En tiempo completo será de 128.43 pesos. En el caso de medio tiempo, el trimestre en la UAM tiene un costo de 64.22 pesos; mientras que la inscripción anual es de 128.43 pesos en ambos sistemas.",no,curl + HTML-to-text; original Spanish
MEX-UAM-P02-MEX-02,MEX-UAM,compulsory_fees,https://www.generacionuniversitaria.com.mx/campus/cual-es-el-precio-de-la-colegiatura-en-la-uam/,"El Universal, Generación Universitaria",¿Cuál es el precio de la colegiatura en la UAM?,published 2025-06-20,2026-09-29,Article body,"En la UAM la inscripción anual es de 128.43 pesos para los mexicanos y de 642.15 para extranjeros. Es indispensable pagarla para que puedas inscribirte a otro trimestre (3 por año) [...] El precio del trimestre en tiempo completo será de 128.43 pesos y suma un total de 513.72 anuales, contando la inscripción.",no,curl + HTML-to-text; original Spanish
MEX-UAM-P02-MEX-03,MEX-UAM,tuition,https://dcni.cua.uam.mx/coddaa/faq,"UAM Cuajimalpa, División de Ciencias Naturales e Ingeniería, CODDAA",Preguntas frecuentes,live page (undated; accessed 2026-09-29),2026-09-29,Cuotas por inscripción y derecho al examen de selección,"Las cuotas vigentes son [...] Inscripción anual $128.43 Pago por trimestre, tiempo completo: $128.43 [...] Todas las cuotas son en moneda nacional y pueden ser modificadas por el Patronato de la UAM.",no,curl -k + HTML-to-text; original Spanish
MEX-UDG-P02-MEX-01,MEX-UDG,tuition,https://web.archive.org/web/20250714154543/https://escolar.udg.mx/aranceles/costos-de-matricula-para-mexicanos,"Universidad de Guadalajara, Coordinación General de Control Escolar",Costos de matrícula para mexicanos (Cuotas 2023),calendar 2025B (capture 14 Jul 2025; table still labelled 'Cuotas 2023'),2026-09-29,"Costos de matrícula semestral, Licenciaturas",Cuotas 2023 Costos de matrícula semestral [...] Licenciaturas | Matrícula * | $176.00 | Vigencia de credencial con código QR | $ 34.00 | Total | $210.00 [...] *Excepto en aquellos casos en los que se establezca una cuota diferente por dictamen del H. Consejo General Universitario.,no,curl (Wayback id_ capture) + HTML table to text; original Spanish
MEX-UDG-P02-MEX-02,MEX-UDG,compulsory_fees,https://web.archive.org/web/20250714154543/https://escolar.udg.mx/aranceles/costos-de-matricula-para-mexicanos,"Universidad de Guadalajara, Coordinación General de Control Escolar",Costos de matrícula para mexicanos (Cuotas 2023),calendar 2025B (capture 14 Jul 2025),2026-09-29,"Licenciaturas, Vigencia de credencial con código QR",Vigencia de credencial con código QR | $ 34.00,no,curl (Wayback id_ capture) + HTML table to text; original Spanish
MEX-UDG-P02-MEX-03,MEX-UDG,tuition,https://escolar.udg.mx/aranceles-2026,"Universidad de Guadalajara, Coordinación General de Control Escolar",Aranceles 2026 - Tarifas arancelarias 2026,"calendar year 2026 (used for 2026A); live page, also Wayback capture 20260311182626",2026-09-29,Section 2 MATRICULAS,Matricula nivel licenciatura nacional |  $   201.00 | [...] 1.- Excepto en aquellos casos en los que se establezca una cuota mayor por dictamen del H. Consejo General Universitaro,no,curl + HTML table to text; original Spanish
MEX-UDG-P02-MEX-04,MEX-UDG,compulsory_fees,https://escolar.udg.mx/aranceles-2026,"Universidad de Guadalajara, Coordinación General de Control Escolar",Aranceles 2026 - Tarifas arancelarias 2026,calendar year 2026 (used for 2026A),2026-09-29,"Tariff list, credential validity item",Vigencia de la credencial con el código QR |  $   39.00 |,no,curl + HTML table to text; original Spanish
PER-PUCP-P02-PER-01,PER-PUCP,tuition,https://estudiante.pucp.edu.pe/wp-content/uploads/2025/07/FOLLETO-2025-2-Pregrado.pdf,"Pontificia Universidad Catolica del Peru, Tesoreria",Derechos academicos del semestre 2025-2 - Estudiantes pregrado,Semester 2025-2,2026-09-29,"p. 2 (PDF p. 3), section 1 table 'Escala | Valor del credito | Derecho de Matricula', rows G1 and G9","G1 298.60 122.60 ... G9 1,141.20 442.80 (*) De acuerdo al Art. N° 24 del Reglamento de Pagos de derechos académicos ordinarios a partir del 2025-2 solo están vigentes las escalas de la G1 a G9",no,curl download + pymupdf text extraction
PER-PUCP-P02-PER-02,PER-PUCP,compulsory_fees,https://estudiante.pucp.edu.pe/wp-content/uploads/2025/07/FOLLETO-2025-2-Pregrado.pdf,"Pontificia Universidad Catolica del Peru, Tesoreria",Derechos academicos del semestre 2025-2 - Estudiantes pregrado,Semester 2025-2,2026-09-29,"p. 2 (PDF p. 3), section 1 table, Derecho de Matricula column, G9 and G1","G9 1,141.20 442.80",no,curl download + pymupdf text extraction
PER-PUCP-P02-PER-03,PER-PUCP,tuition,https://estudiante.pucp.edu.pe/wp-content/uploads/2025/07/FOLLETO-2025-2-Pregrado.pdf,"Pontificia Universidad Catolica del Peru, Tesoreria",Derechos academicos del semestre 2025-2 - Estudiantes pregrado,Semester 2025-2,2026-09-29,"p. 3 (PDF p. 4), a.2 'Alumnos ingresantes 2025-2' entrant loads","El alumno que cursa su primer semestre de estudios (nuevos ingresantes) se matricula en un número fijo de créditos según la especialidad a la que ingresó. ... Química, Arquitectura y Urbanismo (22 créditos) ... Educación (22 créditos) ... Arte y diseño (17.50 créditos) ... Estudios Generales Ciencias (19.75 créditos) ... Estudios Generales Letras (20 créditos) ... Artes Escénicas (22 créditos)",no,curl download + pymupdf text extraction
PER-PUCP-P02-PER-04,PER-PUCP,tuition,https://estudiante.pucp.edu.pe/wp-content/uploads/2026/02/FOLLETO-2026-1-Pregrado.pdf,"Pontificia Universidad Catolica del Peru, Tesoreria",Derechos academicos del semestre 2026-1 - Estudiantes pregrado,Semester 2026-1,2026-09-29,"p. 2 (PDF p. 3), section 1 table, rows G1 and G9; entrant loads in a.2 identical to 2025-2","G1 304.60 125.10 ... G9 1,164.10 451.70 (*) De acuerdo al Art. N° 24 del Reglamento de Pagos de derechos académicos ordinarios a partir del 2026-1 solo están vigentes las escalas de la G1 a G9",no,curl download + pymupdf text extraction
PER-PUCP-P02-PER-05,PER-PUCP,compulsory_fees,https://estudiante.pucp.edu.pe/wp-content/uploads/2025/07/FOLLETO-2025-2-Pregrado.pdf,"Pontificia Universidad Catolica del Peru, Tesoreria",Derechos academicos del semestre 2025-2 - Estudiantes pregrado,Semester 2025-2 (same wording in 2026-1 brochure),2026-09-29,Insurance paragraph ('IMPORTANTE: Seguros para estudiantes'); insurance excluded as voluntary,"Estos seguros son de afiliación voluntaria y su costo se cargará en partes iguales en la segunda y tercera cuota académica del semestre, previa inscripción durante la matrícula.",no,curl download + pymupdf text extraction
PER-UNMSM-P02-PER-01,PER-UNMSM,regime,https://leyes.congreso.gob.pe/Documentos/Leyes/Textos/30220.pdf,Congreso de la Republica del Peru,"Ley N. 30220, Ley Universitaria","Ley 30220 original text, 9 Jul 2014 (later amendments not checked in this run)",2026-09-29,"Art. 100, items 100.2 and 100.12","La gratuidad de la enseñanza en la universidad pública. ... En el caso de las universidades públicas, la gratuidad de la enseñanza se garantiza para el estudio de una sola carrera.",no,curl download + pymupdf text extraction
PER-UNMSM-P02-PER-02,PER-UNMSM,compulsory_fees,https://cdn.www.gob.pe/uploads/document/file/7576032/1789583-resolucion-rectoral-001050-2025-r.pdf?v=1738677796,"Universidad Nacional Mayor de San Marcos, Rectorado (gob.pe)","Resolucion Rectoral N. 001050-2025-R/UNMSM (modifica TUPA, carne universitario)",From 3 Feb 2025,2026-09-29,"p. 1 recital and p. 2 art. 1 'DEBE DECIR' table, item 20.1",incrementando el pago por derecho de trámite del carné universitario de S/ 11.50 soles a S/ 17.70 soles; ... DEBE DECIR: ... 20.1 Carné universitario pregrado S/ 17.70,no,curl download + pymupdf text extraction
PER-UNMSM-P02-PER-03,PER-UNMSM,compulsory_fees,https://csociales.unmsm.edu.pe/2025/05/22/tramite-de-carne-universitario-2025-pregrado/,"UNMSM, Facultad de Ciencias Sociales",Tramite de Carne Universitario 2025 (Pregrado),2025 (students enrolled in 2025-I),2026-09-29,Announcement body (curl returned HTTP 406; read via WebFetch summary),Dirigido a los estudiantes de pregrado ... matriculado en el Ciclo 2025-I ... S/ 17.70,no,"WebFetch only (summary; fragments quoted by the fetch model, not verified verbatim)"
PER-UNMSM-P02-PER-04,PER-UNMSM,compulsory_fees,https://www.gob.pe/institucion/sunedu/campa%C3%B1as/107439-carne-universitario-2025,"Superintendencia Nacional de Educacion Superior Universitaria (SUNEDU), gob.pe",Carne Universitario 2025,2025 carne campaign (issuance began 16 May 2025),2026-09-29,Sections 'De la universidad' and 'Vigencia del carne universitario',Registrar el pago de su(s) solicitud(es) en el SIU (S/17.70 por carné). ... El proceso de emisión y expedición se inició el 16 de mayo de 2025 y se encuentra vigente.,no,"curl (HTML, tags stripped)"
PER-UNI-P02-PER-01,PER-UNI,regime,https://leyes.congreso.gob.pe/Documentos/Leyes/Textos/30220.pdf,Congreso de la Republica del Peru,"Ley N. 30220, Ley Universitaria","Ley 30220 original text, 9 Jul 2014 (later amendments not checked in this run)",2026-09-29,"Art. 100, items 100.2 and 100.12","La gratuidad de la enseñanza en la universidad pública. ... En el caso de las universidades públicas, la gratuidad de la enseñanza se garantiza para el estudio de una sola carrera.",no,curl download + pymupdf text extraction
PER-UNI-P02-PER-02,PER-UNI,compulsory_fees,https://dirce.uni.edu.pe/tramite/carne-universitario,"Universidad Nacional de Ingenieria, DIRCE",Tramites - Carne universitario,undated live page (accessed 2026-09-29),2026-09-29,Carne universitario procedure text,"El entregable es el carné universitario, el cual es de vigencia determinada anual. El monto que estudiante abona a la cuenta de la UNI por la tramitación del carné, es fijado por la SUNEDU en su Texto Único de Procedimientos Administrativos (TUPA) ... Estar matriculado en el periodo académico vigente Pago por el monto correspondiente a S/ 17.70 (INTRALU)",no,"curl (HTML, tags stripped)"
PER-UNI-P02-PER-03,PER-UNI,compulsory_fees,https://www.gob.pe/institucion/sunedu/campa%C3%B1as/107439-carne-universitario-2025,"Superintendencia Nacional de Educacion Superior Universitaria (SUNEDU), gob.pe",Carne Universitario 2025,2025 carne campaign (issuance began 16 May 2025),2026-09-29,Sections 'De la universidad' and 'Vigencia del carne universitario',Registrar el pago de su(s) solicitud(es) en el SIU (S/17.70 por carné). ... El proceso de emisión y expedición se inició el 16 de mayo de 2025 y se encuentra vigente.,no,"curl (HTML, tags stripped)"
PER-UPCH-P02-PER-01,PER-UPCH,tuition,https://drive.google.com/file/d/1NZ46AatNALzNvuVO_k4rHyfu9Thjh5ye/preview,"Universidad Peruana Cayetano Heredia, Direccion General de Administracion / Secretaria General (linked from formacionbasica.cayetano.edu.pe)",Directiva sobre matricula y pensiones de pregrado para el periodo 2026-1 (TRANS-SEGEN-UPCH-2025-CU-1028),Semester 2026-1 (issued 12 Nov 2025),2026-09-29,"Pagina 6 de 17 (PDF p. 4), Anexo I 'PENSION POR CUOTA (5 CUOTAS)', table 'INGRESANTES 2025-2 | PENSIONES 2026-1' (scanned; read visually), rows 1, 13, 15 and 18","PENSIÓN POR CUOTA (5 CUOTAS) | INGRESANTES 2025-2 | PENSIONES 2026-1 | A | B | Dscto C | Dscto D | 1 MEDICINA 7,161 6,521 5,732 5,248 ... 13 TM TERAPIA FISICA Y REHABILITACION 2,199 2,125 1,700 1,545 ... 15 EDUCACION 1,890 1,811 1,650 - ... 18 TM RADIOLOGIA 1,890 1,811 1,650 - ... 23 PSICOLOGIA PGE 1,680 24 ENFERMERIA PGE 1,260 25 EDUCACION PGE 1,260",no,"Wayback capture of formacionbasica.cayetano.edu.pe/noticias/nueva-directiva-de-pensiones-2026-i/ (20251212070146) -> embedded Google Drive file downloaded with curl (uc?export=download) -> pymupdf page render, read visually"
PER-UPCH-P02-PER-02,PER-UPCH,compulsory_fees,https://drive.google.com/file/d/1NZ46AatNALzNvuVO_k4rHyfu9Thjh5ye/preview,"Universidad Peruana Cayetano Heredia, Direccion General de Administracion / Secretaria General (linked from formacionbasica.cayetano.edu.pe)",Directiva sobre matricula y pensiones de pregrado para el periodo 2026-1 (TRANS-SEGEN-UPCH-2025-CU-1028),Semester 2026-1,2026-09-29,"Pagina 3 de 17 (PDF p. 1), item 2 matricula table (scanned; read visually); items 3-4 on p. 4 de 17","El tarifario de matrícula para estudiantes regulares e ingresantes será de la siguiente manera: ... MEDICINA 1,200.00 200.00 1,000.00 ... TM LABORATORIO CLINICO 1,200.00 450.00 750.00 ... El cobro de matrícula se realizará junto con el cobro de la primera cuota en semestres regulares. ... Pago en 5 cuotas iguales para semestre regular.",no,"Google Drive file downloaded with curl -> pymupdf page render, read visually"
PER-UPCH-P02-PER-03,PER-UPCH,compulsory_fees,https://drive.google.com/file/d/1iQYrH_xASGkVJsf7_lPynlMEyXJ1Rgaq/preview,"Universidad Peruana Cayetano Heredia, Direccion General de Administracion / Secretaria General (linked from formacionbasica.cayetano.edu.pe)",Directiva sobre matricula y pensiones de pregrado para el periodo 2025-2,"Semester 2025-2 (Lima, julio de 2025)",2026-09-29,p. 1 item 2 matricula table (Precio de Matricula | Dscto | Matricula 2025-2); p. 3 recategorisation paragraph,"El tarifario de matrícula para estudiantes regulares e ingresantes será de la siguiente manera: ... S/ 1,200.00 ... S/ 200.00 ... S/ 1,000.00 ... S/ 750.00 ... No aplica el proceso de recategorización.",no,Wayback capture of formacionbasica.cayetano.edu.pe/noticias/nueva-directiva-de-pensiones-2025-ii/ (20251212054158) -> embedded Google Drive file downloaded with curl -> pymupdf text extraction (table cells extracted column-wise)
PER-UPCH-P02-PER-04,PER-UPCH,tuition,https://drive.google.com/file/d/1iQYrH_xASGkVJsf7_lPynlMEyXJ1Rgaq/preview,"Universidad Peruana Cayetano Heredia, Direccion General de Administracion / Secretaria General (linked from formacionbasica.cayetano.edu.pe)",Directiva sobre matricula y pensiones de pregrado para el periodo 2025-2,Semester 2025-2,2026-09-29,Anexo I p. 4 (first table; rendered and read visually): the earliest cohort listed is Ingresantes 2024; no 2025-entrant table in Anexo I or II,"ANEXO I Pensión por cuota (5 cuotas) | Ingresantes 2024 | Continuadores 2025 - 2 | 1 Medicina 6,386 5,871 5,459 5,047",no,"Google Drive file downloaded with curl -> pymupdf render, read visually"
PER-UPC-P02-PER-01,PER-UPC,tuition,https://web.archive.org/web/20250709221219/https://www.upc.edu.pe/transparencia-upc/pensiones-y-tarifas/pensiones-pregrado/,Universidad Peruana de Ciencias Aplicadas (UPC),Pensiones Pregrado (Transparencia UPC),Pensiones 2025 (RD DAF 361-2024); applies to 2025-2,2026-09-29,Header; tables 'MEDICINA' and 'CARRERAS RESTANTES'; 'PENSIONES PREGRADO - WS',"Pensiones 2025 aprobadas mediante la Resolución Directoral DAF 361-2024 de la Dirección de Administración y Finanzas de la UPC, del 06 de setiembre del 2024. ... MEDICINA | Categoría | Pensión | A | 6,371 | B | 5,689 | C | 4,782 | D | 4,435 | H | 4,435 ... CARRERAS RESTANTES | Categoría | Pensión | Q | 4,545 | R | 3,785 | S | 3,215 | T | 2,775 | U | 2,200 | H | 1,931 ... PENSIONES PREGRADO - WS** [...]",yes,"curl (Wayback id_ raw capture 20250709221219, gunzipped, tags stripped)"
PER-UPC-P02-PER-02,PER-UPC,tuition,https://web.archive.org/web/20260307063902/https://www.upc.edu.pe/transparencia-upc/pensiones-y-tarifas/pensiones-pregrado/,Universidad Peruana de Ciencias Aplicadas (UPC),Pensiones Pregrado (Transparencia UPC),Pensiones 2026 (RD DAF 257-2025); applies to 2026-1,2026-09-29,Header; tables 'MEDICINA' and 'CARRERAS RESTANTES',"Pensiones 2026 aprobadas mediante la Resolución Directoral DAF 257-2025 de la Dirección de Administración y Finanzas de la UPC, del 02 de julio del 2025. ... MEDICINA | Categoría | Pensión | A | 6,594 | B | 5,888 | C | 4,949 | D | 4,590 | H | 4,590 ... CARRERAS RESTANTES | Categoría | Pensión | Q | 4,704 | R | 3,917 | S | 3,328 | T | 2,872 | U | 2,277 | H | 1,999",no,"curl (Wayback id_ raw capture 20260307063902, tags stripped)"
PER-UPC-P02-PER-03,PER-UPC,compulsory_fees,https://web.archive.org/web/20250709221219/https://www.upc.edu.pe/servicios/becas-creditos-y-cobranzas/politica-de-pensiones/,Universidad Peruana de Ciencias Aplicadas (UPC),Politica de pensiones,2025 (Fecha de actualizacion 27 Nov 2024),2026-09-29,Footnotes * and *****,"* Todas las boletas emitidas para el año 2025 tendrán un incremento de 3.5% a 3.7%, según resolución directoral DAF-361-2024 del 6 de setiembre de 2024. ... El importe de la matrícula establecido para los semestres académicos del año 2025 es de S/360.00 soles y para los Cursos de Verano S/180.00 soles",no,"curl (Wayback id_ raw capture, gunzipped, tags stripped)"
PER-UPC-P02-PER-04,PER-UPC,compulsory_fees,https://www.upc.edu.pe/servicios/becas-creditos-y-cobranzas/politica-de-pensiones/,Universidad Peruana de Ciencias Aplicadas (UPC),Politica de pensiones,2026 (Fecha de actualizacion 20 Nov 2025),2026-09-29,Footnotes * and *****,"* Todas las boletas emitidas para el año 2026 tendrán un incremento de 3.5%, según resolución directoral DAF-257-2025 del 2 de julio de 2025. ... El importe de la matrícula establecido para los semestres académicos del año 2026 es de S/365.00 soles y para los Cursos de Verano S/182.50 soles.",no,"curl (live page, tags stripped)"
PER-UPC-P02-PER-05,PER-UPC,compulsory_fees,https://www.gob.pe/institucion/sunedu/campa%C3%B1as/107439-carne-universitario-2025,SUNEDU (gob.pe),Carne Universitario 2025,2025,2026-09-29,Section 'De la universidad',Registrar el pago de su(s) solicitud(es) en el SIU (S/17.70 por carné).,no,"curl (HTML, tags stripped)"
PER-ULIMA-P02-PER-01,PER-ULIMA,tuition,https://www.ulima.edu.pe/sites/default/files/page/files/informacion_economica_2025-2.pdf,"Universidad de Lima, Direccion Universitaria de Administracion y Finanzas",Informacion economica (boletas de pago 2025-2),Semester 2025-2,2026-09-29,"p. 1, 'Derecho de matricula' and 'Categorias de pago' tables; cuotas table",DERECHO DE MATRÍCULA S/ 270 ... CATEGORÍA VALOR DEL CRÉDITO 1 S/ 855 2 S/ 624 3 S/ 533 4 S/ 449 P S/ 960 Q S/ 765 R S/ 624 S S/ 533 T S/ 449 ... 1 Del 25/07/2025 al 18/08/2025 4 Créditos + Derecho de Matrícula 2 Del 28/08/2025 al 03/09/2025 1/4 saldo de pensión,no,curl download + pymupdf text extraction
PER-ULIMA-P02-PER-02,PER-ULIMA,compulsory_fees,https://www.ulima.edu.pe/sites/default/files/page/files/informacion_economica_2025-2.pdf,"Universidad de Lima, Direccion Universitaria de Administracion y Finanzas",Informacion economica (boletas de pago 2025-2),Semester 2025-2,2026-09-29,"p. 1, 'Derecho de matricula' table",DERECHO DE MATRÍCULA S/ 270,no,curl download + pymupdf text extraction
PER-ULIMA-P02-PER-03,PER-ULIMA,tuition,https://www.ulima.edu.pe/sites/default/files/page/files/2026-1_informacion_economica.pdf,"Universidad de Lima, Direccion Universitaria de Administracion y Finanzas",Informacion economica (boletas de pago 2026-1),Semester 2026-1,2026-09-29,"p. 1, 'Derecho de matricula' and 'Categorias de pago' tables",DERECHO DE MATRÍCULA S/ 270 ... CATEGORÍA VALOR DEL CRÉDITO 1 S/ 872 2 S/ 636 3 S/ 544 4 S/ 460 P S/ 979 Q S/ 780 R S/ 636 S S/ 544 T S/ 460,no,curl download + pymupdf text extraction
PER-ULIMA-P02-PER-04,PER-ULIMA,tuition,https://www.ulima.edu.pe/inversion,Universidad de Lima,Inversion,"live page, values 'vigente desde 2026-0' (accessed 2026-09-29)",2026-09-29,Sections 'Categoria de pagos' and payment structure,"Contamos con 5 categorías de pago que se asignan de acuerdo al colegio de procedencia. Valor del crédito según categorías (vigente desde 2026-0) ... P | S/ 979 ... Los alumnos ingresantes deben matricularse en 20 créditos, excepto los alumnos que vayan a la Carrera de Arquitectura, quienes se matricularán en 22 créditos. ... El derecho de matrícula se cobra en la primera cuota de cada período acad [...]",yes,"curl (HTML, tags stripped)"
PER-ULIMA-P02-PER-05,PER-ULIMA,correction,https://web.archive.org/web/20240802134456/https://www.ulima.edu.pe/sites/default/files/duaf-informacioneconomica_2023-2_rev.19.7.2023.pdf,"Universidad de Lima, Direccion Universitaria de Administracion y Finanzas",Informacion economica (boletas de pago 2023-2),Semester 2023-2,2026-09-29,"p. 1, 'Derecho de matricula' and 'Categorias de pago' tables",INFORMACIÓN ECONÓMICA (BOLETAS DE PAGO 2023-2) ... DERECHO DE MATRÍCULA S/ 250 ... P S/ 928,no,curl (Wayback id_ raw capture) + pymupdf text extraction
PER-ULIMA-P02-PER-06,PER-ULIMA,correction,https://web.archive.org/web/20240920001714/https://www.ulima.edu.pe/sites/default/files/duaf-informacioneconomica_2024-2.pdf,"Universidad de Lima, Direccion Universitaria de Administracion y Finanzas",Informacion economica (boletas de pago 2024-2),Semester 2024-2 (used as proxy for 2024-1: same 2024 credit values),2026-09-29,"p. 1, 'Derecho de matricula' and 'Categorias de pago' tables",INFORMACIÓN ECONÓMICA (BOLETAS DE PAGO 2024-2) ... DERECHO DE MATRÍCULA S/ 250 ... P S/ 940,no,"curl (Wayback id_ raw capture, gunzipped) + pymupdf text extraction"
PER-UPACIFICO-P02-PER-01,PER-UPACIFICO,tuition,https://web.archive.org/web/20250821051224/https://www.up.edu.pe/Documents/Escala-de-pensiones-de-pregrado-2025-2.pdf,Universidad del Pacifico,Escalas de pagos vigentes al 2025 (Escala-de-pensiones-de-pregrado-2025-2.pdf),Escalas vigentes al 2025 (applies to 2025-2),2026-09-29,Single page: 'Valor por credito' row and footnotes (1)-(4),"ESCALAS DE PAGOS VIGENTES AL 2025(1) ESCALA 6(2) 5(2) 4 3 2 1 Valor por crédito S/ 320 S/ 433 S/ 594 S/ 809 S/ 1,066 S/ 1,377 ... (2) Escala extraordinaria. (3) La primera cuota incluye el pago de matrícula de S/ 360. (4) Cálculo para 20 créditos.",no,curl (Wayback id_ raw capture 20250821051224) + pymupdf text extraction
PER-UPACIFICO-P02-PER-02,PER-UPACIFICO,compulsory_fees,https://web.archive.org/web/20250821051224/https://www.up.edu.pe/Documents/Escala-de-pensiones-de-pregrado-2025-2.pdf,Universidad del Pacifico,Escalas de pagos vigentes al 2025,2025,2026-09-29,Footnote (3),La primera cuota incluye el pago de matrícula de S/ 360.,no,curl (Wayback id_ raw capture) + pymupdf text extraction
PER-UPACIFICO-P02-PER-03,PER-UPACIFICO,tuition,https://web.archive.org/web/20260121181159/https://admision.up.edu.pe/pensiones/,"Universidad del Pacifico, Admision",Pensiones,Valor de credito vigente para el ano 2026 (capture 2026-01-21; applies to 2026-1),2026-09-29,Pension scale table and notes,"Contamos con 4 escalas, incluyendo opciones extraordinarias. ... Valor por cada crédito | ESCALA 1 S/ 1,411 | ESCALA 2 S/ 1.093 | ESCALA 3 S/ 829 | ESCALA 4 S/ 609 | Cuota promedio (mensual) para 20 créditos S/ 5,644 ... -Derechos de matrícula: S/ 380.00 -Valor de crédito vigente para el año 2026. Escalas sujetas a cambios.",no,"curl (Wayback id_ raw capture 20260121181159, tags stripped)"
PER-UPACIFICO-P02-PER-04,PER-UPACIFICO,compulsory_fees,https://web.archive.org/web/20260121181159/https://admision.up.edu.pe/pensiones/,"Universidad del Pacifico, Admision",Pensiones,2026,2026-09-29,Notes under the table; FAQ,-Derechos de matrícula: S/ 380.00 ... La primera cuota incluye la matrícula (S/ 380).,no,"curl (Wayback id_ raw capture, tags stripped)"
PER-UCSUR-P02-PER-01,PER-UCSUR,tuition,https://web.cientifica.edu.pe/sites/default/files/2025-10/Categorias%202026%20-01%20fv.pdf,Universidad Cientifica del Sur,Categorias de pago Universidad Cientifica del Sur - Pregrado regular 2026-01,Ciclo 2026-01,2026-09-29,p. 1 Medicina Humana table; p. 2 Enfermeria y Obstetricia table (checked visually); p. 3 CPE,"MEDICINA HUMANA Costo Mensual Costo de Ciclo (5 meses) Nivel 1 S/ 4,815 S/ 24,075 ... ENFERMERIA Y OBSTETRICIA ... Nivel 1 S/ 2,899 S/ 14,495 ... Nivel 5 S/ 1,379 S/ 6,895 ... OTRAS CARRERAS ... Nivel 1 S/ 3,544 S/ 17,720 ... CPE 2026-01 OTRAS CARRERAS ACTUAL S/ 1,188 S/ 5,940",no,curl download + pymupdf text extraction; page 2 rendered and read visually
PER-UCSUR-P02-PER-02,PER-UCSUR,compulsory_fees,https://web.cientifica.edu.pe/sites/default/files/2025-10/Categorias%202026%20-01%20fv.pdf,Universidad Cientifica del Sur,Categorias de pago Universidad Cientifica del Sur - Pregrado regular 2026-01,Ciclo 2026-01,2026-09-29,p. 1 Matricula table,Matrícula Monto Matrícula Ingresante S/380.00 Matrícula Regular S/350.00,no,curl download + pymupdf text extraction
PER-UCSUR-P02-PER-03,PER-UCSUR,tuition,https://web.cientifica.edu.pe/sites/default/files/2025-02/Categorias%202025%20-01.pdf,Universidad Cientifica del Sur,Categorias de pago Universidad Cientifica del Sur - Pregrado regular 2025-01,"Ciclo 2025-01 (used as nearest for 2025-02, whose sheet was not found)",2026-09-29,p. 1 Matricula and Medicina Humana tables; p. 2 Enfermeria y Obstetricia and Otras carreras tables,"Matrícula Ingresante S/380.00 Matrícula Regular S/350.00 ... MEDICINA HUMANA ... Nivel 1 S/ 4,815 S/ 24,075 ... ENFERMERIA Y OBSTETRICIA ... Nivel 1 S/ 2,899 S/ 14,495 ... OTRAS CARRERAS ... Nivel 1 S/ 3,375 S/ 16,875",no,curl download + pymupdf text extraction
PRY-UNA-P02-PRY-01,PRY-UNA,tuition,https://web.archive.org/web/20241219140041id_/https://www.der.una.py/application/files/7217/3452/9606/Resolucion_H.C.D_1515-2024_Aprueba_Aranceles_del_Ano_Academico_2025.pdf,"UNA, Facultad de Derecho y Ciencias Sociales, Consejo Directivo","Resolución H.C.D. N° 1515/2024: aranceles académicos y de servicios, ejercicio fiscal 2025",2025 (fiscal/academic year 2025),2026-09-29,"p. 2 (Hoja 2 de 4) table ARANCELES ACADEMICOS rows 1.1, 1.3, 2.1, 3.1 (columns Actual Año 2024 | Propuesta Año 2025)","1.1 | Preparatoria Semestralizada (*) | 1.030.000 | 1.070.000 [...] 1.3 | Plan Semestral - Matriculación Ordinaria | 210.000 | 210.000 [...] 2.1 | Derecho a Biblioteca (2°, 3°, 5°, 7°, 9° y 11° semestres) | 10.000 | 10.000 [...] 3.1 | Examen Final (Ordinario y Complementario) | 20.000 | 20.000",no,"Wayback id_ capture 2024-12-19; scanned PDF (no text layer), read visually from pymupdf render"
PRY-UNA-P02-PRY-02,PRY-UNA,compulsory_fees,https://web.archive.org/web/20241219140041id_/https://www.der.una.py/application/files/7217/3452/9606/Resolucion_H.C.D_1515-2024_Aprueba_Aranceles_del_Ano_Academico_2025.pdf,"UNA, Facultad de Derecho y Ciencias Sociales, Consejo Directivo",Resolución H.C.D. N° 1515/2024 (aranceles 2025),2025,2026-09-29,p. 3 (Hoja 3 de 4) ARANCELES POR SERVICIOS row 8,8 | EXTENSION UNIVERSITARIA (por Semestre - del Segundo al Duodécimo Semestres) | 20.000 | 20.000,no,"Wayback id_ capture 2024-12-19; scanned PDF, read visually from pymupdf render"
PRY-UNA-P02-PRY-03,PRY-UNA,tuition,https://www.pol.una.py/wp-content/uploads/RESOLUCION-N%C2%B0-0644-00-2024-ARANCELES-ACADEMICOS-FPUNA.pdf,"UNA, Consejo Superior Universitario","Resolución N° 0644-00-2024 (Acta 28, 27/11/2024): aranceles académicos de la Facultad Politécnica, ejercicio fiscal 2025",2025,2026-09-29,p. 2 (Página 22 de 252) table Aranceles de Carreras de Grado,Cuotas por asignatura a cursar:4 (cuatro) cuotas iguales por periodo académico [...] Ingeniería en Informática (1) 25.000 [...] Licenciatura en Ciencias Informáticas (2) 20.000 [...] Inscripción en asignatura con Derecho a Examen Final (Pago único) [...] Todas las carreras 50.000,no,"curl (live site, linked from https://www.pol.una.py/academico/aranceles/); scanned PDF, read visually from pymupdf render"
PRY-UNA-P02-PRY-04,PRY-UNA,tuition,https://www.facen.una.py/wp-content/uploads/2024/07/Res.-0451-00-2024-ARANCELES-GRADO-2024-2025.pdf,"UNA, Facultad de Ciencias Exactas y Naturales, Consejo Directivo","Resolución N° 0451-2024 (12/07/2024): aranceles académicos de grado, segundo periodo 2024 y primer periodo 2025",second period 2024 and first period 2025,2026-09-29,p. 1 table (Matrícula Semestral por Carrera); p. 2 table (Cuota mensual por asignatura a cursar); p. 3 item 0451-04-24,"Matrícula Semestral por Carrera | Gs. 200.000 [...] Cuota mensual por asignatura a cursar | Gs. 20.000 [...] Establecer 4(cuatro) cuotas mensuales por período académico. El monto de la cuota mensual dependerá de la cantidad de asignaturas, por carrera, que cursará el estudiante.",no,"curl (live site; link found on Wayback capture 2025-06-22 of facen.una.py/aranceles/); OCR text layer, amounts checked visually against pymupdf render"
PRY-UNA-P02-PRY-05,PRY-UNA,tuition,https://www.facen.una.py/wp-content/uploads/2024/06/Res.-N%C2%B0-1292-00-2025-ARANCELES-ACADEMICOS.pdf,"UNA, Facultad de Ciencias Exactas y Naturales (Decano)","Resolución N° 1292-00-2025 (06/08/2025): aranceles académicos de grado, segundo periodo 2025 y primer periodo 2026",second period 2025 and first period 2026,2026-09-29,p. 2 Art. 2 table (students who entered up to Periodo 1 2025),"Establecer los aranceles académicos de grado a ser aplicados a los estudiantes que hayan ingresado hasta el Primer Periodo del Año Académico 2025 [...] Matricula Semestral (según calendario de pago) 200.000 Cuota Mensual (según calendario de pago) correspondiente a 4 (cuatro) cuotas iguales y consecutivas, cada una de: Hasta 2 asignaturas: 50.000 Hasta 5 asignaturas: 100.000 Hasta 7 asignaturas: 1 [...]",yes,curl (live site; link found on Wayback capture 2026-02-15 of facen.una.py/aranceles-grado/); text layer checked visually against pymupdf render
PRY-UNA-P02-PRY-06,PRY-UNA,regime,https://www.facen.una.py/wp-content/uploads/2024/06/Res.-N%C2%B0-1292-00-2025-ARANCELES-ACADEMICOS.pdf,"UNA, Facultad de Ciencias Exactas y Naturales (Decano)",Resolución N° 1292-00-2025 (06/08/2025),second period 2025 and first period 2026 (entrants from Periodo 2 2025),2026-09-29,p. 1 Art. 1 table; p. 3 Art. 4,"Establecer los Aranceles académicos de las carreras de grado a ser aplicados a los estudiantes que ingresen a partir del Segundo Periodo del Año Académico 2025 [...] Examen de Evaluación y Admisión SIN COSTO [...] Matricula Semestral (según calendario de pago) 200.000 Cuota Mensual (según calendario de pago) correspondiente a 4 (cuatro) cuotas iguales y consecutivas, cada una de: 200.000 [...] Sol [...]",yes,curl; text layer checked visually against pymupdf render (p. 1)
PRY-UNA-P02-PRY-07,PRY-UNA,tuition,https://web.archive.org/web/20241217080702id_/https://www.agr.una.py/wp/wp-content/uploads/2024/12/Arancel-de-matricula-Primer-Periodo-Academico-2025.pdf,"UNA, Facultad de Ciencias Agrarias","Aranceles y Planes de Pagos de Matrícula, Primer Periodo Académico 2025 (Res. 862-00-2024)",first period 2025,2026-09-29,p. 1,Para estudiantes que cursan una o más asignaturas en las Carreras de la FCA/UNA Pago de Matriculación/Inscripción al contado [...] Gs. 450.000,no,Wayback id_ capture 2024-12-17; pymupdf text layer
PRY-UNA-P02-PRY-08,PRY-UNA,tuition,https://web.archive.org/web/20250715140028id_/https://www.agr.una.py/wp/wp-content/uploads/2025/07/Arancel-de-matricula-Segundo-Periodo-Academico-2025.pdf,"UNA, Facultad de Ciencias Agrarias","Aranceles y Planes de Pagos de Matrícula, Segundo Periodo Académico 2025 (Res. 434-00-2025)",second period 2025,2026-09-29,p. 1,Para estudiantes que cursan una o más asignaturas en las Carreras de la FCA/UNA Pago de Matriculación/Inscripción al contado [...] Gs. 450.000,no,Wayback id_ capture 2025-07-15; pymupdf text layer
BEL-KL-P03-BEL-01,BEL-KL,tuition,https://www.kuleuven.be/english/life-at-ku-leuven/housing/onderwijs/student/studiegelden/tarieven/tarieven2526,KU Leuven,Tarieven 2025-2026 — Studiegelden,2025/26 (page title),2026-09-29,"Diplomacontract (Initiële bacheloropleiding ...), row 'Niet-beurstariefstudent'","Tarieven 2025-2026 | Diplomacontract | Initiële bacheloropleiding, schakelprogramma/voorbereidingsprogramma, initiële masteropleiding, educatieve master. | Niet-beurstariefstudent 1157,00 euro 299,00 euro vast + 14,30 euro per studiepunt",no,curl + html-to-text (python)
BEL-KL-P03-BEL-02,BEL-KL,compulsory_fees,https://www.kuleuven.be/english/life-at-ku-leuven/housing/onderwijs/student/studiegelden/tarieven/tarieven2526,KU Leuven,Tarieven 2025-2026 — Studiegelden,2025/26 (page title),2026-09-29,Section 'Examencontract' (the only extra charge on the page; not applicable to diplomacontract),"Examencontract | Initiële bacheloropleiding, schakelprogramma/voorbereidingsprogramma, initiële masteropleiding, educatieve master. | Een examencontract wordt gezien als een aparte inschrijving. | Bovenop het normale studiegeld betaal je 50 euro (eenmalige som per academiejaar) voor het gebruik van het studieplatform Toledo en de hiervoor benodigde ICT-faciliteiten.",no,curl + html-to-text (python)
BEL-G-P03-BEL-01,BEL-G,tuition,https://www.ugent.be/student/nl/administratie/studiegeld/studiegeldbacheloropleiding-schakel-envoorbereidingsprogramma.htm/ba-schak-voorb-2526.htm,Universiteit Gent (Studentenportaal),"Studiegeld Bacheloropleiding, Schakelprogramma en Voorbereidingsprogramma 2025-2026",2025/26 (page title),2026-09-29,"Section 'EER-studenten en Niet-EER studenten in Nederlandstalige opleidingen met diplomacontract', row 'niet-beursstudent'","Diplomacontract en creditcontract | Het studiegeld bestaat uit een vast bedrag + een bedrag voor elk opgenomen studiepunt. | niet-beursstudent € 299  + € 14,30 per studiepunt voor 60 studiepunten: € 1157",no,curl + html-to-text (python)
BEL-G-P03-BEL-02,BEL-G,compulsory_fees,https://www.ugent.be/student/nl/administratie/studiegeld/studiegeldbacheloropleiding-schakel-envoorbereidingsprogramma.htm/ba-schak-voorb-2526.htm,Universiteit Gent (Studentenportaal),"Studiegeld Bacheloropleiding, Schakelprogramma en Voorbereidingsprogramma 2025-2026",2025/26 (page title),2026-09-29,Section 'Examencontract' (extra charge limited to exam contracts),Examencontract | Het studiegeld bestaat uit een vast bedrag + een bedrag voor elk opgenomen studiepunt + € 500 voor een UGent-account en toegang tot Ufora.,no,curl + html-to-text (python)
BEL-A-P03-BEL-01,BEL-A,tuition,https://web.archive.org/web/20251017173754id_/https://www.uantwerpen.be/nl/studeren/inschrijven/bereid-je-voor/studiegeld/studiegelden-2025-2026/,"Universiteit Antwerpen, via Wayback",Studiegelden 2025-2026,2025/26 (page title and text; capture 2025-10-17),2026-09-29,"'Hieronder vind je de tarieven voor het academiejaar 2025-2026', item 1, diplomacontract","Hieronder vind je de tarieven voor het academiejaar 2025-2026 . | 1. De volgende tarieven zijn van toepassing op studenten   met  een nationaliteit van een EER-lidstaat* diplomacontract : standaardtarief: 299 euro + 14,3 euro/studiepunt (1157 euro voor 60 studiepunten)",no,curl (Wayback id_ raw capture) + html-to-text (python)
BEL-UCLOUVAIN-P03-BEL-01,BEL-UCLOUVAIN,tuition,https://www.uclouvain.be/fr/system/files/uclouvain_assetmanager/groups/cms-editors-sic/SIC-D10/Les%20droits%20d%27inscription%20%C3%A0%20l%27UCLouvain/Grille%20tarifaire%202025-2026%20UCLouvain%20_CR_28052025.pdf,"UCLouvain, Service des inscriptions (SIC)",Grille tarifaire 2025-2026 (Approuvée CR 28.05.2025),2025/26 (document title),2026-09-29,"p.1, 'DROITS D'INSCRIPTION' > 'Inscriptions régulières'","GRILLE TARIFAIRE 2025-2026 Approuvée CR 28.05.2025 | Inscriptions régulières à un programme de 1er cycle (bachelier), de 2e cycle (master, master de spécialisation) ou doctorat | Droits d'inscription ... 835,00 € | Droits intermédiaires-tarif social UCLouvain ... max. 374,00 € | Droits intermédiaires-revenus modestes ... 374,00 € | Droits boursiers ... 0,00 €",no,"curl + pymupdf page render, visual reading (PDF text layer not extractable by pdftotext); dot leaders shortened to ..."
BEL-UCLOUVAIN-P03-BEL-02,BEL-UCLOUVAIN,tuition,https://web.archive.org/web/20251007142801id_/https://www.uclouvain.be/fr/inscriptions/droits-inscription,"UCLouvain, via Wayback",Les droits d'inscription à l'UCLouvain,2025/26 (capture 2025-10-07; page cites ARES circular N°2025-001 and links the 'Grille tarifaire 2025-2026'),2026-09-29,"Section 'Montant des droits d'inscription', Belgian/EU/assimilated students","Ces droits sont applicables aux étudiant·es de nationalité belge , de nationalité européenne , et de nationalité hors Union européenne assimilé·es aux Belges. - Droits ordinaires  : 835,00 € - Droits réduits : - Tarif social UCLouvain : maximum 374,00 € - Revenus modestes : 374,00 € - Droits nuls (étudiant·es bénéficiaires d’une bourse de la Fédération Wallonie-Bruxelles)  : 0,00 €   À ces droits, [...]",yes,curl (Wayback id_ raw capture) + html-to-text (python)
BEL-UCLOUVAIN-P03-BEL-03,BEL-UCLOUVAIN,compulsory_fees,https://www.uclouvain.be/fr/system/files/uclouvain_assetmanager/groups/cms-editors-sic/SIC-D10/Les%20droits%20d%27inscription%20%C3%A0%20l%27UCLouvain/Grille%20tarifaire%202025-2026%20UCLouvain%20_CR_28052025.pdf,"UCLouvain, Service des inscriptions (SIC)",Grille tarifaire 2025-2026 (Approuvée CR 28.05.2025),2025/26 (document title),2026-09-29,"p.5, 'FRAIS ADMINISTRATIFS' > 'Affiliation sport' and 'Affiliation « Etudiant·e solidaire »'","Accès au programme sportif UCLouvain de Louvain-la-Neuve et BXL Woluwe : ...60,00 € | Le montant de l'affiliation aux activités sportives doit être payé pour le 31 octobre au plus tard. En cas de non-paiement, la demande d'affiliation sera automatiquement annulée par le Service des inscriptions. | Tarif annuel : ...12,00 € | Pour devenir un·e « Etudiant·e solidaire », le montant de 12.00€ doit êtr [...]",yes,"curl + pymupdf page render, visual reading (PDF text layer not extractable by pdftotext); dot leaders shortened to ..."
BEL-LB-P03-BEL-01,BEL-LB,tuition,https://web.archive.org/web/20250803132426id_/https://www.ulb.be/fr/inscriptions/droits-d-inscription,"Université libre de Bruxelles, via Wayback",Frais d'inscription - Montant des frais d'inscription par année académique,"2025/26 (capture 2025-08-03; table not year-labelled, page announces rules applying 'À partir de 2025-2026')",2026-09-29,"Header note and table 'Etudiant·es belges européen·nes* ou assimilé·es', column 'Bachelier Master'",Modification des frais d'inscription pour les étudiants non-européens dès 2025-2026 | Montant des frais d'inscription par année académique | Etudiant·es belges européen·nes* ou assimilé·es | Bachelier Master | Droits complets: 835€ | Droits intermédiaires (étudiants de revenus modestes) :  374€,no,curl (Wayback id_ raw capture) + html-to-text (python)
BEL-LB-P03-BEL-02,BEL-LB,regime,https://web.archive.org/web/20260414024211id_/https://www.ulb.be/fr/inscriptions/droits-d-inscription,"Université libre de Bruxelles, via Wayback",Frais d'inscription,"2026/27 envisaged amounts (capture 2026-04-14); context only, not the 2025/26 figure",2026-09-29,Box 'Modification des frais d'inscription pour la rentrée 2026',"Des discussions sont actuellement en cours au niveau des autorités compétentes concernant une éventuelle modification des frais d’inscription dans l’enseignement supérieur à partir de l’année académique 2026-2027. | Les montants définitifs n’ont pas encore été arrêtés. À ce stade, les scénarios envisagés prévoient une adaptation des frais, avec un plafond maximal pouvant aller jusqu’à 1194 euros p [...]",yes,curl (Wayback id_ raw capture) + html-to-text (python)
GBR-CAM-P03-GBR-01,GBR-CAM,tuition,https://www.undergraduate.study.cam.ac.uk/sites/default/files/publications/undergraduate_tuition_fees_2025-26.pdf,University of Cambridge,Undergraduate tuition fees 2025-26,2025-26,2026-09-29,"Page 2 table, column ""Home Students (First UG degree) [2]"", all course rows (e.g. Economics, Medicine, Veterinary Medicine)","9,535",no,curl + pdftotext -layout
GBR-CAM-P03-GBR-02,GBR-CAM,compulsory_fees,https://www.undergraduate.study.cam.ac.uk/sites/default/files/publications/undergraduate_tuition_fees_2025-26.pdf,University of Cambridge,Undergraduate tuition fees 2025-26,2025-26,2026-09-29,"Page 1, para 3","If you are categorised by your College as a ""Home"" student, and you will be studying your first undergraduate degree, your tuition fee will be expressed as a single amount (that the University and the Colleges share).",no,curl + pdftotext -layout
GBR-CAM-P03-GBR-03,GBR-CAM,regime,https://www.gov.uk/government/publications/tuition-fees-and-student-support-2025-to-2026-academic-year/changes-to-tuition-fees-2025-to-2026-academic-year,Department for Education (GOV.UK),"Changes to tuition fees: 2025 to 2026 academic year (policy paper, updated 26 November 2025)",2025/26,2026-09-29,Section: Providers with TEF and an APP,"The maximum tuition fee in the 2025 to 2026 academic year for approved (fee cap) providers with a TEF award and with an APP will increase to: £9,535 for standard full-time courses",no,curl (HTML text extraction)
GBR-OX-P03-GBR-01,GBR-OX,tuition,https://web.archive.org/web/20250915155618/https://www.ox.ac.uk/admissions/undergraduate/fees-and-funding/course-fees,University of Oxford,Course fees (Wayback capture 2025-09-15),2025/26,2026-09-29,Section on Home undergraduate course fees,"If you are a Home student undertaking your first undergraduate degree, current university policy is to charge fees at the level of the cap set by the government. The cap is currently set at £9,535 in 2025/26, and this page will be updated once the government has confirmed course fee information for full-time Home undergraduates starting courses in 2026.",no,"curl of Wayback raw capture (id_), HTML text extraction"
GBR-OX-P03-GBR-02,GBR-OX,tuition,https://web.archive.org/web/20250510173143/https://www.ox.ac.uk/admissions/undergraduate/fees-and-funding/course-fees,University of Oxford,Course fees (Wayback capture 2025-05-10),2025 entry,2026-09-29,Section on Home undergraduate course fees,"If you are a Home student undertaking your first undergraduate degree, current university policy is to charge fees at the level of the cap set by the government, which for 2025 will be £9,535.",no,"curl of Wayback raw capture (id_), HTML text extraction"
GBR-OX-P03-GBR-03,GBR-OX,compulsory_fees,https://web.archive.org/web/20250915155618/https://www.ox.ac.uk/admissions/undergraduate/fees-and-funding/course-fees,University of Oxford,Course fees (Wayback capture 2025-09-15),2025/26,2026-09-29,Paragraph on what course fees include,The course fees you pay include your fees for both University and college services and are divided between the University (including your department or faculty) and your college on a formula basis.,no,"curl of Wayback raw capture (id_), HTML text extraction"
GBR-OX-P03-GBR-04,GBR-OX,regime,https://www.gov.uk/government/publications/tuition-fees-and-student-support-2025-to-2026-academic-year/changes-to-tuition-fees-2025-to-2026-academic-year,Department for Education (GOV.UK),"Changes to tuition fees: 2025 to 2026 academic year (policy paper, updated 26 November 2025)",2025/26,2026-09-29,Section: Providers with TEF and an APP,"The maximum tuition fee in the 2025 to 2026 academic year for approved (fee cap) providers with a TEF award and with an APP will increase to: £9,535 for standard full-time courses",no,curl (HTML text extraction)
GBR-ICL-P03-GBR-01,GBR-ICL,tuition,https://www.imperial.ac.uk/students/fees-and-funding/tuition-fees/undergraduate-tuition-fees/2025-26/faculty-of-engineering/,Imperial College London,"Undergraduate tuition fees 2025-26, Faculty of Engineering","2025-26, 2025 cohort",2026-09-29,"Fee table, Department of Aeronautics (and all other departments on the page): Entry Cohort | Home and Ireland | Overseas","2025 Cohort £ 9,535.00 £ 43,300.00",no,curl (HTML text extraction)
GBR-ICL-P03-GBR-02,GBR-ICL,tuition,https://www.imperial.ac.uk/students/fees-and-funding/tuition-fees/undergraduate-tuition-fees/2025-26/faculty-of-medicine/,Imperial College London,"Undergraduate tuition fees 2025-26, Faculty of Medicine","2025-26, 2025 cohort",2026-09-29,"Medicine, Non-clinical and Clinical table","2025 Cohort £ 9,535.00 £ 55,800.00",no,curl (HTML text extraction)
GBR-ICL-P03-GBR-03,GBR-ICL,tuition,https://www.imperial.ac.uk/students/fees-and-funding/tuition-fees/undergraduate-tuition-fees/2025-26/faculty-of-natural-sciences/,Imperial College London,"Undergraduate tuition fees 2025-26, Faculty of Natural Sciences","2025-26, 2025 cohort",2026-09-29,Department of Mathematics table,"2025 Cohort £ 9,535.00 £ 40,700.00",no,curl (HTML text extraction)
GBR-ICL-P03-GBR-04,GBR-ICL,regime,https://www.gov.uk/government/publications/tuition-fees-and-student-support-2025-to-2026-academic-year/changes-to-tuition-fees-2025-to-2026-academic-year,Department for Education (GOV.UK),"Changes to tuition fees: 2025 to 2026 academic year (policy paper, updated 26 November 2025)",2025/26,2026-09-29,Section: Providers with TEF and an APP,"The maximum tuition fee in the 2025 to 2026 academic year for approved (fee cap) providers with a TEF award and with an APP will increase to: £9,535 for standard full-time courses",no,curl (HTML text extraction)
GBR-UCL-P03-GBR-01,GBR-UCL,tuition,https://web.archive.org/web/20250804090242/https://www.ucl.ac.uk/prospective-students/undergraduate/degrees/economics-bsc-econ,University College London,Economics BSc (Econ) programme page (Wayback capture 2025-08-04),2025/26 entry,2026-09-29,Fees and funding: 'Fees for this course' table,"Tuition fees (2025/26) £9,535 Tuition fees (2025/26) £36,500 Fees are for Undergraduate 2025/26 entry and are for the first year only.",no,"curl of Wayback raw capture (id_), HTML text extraction"
GBR-UCL-P03-GBR-02,GBR-UCL,tuition,https://web.archive.org/web/20250927025140/https://www.ucl.ac.uk/students/fees-and-funding/pay-your-fees/fee-schedules/2025-2026/undergraduate-fees-2025-2026,University College London,Undergraduate fees for 2025 to 2026 (Wayback capture 2025-09-27),2025-26 entry,2026-09-29,Section 'UK undergraduates' (fee table itself is a widget absent from the capture),These fees are for entry in the 2025-26 academic year and are for the first year at UCL only. Fees are in line with the UK Government's announcement and subject to the passing of secondary legislation.,no,"curl of Wayback raw capture (id_), HTML source"
GBR-UCL-P03-GBR-03,GBR-UCL,compulsory_fees,https://studentsunionucl.org/membership,Students' Union UCL,Membership,undated (current page),2026-09-29,Page text,"If you are a UCL student, you automatically become a member of Students' Union UCL during enrolment, unless you uncheck the membership box as part of enrolment. Membership is free of charge.",no,curl (HTML text extraction)
GBR-UCL-P03-GBR-04,GBR-UCL,regime,https://www.gov.uk/government/publications/tuition-fees-and-student-support-2025-to-2026-academic-year/changes-to-tuition-fees-2025-to-2026-academic-year,Department for Education (GOV.UK),"Changes to tuition fees: 2025 to 2026 academic year (policy paper, updated 26 November 2025)",2025/26,2026-09-29,Section: Providers with TEF and an APP,"The maximum tuition fee in the 2025 to 2026 academic year for approved (fee cap) providers with a TEF award and with an APP will increase to: £9,535 for standard full-time courses",no,curl (HTML text extraction)
GBR-ED-P03-GBR-01,GBR-ED,tuition,https://web.archive.org/web/20250114222944/https://www.ed.ac.uk/studying/undergraduate/fees-finance/scotland/cost,The University of Edinburgh,Scotland tuition fees and other costs (Wayback capture 2025-01-14),2025 entry,2026-09-29,"Page text, tuition fees section","The Home-Scotland fee rate for 2025 entry is £1,820. This fee rate is applicable for all full-time undergraduate degree programmes except for graduate entry to the BVM&S Veterinary Medicine and graduate entry to the LLB Law programmes.",no,"curl of Wayback raw capture (id_), HTML text extraction"
GBR-ED-P03-GBR-02,GBR-ED,tuition,https://web.archive.org/web/20250114222944/https://www.ed.ac.uk/studying/undergraduate/fees-finance/scotland/cost,The University of Edinburgh,Scotland tuition fees and other costs (Wayback capture 2025-01-14),2025 entry,2026-09-29,How your tuition fees will be paid,If you have a confirmed government award that covers your tuition fee you will not be invoiced for fees. SAAS will make payment to the University on your behalf.,no,"curl of Wayback raw capture (id_), HTML text extraction"
GBR-ED-P03-GBR-03,GBR-ED,compulsory_fees,https://web.archive.org/web/20251015085310/https://registryservices.ed.ac.uk/tuition-fees/policy/undergraduate/rates,The University of Edinburgh (Registry Services),Tuition fee rates (Wayback capture 2025-10-15),capture 2025-10-15 (AY 2025/26),2026-09-29,What do annual programme fees cover?,"Annual programme and course fees cover: matriculation tuition one diet of examination This includes membership of University unions, sports facilities and other student facilities and amenities.",no,"curl of Wayback raw capture (id_), HTML text extraction"
IRL-TCD-P03-IRL-01,IRL-TCD,tuition,https://hea.ie/funding-governance-performance/funding/student-finance/course-fees/,Higher Education Authority (HEA),Free Fees Initiative,"2025/26 (live page, contribution figure labelled 2025/26 academic year)",2026-09-29,"Free Fees Initiative section, opening paragraphs","Tuition fees may be paid in respect of full-time undergraduate students undertaking approved courses in eligible institutions. [...] Please note, students who are eligible for the Free Fees Initiative are required to pay a student contribution charge of €2,500 per year (2025/26 academic year).",no,curl (HTML stripped to text)
IRL-TCD-P03-IRL-02,IRL-TCD,regime,https://web.archive.org/web/20251008092059/https://www.gov.ie/en/department-of-further-and-higher-education-research-innovation-and-science/press-releases/minister-lawless-announces-first-ever-permanent-cut-to-student-contribution-fee-major-increase-in-susi-grants-and-the-income-threshold-and-record-investment-in-apprenticeships/,"Department of Further and Higher Education, Research, Innovation and Science (gov.ie)","Minister Lawless announces first-ever permanent cut to student contribution fee, major increase in SUSI grants and the income threshold, and record investment in apprenticeships",Budget 2026 (announced 7 October 2025); academic year of application not stated in this release,2026-09-29,"Wayback capture 20251008092059, 'Supporting Students and Families' list (live gov.ie returned HTTP 403 CloudFront block to curl)",Permanent €500 reduction in the student contribution fee – the first permanent reduction since free fees were introduced in 1995.,no,"curl (Wayback id_ raw capture, HTML stripped to text)"
IRL-TCD-P03-IRL-03,IRL-TCD,regime,https://www.universityofgalway.ie/student-fees/budget-2024/,"University of Galway, Student Fees",Budget 2025/26 - University of Galway,2025/26,2026-09-29,"Page body, heading 'Changes to Student Contribution as part of Budget 2026. 2025/26 AY'","Changes to Student Contribution as part of Budget 2026. 2025/26 AY From 1st January 2026, the annual student contribution charge will fall from €3,000 to €2,500, applying to the current academic year for all eligible students on a permanent basis as per the update in Budget 2026 on Tuesday, 7th October 2025.",no,curl (HTML stripped to text)
IRL-TCD-P03-IRL-04,IRL-TCD,compulsory_fees,https://web.archive.org/web/20260106212059/https://www.tcd.ie/media/tcd/calendar/undergraduate-studies/college-charges.pdf,Trinity College Dublin,"Calendar 2025-26, College Charges",2025/26 (Calendar 2025-26),2026-09-29,"p. 262, section 15 'Student Levies and Charges (SLC)' (Wayback capture 20260106212059 of the live URL college-charges.pdf, footer 'Calendar 2025-26')","15 The Student Levies and Charges (SLC) consist of the student sports development charge (€134.00), the A.M.L.É. (formerly U.S.I.) membership fee (optional) (€8.00), the Commencements fee (from €33.75 to €135.00 depending on the award and duration of study ), and the student space and centre levy (€34.00). Registration can not be completed until the SLC is paid in full. The rates applicable to eac [...]",yes,curl (Wayback id_) + pypdf text; visually checked on pymupdf render of p. 262
IRL-TCD-P03-IRL-05,IRL-TCD,compulsory_fees,https://web.archive.org/web/20260106212059/https://www.tcd.ie/media/tcd/calendar/undergraduate-studies/college-charges.pdf,Trinity College Dublin,"Calendar 2025-26, College Charges",2025/26 (Calendar 2025-26; printed before Budget 2026),2026-09-29,"General regulations, liability of students eligible for tuition fee remission","Students eligible for the Government’s tuition fee remission scheme will be liable for the student contribution fee (€3,000 in 2025) (which may be paid in three instalments), and the Student Levies and Charges (SLC) which consist of the student sports development charge, the A.M.L.É. (formerly U.S.I.) membership fee (optional), the Commencements fee, and the student space and centre levy (which mu [...]",yes,curl (Wayback id_) + pypdf text
IRL-TCD-P03-IRL-06,IRL-TCD,compulsory_fees,https://www.tcd.ie/academicregistry/fees-and-payments/budget/,"Trinity College Dublin, Academic Registry",Budget 2026,2025/26 (page 'Updated 17 November 2025'),2026-09-29,Page body,"Following Budget 2026 , the Government announced a permanent reduction of €500 on Student Contribution Fee. Under the HEA free fees scheme eligible students are liable for the SCF (student contribution fee) only. Students records will be updated shortly.",no,curl (HTML stripped to text)
IRL-UCD-P03-IRL-01,IRL-UCD,tuition,https://hea.ie/funding-governance-performance/funding/student-finance/course-fees/,Higher Education Authority (HEA),Free Fees Initiative,"2025/26 (live page, contribution figure labelled 2025/26 academic year)",2026-09-29,"Free Fees Initiative section, opening paragraphs","Tuition fees may be paid in respect of full-time undergraduate students undertaking approved courses in eligible institutions. [...] Please note, students who are eligible for the Free Fees Initiative are required to pay a student contribution charge of €2,500 per year (2025/26 academic year).",no,curl (HTML stripped to text)
IRL-UCD-P03-IRL-02,IRL-UCD,regime,https://web.archive.org/web/20251008092059/https://www.gov.ie/en/department-of-further-and-higher-education-research-innovation-and-science/press-releases/minister-lawless-announces-first-ever-permanent-cut-to-student-contribution-fee-major-increase-in-susi-grants-and-the-income-threshold-and-record-investment-in-apprenticeships/,"Department of Further and Higher Education, Research, Innovation and Science (gov.ie)","Minister Lawless announces first-ever permanent cut to student contribution fee, major increase in SUSI grants and the income threshold, and record investment in apprenticeships",Budget 2026 (announced 7 October 2025); academic year of application not stated in this release,2026-09-29,"Wayback capture 20251008092059, 'Supporting Students and Families' list (live gov.ie returned HTTP 403 CloudFront block to curl)",Permanent €500 reduction in the student contribution fee – the first permanent reduction since free fees were introduced in 1995.,no,"curl (Wayback id_ raw capture, HTML stripped to text)"
IRL-UCD-P03-IRL-03,IRL-UCD,regime,https://www.universityofgalway.ie/student-fees/budget-2024/,"University of Galway, Student Fees",Budget 2025/26 - University of Galway,2025/26,2026-09-29,"Page body, heading 'Changes to Student Contribution as part of Budget 2026. 2025/26 AY'","Changes to Student Contribution as part of Budget 2026. 2025/26 AY From 1st January 2026, the annual student contribution charge will fall from €3,000 to €2,500, applying to the current academic year for all eligible students on a permanent basis as per the update in Budget 2026 on Tuesday, 7th October 2025.",no,curl (HTML stripped to text)
IRL-UCD-P03-IRL-04,IRL-UCD,compulsory_fees,https://web.archive.org/web/20260114201346/https://www.ucd.ie/students/fees/studentcontribution/,"University College Dublin, UCD Registry",Student Contribution - UCD Current Students,2025/26,2026-09-29,Student Contribution and Student Centre Levy charges; Budget 2026 paragraph,"In accordance with the Budget 2026 announcement, the Government has decided to make a permanent reduction of €500 towards the Student Contribution Charge paid by each Free Fees eligible student in the academic year 2025/26. Student records have been updated accordingly.",no,"curl (Wayback id_ raw capture 20260114201346, HTML stripped to text); live page returned HTTP 403 to curl"
IRL-UCD-P03-IRL-05,IRL-UCD,compulsory_fees,https://web.archive.org/web/20260114201346/https://www.ucd.ie/students/fees/studentcontribution/,"University College Dublin, UCD Registry",Student Contribution - UCD Current Students,2025/26,2026-09-29,Student Centre Levy section,"All students are also liable for the Student Centre Levy. This levy is €254 in 2025/26. See below for more about how the levy is used to fund student supports and facilities. The combined payment of Student Contribution Charge and Student Centre Levy for 2025/26 is €2,754 .",no,"curl (Wayback id_ raw capture 20260114201346, HTML stripped to text)"
IRL-UCD-P03-IRL-06,IRL-UCD,compulsory_fees,https://web.archive.org/web/20250916183238/https://www.ucd.ie/students/fees/studentcontribution/,"University College Dublin, UCD Registry",Student Contribution - UCD Current Students,"2025/26 (page 'Updated 15 August 2025', before Budget 2026)",2026-09-29,Student Contribution 2025/26 section,"The Student Contribution for undergraduate students who qualify for ‘free fees’ is €3,000 in 2025/26 All students who benefit from ‘ free fees ’ must pay this charge",no,"curl (Wayback id_ raw capture 20250916183238, gunzip, HTML stripped to text)"
IRL-UCD-P03-IRL-07,IRL-UCD,tuition,https://web.archive.org/web/20250916183238/https://www.ucd.ie/students/fees/studentcontribution/,"University College Dublin, UCD Registry",Student Contribution - UCD Current Students,2025/26,2026-09-29,Student Contribution 2025/26 section,If you are eligible under the Higher Education Free Fees scheme you will have to pay the Student Contribution; the 'free fees' scheme will pay the other element of the published programme fee.,no,"curl (Wayback id_ raw capture 20250916183238, gunzip, HTML stripped to text)"
IRL-GALWAY-P03-IRL-01,IRL-GALWAY,tuition,https://hea.ie/funding-governance-performance/funding/student-finance/course-fees/,Higher Education Authority (HEA),Free Fees Initiative,"2025/26 (live page, contribution figure labelled 2025/26 academic year)",2026-09-29,"Free Fees Initiative section, opening paragraphs","Tuition fees may be paid in respect of full-time undergraduate students undertaking approved courses in eligible institutions. [...] Please note, students who are eligible for the Free Fees Initiative are required to pay a student contribution charge of €2,500 per year (2025/26 academic year).",no,curl (HTML stripped to text)
IRL-GALWAY-P03-IRL-02,IRL-GALWAY,regime,https://web.archive.org/web/20251008092059/https://www.gov.ie/en/department-of-further-and-higher-education-research-innovation-and-science/press-releases/minister-lawless-announces-first-ever-permanent-cut-to-student-contribution-fee-major-increase-in-susi-grants-and-the-income-threshold-and-record-investment-in-apprenticeships/,"Department of Further and Higher Education, Research, Innovation and Science (gov.ie)","Minister Lawless announces first-ever permanent cut to student contribution fee, major increase in SUSI grants and the income threshold, and record investment in apprenticeships",Budget 2026 (announced 7 October 2025); academic year of application not stated in this release,2026-09-29,"Wayback capture 20251008092059, 'Supporting Students and Families' list (live gov.ie returned HTTP 403 CloudFront block to curl)",Permanent €500 reduction in the student contribution fee – the first permanent reduction since free fees were introduced in 1995.,no,"curl (Wayback id_ raw capture, HTML stripped to text)"
IRL-GALWAY-P03-IRL-03,IRL-GALWAY,regime,https://www.universityofgalway.ie/student-fees/budget-2024/,"University of Galway, Student Fees",Budget 2025/26 - University of Galway,2025/26,2026-09-29,"Page body, heading 'Changes to Student Contribution as part of Budget 2026. 2025/26 AY'","Changes to Student Contribution as part of Budget 2026. 2025/26 AY From 1st January 2026, the annual student contribution charge will fall from €3,000 to €2,500, applying to the current academic year for all eligible students on a permanent basis as per the update in Budget 2026 on Tuesday, 7th October 2025.",no,curl (HTML stripped to text)
IRL-GALWAY-P03-IRL-04,IRL-GALWAY,compulsory_fees,https://web.archive.org/web/20260119051804/https://www.universityofgalway.ie/student-fees/faqs/,"University of Galway, Student Fees",Frequently Asked Questions about Fees,2025/26,2026-09-29,FAQ 'What is the student contribution charge and do I have to pay it?',"The student contribution charge (SCC) is €2,500 in 2025/26. It covers costs associated with student services, examinations, admissions, registration, fees administration and student records. It is payable by all EU students eligible for the free fee initiative .",no,"curl (Wayback id_ raw capture 20260119051804, HTML stripped to text)"
IRL-GALWAY-P03-IRL-05,IRL-GALWAY,compulsory_fees,https://web.archive.org/web/20260119051804/https://www.universityofgalway.ie/student-fees/faqs/,"University of Galway, Student Fees",Frequently Asked Questions about Fees,2025/26,2026-09-29,FAQ 'What is the student levy and do I have to pay it?',All full time undergraduate programmes contain three elements (1) tuition; (2) student contribution charge; and (3) student levy. The student levy (€140 in 2025/26) is payable by all students and is not covered by SUSI or any other funding body.,no,"curl (Wayback id_ raw capture 20260119051804, HTML stripped to text)"
IRL-GALWAY-P03-IRL-06,IRL-GALWAY,compulsory_fees,https://web.archive.org/web/20260119051804/https://www.universityofgalway.ie/student-fees/faqs/,"University of Galway, Student Fees",Frequently Asked Questions about Fees,2025/26,2026-09-29,"FAQ on payment dates, undergraduate students","If you are eligible for free fees but not a grant you pay €2,640 on registration or €1,390 on registration or by 31st of October and €1,250 by 31st of January.",no,"curl (Wayback id_ raw capture 20260119051804, HTML stripped to text)"
IRL-UCC-P03-IRL-01,IRL-UCC,tuition,https://hea.ie/funding-governance-performance/funding/student-finance/course-fees/,Higher Education Authority (HEA),Free Fees Initiative,"2025/26 (live page, contribution figure labelled 2025/26 academic year)",2026-09-29,"Free Fees Initiative section, opening paragraphs","Tuition fees may be paid in respect of full-time undergraduate students undertaking approved courses in eligible institutions. [...] Please note, students who are eligible for the Free Fees Initiative are required to pay a student contribution charge of €2,500 per year (2025/26 academic year).",no,curl (HTML stripped to text)
IRL-UCC-P03-IRL-02,IRL-UCC,regime,https://web.archive.org/web/20251008092059/https://www.gov.ie/en/department-of-further-and-higher-education-research-innovation-and-science/press-releases/minister-lawless-announces-first-ever-permanent-cut-to-student-contribution-fee-major-increase-in-susi-grants-and-the-income-threshold-and-record-investment-in-apprenticeships/,"Department of Further and Higher Education, Research, Innovation and Science (gov.ie)","Minister Lawless announces first-ever permanent cut to student contribution fee, major increase in SUSI grants and the income threshold, and record investment in apprenticeships",Budget 2026 (announced 7 October 2025); academic year of application not stated in this release,2026-09-29,"Wayback capture 20251008092059, 'Supporting Students and Families' list (live gov.ie returned HTTP 403 CloudFront block to curl)",Permanent €500 reduction in the student contribution fee – the first permanent reduction since free fees were introduced in 1995.,no,"curl (Wayback id_ raw capture, HTML stripped to text)"
IRL-UCC-P03-IRL-03,IRL-UCC,regime,https://www.universityofgalway.ie/student-fees/budget-2024/,"University of Galway, Student Fees",Budget 2025/26 - University of Galway,2025/26,2026-09-29,"Page body, heading 'Changes to Student Contribution as part of Budget 2026. 2025/26 AY'","Changes to Student Contribution as part of Budget 2026. 2025/26 AY From 1st January 2026, the annual student contribution charge will fall from €3,000 to €2,500, applying to the current academic year for all eligible students on a permanent basis as per the update in Budget 2026 on Tuesday, 7th October 2025.",no,curl (HTML stripped to text)
IRL-UCC-P03-IRL-04,IRL-UCC,compulsory_fees,https://web.archive.org/web/20260124062803/https://www.ucc.ie/en/financeoffice/fees/schedules/euundergraduatefees202526/,"University College Cork, Finance Office",EU Undergraduate Fees 2025/26 (Overview of Programme and Course Fees 2025/26),2025/26,2026-09-29,Overview table rows Fee 1 and Fee 2 (Wayback capture 20260124062803; live URL now 404),"Charge Type: Charge Type Explanation: Cost 2025/26: Fee 1: Student Capitation Payable by all students €207 Fee 2: Student Contribution Payable by all students This element may be funded or partially funded by Student Universal Support Ireland (SUSI) Where SUSI does not pay in full the Student Contribution, the student is liable for the balance of the fee €3,000",no,"curl (Wayback id_ raw capture, HTML stripped to text; table cells flattened)"
IRL-UCC-P03-IRL-05,IRL-UCC,compulsory_fees,https://web.archive.org/web/20260124062803/https://www.ucc.ie/en/financeoffice/fees/schedules/euundergraduatefees202526/,"University College Cork, Finance Office",EU Undergraduate Fees 2025/26,2025/26,2026-09-29,Payment example below the overview table,"This following example of paying fees is based on overall fee of €3,207 for the academic year: First instalment: €1,707 payable when registering online Second instalment: €1,500 payable online, on or before 31 January 2026",no,"curl (Wayback id_ raw capture, HTML stripped to text)"
IRL-UCC-P03-IRL-06,IRL-UCC,tuition,https://web.archive.org/web/20260124062803/https://www.ucc.ie/en/financeoffice/fees/schedules/euundergraduatefees202526/,"University College Cork, Finance Office",EU Undergraduate Fees 2025/26,2025/26,2026-09-29,Overview table row Fee 3,Fee 3: EU Tuition Fee Under the terms of the HEA - Free Fees Initiative (FFI) the Higher Education Authority (HEA) will pay the EU Tuition Fee to UCC on behalf of the student except in the case of students not meeting the criteria of this initiative.,no,"curl (Wayback id_ raw capture, HTML stripped to text)"
IRL-UCC-P03-IRL-07,IRL-UCC,regime,https://web.archive.org/web/20251016103709/https://www.ucc.ie/en/financeoffice/fees/late-fees/,"University College Cork, Finance Office",Late Fee Payment Appeals Process (site banner),2025/26,2026-09-29,Banner 'Budget 2026' (Wayback capture 20251016103709),Budget 2026 Further updates regarding the Student Contribution Reduction announced in the Budget 2026 will be published on this page in due course.,no,"curl (Wayback id_ raw capture, HTML stripped to text)"
IRL-UL-P03-IRL-01,IRL-UL,tuition,https://hea.ie/funding-governance-performance/funding/student-finance/course-fees/,Higher Education Authority (HEA),Free Fees Initiative,"2025/26 (live page, contribution figure labelled 2025/26 academic year)",2026-09-29,"Free Fees Initiative section, opening paragraphs","Tuition fees may be paid in respect of full-time undergraduate students undertaking approved courses in eligible institutions. [...] Please note, students who are eligible for the Free Fees Initiative are required to pay a student contribution charge of €2,500 per year (2025/26 academic year).",no,curl (HTML stripped to text)
IRL-UL-P03-IRL-02,IRL-UL,regime,https://web.archive.org/web/20251008092059/https://www.gov.ie/en/department-of-further-and-higher-education-research-innovation-and-science/press-releases/minister-lawless-announces-first-ever-permanent-cut-to-student-contribution-fee-major-increase-in-susi-grants-and-the-income-threshold-and-record-investment-in-apprenticeships/,"Department of Further and Higher Education, Research, Innovation and Science (gov.ie)","Minister Lawless announces first-ever permanent cut to student contribution fee, major increase in SUSI grants and the income threshold, and record investment in apprenticeships",Budget 2026 (announced 7 October 2025); academic year of application not stated in this release,2026-09-29,"Wayback capture 20251008092059, 'Supporting Students and Families' list (live gov.ie returned HTTP 403 CloudFront block to curl)",Permanent €500 reduction in the student contribution fee – the first permanent reduction since free fees were introduced in 1995.,no,"curl (Wayback id_ raw capture, HTML stripped to text)"
IRL-UL-P03-IRL-03,IRL-UL,regime,https://www.universityofgalway.ie/student-fees/budget-2024/,"University of Galway, Student Fees",Budget 2025/26 - University of Galway,2025/26,2026-09-29,"Page body, heading 'Changes to Student Contribution as part of Budget 2026. 2025/26 AY'","Changes to Student Contribution as part of Budget 2026. 2025/26 AY From 1st January 2026, the annual student contribution charge will fall from €3,000 to €2,500, applying to the current academic year for all eligible students on a permanent basis as per the update in Budget 2026 on Tuesday, 7th October 2025.",no,curl (HTML stripped to text)
IRL-UL-P03-IRL-04,IRL-UL,compulsory_fees,https://www.ul.ie/fees/course-fees/undergraduate-fees/undergraduate-fees-2025-2026,"University of Limerick, Student Fees and Funding",Undergraduate fees 2025-2026,2025/26,2026-09-29,Page introduction and full-time fee table header,"The fees listed cover where applicable, tuition fee, student contribution and student levy (€102 for Academic Year 2025/26). [...] Full-time fees 2025 - 2026 * includes student levy fee of €102",no,curl (HTML stripped to text)
IRL-UL-P03-IRL-05,IRL-UL,compulsory_fees,https://www.ul.ie/fees/fee-policy/student-contribution-fee-and-student-levy,"University of Limerick, Student Fees and Funding",Student Contribution Fee and Student Levy,2025/26 (live undated page; contribution figure pre-Budget 2026),2026-09-29,Sections 'Student Contribution Fee 2025/26' and 'Student levy',"The Student Contribution for undergraduate students who qualify for ‘free fees’ is €3,000 in 2025/26 All students who benefit from ‘free fees’ must pay this charge Student levy All students are also liable for the Student Levy. This levy is €102 in 2025/26.",no,curl (HTML stripped to text)
IRL-UL-P03-IRL-06,IRL-UL,correction,https://www.limerickpost.ie/2023/03/28/university-of-limerick-students-to-pay-student-centre-levy-until-2040/,Limerick Post (newspaper; secondary source),University of Limerick students to pay student centre levy until 2040,2022/23 (article dated 28 March 2023),2026-09-29,"Article body, third paragraph","Students agreed in a 2016 vote to co-fund the project by way of a levy each semester, which currently stands at €98 per semester, rising in €2 increments each year.",no,curl (HTML stripped to text)
NLD-TUD-P03-NLD-01,NLD-TUD,tuition,https://zoek.officielebekendmakingen.nl/stcrt-2025-19815.html,Staatscourant (officielebekendmakingen.nl),"Staatscourant 2025, 19815: Regeling van de Minister van OCW van 28 mei 2025, nr. 52598259 (amending Regeling financien hoger onderwijs; statutory fee for 2026-2027), Artikel I, onderdeel B (new Artikel 9 Bedragen wettelijk collegegeld)",studiejaar 2025-2026 (column Studiejaar 2025-2026; the same table sets 2026-2027),2026-09-29,"Artikel I, B, Artikel 9 table, row Volledig wettelijk collegegeld","Vorm wettelijk collegegeld Studiejaar 2025–2026 Studiejaar 2026–2027 Volledig wettelijk collegegeld, bedoeld in artikel 2.2, eerste lid, van het besluit € 2.601 € 2.695",no,curl + HTML-to-text (whitespace normalised); original Dutch
NLD-TUD-P03-NLD-02,NLD-TUD,regime,https://zoek.officielebekendmakingen.nl/stb-2023-180.html,Staatsblad (officielebekendmakingen.nl),"Staatsblad 2023, 180: Besluit van 25 mei 2023 tot wijziging van het Uitvoeringsbesluit WHW 2008 in verband met het vervallen van de aanspraak van eerstejaarsstudenten in het hoger onderwijs ... op het verlaagd wettelijk collegegeld",in force from 1 September 2024,2026-09-29,"Artikel I, A and Artikel II","Hoofdstuk 2, afdeling 2, paragraaf 3 vervalt. [...] ARTIKEL II. INWERKINGTREDING Dit besluit treedt in werking met ingang van 1 september 2024.",no,curl + HTML-to-text (whitespace normalised); original Dutch
NLD-TUD-P03-NLD-03,NLD-TUD,tuition,https://filelist.tudelft.nl/TUDelft/Over_TU_Delft/Organisatie/regelingen/Studenten%20en%20onderwijs/Inschrijving%20en%20Collegeld%202025%20website.pdf,Technische Universiteit Delft,"Regeling Inschrijving en Collegegeld, Versie 2025-2026-1",studiejaar 2025/2026,2026-09-29,Article 07 (Collegegeld bachelor- en masteropleidingen studiejaar 2025/2026),"07 De collegegelden (op jaarbasis) voor het studiejaar 2025/2026 zijn als volgt: - wettelijk collegegeld voor voltijdstudenten: € 2.601,00",no,curl + pdftotext -layout -enc UTF-8; original Dutch
NLD-TUE-P03-NLD-01,NLD-TUE,tuition,https://zoek.officielebekendmakingen.nl/stcrt-2025-19815.html,Staatscourant (officielebekendmakingen.nl),"Staatscourant 2025, 19815: Regeling van de Minister van OCW van 28 mei 2025, nr. 52598259 (amending Regeling financien hoger onderwijs; statutory fee for 2026-2027), Artikel I, onderdeel B (new Artikel 9 Bedragen wettelijk collegegeld)",studiejaar 2025-2026 (column Studiejaar 2025-2026; the same table sets 2026-2027),2026-09-29,"Artikel I, B, Artikel 9 table, row Volledig wettelijk collegegeld","Vorm wettelijk collegegeld Studiejaar 2025–2026 Studiejaar 2026–2027 Volledig wettelijk collegegeld, bedoeld in artikel 2.2, eerste lid, van het besluit € 2.601 € 2.695",no,curl + HTML-to-text (whitespace normalised); original Dutch
NLD-TUE-P03-NLD-02,NLD-TUE,regime,https://zoek.officielebekendmakingen.nl/stb-2023-180.html,Staatsblad (officielebekendmakingen.nl),"Staatsblad 2023, 180: Besluit van 25 mei 2023 tot wijziging van het Uitvoeringsbesluit WHW 2008 in verband met het vervallen van de aanspraak van eerstejaarsstudenten in het hoger onderwijs ... op het verlaagd wettelijk collegegeld",in force from 1 September 2024,2026-09-29,"Artikel I, A and Artikel II","Hoofdstuk 2, afdeling 2, paragraaf 3 vervalt. [...] ARTIKEL II. INWERKINGTREDING Dit besluit treedt in werking met ingang van 1 september 2024.",no,curl + HTML-to-text (whitespace normalised); original Dutch
NLD-TUE-P03-NLD-03,NLD-TUE,tuition,https://assets.w3.tue.nl/w/fileadmin/Education_Guide/Content/Praktische%20zaken/Studentenadministratie/Student%20statute/Studentenstatuut%202025-2026%20NED.pdf,Technische Universiteit Eindhoven,Studentenstatuut TU/e Instellingsdeel 2025-2026 (vastgesteld door het College van Bestuur op 26 juni 2025),studiejaar 2025-2026,2026-09-29,"Section 3.3.2 'College- en examengeld 2025-2026', row A (columns TU/e 2025-2026 | JADS 2025-2026)","A. Bachelor en master studenten € 2.601,- € 2.601,- die voldoen aan de nationaliteitsvoorwaarde (EER) en diploma voorwaarden",no,curl + pdftotext -layout -enc UTF-8 (table columns interleaved in extraction); original Dutch
NLD-TUE-P03-NLD-04,NLD-TUE,compulsory_fees,https://assets.w3.tue.nl/w/fileadmin/Education_Guide/Content/Praktische%20zaken/Studentenadministratie/Student%20statute/Studentenstatuut%202025-2026%20NED.pdf,Technische Universiteit Eindhoven,Studentenstatuut TU/e Instellingsdeel 2025-2026,studiejaar 2025-2026,2026-09-29,Section 3.3 (text following the payment dates list),De inschrijving mag niet afhankelijk worden gesteld van een andere geldelijke bijdrage dan de in de WHW genoemde of op basis van de WHW vastgestelde college- of examengelden.,no,curl + pdftotext -layout -enc UTF-8; original Dutch
NLD-RUG-P03-NLD-01,NLD-RUG,tuition,https://zoek.officielebekendmakingen.nl/stcrt-2025-19815.html,Staatscourant (officielebekendmakingen.nl),"Staatscourant 2025, 19815: Regeling van de Minister van OCW van 28 mei 2025, nr. 52598259 (amending Regeling financien hoger onderwijs; statutory fee for 2026-2027), Artikel I, onderdeel B (new Artikel 9 Bedragen wettelijk collegegeld)",studiejaar 2025-2026 (column Studiejaar 2025-2026; the same table sets 2026-2027),2026-09-29,"Artikel I, B, Artikel 9 table, row Volledig wettelijk collegegeld","Vorm wettelijk collegegeld Studiejaar 2025–2026 Studiejaar 2026–2027 Volledig wettelijk collegegeld, bedoeld in artikel 2.2, eerste lid, van het besluit € 2.601 € 2.695",no,curl + HTML-to-text (whitespace normalised); original Dutch
NLD-RUG-P03-NLD-02,NLD-RUG,regime,https://zoek.officielebekendmakingen.nl/stb-2023-180.html,Staatsblad (officielebekendmakingen.nl),"Staatsblad 2023, 180: Besluit van 25 mei 2023 tot wijziging van het Uitvoeringsbesluit WHW 2008 in verband met het vervallen van de aanspraak van eerstejaarsstudenten in het hoger onderwijs ... op het verlaagd wettelijk collegegeld",in force from 1 September 2024,2026-09-29,"Artikel I, A and Artikel II","Hoofdstuk 2, afdeling 2, paragraaf 3 vervalt. [...] ARTIKEL II. INWERKINGTREDING Dit besluit treedt in werking met ingang van 1 september 2024.",no,curl + HTML-to-text (whitespace normalised); original Dutch
NLD-RUG-P03-NLD-03,NLD-RUG,tuition,https://www.rug.nl/about-ug/organization/rules-and-regulations/general/ric-2025-2026-nl-def.pdf,Rijksuniversiteit Groningen,Regeling Inschrijving en Collegegeld Rijksuniversiteit Groningen studiejaar 2025-2026 (vastgesteld 3 december 2024),studiejaar 2025-2026,2026-09-29,"Hoofdstuk 4, Artikel 11 Tarief wettelijk collegegeld, leden 1-3","Artikel 11. Tarief wettelijk collegegeld. 1. Bij inschrijving voor een voltijdse opleiding bedraagt het wettelijk collegegeld € 2.601,-. 2. Bij inschrijving voor een deeltijdse of duale opleiding bedraagt het wettelijk collegegeld € 1.914,-. 3. Bij inschrijving voor de opleiding Liberal Arts and Sciences (University College Groningen) en Global Responsibility and Leadership (University College Fry [...]",yes,curl + pdftotext -layout -enc UTF-8; original Dutch
NLD-UVA-P03-NLD-01,NLD-UVA,tuition,https://zoek.officielebekendmakingen.nl/stcrt-2025-19815.html,Staatscourant (officielebekendmakingen.nl),"Staatscourant 2025, 19815: Regeling van de Minister van OCW van 28 mei 2025, nr. 52598259 (amending Regeling financien hoger onderwijs; statutory fee for 2026-2027), Artikel I, onderdeel B (new Artikel 9 Bedragen wettelijk collegegeld)",studiejaar 2025-2026 (column Studiejaar 2025-2026; the same table sets 2026-2027),2026-09-29,"Artikel I, B, Artikel 9 table, row Volledig wettelijk collegegeld","Vorm wettelijk collegegeld Studiejaar 2025–2026 Studiejaar 2026–2027 Volledig wettelijk collegegeld, bedoeld in artikel 2.2, eerste lid, van het besluit € 2.601 € 2.695",no,curl + HTML-to-text (whitespace normalised); original Dutch
NLD-UVA-P03-NLD-02,NLD-UVA,regime,https://zoek.officielebekendmakingen.nl/stb-2023-180.html,Staatsblad (officielebekendmakingen.nl),"Staatsblad 2023, 180: Besluit van 25 mei 2023 tot wijziging van het Uitvoeringsbesluit WHW 2008 in verband met het vervallen van de aanspraak van eerstejaarsstudenten in het hoger onderwijs ... op het verlaagd wettelijk collegegeld",in force from 1 September 2024,2026-09-29,"Artikel I, A and Artikel II","Hoofdstuk 2, afdeling 2, paragraaf 3 vervalt. [...] ARTIKEL II. INWERKINGTREDING Dit besluit treedt in werking met ingang van 1 september 2024.",no,curl + HTML-to-text (whitespace normalised); original Dutch
NLD-UVA-P03-NLD-03,NLD-UVA,tuition,https://www.uva.nl/binaries/content/assets/uva/nl/over-de-uva/over-de-uva/regelingen-en-regelementen/onderwijs/studentenstatuut-en-isb/isb-25-26-nl-3.pdf,Universiteit van Amsterdam,"Inschrijvingsbesluit Universiteit van Amsterdam 2025-2026 (besluitnummer 2024-100726, 10 september 2024)",studiejaar 2025-2026,2026-09-29,"Hoofdstuk 3, Artikel 14 Collegegeldtarieven, lid 1","1 Voor het studiejaar 2025-2026 gelden de volgende wettelijke collegegeldtarieven: a. volledig wettelijk collegegeld € 2601,-; b. gedeeltelijk wettelijk collegegeld € 2216,-; c. volledig wettelijk collegegeld opleidingen kleinschalig en intensief Liberal Arts and Sciences € 5400,- en PPLE € 5460,-.",no,curl + pdftotext -layout -enc UTF-8; original Dutch
NLD-LEI-P03-NLD-01,NLD-LEI,tuition,https://zoek.officielebekendmakingen.nl/stcrt-2025-19815.html,Staatscourant (officielebekendmakingen.nl),"Staatscourant 2025, 19815: Regeling van de Minister van OCW van 28 mei 2025, nr. 52598259 (amending Regeling financien hoger onderwijs; statutory fee for 2026-2027), Artikel I, onderdeel B (new Artikel 9 Bedragen wettelijk collegegeld)",studiejaar 2025-2026 (column Studiejaar 2025-2026; the same table sets 2026-2027),2026-09-29,"Artikel I, B, Artikel 9 table, row Volledig wettelijk collegegeld","Vorm wettelijk collegegeld Studiejaar 2025–2026 Studiejaar 2026–2027 Volledig wettelijk collegegeld, bedoeld in artikel 2.2, eerste lid, van het besluit € 2.601 € 2.695",no,curl + HTML-to-text (whitespace normalised); original Dutch
NLD-LEI-P03-NLD-02,NLD-LEI,regime,https://zoek.officielebekendmakingen.nl/stb-2023-180.html,Staatsblad (officielebekendmakingen.nl),"Staatsblad 2023, 180: Besluit van 25 mei 2023 tot wijziging van het Uitvoeringsbesluit WHW 2008 in verband met het vervallen van de aanspraak van eerstejaarsstudenten in het hoger onderwijs ... op het verlaagd wettelijk collegegeld",in force from 1 September 2024,2026-09-29,"Artikel I, A and Artikel II","Hoofdstuk 2, afdeling 2, paragraaf 3 vervalt. [...] ARTIKEL II. INWERKINGTREDING Dit besluit treedt in werking met ingang van 1 september 2024.",no,curl + HTML-to-text (whitespace normalised); original Dutch
NLD-LEI-P03-NLD-03,NLD-LEI,tuition,https://web.archive.org/web/20250611195744/https://www.universiteitleiden.nl/en/education/study-programmes/bachelor/liberal-arts-and-sciences-global-challenges-leiden-university-college/admission-and-application/fees-and-finances,Universiteit Leiden (Leiden University College The Hague),"Leiden University, 'Fees and finances' - Liberal Arts and Sciences: Global Challenges (BA/BSc) - Leiden University College (Wayback capture 11 Jun 2025; live site returned an 'Access Blocked' page to curl, not bypassed)",academic year 2025-2026,2026-09-29,Section 'Fees and Costs' - text on institutional fee,"This additional fee for studying at LUC, called ‘institutional fee’, is €2.892 for the academic year 2025-2026, and needs to be paid by all students on top of the standard tuition fee each year. | If you have multiple nationalities, and if one of them is an EU/EEA nationality, you qualify for the EU/EEA tuition fee. The EU/EEA fee for 2025-2026 is €2.601. The total fee for 2025-2026, if you have a [...]",yes,"curl (Wayback id_ capture, gzip) + HTML-to-text; original English"
NLD-LEI-P03-NLD-04,NLD-LEI,tuition,https://web.archive.org/web/20250611195744/https://www.universiteitleiden.nl/en/education/study-programmes/bachelor/liberal-arts-and-sciences-global-challenges-leiden-university-college/admission-and-application/fees-and-finances,Universiteit Leiden (Leiden University College The Hague),"Leiden University, 'Fees and finances' - Liberal Arts and Sciences: Global Challenges (BA/BSc) - Leiden University College (Wayback capture 11 Jun 2025; live site returned an 'Access Blocked' page to curl, not bypassed)",academic year 2025-2026,2026-09-29,Section 'Fees and Costs' - table 2025-2026 (columns EU/EEA | Non-EU/EEA; cells separated by |),2025-2026 | EU/EEA | Non-EU/EEA | Standard tuition fee* | €2.601 | €17.000 | LUC institutional fee* | €2.892 | €2.892 | Total tuition amount | €5.493 | €19.892,no,"curl (Wayback id_ capture, gzip) + HTML-to-text; original English"
NLD-LEI-P03-NLD-05,NLD-LEI,compulsory_fees,https://web.archive.org/web/20250611195744/https://www.universiteitleiden.nl/en/education/study-programmes/bachelor/liberal-arts-and-sciences-global-challenges-leiden-university-college/admission-and-application/fees-and-finances,Universiteit Leiden (Leiden University College The Hague),"Leiden University, 'Fees and finances' - Liberal Arts and Sciences: Global Challenges (BA/BSc) - Leiden University College (Wayback capture 11 Jun 2025; live site returned an 'Access Blocked' page to curl, not bypassed)",academic year 2025-2026,2026-09-29,Section 'Campus fee',"Campus fee | LUC charges an annual non-refundable campus fee to all students living on campus in the first two years of the programme. This fee is used as a contribution towards the costs of the residential programme, such as the Student Life Officer, Resident Assistants, support staff and facility costs related to the residential areas. The campus fee is charged when you receive an offer of admis [...]",yes,"curl (Wayback id_ capture, gzip) + HTML-to-text; original English"
NLD-LEI-P03-NLD-06,NLD-LEI,tuition,https://web.archive.org/web/20250617193156/https://www.organisatiegids.universiteitleiden.nl/binaries/content/assets/ul2staff/reglementen/onderwijs/regeling-inschrijving-college-en-examengeld-2025-2026.pdf,Universiteit Leiden,"Regeling Inschrijving, College- en Examengeld 2025-2026 (Wayback capture 17 Jun 2025; live file returned an Access Blocked page)",studiejaar 2025-2026,2026-09-29,"Art. 5.2 Vaststelling collegegeld, lid 4","4. Voor Leiden University College wordt een tarief hoger dan het wettelijk collegegeld berekend als bedoeld in artikel 6.7, vierde lid, van de wet.",no,curl (Wayback id_ capture) + pdftotext -layout -enc UTF-8 (line break normalised); original Dutch
NLD-UU-P03-NLD-01,NLD-UU,tuition,https://zoek.officielebekendmakingen.nl/stcrt-2025-19815.html,Staatscourant (officielebekendmakingen.nl),"Staatscourant 2025, 19815: Regeling van de Minister van OCW van 28 mei 2025, nr. 52598259 (amending Regeling financien hoger onderwijs; statutory fee for 2026-2027), Artikel I, onderdeel B (new Artikel 9 Bedragen wettelijk collegegeld)",studiejaar 2025-2026 (column Studiejaar 2025-2026; the same table sets 2026-2027),2026-09-29,"Artikel I, B, Artikel 9 table, row Volledig wettelijk collegegeld","Vorm wettelijk collegegeld Studiejaar 2025–2026 Studiejaar 2026–2027 Volledig wettelijk collegegeld, bedoeld in artikel 2.2, eerste lid, van het besluit € 2.601 € 2.695",no,curl + HTML-to-text (whitespace normalised); original Dutch
NLD-UU-P03-NLD-02,NLD-UU,regime,https://zoek.officielebekendmakingen.nl/stb-2023-180.html,Staatsblad (officielebekendmakingen.nl),"Staatsblad 2023, 180: Besluit van 25 mei 2023 tot wijziging van het Uitvoeringsbesluit WHW 2008 in verband met het vervallen van de aanspraak van eerstejaarsstudenten in het hoger onderwijs ... op het verlaagd wettelijk collegegeld",in force from 1 September 2024,2026-09-29,"Artikel I, A and Artikel II","Hoofdstuk 2, afdeling 2, paragraaf 3 vervalt. [...] ARTIKEL II. INWERKINGTREDING Dit besluit treedt in werking met ingang van 1 september 2024.",no,curl + HTML-to-text (whitespace normalised); original Dutch
NLD-UU-P03-NLD-03,NLD-UU,tuition,https://students.uu.nl/sites/default/files/Regulations%20for%20enrolment%20and%20tuition%20fees%202025-2026%20Engels.pdf,Universiteit Utrecht,"Utrecht University, Regulations for Enrolment and Tuition Fees 2025-2026 (English version; adopted by the Executive Board on 8 October 2024)",academic year 2025-2026,2026-09-29,"Section 4 Tuition fees, A. Amount of tuition fees, para a","a. The following fees (statutory tuition fees): full-time: € 2,601 part-time: € 2,311 dual: € 2,601",no,curl + pdftotext -layout -enc UTF-8; original English (official English version)
NLD-UU-P03-NLD-04,NLD-UU,tuition,https://students.uu.nl/sites/default/files/Regulations%20for%20enrolment%20and%20tuition%20fees%202025-2026%20Engels.pdf,Universiteit Utrecht,"Utrecht University, Regulations for Enrolment and Tuition Fees 2025-2026 (English version; adopted by the Executive Board on 8 October 2024)",academic year 2025-2026,2026-09-29,"Section 4A, para b","b. The statutory tuition fee for a student at University College Utrecht (UCU) who meets the requirements under a, 1 to 4 is: - at University College Utrecht (UCU): € 5.398; - for Philosophy, Politics and Economics (PPE): € 5,202.",no,curl + pdftotext -layout -enc UTF-8; original English
NLD-UU-P03-NLD-05,NLD-UU,tuition,https://students.uu.nl/sites/default/files/Regulations%20for%20enrolment%20and%20tuition%20fees%202025-2026%20Engels.pdf,Universiteit Utrecht,"Utrecht University, Regulations for Enrolment and Tuition Fees 2025-2026 (English version; adopted by the Executive Board on 8 October 2024)",academic year 2025-2026,2026-09-29,"Section 4, J. Collection and Repayment University College Roosevelt","J. Collection and Repayment University College Roosevelt Contrary to that stipulated in these Regulations, University College Roosevelt will set, collect and repay tuition fees for its students.",no,curl + pdftotext -layout -enc UTF-8; original English
NLD-UU-P03-NLD-06,NLD-UU,compulsory_fees,https://web.archive.org/web/20250617235118/https://www.uu.nl/en/organisation/university-college-utrecht/how-to-apply/degree-students/fees-finances-for-degree-students,Universiteit Utrecht / University College Utrecht,UCU 'Fees & Finances' for degree students (Wayback capture 17 Jun 2025),2025-2026,2026-09-29,Table 'Cost Overview 2025 - 2026' (columns EEA | Non-EEA | EEA with Dutch BA/MA degree; cells separated by |),"Cost Overview 2025 - 2026 | EEA | 1 | students, | Switzerland, Suriname | Non-EEA students | EEA with Dutch | BA/MA degree | Tuition fee (paid to UU) | € 5.398 | € 16.484 | € 14.525 | Visa/residence permit | 2 | (Please see below) | € 275 | More information | Campus fees | (Please see below) | € 8.231 | € 8.231 | € 8.231 | UCSA membership | € 100 | € 100 | € 100 | Total per year | € 13.729",no,curl (Wayback id_ capture) + HTML-to-text; original English
NLD-UU-P03-NLD-07,NLD-UU,compulsory_fees,https://web.archive.org/web/20250617235118/https://www.uu.nl/en/organisation/university-college-utrecht/how-to-apply/degree-students/fees-finances-for-degree-students,Universiteit Utrecht / University College Utrecht,UCU 'Fees & Finances' for degree students (Wayback capture 17 Jun 2025),2025-2026,2026-09-29,Section 'Cost Explanation',"Next to the tuition fee, students pay for the University College Student Association (UCSA) membership fee and campus fee for living on campus. The campus fee covers the housing, including campus facilities, water, electricity, Wi-Fi.",no,curl (Wayback id_ capture) + HTML-to-text; original English
NLD-UU-P03-NLD-08,NLD-UU,tuition,https://web.archive.org/web/20250602102125/https://www.ucr.nl/admissions/finance/tuition-fees/,University College Roosevelt,"University College Roosevelt, Tuition fees page (Wayback capture 2 Jun 2025)",2025-2026,2026-09-29,Section 'Tuition fees for European students',"The tuition fee for European students* is set at € 4,845** for the 2025-2026 academic year.",no,curl (Wayback id_ capture) + HTML-to-text; original English
NLD-UU-P03-NLD-09,NLD-UU,compulsory_fees,https://web.archive.org/web/20250602102125/https://www.ucr.nl/admissions/finance/tuition-fees/,University College Roosevelt,"University College Roosevelt, Tuition fees page (Wayback capture 2 Jun 2025)",2025-2026,2026-09-29,Section 'Other expenses to take into account',UCR students are automatically members of the Roosevelt’s All Student Association | (RASA),no,curl (Wayback id_ capture) + HTML-to-text; original English
NLD-EUR-P03-NLD-01,NLD-EUR,tuition,https://zoek.officielebekendmakingen.nl/stcrt-2025-19815.html,Staatscourant (officielebekendmakingen.nl),"Staatscourant 2025, 19815: Regeling van de Minister van OCW van 28 mei 2025, nr. 52598259 (amending Regeling financien hoger onderwijs; statutory fee for 2026-2027), Artikel I, onderdeel B (new Artikel 9 Bedragen wettelijk collegegeld)",studiejaar 2025-2026 (column Studiejaar 2025-2026; the same table sets 2026-2027),2026-09-29,"Artikel I, B, Artikel 9 table, row Volledig wettelijk collegegeld","Vorm wettelijk collegegeld Studiejaar 2025–2026 Studiejaar 2026–2027 Volledig wettelijk collegegeld, bedoeld in artikel 2.2, eerste lid, van het besluit € 2.601 € 2.695",no,curl + HTML-to-text (whitespace normalised); original Dutch
NLD-EUR-P03-NLD-02,NLD-EUR,regime,https://zoek.officielebekendmakingen.nl/stb-2023-180.html,Staatsblad (officielebekendmakingen.nl),"Staatsblad 2023, 180: Besluit van 25 mei 2023 tot wijziging van het Uitvoeringsbesluit WHW 2008 in verband met het vervallen van de aanspraak van eerstejaarsstudenten in het hoger onderwijs ... op het verlaagd wettelijk collegegeld",in force from 1 September 2024,2026-09-29,"Artikel I, A and Artikel II","Hoofdstuk 2, afdeling 2, paragraaf 3 vervalt. [...] ARTIKEL II. INWERKINGTREDING Dit besluit treedt in werking met ingang van 1 september 2024.",no,curl + HTML-to-text (whitespace normalised); original Dutch
NLD-EUR-P03-NLD-03,NLD-EUR,tuition,https://web.archive.org/web/20250303192852/https://www.eur.nl/en/education/practical-matters/registration/tuition-fee/tuition-fee-2025-2026,Erasmus University Rotterdam (eur.nl),Tuition fee 2025-2026 (Wayback capture 3 Mar 2025),2025-2026,2026-09-29,Section 'Statutory tuition fee',"Statutory tuition fee | The statutory tuition fee for 2025-2026 is | € 2.601,- | . | For EUC, an increased statutory fee of | €5.600,- | applies.",no,curl (Wayback id_ capture) + HTML-to-text; original English
NLD-EUR-P03-NLD-04,NLD-EUR,tuition,https://www.eur.nl/en/education/practical-matters/registration/tuition-fee/tuition-fee-2025-2026,Erasmus University Rotterdam (eur.nl),Tuition fee 2025-2026 (live page),2025-2026,2026-09-29,Section 'Statutory tuition fee',"Statutory tuition fee | The statutory tuition fee for 2025-2026 is | € 2.601,- | . | For EUC, an increased statutory fee of | €5.600,- | applies.",no,curl + HTML-to-text; original English
USA-MIT-P03-USA-01,USA-MIT,tuition,https://registrar.mit.edu/sites/default/files/2025-04/tuition_25-26.pdf,MIT Registrar's Office,SCHEDULE OF FEES 2025-2026,2025/26,2026-09-29,"p.4, section '2025-2026 Fall and Spring Terms (2026FA and 2026SP)', Regular Students (per term unless otherwise stated)","Regular Students (per term unless otherwise stated) Tuition Amount ($) Full Tuition (graduate and undergraduate students) 32,155",no,curl + pdftotext -layout
USA-MIT-P03-USA-02,USA-MIT,compulsory_fees,https://registrar.mit.edu/sites/default/files/2025-04/tuition_25-26.pdf,MIT Registrar's Office,SCHEDULE OF FEES 2025-2026,2025/26,2026-09-29,Miscellaneous Fees table (p.13),Student Life Fee (per term) ($) 210,no,curl + pdftotext -layout
USA-HARVARD-P03-USA-01,USA-HARVARD,tuition,https://web.archive.org/web/20251023183832id_/https://registrar.fas.harvard.edu/tuition-and-fees,Harvard FAS Registrar's Office,Tuition and Fees | FAS Registrar's Office,2025/26,2026-09-29,"Harvard College table 'Harvard College Tuition Rates, Academic Year 2025-26' (Wayback capture 2025-10-23)","Harvard College Tuition Rates | Academic Year 2025-26 | Tuition | $59,320 | Health Services | $ | 1,800 | Housing Rate | $13,532 | Student Services | $ | 3,676 | Food Rate | $8,598 | Total | $86,926",no,curl (Wayback id_ raw capture) + HTML tag stripping
USA-HARVARD-P03-USA-02,USA-HARVARD,compulsory_fees,https://web.archive.org/web/20251023183832id_/https://registrar.fas.harvard.edu/tuition-and-fees,Harvard FAS Registrar's Office,Tuition and Fees | FAS Registrar's Office,2025/26,2026-09-29,"same table, Health Services and Student Services rows","Health Services | $ | 1,800 | ... | Student Services | $ | 3,676",no,curl (Wayback id_ raw capture) + HTML tag stripping
USA-HARVARD-P03-USA-03,USA-HARVARD,tuition,https://oira.harvard.edu/files/2026/01/col_tuition_Fact-Book-2025-26.pdf,Harvard Office of Institutional Research and Analytics,Harvard College Tuition and Fees FY2017-FY2026,FY2026 (= AY 2025/26); FY2024 row = AY 2023/24,2026-09-29,"single-page table, rows 2026 and 2024; 'Source: Harvard College website. As of each Fall.'","2026 $59,320 $1,800 $8,598 $13,532 $3,676 $86,926 ... 2024 $54,269 $1,408 $7,950 $12,424 $3,399",no,curl + pdftotext -layout (row order reconstructed from column layout; Total column misaligned in text extraction)
USA-STANFORD-P03-USA-01,USA-STANFORD,tuition,https://studentservices.stanford.edu/tuition-rates/2025-2026-undergraduate-tuition-rates,Stanford University Student Services,2025-2026 Undergraduate Tuition Rates,2025/26,2026-09-29,"Undergraduate Tuition, Full-time enrollment row","Tuition rates for the academic year 2025-26 (Autumn, Winter, Spring, Summer) | Full-time enrollment | $22,577 per quarter | ( | full-time enrollment is 12-20 units per quarter)",no,curl + HTML tag stripping
USA-STANFORD-P03-USA-02,USA-STANFORD,compulsory_fees,https://studentservices.stanford.edu/my-finances/tuition-fees/non-tuition-charges-fees/2025-2026-non-tuition-charges-fees,Stanford University Student Services,2025-2026 Non-Tuition Charges & Fees,2025/26,2026-09-29,table row 'Campus Health Service Fee',Campus Health Service Fee | Quarterly | $271 | Required for all students living in the 9-county Bay Area,no,curl + HTML tag stripping
USA-STANFORD-P03-USA-03,USA-STANFORD,compulsory_fees,https://studentservices.stanford.edu/my-finances/tuition-fees/non-tuition-charges-fees/2025-2026-non-tuition-charges-fees,Stanford University Student Services,2025-2026 Non-Tuition Charges & Fees,2025/26,2026-09-29,rows for excluded charges,Technology Fee | Quarterly | $95 | Undergraduate: | Housing Rates and Billing Information | ... Mail Service Fee | Quarterly | $42* | Mandatory fee for students living in campus housing. | ... ASSU Student Activities Fee | Quarterly | $240 | or | $63 | $240 Undergraduate | ... Document Fee | One-time | $250 | Mandatory fee assessed once upon first admission to Stanford. | ... New Student Orientati [...],yes,curl + HTML tag stripping
USA-UCB-P03-USA-01,USA-UCB,tuition,https://www.ucop.edu/operating-budget/_files/fees/202526/2025-26.pdf,University of California Office of the President,UNIVERSITY OF CALIFORNIA 2025-26 TUITION AND FEE LEVELS,2025/26,2026-09-29,"p.1, MANDATORY SYSTEMWIDE CHARGES: ANNUAL, Tuition / Undergraduate and Student Services Fee / Undergraduate rows","Tuition Undergraduate (UG) UG Cohort First Enrolled in AY 2025-26 $13,602 ... Student Services Fee Undergraduate UG Cohort First Enrolled in AY 2025-26 $1,332",no,curl + pymupdf word positions (pdftotext -layout misaligns rows)
USA-UCB-P03-USA-02,USA-UCB,compulsory_fees,https://registrar.berkeley.edu/wp-content/uploads/Fee-Schedule-2025-2026-v.3.pdf,UC Berkeley Office of the Registrar,"Fee Schedule 2025-2026 (v.3), linked from the Fee Schedule Archive page",2025/26 (per semester),2026-09-29,"Undergraduate 2025-26 Cohort table, Resident column","Undergraduate 2025-26 Cohort Item Resident Non-Resident Tuition $6,801.00 $6,801.00 Student Services Fee $666.00 $666.00 Campus Fee $902.75 $902.75 Transit Fee $229.00 $229.00 Non-Resident Supplemental Tuition $18,801.00 Instructional Resilience Fee $141.00 $141.00 Health Insurance $2,429.00 $2,429.00 Continuing Student Total $11,168.75 $29,969.75 Document Management Fee $241.00 $241.00 New Studen [...]",yes,curl + pymupdf word positions (pdftotext -layout misaligns rows)
USA-UCB-P03-USA-03,USA-UCB,regime,https://www.ucop.edu/operating-budget/_files/fees/202526/2025-26.pdf,University of California Office of the President,UNIVERSITY OF CALIFORNIA 2025-26 TUITION AND FEE LEVELS,2025/26,2026-09-29,"p.1, MANDATORY SYSTEMWIDE CHARGES: PER TERM, 2025-26, Semester columns","UG Cohort First Enrolled in AY 2025-26 $4,534 $4,534 $4,534 $6,801 $6,801",no,curl + pymupdf word positions
USA-UCHICAGO-P03-USA-01,USA-UCHICAGO,tuition,https://bursar.uchicago.edu/en/tuition-and-fees/tuition-and-fees-2025-26/tuition-and-fees-2025-26-college,University of Chicago Office of the Bursar,Tuition and Fees 2025-26 College,2025/26,2026-09-29,"Autumn, Winter and Spring Quarters, 'Tuition - Bachelors' table","Autumn, Winter and Spring Quarters | Tuition - Bachelors | Type of enrollment | Flat Rate (US$) | College (Flat-Rate) | 23,775",no,curl + HTML tag stripping
USA-UCHICAGO-P03-USA-02,USA-UCHICAGO,compulsory_fees,https://bursar.uchicago.edu/en/tuition-and-fees/tuition-and-fees-2025-26/tuition-and-fees-2025-26-college,University of Chicago Office of the Bursar,Tuition and Fees 2025-26 College,2025/26,2026-09-29,'Quarterly Fees' table,Quarterly Fees | Fee Type | Per Quarter (US$) | College | Student Services Fee | Enrolled Students All Quarters | 541 | College | U-Pass | Fee | 106 | College Class Fee | 232 | University Student Health Insurance Plan | USHIP,no,curl + HTML tag stripping
USA-UCHICAGO-P03-USA-03,USA-UCHICAGO,compulsory_fees,https://csl.uchicago.edu/college-historical-cost-of-attendance/,University of Chicago (Center for Scholars and Leaders / College),College Historical Cost of Attendance,2025/26 and 2023/24,2026-09-29,2025-2026 block and note 1; 2023-2024 block note 1,"2025-2026 | Tuition | $71,325 | Student Services Fee | $1,623 | UPASS | $318 | ... 1. Students enrolling at UChicago for the first time in 2025 will be assessed a Class Fee of $696 in each of their first two years. ... 2023-2024 | ... 1. First year students for 2023-2024 are assessed a one-time Class Fee estimated at $1,320",no,curl + HTML tag stripping
USA-CALTECH-P03-USA-01,USA-CALTECH,tuition,https://www.finaid.caltech.edu/documents/30823/2526_tuitionfees-updated.pdf,Caltech Office of Financial Aid,ESTIMATED 2025-2026 UNDERGRADUATE COST OF ATTENDANCE (FULL-TIME ENROLLMENT),2025/26,2026-09-29,"p.1, chart, Tuition row (On-Campus / Off-Campus / Living with Parents)","ESTIMATED 2025-2026 UNDERGRADUATE COST OF ATTENDANCE (FULL-TIME ENROLLMENT) ... Tuition 65,622 65,622 65,622",no,curl + pdftotext -layout
USA-CALTECH-P03-USA-02,USA-CALTECH,compulsory_fees,https://www.finaid.caltech.edu/documents/30823/2526_tuitionfees-updated.pdf,Caltech Office of Financial Aid,ESTIMATED 2025-2026 UNDERGRADUATE COST OF ATTENDANCE (FULL-TIME ENROLLMENT),2025/26,2026-09-29,"p.1, chart, Fees 1/ 2/ row, and footnotes 1 and 2","Fees 1/ 2/ 2,586 2,586 2,586 ... 1/ Fees do not include the Caltech Student Health Insurance Plan. Students are not required to purchase health insurance through Caltech provided they have coverage through a comparable plan. The plan will cost $5,049 for the 2025-26 school year--$1,683 per Insurance Term. ... 2/ All entering undergraduate students are charged a one-time, $500 Orientation Fee in ad [...]",yes,"curl + pdftotext -layout (Fees row values interleaved with Housing in layout text; 2,586 appears in all three columns)"
USA-PRINCETON-P03-USA-01,USA-PRINCETON,tuition,https://web.archive.org/web/20250906233501id_/https://finaid.princeton.edu/how-aid-works/student-budget,Princeton University Undergraduate Financial Aid Office,The Student Budget,2025/26,2026-09-29,table 'Standard student budgets for the 2025-26 academic year' (Wayback capture 2025-09-06),"Standard student budgets for the 2025–26 academic year: | Budget | First-Year/Sophomore | Junior | Senior | Tuition | $65,210 | $65,210 | $65,210 | Housing | $12,450 | $12,450 | $12,450 | Food* | $8,720 | $10,520 | $10,520 | Books and Personal | $4,050 | $4,050 | $4,050 | Fees | $300 | $300 | $640",no,curl (Wayback id_ raw capture) + HTML tag stripping
USA-PRINCETON-P03-USA-02,USA-PRINCETON,compulsory_fees,https://web.archive.org/web/20250906233501id_/https://finaid.princeton.edu/how-aid-works/student-budget,Princeton University Undergraduate Financial Aid Office,The Student Budget,2025/26,2026-09-29,paragraph above the budget tables,"Included in the books and personal estimate are charges for the activities fee, the athletics fee, and class dues, which are charged centrally to the student account for convenience. | Students who are not covered by a family health insurance policy must enroll in the | Student Health Plan | , which is $3,800 for the 2025–26 academic year",no,curl (Wayback id_ raw capture) + HTML tag stripping
USA-PRINCETON-P03-USA-03,USA-PRINCETON,tuition,https://web.archive.org/web/20250729095420id_/https://admission.princeton.edu/cost-aid/fees-payment-options,Princeton University Office of Admission,Student Budget (Fees and Payment Options),2025/26,2026-09-29,'Student Budget' section (Wayback capture 2025-07-29),"The | estimated | cost of attendance for 2025-26 is $90,718. ... Tuition: $65,210 | Housing: $12,450 | Food: $8,720 | Fees: $288 | Estimated miscellaneous expenses: $4,050 | ... Fees include the activities fee and class dues.",no,curl (Wayback id_ raw capture) + HTML tag stripping
USA-UCLA-P03-USA-01,USA-UCLA,tuition,https://www.ucop.edu/operating-budget/_files/fees/202526/2025-26.pdf,University of California Office of the President,UNIVERSITY OF CALIFORNIA 2025-26 TUITION AND FEE LEVELS,2025/26,2026-09-29,"p.1, MANDATORY SYSTEMWIDE CHARGES: ANNUAL","Tuition Undergraduate (UG) UG Cohort First Enrolled in AY 2025-26 $13,602 ... Student Services Fee Undergraduate UG Cohort First Enrolled in AY 2025-26 $1,332",no,curl + pymupdf word positions
USA-UCLA-P03-USA-02,USA-UCLA,compulsory_fees,https://web.archive.org/web/20250908203500id_/https://financialaid.ucla.edu/how-aid-works/cost-of-attendance,UCLA Financial Aid and Scholarships,Cost of Attendance,2025/26,2026-09-29,"Undergraduate Students, 'New Students Starting in the 2025-26 Academic Year' table (Wayback capture 2025-09-08)","New Students Starting in the 2025-26 Academic Year | Housing Plans | On-Campus | Off-Campus | Commuter/Remote Learner | University Fees (UC Systemwide Tuition: $14,934, Campus fees: $766) | $15,700 | $15,700 | $15,700 | ... Health Insurance | (can be waived for students with own insurance) | $3,579",no,curl (Wayback id_ raw capture) + HTML tag stripping
USA-UCLA-P03-USA-03,USA-UCLA,compulsory_fees,https://web.archive.org/web/20250912093936id_/https://admission.ucla.edu/tuition-aid/tuition-fees,UCLA Undergraduate Admission,Tuition and Fees,"2025/26 (page heading reads 2024-2025; 'Updated - June 2025'; NRST 37,602 = 2025-26 cohort)",2026-09-29,Estimated Undergraduate Student Budget table (Wayback capture 2025-09-12),"2024–2025 Estimated Undergraduate Student Budget | ... Updated - June 2025 | Cost Per Academic Year (Nine Months) | UCLA Residence Halls | Off-Campus Apartments | Commuter | University Fees | $15,700 | $15,700 | $15,700 | ... Nonresident Supplemental Tuition | $37,602",no,curl (Wayback id_ raw capture) + HTML tag stripping
USA-UPENN-P03-USA-01,USA-UPENN,tuition,https://web.archive.org/web/20250915091649id_/https://srfs.upenn.edu/costs-budgeting/undergraduate-tuition-and-fees,Penn Student Registration & Financial Services,Undergraduate Tuition and Fees,2025/26,2026-09-29,table '2025-2026 Tuition and Fees' (Wayback capture 2025-09-15),"2025-2026 Tuition and Fees | Tuition | $ | 63,204 | General Fee | $ | 6,372 | Technology Fee | $ | 918 | Clinical Fee | $ | 742 | Total Tuition and Fees | $71,236",no,curl (Wayback id_ raw capture) + HTML tag stripping
USA-UPENN-P03-USA-02,USA-UPENN,compulsory_fees,https://web.archive.org/web/20250915091649id_/https://srfs.upenn.edu/costs-budgeting/undergraduate-tuition-and-fees,Penn Student Registration & Financial Services,Undergraduate Tuition and Fees,2025/26,2026-09-29,'Fees included in the Cost of Attendance' and 'Fees not included' sections,"A General Fee is assessed to all undergraduate, graduate, and professional students ... Clinical Fee | This mandatory fee is assessed to all students ... The 2025-2026 NSO fee is $490.",no,curl (Wayback id_ raw capture) + HTML tag stripping
USA-YALE-P03-USA-01,USA-YALE,tuition,https://web.archive.org/web/20250908112902id_/https://student-accounts.yale.edu/tuition-and-fees,Yale University Student Accounts,Tuition and Fees,2025/26,2026-09-29,Yale College table '2025-2026 Tuition and Fees' (Wayback capture 2025-09-08),"Yale College | 2025–2026 Tuition and Fees | Cost | Tuition | $69,900 | Housing | $11,550 | Food | $9,100 | TOTAL | $90,550",no,curl (Wayback id_ raw capture) + HTML tag stripping
USA-YALE-P03-USA-02,USA-YALE,compulsory_fees,https://web.archive.org/web/20250908112902id_/https://student-accounts.yale.edu/tuition-and-fees,Yale University Student Accounts,Tuition and Fees,2025/26,2026-09-29,optional charges table below the Yale College table,"For 2025-2026, Yale College students will also be assessed the optional charges below. *Charges are estimated. | Charge for | Cost | Deadline to waive | Yale Health | Hospitalization & | Specialty Care Insurance | $3,422 | * | Sept. 15 for full year or fall term | January 31 for spring term | Student Activities Fee | $175 | * | 5:00 pm Sept. 15 | Senior Class Dues | $150",no,curl (Wayback id_ raw capture) + HTML tag stripping
AUT-V-P04-AUT-01,AUT-V,tuition,https://web.archive.org/web/20251118133018id_/https://studieren.univie.ac.at/studienbeitrag/hoehe-studienbeitrag/,Universität Wien,Höhe Studienbeitrag,"WS 2025/26 (capture 18 Nov 2025; identical text in capture of 24 Feb 2026, SS 2026)",2026-09-29,"section ""Staatsangehörigkeit EU/EWR/CH"", Höhe and Beispiele",Staatsangehörige eines EU/EWR-Landes oder der Schweiz sind jedoch eine bestimmte Zeit vom Studienbeitrag befreit. Das bedeutet: Während der vorgesehenen Studiendauer plus zwei Toleranzsemestern müssen Sie nur den ÖH-Beitrag bezahlen. [...] Bachelorstudium: Vorgesehene Studiendauer 6 Semester + 2 Toleranzsemester. Ab dem 9. Semester zahlen Sie den Studienbeitrag.,no,curl (Wayback id_ raw capture) + html-to-text
AUT-V-P04-AUT-02,AUT-V,compulsory_fees,https://web.archive.org/web/20251118133018id_/https://studieren.univie.ac.at/studienbeitrag/hoehe-studienbeitrag/,Universität Wien,Höhe Studienbeitrag,WS 2025/26 (capture 18 Nov 2025; identical in capture of 24 Feb 2026),2026-09-29,"section ""Höhe EU/EWR/CH""","Höhe EU/EWR/CH ÖH-Beitrag: 25,20 Euro Studienbeitrag: 363,36 Euro Gesamt: 388,56 Euro pro Semester",no,curl (Wayback id_ raw capture) + html-to-text
AUT-V-P04-AUT-03,AUT-V,compulsory_fees,https://web.archive.org/web/20251010100805id_/https://www.oeh.ac.at/service/oeh-beitrag,Österreichische Hochschüler_innenschaft (ÖH-Bundesvertretung),ÖH-Beitrag,"WS 2025/26 (same EUR 25,20 in captures of 15 Aug 2025, 11 Nov 2025 and 5 Mar 2026 = SS 2026; live page on 2026-09-29 shows EUR 26,20, i.e. 2026/27)",2026-09-29,"Wayback capture 10 Oct 2025, section ""Höhe des ÖH-Beitrages?""; page carries no year label","Höhe des ÖH-Beitrages? EUR 25,20 [...] Grundsätzlich werden von deinem ÖH-Beitrag 70 Cent für die ÖH-Unfall- und Haftpflichtversicherung verwendet",no,curl (Wayback id_ raw capture) + html-to-text
AUT-TW-P04-AUT-01,AUT-TW,tuition,https://web.archive.org/web/20251008183711id_/https://www.tuwien.at/studium/zulassung/oeh-beitrag-und-studienbeitrag/studienbeitrag,TU Wien,Studienbeitrag,WS 2025/26 (capture 8 Oct 2025),2026-09-29,"first paragraph and ""Höhe des Studienbeitrages""","Infolge der gesetzlichen Bestimmungen entsteht diese jedoch erst mit Überschreiten der im Curriculum festgelegten Regelstudiendauer zuzüglich zwei Toleranzsemester: Bachelorstudium: 8 Semester (6+2) [...] Der Studienbeitrag beträgt 363,36 € pro Semester (bzw. 726,72 € pro Semester für Nicht-EU-Bürger_innen). Zusätzlich ist der ÖH-Beitrag inkl. Versicherung jedes Semester zu bezahlen.",no,curl (Wayback id_ raw capture) + html-to-text
AUT-TW-P04-AUT-02,AUT-TW,compulsory_fees,https://web.archive.org/web/20251206091833id_/https://www.tuwien.at/studium/zulassung/oeh-beitrag-und-studienbeitrag/oeh-beitrag,TU Wien,ÖH-Beitrag,WS 2025/26 (capture 6 Dec 2025; page gives no amount),2026-09-29,"""ACHTUNG!"" box","ACHTUNG! Der ÖH-Beitrag ist nicht Teil des Studienbeitrags und von allen Studierenden jedes Semester ausnahmslos zu entrichten, auch wenn ein Erlass des Studienbeitrags oder eine Beurlaubung genehmigt wurden.",no,curl (Wayback id_ raw capture) + html-to-text
AUT-TW-P04-AUT-03,AUT-TW,compulsory_fees,https://web.archive.org/web/20251010100805id_/https://www.oeh.ac.at/service/oeh-beitrag,Österreichische Hochschüler_innenschaft (ÖH-Bundesvertretung),ÖH-Beitrag,"WS 2025/26 (same EUR 25,20 in captures of 15 Aug 2025, 11 Nov 2025 and 5 Mar 2026 = SS 2026; live page on 2026-09-29 shows EUR 26,20, i.e. 2026/27)",2026-09-29,"Wayback capture 10 Oct 2025, section ""Höhe des ÖH-Beitrages?""; page carries no year label","Höhe des ÖH-Beitrages? EUR 25,20 [...] Grundsätzlich werden von deinem ÖH-Beitrag 70 Cent für die ÖH-Unfall- und Haftpflichtversicherung verwendet",no,curl (Wayback id_ raw capture) + html-to-text
AUT-I-P04-AUT-01,AUT-I,tuition,https://web.archive.org/web/20260217000548id_/https://www.uibk.ac.at/en/studies/start-of-studies/study-start/tuition-fee-and-financial-support/,Universität Innsbruck,Tuition fee and financial support,2025/26 (capture 17 Feb 2026),2026-09-29,"section ""Who has to pay tuition fee?""","For registration of the continuation of studies, students who are within the designated study duration (+ tolerance) must also pay only the ÖH-fee for each semester in time. [...] Tuition fee must be paid if the non-contributory time (designated duration of a Bachelor’s, Master’s or Doctoral programme or one part of the studies of a Diploma programme + two tolerance semesters) has been exceeded",no,curl (Wayback id_ raw capture) + html-to-text
AUT-I-P04-AUT-02,AUT-I,compulsory_fees,https://web.archive.org/web/20260217000548id_/https://www.uibk.ac.at/en/studies/start-of-studies/study-start/tuition-fee-and-financial-support/,Universität Innsbruck,Tuition fee and financial support,Studienjahr 2025/2026 (capture 17 Feb 2026),2026-09-29,ÖH-fee line,ÖH-fee in the academic year 2025/2026: € 25.20,no,curl (Wayback id_ raw capture) + html-to-text
AUT-I-P04-AUT-03,AUT-I,compulsory_fees,https://web.archive.org/web/20251010100805id_/https://www.oeh.ac.at/service/oeh-beitrag,Österreichische Hochschüler_innenschaft (ÖH-Bundesvertretung),ÖH-Beitrag,"WS 2025/26 (same EUR 25,20 in captures of 15 Aug 2025, 11 Nov 2025 and 5 Mar 2026 = SS 2026; live page on 2026-09-29 shows EUR 26,20, i.e. 2026/27)",2026-09-29,"Wayback capture 10 Oct 2025, section ""Höhe des ÖH-Beitrages?""; page carries no year label","Höhe des ÖH-Beitrages? EUR 25,20 [...] Grundsätzlich werden von deinem ÖH-Beitrag 70 Cent für die ÖH-Unfall- und Haftpflichtversicherung verwendet",no,curl (Wayback id_ raw capture) + html-to-text
AUT-GT-P04-AUT-01,AUT-GT,tuition,https://web.archive.org/web/20251113161509id_/https://www.tugraz.at/studium/studieren-an-der-tu-graz/studieninteressierte/finanzielles/studienbeitrag-und-studierendenbeitrag,Technische Universität Graz,Studienbeitrag und Studierendenbeitrag,WS 2025/26 (capture 13 Nov 2025; same text in capture of 11 Feb 2026),2026-09-29,"intro and ""Studienbeitrag bezahlen""","Den Studienbeitrag bezahlen ordentliche Studierende der TU Graz, welche die vorgesehene Studienzeit inklusive zwei Toleranzsemester überschritten haben, und Drittstaatsangehörige. [...] Wenn Studierende die beitragsfreie Zeit überschritten haben, bezahlen sie pro Semester einen Studienbeitrag von 363,36 Euro.",no,curl (Wayback id_ raw capture) + html-to-text
AUT-GT-P04-AUT-02,AUT-GT,compulsory_fees,https://web.archive.org/web/20251113161509id_/https://www.tugraz.at/studium/studieren-an-der-tu-graz/studieninteressierte/finanzielles/studienbeitrag-und-studierendenbeitrag,Technische Universität Graz,Studienbeitrag und Studierendenbeitrag,WS 2025/26 (capture 13 Nov 2025; same in capture of 11 Feb 2026),2026-09-29,"""Höhe der Beiträge"" and ""Studierendenbeitrag""","Höhe des Studierendenbeitrages pro Semester derzeit 25,20 Euro [...] Die Österreichische Hochschülerinnen- und Hochschülerschaft (ÖH) hebt von ordentlichen Studierenden einen Studierendenbeitrag von 25,20 Euro pro Semester ein.",no,curl (Wayback id_ raw capture) + html-to-text
AUT-JKL-P04-AUT-01,AUT-JKL,tuition,https://web.archive.org/web/20250905230055id_/https://www.jku.at/en/degree-programs/students/start-your-studies/pay-austrian-student-union-fees-and-tuition/,Johannes Kepler Universität Linz,Pay Austrian Student Union Fees and Tuition,WS 2025/26 (capture 5 Sep 2025),2026-09-29,"""Tuition Fees / Semester"" table and note",Degree-Seeking Students (after the allocated duration to complete studies + the tolerance semesters) € 363.36 [...] Please note: Within the outlined duration of study plus two tolerance semesters (for Diploma degree programs per study section) European Union and/or EWR citizens are not subject to paying tuition.,no,curl (Wayback id_ raw capture) + html-to-text
AUT-JKL-P04-AUT-02,AUT-JKL,compulsory_fees,https://web.archive.org/web/20250905230055id_/https://www.jku.at/en/degree-programs/students/start-your-studies/pay-austrian-student-union-fees-and-tuition/,Johannes Kepler Universität Linz,Pay Austrian Student Union Fees and Tuition,WS 2025/26 (capture 5 Sep 2025),2026-09-29,"section ""Austrian Student Union Fee""",The Austrian Student Union fee is € 25.20 (last update: winter term 2025/26) and must be paid every semester.,no,curl (Wayback id_ raw capture) + html-to-text
AUT-JKL-P04-AUT-03,AUT-JKL,compulsory_fees,https://web.archive.org/web/20251010100805id_/https://www.oeh.ac.at/service/oeh-beitrag,Österreichische Hochschüler_innenschaft (ÖH-Bundesvertretung),ÖH-Beitrag,"WS 2025/26 (same EUR 25,20 in captures of 15 Aug 2025, 11 Nov 2025 and 5 Mar 2026 = SS 2026; live page on 2026-09-29 shows EUR 26,20, i.e. 2026/27)",2026-09-29,"Wayback capture 10 Oct 2025, section ""Höhe des ÖH-Beitrages?""; page carries no year label","Höhe des ÖH-Beitrages? EUR 25,20 [...] Grundsätzlich werden von deinem ÖH-Beitrag 70 Cent für die ÖH-Unfall- und Haftpflichtversicherung verwendet",no,curl (Wayback id_ raw capture) + html-to-text
AUT-CEU-P04-AUT-01,AUT-CEU,tuition,https://web.archive.org/web/20260104160041id_/https://www.ceu.edu/admissions/tuition-fees,Central European University,Tuition and Other Fees at CEU,2025/26 (capture 4 Jan 2026; same BA amounts in capture of 28 Sep 2025),2026-09-29,"tab ""BACHELOR’S"": ""Tuition for Bachelor’s Degrees at CEU"" and recurring-fees table","Tuition for each of CEU’s bachelor’s degree programs is €8,000 per year. This doesn’t include the application fee, enrollment fee, accommodation, or other living expenses. [...] Tuition Fee 4,000 EUR 8,000 EUR Payable in one or two installments",no,curl (Wayback id_ raw capture) + html-to-text
AUT-CEU-P04-AUT-02,AUT-CEU,compulsory_fees,https://web.archive.org/web/20260104160041id_/https://www.ceu.edu/admissions/tuition-fees,Central European University,Tuition and Other Fees at CEU,2025/26 (capture 4 Jan 2026),2026-09-29,BA recurring-fees table,"Austrian Student Union Fee * 25.20 EUR 50.40 EUR Payable in two installments for the given academic year Enrollment Fee 200 EUR Payable in one installment for the given academic year Registration Fee** 500 EUR One-time fee , it is credited towards the 1st Tuition Fee Installment in year I.",no,curl (Wayback id_ raw capture) + html-to-text
AUT-CEU-P04-AUT-03,AUT-CEU,regime,https://web.archive.org/web/20260104160041id_/https://www.ceu.edu/admissions/tuition-fees,Central European University,Tuition and Other Fees at CEU,2025/26 (capture 4 Jan 2026),2026-09-29,payment-schedule section (year label),"Payment Schedule for Academic Year 2025/2026 Registration fee payable by the applicants (Please see the payment deadline in your Acceptance Offer). For BA and MA applicants it is an initial tuition fee payment, which will be deducted from the payable tuition fee.",no,curl (Wayback id_ raw capture) + html-to-text
AUT-UNIGRAZ-P04-AUT-01,AUT-UNIGRAZ,tuition,https://web.archive.org/web/20250823081458id_/https://studienabteilung.uni-graz.at/de/studienbeitrag/ordentliche-studierende/oesterreicherinnen-eu-buergerinnen-ewr-staatsbuergerinnen/,"Universität Graz, Studienabteilung",ÖsterreicherInnen/EU-BürgerInnen/EWR-StaatsbürgerInnen,WS 2025/26 (capture 23 Aug 2025),2026-09-29,main text,"Während der beitragsfreien Zeit (Mindeststudienzeit plus Toleranzsemester) von einem oder mehreren ordentlichen Studien an der Universität Graz, ist nur der ÖH-Beitrag/Studierendenbeitrag pro Semester zu entrichten. [...] Der Studienbeitrag beträgt innerhalb der Zulassungsfrist € 363,36 plus ÖH-Beitrag.",no,curl (Wayback id_ raw capture) + html-to-text
AUT-UNIGRAZ-P04-AUT-02,AUT-UNIGRAZ,compulsory_fees,https://web.archive.org/web/20250823081458id_/https://studienabteilung.uni-graz.at/de/studienbeitrag/ordentliche-studierende/oesterreicherinnen-eu-buergerinnen-ewr-staatsbuergerinnen/,"Universität Graz, Studienabteilung",ÖsterreicherInnen/EU-BürgerInnen/EWR-StaatsbürgerInnen,WS 2025/26 (capture 23 Aug 2025),2026-09-29,main text,"Der ÖH-Beitrag beträgt ab dem Wintersemester 2025/26 € 25,20.",no,curl (Wayback id_ raw capture) + html-to-text
AUT-UNIGRAZ-P04-AUT-03,AUT-UNIGRAZ,compulsory_fees,https://web.archive.org/web/20251010100805id_/https://www.oeh.ac.at/service/oeh-beitrag,Österreichische Hochschüler_innenschaft (ÖH-Bundesvertretung),ÖH-Beitrag,"WS 2025/26 (same EUR 25,20 in captures of 15 Aug 2025, 11 Nov 2025 and 5 Mar 2026 = SS 2026; live page on 2026-09-29 shows EUR 26,20, i.e. 2026/27)",2026-09-29,"Wayback capture 10 Oct 2025, section ""Höhe des ÖH-Beitrages?""; page carries no year label","Höhe des ÖH-Beitrages? EUR 25,20 [...] Grundsätzlich werden von deinem ÖH-Beitrag 70 Cent für die ÖH-Unfall- und Haftpflichtversicherung verwendet",no,curl (Wayback id_ raw capture) + html-to-text
CHE-EZ-P04-CHE-01,CHE-EZ,tuition,https://web.archive.org/web/20250806043017id_/https://ethz.ch/content/dam/ethz/main/education/finanzielles/files-en/tuition-fees.pdf,ETH Zurich,"Tuition, semester and other fees",2025/26 (state 5 December 2024; Wayback capture 2025-08-06; same file served live 2026-09-29),2026-09-29,"p.1, section 1 'Tuition fees per semester'",(In accordance with the Fee Ordinance for the ETH Domain of 31 May 1995; state 5 December 2024) [...] 1. Tuition fees per semester Group 1 in Swiss Francs CHF 730 Bachelor / Master students Group 2 Regular enrolment (incl. Master thesis) [...] Until FS 2025: 730 As of HS 2025: 2190,no,curl + pdftotext (layout text; table columns interleaved)
CHE-EZ-P04-CHE-02,CHE-EZ,compulsory_fees,https://web.archive.org/web/20250806043017id_/https://ethz.ch/content/dam/ethz/main/education/finanzielles/files-en/tuition-fees.pdf,ETH Zurich,"Tuition, semester and other fees",2025/26 (state 5 December 2024; Wayback capture 2025-08-06),2026-09-29,section 2 'Semester fees',"2. Semester fees Amount in CHF, each semester Bachelor / Master/ Doctoral students 35 Compulsory semester fees (also in a leave of absence) 7 Academic Sports Association Zurich (ASVZ) 32 (not for Doctoral students) Scholarship fund VSETH (ETH Zurich Student Union), fee for general services",no,curl + pdftotext (layout text; labels and amounts in separate columns)
CHE-EZ-P04-CHE-03,CHE-EZ,regime,https://web.archive.org/web/20250806043017id_/https://ethz.ch/content/dam/ethz/main/education/finanzielles/files-en/tuition-fees.pdf,ETH Zurich,"Tuition, semester and other fees",2025/26,2026-09-29,footnotes 1 and 2 to section 1,1 Students - with Swiss citizenship - with Liechtenstein citizenship [...] 2 Students who establish residence in Switzerland or the Principality of Liechtenstein for the purpose of their studies or who are not resident in either country.,no,curl + pdftotext
CHE-E-P04-CHE-01,CHE-E,tuition,https://web.archive.org/web/20251108193906id_/https://www.epfl.ch/education/studies/en/rules-and-procedures/study-taxes/tuition-fee-other-fees/,EPFL,Tuition fee and other fees,2025/26 (Wayback capture 2025-11-08),2026-09-29,"Main text, semester invoice","The total amount due per semester invoice is CHF 780 (CHF 2240 for some students from the fall semester, 2025; see above): CHF 730 in tuition fee (CHF 2190 for some students from the fall semester, 2025; see above) CHF 25 in AGEPoly membership CHF 16 in contribution to the sports facilities CHF 9 in contribution to the social fund",no,curl (raw Wayback capture) + HTML-to-text
CHE-E-P04-CHE-02,CHE-E,compulsory_fees,https://web.archive.org/web/20251108193906id_/https://www.epfl.ch/education/studies/en/rules-and-procedures/study-taxes/tuition-fee-other-fees/,EPFL,Tuition fee and other fees,2025/26 (Wayback capture 2025-11-08),2026-09-29,"Main text, after invoice breakdown",Students who do not wish to be AGEPoly members may ask the association for the corresponding CHF 25 to be refunded to them. The other fees are compulsory and may not be waived or refunded.,no,curl (raw Wayback capture) + HTML-to-text
CHE-E-P04-CHE-03,CHE-E,regime,https://web.archive.org/web/20251108193906id_/https://www.epfl.ch/education/studies/en/rules-and-procedures/study-taxes/tuition-fee-other-fees/,EPFL,Tuition fee and other fees,from fall semester 2025,2026-09-29,Section 'Evolution of taxes from the 2025 fall semester',"only the CHF 730 semester tuition fee is tripled by this measure (it is thus raised to CHF 2190 per semester) the tuition fee will also be adapted every four years according to the Swiss consumer price index (first adaptation in 2029) Swiss nationals will not be subject to the tripling, nor people who reside in Switzerland for a reason other than their education (see detail below)",no,curl (raw Wayback capture) + HTML-to-text
CHE-Z-P04-CHE-01,CHE-Z,tuition,https://web.archive.org/web/20251016183705id_/https://www.uzh.ch/en/studies/application/fees.html,University of Zurich,Fees and Contributions,"2025/26 (Wayback capture 2025-10-16, fall semester 2025)",2026-09-29,Table 'Tuition Fee per Semester',"Tuition Fee per Semester Amount in CHF Students 720.— PhD students 150.— Surcharge for foreign students at Bachelor level 500.— Surcharge for foreign students at Master, PhD level or in Teacher training 100.—",no,curl (raw Wayback capture) + HTML-to-text
CHE-Z-P04-CHE-02,CHE-Z,compulsory_fees,https://web.archive.org/web/20251016183705id_/https://www.uzh.ch/en/studies/application/fees.html,University of Zurich,Fees and Contributions,2025/26 (Wayback capture 2025-10-16),2026-09-29,Tables 'Mandatory Semester Contributions' and 'Voluntary Semester Contributions',Mandatory Semester Contributions Amount in CHF Scholarship Fund for students of the University of Zurich 6.50 Libraries and collections 15.— Academic Sports Association Zurich 35.— Student concerns 2.50 Total Mandatory Semester Contributions 59.— Voluntary Semester Contributions Amount in CHF Student Body Loan Association» foundation 7.— Solidarity Fund for foreign Students 5.— Membership Fee Univ [...],yes,curl (raw Wayback capture) + HTML-to-text
CHE-B-P04-CHE-01,CHE-B,tuition,https://web.archive.org/web/20260115110817id_/https://www.unibas.ch/en/Studies/Before-My-Studies/Application-Admission/Tuition-Fees-.html,University of Basel,Tuition Fees,2025/26 (Wayback capture 2026-01-15),2026-09-29,Main text,Students enrolled at the university are charged a fee of CHF 850 each semester. Doctoral candidates are charged a fee of CHF 350 each semester. [...] The fee for application or change of course and its administration is CHF 100.,no,curl (raw Wayback capture) + HTML-to-text
CHE-B-P04-CHE-02,CHE-B,tuition,https://www.unibas.ch/dam/jcr:ffbe9073-5d53-44d3-b64e-dc3fd26d6973/442_600_07.pdf,University of Basel (Universitaetsrat),Ordnung betreffend die Erhebung von Gebuehren an der Universitaet Basel (Gebuehrenordnung) SG 442.600,current version (incl. s.5bis in force 1 Feb 2026); s.5 unchanged since 2014,2026-09-29,s.5(1); s.5bis(1) and footnote 7,"1 Immatrikulierte Studierende entrichten je Semester für die Teilnahme am Lehrbetrieb und die dazugehörigen Prüfungen eine Semestergebühr in der Höhe von Fr. 850.-. [...] § 5bis. Erhöhte Semestergebühren 1 Studierende, die im Bachelorstudium das 12. Semester überschritten haben, leisten eine erhöhte Semestergebühr von Fr. 1700.--, sofern [...] 7 § 5bis eingefügt mit Universitätsratsbeschluss vom 2 [...]",yes,curl + pdftotext
CHE-B-P04-CHE-03,CHE-B,compulsory_fees,https://www.gesetzessammlung.bs.ch/api/de/versions/6595/pdf_file_with_annexes,"Kanton Basel-Stadt, Systematische Gesetzessammlung",Statut der Universitaet Basel (Universitaetsstatut) SG 440.110,version in force since 09.06.2025 (covers 2025/26),2026-09-29,"s.21 Studentische Koerperschaft (skuba), paras 2-3","2 Mit ihrer Immatrikulation werden die Studierenden der Universität Basel automatisch Mitglied der «skuba». Hierauf werden die Studierenden im Immatrikulationsprozess explizit hingewiesen. 3 Studierende, die der «skuba» nicht angehören wollen, teilen dies dem Rektorat schriftlich mit. Sie verzichten damit auf ihre Mitwirkungsrechte.",no,curl + pypdf
CHE-B2-P04-CHE-01,CHE-B2,tuition,https://web.archive.org/web/20250924195733id_/https://www.unibe.ch/studium/organisatorisches/semestereinschreibung/gebuehren/index_ger.html,Universitaet Bern,Studiengebuehren - Universitaet Bern,2025/26 (Wayback capture 2025-09-24),2026-09-29,Section 'Studiengebühr Art. 39 UniV',"Reguläre Studiengebühr CHF 750.- pro Semester Ausländische Studierende CHF 200.- pro Semester zusätzlich zur regulären Studiengebühr, wenn Sie im Zeitpunkt des Erlangens des Zulassungsausweises zum Bachelorstudiengang Ihren zivilrechtlichen Wohnsitz weder in der Schweiz noch im Fürstentum Liechtenstein hatten (ab Herbstsemester 2018).",no,curl (raw Wayback capture) + HTML-to-text
CHE-B2-P04-CHE-02,CHE-B2,compulsory_fees,https://web.archive.org/web/20250924195733id_/https://www.unibe.ch/studium/organisatorisches/semestereinschreibung/gebuehren/index_ger.html,Universitaet Bern,Studiengebuehren - Universitaet Bern,2025/26 (Wayback capture 2025-09-24),2026-09-29,Section 'Semestergebühr Art. 40 UniV',Reguläre Semestergebühr CHF 34.- pro Semester Angehörige der SUB ab FS 25 CHF 25.- pro Semester zusätzlich,no,curl (raw Wayback capture) + HTML-to-text
CHE-B2-P04-CHE-03,CHE-B2,compulsory_fees,https://www.belex.sites.be.ch/api/de/texts_of_law/436.11,"Kanton Bern, BELEX",Gesetz ueber die Universitaet (UniG) BSG 436.11 - version metadata,current version in force since 01.01.2023 (covers 2025/26),2026-09-29,"JSON field current_version (id 2666, the version whose art. 31(1) opt-out was quoted for 2023/24)",Aktuelle Version in Kraft seit: 01.01.2023 (Beschlussdatum: 08.03.2022),no,curl (official API JSON)
CHE-UNIGE-P04-CHE-01,CHE-UNIGE,tuition,https://web.archive.org/web/20250912001730id_/https://www.unige.ch/immatriculations/informations/taxes,Université de Genève,Taxes universitaires (immatriculations),2025/26 (Wayback capture 2025-09-12),2026-09-29,Section MONTANT DES TAXES SEMESTRIELLES,"Les taxes s’élèvent à CHF 500.- par semestre (CHF 65.- de taxes fixes et CHF 435.- de taxes d'encadrement), payables en une fois. Dans certains cas, des exonérations peuvent être octroyées.",no,curl (raw Wayback capture) + HTML-to-text
CHE-UNIGE-P04-CHE-02,CHE-UNIGE,compulsory_fees,https://web.archive.org/web/20250912001730id_/https://www.unige.ch/immatriculations/informations/taxes,Université de Genève,Taxes universitaires (immatriculations),2025/26 (Wayback capture 2025-09-12),2026-09-29,Section MONTANT DES TAXES SEMESTRIELLES,"Les taxes s’élèvent à CHF 500.- par semestre (CHF 65.- de taxes fixes et CHF 435.- de taxes d'encadrement), payables en une fois. [...] Les exonérations statutaires (statut de l'université, art. 77, al. 2) de CHF 435.- (ex. congé, stage, etc.) sont automatiquement déduites des 500.-.",no,curl (raw Wayback capture) + HTML-to-text
CHE-UNIL-P04-CHE-01,CHE-UNIL,tuition,https://web.archive.org/web/20250904010851id_/https://www.unil.ch/immat/fr/home/menuinst/futurs-etudiants/sinscrire/les-taxes-semestrielles.html,"Université de Lausanne, Service des immatriculations et inscriptions",Taxes d'inscription aux cours et taxes semestrielles - UNIL IMMAT,2025/26 (Wayback capture 2025-09-04; page states conditions for 2025-2026),2026-09-29,"Section '- Bachelor, master, année préparatoire...' and page footer","Taxes d'inscription aux cours (examens compris) et taxes semestrielles: CHF 580.- (par semestre). [...] conditions valables uniquement pour l'année académique 2025-2026, seule fait foi la Directive de la Direction en matière de conditions d'immatriculation.",no,curl (raw Wayback capture) + HTML-to-text
CHE-UNIL-P04-CHE-02,CHE-UNIL,tuition,https://web.archive.org/web/20250725190445id_/https://www.unil.ch/files/live/sites/unil/files/02-universite/0212-cadres-legal-reglementaire/textes-leg/3-ens/dir3-2-taxes-delais.pdf,"Université de Lausanne, Direction",Directive de la Direction 3.2 sur les taxes et délais,"version of 12 Dec 2023, in force at the start of 2025/26 (Wayback capture 2025-07-25, same digest as the 2024 capture used for 2023/24)",2026-09-29,Art. 3 al. 1; last entry of Tableau des modifications: 12.12.2023,"s'acquittent: a. d’une taxe semestrielle d’inscription au cours de CHF 500.-, taxes d’examens comprises, selon l’article 1 RTI-UL et ; b. des taxes semestrielles de CHF 80.- au sens de l’article 4 de la présente directive.",no,curl (raw Wayback capture) + pypdf
CHE-UNIL-P04-CHE-03,CHE-UNIL,compulsory_fees,https://www.unil.ch/files/live/sites/unil/files/02-universite/0212-cadres-legal-reglementaire/textes-leg/3-ens/dir3-2-taxes-delais.pdf,"Université de Lausanne, Direction",Directive de la Direction 3.2 sur les taxes et délais,current version (last modification adopted 02.12.2025),2026-09-29,Art. 4 al. 1; Tableau des modifications,Article 4 Taxes semestrielles 1 Le montant des taxes semestrielles est de CHF 80.-. [...] 02.12.2025 Actualisation Modification Modification de l'affectation de la taxe semestrielle (art. 4 al. 3),no,curl + pdftotext
DEU-TUM-P04-DEU-01,DEU-TUM,tuition,https://web.archive.org/web/20251108152429id_/https://www.tum.de/studium/studienfinanzierung/studiengebuehren-fuer-studierende-aus-nicht-eu-laendern,Technische Universität München,Studiengebühren für Studierende aus Nicht-EU-Ländern,"2025/26 (capture 8 Nov 2025, WiSe 2025/26)",2026-09-29,'Das Wichtigste in Kürze' box,"Das Studium an der TUM ist gebührenfrei für Studierende aus Deutschland, dem Europäischen Wirtschaftsraum (EWR, umfasst die Mitgliedsstaaten der EU + Island, Liechtenstein und Norwegen) oder gleichgestellten Staaten sowie aus Staaten, mit denen entsprechende Abkommen bestehen.",no,"curl (Wayback id_ raw capture), HTML text extraction"
DEU-TUM-P04-DEU-02,DEU-TUM,compulsory_fees,https://web.archive.org/web/20250916044346id_/https://www.tum.de/studium/studienfinanzierung/campus-muenchen-wzw-garching-und-tum-asia,Technische Universität München,"Einschreibung und Rückmeldung in München, Garching, Freising (Semesterbeitrag)",WiSe 2025/26 (85.00) and SoSe 2026 (97.00); capture 16 Sep 2025,2026-09-29,Grundbeitrag paragraph,"Den Semesterbeitrag (Grundbeitrag für das Studierendenwerk) müssen alle Studierenden jedes Semester im Rahmen der Immatrikulation bzw. Rückmeldung entrichten, auch im Fall einer Beurlaubung vom Studium. Ausnahmen sind nicht möglich. Der Semesterbeitrag beträgt derzeit 85,00 Euro. Zum Sommersemester 2026 erhöht sich der Semesterbeitrag auf 97,00 Euro.",no,"curl (Wayback id_ raw capture), HTML text extraction"
DEU-TUM-P04-DEU-03,DEU-TUM,compulsory_fees,https://web.archive.org/web/20251010091922id_/https://www.lmu.de/de/workspace-fuer-studierende/1x1-des-studiums/studierendenwerksbeitraege/,Ludwig-Maximilians-Universität München,Beiträge für das Studierendenwerk,capture 10 Oct 2025 (WiSe 2025/26); same Studierendenwerk München Oberbayern as TUM,2026-09-29,'Zusätzlicher Beitrag für das Semesterticket' section,Laut Mitteilung des Studierendenwerks München Oberbayern wird der Semesterticketvertrag ab dem Wintersemester 2023/24 ausgesetzt. Somit entfällt der obligatorische Solidarbeitrag für das Semesterticket ab dem Wintersemester 2023/24 bis auf weiteres. Im Rahmen der Rückmeldung ist daher nur noch der Grundbeitrag zu bezahlen.,no,"curl (Wayback id_ raw capture), HTML text extraction"
DEU-TUM-P04-DEU-04,DEU-TUM,compulsory_fees,https://www.tum.de/studium/studienfinanzierung/campus-muenchen-wzw-garching-und-tum-asia,Technische Universität München,"Einschreibung und Rückmeldung in München, Garching, Freising (Semesterbeitrag)",live page accessed 2026-09-29 (confirms the SoSe 2026 increase took effect),2026-09-29,Grundbeitrag paragraph,"Ausnahmen sind nicht möglich. Der Semesterbeitrag beträgt derzeit 97,00 Euro.",no,"curl (live), HTML text extraction"
DEU-LMU-P04-DEU-01,DEU-LMU,tuition,https://www.gesetze-bayern.de/Content/Document/BayHIG-13,Bayerische Staatskanzlei (BAYERN.RECHT),Bayerisches Hochschulinnovationsgesetz Art. 13,current consolidated text ('Text gilt ab: 16.05.2026'); 2025/26 wording not verified,,BayHIG Art. 13(1),Das Studium bis zum ersten berufsqualifizierenden Abschluss … [ist] grundsätzlich abgabenfrei.,no,not re-opened in P04; quote carried from classification_sources row DEU-LMU-S04
DEU-LMU-P04-DEU-02,DEU-LMU,compulsory_fees,https://www.lmu.de/de/workspace-fuer-studierende/1x1-des-studiums/studierendenwerksbeitraege/,Ludwig-Maximilians-Universität München,Beiträge für das Studierendenwerk,SoSe 2026 (live page accessed 2026-09-29),2026-09-29,Beitragshöhe list,"Sommersemester 2026: Grundbeitrag 97,00 € Beiträge vergangener Jahre Wintersemester 2024/25: Grundbeitrag 85,00 € Sommersemester 2024: Grundbeitrag 85,00 €",no,"curl (live), HTML text extraction"
DEU-LMU-P04-DEU-03,DEU-LMU,compulsory_fees,https://web.archive.org/web/20251010091922id_/https://www.lmu.de/de/workspace-fuer-studierende/1x1-des-studiums/studierendenwerksbeitraege/,Ludwig-Maximilians-Universität München,Beiträge für das Studierendenwerk,capture 10 Oct 2025 (start of WiSe 2025/26),2026-09-29,Beitragshöhe list and 'Zusätzlicher Beitrag für das Semesterticket' section,"Sommersemester 2025: Grundbeitrag 85,00 € Beiträge vergangener Jahre Wintersemester 2024/25: Grundbeitrag 85,00 € […] Somit entfällt der obligatorische Solidarbeitrag für das Semesterticket ab dem Wintersemester 2023/24 bis auf weiteres. Im Rahmen der Rückmeldung ist daher nur noch der Grundbeitrag zu bezahlen.",no,"curl (Wayback id_ raw capture), HTML text extraction"
DEU-LMU-P04-DEU-04,DEU-LMU,compulsory_fees,https://web.archive.org/web/20250916044346id_/https://www.tum.de/studium/studienfinanzierung/campus-muenchen-wzw-garching-und-tum-asia,Technische Universität München,"Einschreibung und Rückmeldung in München, Garching, Freising (Semesterbeitrag)",WiSe 2025/26 (85.00) and SoSe 2026 (97.00); capture 16 Sep 2025; same Studierendenwerk München Oberbayern Grundbeitrag,2026-09-29,Grundbeitrag paragraph,"Der Semesterbeitrag beträgt derzeit 85,00 Euro. Zum Sommersemester 2026 erhöht sich der Semesterbeitrag auf 97,00 Euro.",no,"curl (Wayback id_ raw capture), HTML text extraction"
DEU-UHD-P04-DEU-01,DEU-UHD,tuition,https://web.archive.org/web/20251017140851id_/https://www.uni-heidelberg.de/en/study/management-of-studies/semester-fees,Universität Heidelberg,Semester fees,WiSe 2025/26 (capture 17 Oct 2025),2026-09-29,Page introduction,A fee of 161.10 euros is charged for studying at the University of Heidelberg (special fees are charged for continuing education and existing non-consecutive Master's programs).,no,"curl (Wayback id_ raw capture), HTML text extraction"
DEU-UHD-P04-DEU-02,DEU-UHD,compulsory_fees,https://web.archive.org/web/20250915095308id_/https://www.uni-heidelberg.de/de/studium/studienorganisation/beitraege-gebuehren/studienbeitraege,Universität Heidelberg,Studienbeiträge,WiSe 2025/26 (undated page; capture 15 Sep 2025),2026-09-29,Semesterbeitrag breakdown,"Für ein Studium an der Universität Heidelberg ist ein Semesterbeitrag in Höhe von 161,10 Euro zu bezahlen. Der Betrag wird zu Beginn jedes Semesters bei der Rückmeldung fällig, bzw. muss im Rahmen der Immatrikulation gezahlt werden. Der Semesterbeitrag setzt sich wie folgt zusammen: 80,00 Euro Verwaltungskostenbeitrag 66,00 Euro Sozialbeitrag für das Studierendenwerk: Eigenleistungen des Studieren [...]",yes,"curl (Wayback id_ raw capture), HTML text extraction"
DEU-UHD-P04-DEU-03,DEU-UHD,compulsory_fees,https://web.archive.org/web/20260311103340id_/https://www.uni-heidelberg.de/de/studium/studienorganisation/beitraege-gebuehren/studienbeitraege,Universität Heidelberg,Studienbeiträge,SoSe 2026 (undated page; capture 11 Mar 2026),2026-09-29,Semesterbeitrag breakdown,"Für ein Studium an der Universität Heidelberg ist ein Semesterbeitrag in Höhe von 161,10 Euro zu bezahlen. […] 80,00 Euro Verwaltungskostenbeitrag 66,00 Euro Sozialbeitrag für das Studierendenwerk: Eigenleistungen des Studierendenwerks* 10,00 Euro Beitrag für die Verfasste Studierendenschaft 2,60 Euro Umlage für nextbike 2,50 Euro Umlage Theaterflatrate",no,"curl (Wayback id_ raw capture), HTML text extraction"
DEU-UHD-P04-DEU-04,DEU-UHD,compulsory_fees,https://web.archive.org/web/20260315115931id_/https://www.uni-heidelberg.de/en/study/management-of-studies/semester-fees,Universität Heidelberg,Semester fees,SoSe 2026 (capture 15 Mar 2026),2026-09-29,Page introduction,A fee of 161.10 euros is charged for studying at the University of Heidelberg (special fees are charged for continuing education and existing non-consecutive Master's programs). The amount is due at the beginning of each semester upon re-registration or must be paid as part of matriculation.,no,"curl (Wayback id_ raw capture), HTML text extraction"
DEU-FUB-P04-DEU-01,DEU-FUB,tuition,https://web.archive.org/web/20250822232900id_/https://www.fu-berlin.de/studium/studieren/studienorganisation/gebuehren/index.html,Freie Universität Berlin,Gebühren,WiSe 2025/26 (capture 22 Aug 2025),2026-09-29,Page introduction,"Die Freie Universität Berlin erhebt – außer für weiterbildende Studienangebote – keine Studiengebühren, sondern nur sogenannte „Semestergebühren und -beiträge“.",no,"curl (Wayback id_ raw capture, gzip), HTML text extraction"
DEU-FUB-P04-DEU-02,DEU-FUB,compulsory_fees,https://web.archive.org/web/20250822232900id_/https://www.fu-berlin.de/studium/studieren/studienorganisation/gebuehren/index.html,Freie Universität Berlin,Gebühren,WiSe 2025/26 (capture 22 Aug 2025),2026-09-29,'Gebühren für Neu-Immatrikulationen Wintersemester 2025/26' section (same amounts under 'Gebühren für Rückmeldungen zum Wintersemester 2025/26'),"Für die Neu-Immatrikulation zum Wintersemester 2025/26 sind insgesamt 358,80€ zu entrichten: Semestergebühren und Beiträge Verwaltungsgebühr 50,00€ Beitrag zum Studierendenwerk (Sozialbeitrag) 85,00€ Beitrag zur Studierendenschaft 10,00€ Beiträge zum Deutschlandsemesterticket für berechtigte Studierende (inkl. Sozialfond) 213,80€ Gesamt 358,80€",no,"curl (Wayback id_ raw capture, gzip), HTML text extraction"
DEU-FUB-P04-DEU-03,DEU-FUB,compulsory_fees,https://web.archive.org/web/20260310050011id_/https://www.fu-berlin.de/studium/studieren/studienorganisation/gebuehren/index.html,Freie Universität Berlin,Gebühren,SoSe 2026 (capture 10 Mar 2026),2026-09-29,'Gebühren für Neu-Immatrikulationen im Sommersemester 2026' section,"Für die Neu-Immatrikulation zum Sommersemester 2026 sind insgesamt 358,80€ zu entrichten: Semestergebühren und Beiträge Verwaltungsgebühr 50,00€ Beitrag zum Studierendenwerk (Sozialbeitrag) 85,00€ Beitrag zur Studierendenschaft 10,00€ Beiträge zum Deutschlandsemesterticket für berechtigte Studierende (inklusive Sozialfond) 213,80€ Gesamt 358,80€",no,"curl (Wayback id_ raw capture, gzip), HTML text extraction"
DEU-FUB-P04-DEU-04,DEU-FUB,compulsory_fees,https://web.archive.org/web/20250822232900id_/https://www.fu-berlin.de/studium/studieren/studienorganisation/gebuehren/index.html,Freie Universität Berlin,Gebühren,WiSe 2025/26 (capture 22 Aug 2025),2026-09-29,'Befreiung vom Deutschlandsemesterticket' section,"Studierende, die über einen gültigen Schwerbehindertenausweis mit Beiblatt zur Freifahrtberechtigung im öffentlichen Nahverkehr verfügen, sind vom Deutschlandsemesterticket befreit. Der formlose Antrag ist zusammen mit den genannten Nachweisen in Kopie in der Studierendenverwaltung einzureichen (gerne per E-Mail). Die Semestergebühren und -beiträge reduzieren sich um den Beitrag zum Semesterticket [...]",yes,"curl (Wayback id_ raw capture, gzip), HTML text extraction"
DEU-HU-P04-DEU-01,DEU-HU,tuition,https://www.polsoz.fu-berlin.de/studium/downloads/downloads_rechtliche_grundlagen/BerlHG-Stand-2024.pdf,Land Berlin (copy hosted by FU Berlin),Berliner Hochschulgesetz (Stand 2024),BerlHG as last amended 11.07.2023; 2025/26 wording not verified,,BerlHG s.2(10),Studiengebühren werden nicht erhoben. Das gilt auch für internationale Studierende.,no,not re-opened in P04; quote carried from classification_sources row DEU-HU-S03
DEU-HU-P04-DEU-02,DEU-HU,compulsory_fees,https://web.archive.org/web/20251122050413id_/https://www.hu-berlin.de/de/studium/bewerbung/imma/semesterbeitrage/semesterbeitrag_aktuell.pdf/@@download/file/Semesterbeitraege_und_gebuehren_2025_WiSe.pdf,"Humboldt-Universität zu Berlin, Referat Studierendenservice",Semesterbeiträge und -gebühren Wintersemester 2025/26,WiSe 2025/26,2026-09-29,"Whole sheet (one page); amounts printed in a separate column, assignment checked on rendered page","Semesterbeiträge und -gebühren Wintersemester 2025/26 Die unten aufgeführte Gesamtsumme setzt sich zusammen aus: Semestergebühren: 50,00 € […] Studierendenschaftsbeitrag: 12,00 € […] Studierendenwerksbeitrag: 85,00 € […] Deutschlandsemesterticket: 208,80 € […] Ggf. zzgl. Säumnisgebühren: 19,94 € […] Gesamtsumme: 355,80 €",no,"curl (Wayback id_ raw capture), pdftotext -layout, pymupdf render for visual check"
DEU-HU-P04-DEU-03,DEU-HU,compulsory_fees,https://web.archive.org/web/20260120071131id_/https://www.refrat.de/oeko.deutschlandsemesterticket.html,ReferentInnenRat der Humboldt-Universität (student body),Deutschlandsemesterticket (FAQ),undated; capture 20 Jan 2026 (SoSe 2026 re-registration period); identical wording in capture of 10 Jun 2026,2026-09-29,FAQ items 11 and 14,"Der Preis liegt bei 208,80€ (34,80€ pro Monat) und ist in den Rückmeldegebühren enthalten. […] Deine Rückmeldegebühren sollten eigentlich bei ca. 147€ gelegen haben. Falls du 355,80 € gezahlt hast und nicht berechtigt bist, das Ticket zu beziehen, wende dich bitte an den Studierendenservice.",no,"curl (Wayback id_ raw capture), HTML text extraction"
DEU-HU-P04-DEU-04,DEU-HU,compulsory_fees,https://web.archive.org/web/20260610191930id_/https://www.refrat.de/oeko.deutschlandsemesterticket.html,ReferentInnenRat der Humboldt-Universität (student body),Deutschlandsemesterticket (FAQ),undated; capture 10 Jun 2026 (during SoSe 2026),2026-09-29,FAQ items 11 and 14,"Der Preis liegt bei 208,80€ (34,80€ pro Monat) und ist in den Rückmeldegebühren enthalten. […] Falls du 355,80 € gezahlt hast und nicht berechtigt bist, das Ticket zu beziehen, wende dich bitte an den Studierendenservice.",no,"curl (Wayback id_ raw capture), HTML text extraction"
DEU-RWTH-P04-DEU-01,DEU-RWTH,tuition,https://web.archive.org/web/20240113011039id_/https://www.asta.rwth-aachen.de/en/what-is-the-composition-of-the-semester-fee-wise-23-24/,AStA der RWTH Aachen,What is the composition of the semester fee? (WiSe 23/24),WiSe 2023/24 statement; not re-opened in P04; no 2025/26 tuition statement collected,,"Article body, tuition sentence","Students of RWTH Aachen University do not pay tuition fees … however, you have to pay a semester fee every semester for re-registration.",no,not re-opened in P04; quote carried from classification_sources row DEU-RWTH-S05
DEU-RWTH-P04-DEU-02,DEU-RWTH,compulsory_fees,https://www.asta.rwth-aachen.de/en/about-us/finance/,AStA der RWTH Aachen,Finance - Semester contribution,tab 'SS26' (SoSe 2026); live page accessed 2026-09-29,2026-09-29,"Semester contribution tabs, tab SS26 (et_pb_tab_1)","Total student body contribution 13,77 € Semesterticket (DE) 208,80 € Zuid-Limburg AddOn (NL) 7,77 € Total mobility contribution 216,57 € Social contribution ( Studierendenwerk Aachen ) [ Contribution regulations of the Studierendenwerk ] 128,00 € Total 358,34 €",no,"curl (live), HTML text extraction; tab label matched via HTML class"
DEU-RWTH-P04-DEU-03,DEU-RWTH,compulsory_fees,https://web.archive.org/web/20251209044040id_/https://www.asta.rwth-aachen.de/en/about-us/finance/,AStA der RWTH Aachen,Finance - Semester contribution,tab 'WS25/26' (WiSe 2025/26); capture 9 Dec 2025,2026-09-29,"Semester contribution tabs, tab WS25/26 (et_pb_tab_0, active)","Total student body contribution 13,77 € Semesterticket (DE) 208,80 € Zuid-Limburg AddOn (NL) 7,48 € Total mobility contribution 216,28 € Social contribution ( Studierendenwerk Aachen ) [ Contribution regulations of the Studierendenwerk ] 108,00 € Total 338,05 €",no,"curl (Wayback id_ raw capture), HTML text extraction; tab label matched via HTML class"
DEU-RWTH-P04-DEU-04,DEU-RWTH,compulsory_fees,https://www.rwth-aachen.de/global/show_document.asp?id=aaaaaaaadclycms,RWTH Aachen (Amtliche Bekanntmachungen),"Beitragsordnung der Studierendenschaft der RWTH Aachen, Gesamtfassung (26. Änderungsordnung vom 14.07.2025), Amtliche Bekanntmachung 2025/177 vom 17.07.2025",WiSe 2025/26 and SoSe 2026,2026-09-29,"Mobility contribution paragraphs (2)-(3), page 4","Ab dem Wintersemester 2025/26 beträgt dieser Teilbetrag im jeweiligen Semester 208,80 Euro. (3) Der Teilbetrag für die Erweiterung der Fahrtberechtigung auf den Geltungsbereich des Add-On Zuid-Limburg beträgt ab dem Wintersemester 2024/25 7,24 Euro und ab dem Wintersemester 2025/26 7,48 Euro pro Semester.",no,"curl (live PDF), pdftotext -layout"
DEU-RWTH-P04-DEU-05,DEU-RWTH,compulsory_fees,https://www.rwth-aachen.de/global/show_document.asp?id=aaaaaaaadclycms,RWTH Aachen (Amtliche Bekanntmachungen),"Beitragsordnung der Studierendenschaft der RWTH Aachen, Amtliche Bekanntmachung 2025/177 vom 17.07.2025",WiSe 2025/26 and SoSe 2026,2026-09-29,"Student-body contribution sub-items (2), (5)","(2) Der Teilbetrag für den AStA beträgt 0,00 Euro im Sommersemester 2025 und 6,00 Euro ab dem Wintersemester 2025/2026 […] (5) Der Teilbetrag für die Kinderbetreuung an der RWTH Aachen beträgt im Wintersemester 2025/2026 und im Sommersemester 2026 2,31 Euro.",no,"curl (live PDF), pdftotext -layout"
DEU-RWTH-P04-DEU-06,DEU-RWTH,correction,https://www.asta.rwth-aachen.de/en/about-us/finance/,AStA der RWTH Aachen,Finance - Semester contribution,tab 'SS24' (SoSe 2024); supports the existing 2023/24 figure (no correction proposed),2026-09-29,"Semester contribution tabs, tab SS24 (et_pb_tab_5)","Total Student body contribution 13,18 € Semesterticket (DE) 176,40 € Zuid-Limburg AddOn (NL) 5,91 € Total Mobility contribution 182,31 € Social contribution ( Studierendenwerk Aachen ) [ Contribution regulations of the Studierendenwerk ] 108,00 € Total 303,49 €",no,"curl (live), HTML text extraction; tab label matched via HTML class"
FRA-PSL-P04-FRA-01,FRA-PSL,tuition,https://psl.eu/formation/cpes-psl-louis-le-grand,Université PSL,CPES PSL Louis-Le-Grand (live page),2025/2026 (stated on page),2026-09-29,Section 'Frais de scolarité 2025/2026',Frais de scolarité 2025/2026 Droits de scolarité : Étudiant boursier : Gratuit Étudiant non boursier : 178€ /an (droits nationaux pour une inscription en licence) Contribution Vie étudiante et de Campus (CVEC) : 105€ /an,no,curl (live page) + HTML-to-text; original French
FRA-PSL-P04-FRA-02,FRA-PSL,tuition,https://web.archive.org/web/20250920062500/https://dauphine.psl.eu/formations/scolarite/droits-et-tarifs,Université Paris-Dauphine - PSL,"Droits de scolarité, Année universitaire 2025-2026 (Wayback capture 20 Sept 2025)",Année universitaire 2025-2026 (page header),2026-09-29,Tarifs modulés Licence Sciences des Organisations (LSO) grid (HTML text),"Pour l'année universitaire 2025-2026, le montant des droits de scolarité est calculé à partir du revenu brut global de 2023 [...] Est inférieur ou égal à 34 999 € Exonération [...] Se situe entre 160 000 et 179 999 € 3 450 € Se situe entre 180 000 et 199 999 € 4 140 € A partir de 200 000 € 4 800 €",no,curl (Wayback id_ capture) + HTML-to-text; original French
FRA-PSL-P04-FRA-03,FRA-PSL,tuition,https://web.archive.org/web/20250920062500/https://dauphine.psl.eu/formations/scolarite/droits-et-tarifs,Université Paris-Dauphine - PSL,"Droits de scolarité, Année universitaire 2025-2026 (Wayback capture 20 Sept 2025)",Année universitaire 2025-2026 (page header),2026-09-29,Tarifs modulés Licence Mathématiques Informatique (MIDO) grid (HTML text),Est inférieur ou égal à 34 999 € 0 € [...] Se situe entre 180 000 et 199 999 € 1 980 € A partir de 200 000 € 2 400 €,no,curl (Wayback id_ capture) + HTML-to-text; original French
FRA-PSL-P04-FRA-04,FRA-PSL,tuition,https://web.archive.org/web/20250920062500/https://dauphine.psl.eu/formations/scolarite/droits-et-tarifs,Université Paris-Dauphine - PSL,"Droits de scolarité, Année universitaire 2025-2026 (Wayback capture 20 Sept 2025)",Année universitaire 2025-2026 (page header),2026-09-29,"Licence table, LSO Madrid row (track taught abroad; excluded)",1ère et 2e années de Licence (grade) Sciences des organisations (LSO) - Madrid 8 897 €,no,curl (Wayback id_ capture) + HTML-to-text; original French
FRA-PSL-P04-FRA-05,FRA-PSL,compulsory_fees,https://web.archive.org/web/20250920062500/https://dauphine.psl.eu/formations/scolarite/droits-et-tarifs,Université Paris-Dauphine - PSL,"Droits de scolarité, Année universitaire 2025-2026 (Wayback capture 20 Sept 2025)",2025-2026,2026-09-29,"Page text on CVEC, and caveat","Ces tarifs n’incluent pas la contribution vie étudiante et de campus (CVEC), obligatoire pour toute inscription en formation initiale classique ou apprentissage dans un établissement d’enseignement supérieur (tarif fixé par le CROUS, 105 € au titre de l’année universitaire 2025-2026). [...] Certains tarifs communiqués sur cette page sont susceptibles d’évoluer pour l’année universitaire 2025 - 202 [...]",yes,curl (Wayback id_ capture) + HTML-to-text; original French
FRA-PSL-P04-FRA-06,FRA-PSL,tuition,https://web.archive.org/web/20251212191257/https://dauphine.psl.eu/formations/scolarite/droits-et-tarifs,Université Paris-Dauphine - PSL,"Droits de scolarité, Année universitaire 2025-2026 (Wayback capture 12 Dec 2025)",2025-2026,2026-09-29,"LSO and MIDO grids, top brackets (confirms the Sept 2025 capture after the start of the year)",A partir de 200 000 € 4 800 € [LSO grid] [...] A partir de 200 000 € 2 400 € [MIDO grid],no,curl (Wayback id_ capture) + HTML-to-text; original French
FRA-IPP-P04-FRA-01,FRA-IPP,tuition,https://web.archive.org/web/20250910232058/https://programmes.polytechnique.edu/bachelor/frais-et-financement/frais-de-scolarite,École polytechnique,Bachelor of Science - Frais de scolarité (Wayback capture 10 Sept 2025),no year printed; capture during the 2025/26 intake,2026-09-29,Fee block 'FRAIS DE SCOLARITÉ',"FRAIS DE SCOLARITÉ Ressortissant de l’UE et EEE €15,750 / an Non ressortissants de l’UE €18,800 / an Ces frais ne comprennent pas le coût de la vie.",no,curl (Wayback id_ capture) + HTML-to-text; original French
FRA-IPP-P04-FRA-02,FRA-IPP,tuition,https://web.archive.org/web/20250212203054/https://programmes.polytechnique.edu/bachelor/frais-et-financement/frais-de-scolarite,École polytechnique,Bachelor of Science - Frais de scolarité (Wayback capture 12 Feb 2025),no year printed; capture during the 2025 admissions round,2026-09-29,Fee block 'FRAIS DE SCOLARITÉ',"FRAIS DE SCOLARITÉ Ressortissant de l’UE et EEE €15,750 / an Non ressortissants de l’UE €18,800 / an",no,curl (Wayback id_ capture) + HTML-to-text; original French
FRA-IPP-P04-FRA-03,FRA-IPP,tuition,https://web.archive.org/web/20251102221849/https://programmes.polytechnique.edu/en/bachelor/costs-and-funding/tuition-fees,École polytechnique,Bachelor of Science Tuition Fees (English; Wayback capture 2 Nov 2025),no year printed; capture during 2025/26,2026-09-29,Fee block 'ANNUAL TUITION FEES',"ANNUAL TUITION FEES EU and EEA Students €15,750 / year Non-EU Students €18,800 / year Those fees do not include cost of living. Tuition fees remain constant throughout the Program.",no,curl (Wayback id_ capture) + HTML-to-text; original English
FRA-IPP-P04-FRA-04,FRA-IPP,tuition,https://web.archive.org/web/20260416013716/https://programmes.polytechnique.edu/bachelor/frais-et-financement/frais-de-scolarite,École polytechnique,Bachelor of Science - Frais de scolarité (Wayback capture 16 Apr 2026),"no year printed; later capture (context only, not used)",2026-09-29,Fee block 'FRAIS DE SCOLARITÉ',"FRAIS DE SCOLARITÉ Ressortissant de l’UE et EEE €15,900 / an Non ressortissants de l’UE €19,200 / an [...] Les tarifs sont susceptibles de changer.",no,curl (Wayback id_ capture) + HTML-to-text; original French
FRA-IPP-P04-FRA-05,FRA-IPP,compulsory_fees,https://web.archive.org/web/20260608234023/https://www.universite-paris-saclay.fr/admissions/inscription-administrative,Université Paris-Saclay,Inscription administrative (Wayback capture 8 June 2026; states the 2025-2026 amount),2025-2026,2026-09-29,Étape 1 (CVEC); national contribution applied by rule to X Bachelor students,"Chaque étudiant·e inscrit·e en formation initiale dans un établissement d’enseignement supérieur doit obligatoirement s’acquitter, préalablement à son inscription, de la Contribution de vie étudiante et de campus (CVEC) auprès du CROUS. Le montant de la CVEC est de 105 € pour l’année scolaire 2025-2026.",no,curl (Wayback id_ capture) + HTML-to-text; original French; national rule applied
FRA-SU-P04-FRA-01,FRA-SU,tuition,https://actesreglementaires.sorbonne-universite.fr/_resources/CA/ca-DEL/Sorbonne-Universite-CA-Delib-20250701.pdf?download=true,Sorbonne Université,Conseil d'administration du 1er juillet 2025 - Avis sur les tarifs & droits annuels d'inscription en formation initiale au titre de l'année 2025-2026,2025-2026,2026-09-29,"p. 1, row 'Inscription dans un parcours de licence à Sorbonne Université'","- En 1ère, 2ème et 3ème année de Licence. Taux ministériel de Licence",no,curl + pdftotext -layout; original French
FRA-SU-P04-FRA-02,FRA-SU,tuition,https://www.universite-paris-saclay.fr/sites/default/files/2025-06/2025-2026_droits_inscription_2025-2026_tableau_1_1.pdf,Université Paris-Saclay (reproduces table 1 of the arrêté du 19 avril 2019),Montant des droits de scolarité au titre de l'année universitaire 2025-2026 - Etablissements publics relevant du ministre chargé de l'enseignement supérieur,2025-2026,2026-09-29,"p. 1, 'Diplôme national relevant du cycle de licence' block (Licence listed), columns Taux / Taux réduit",Montant des droits de scolarité au titre de l'année universitaire 2025-2026 [...] Diplôme national relevant du cycle de licence [...] Licence [...] 178 | 118 (Taux | Taux réduit),no,curl + pdftotext -layout; original French
FRA-SU-P04-FRA-03,FRA-SU,tuition,https://lettres.sorbonne-universite.fr/sites/default/files/media/2025-06/Tarifs%20inscriptions%20-%20formation%20initiale%202025-2026%20-%20Facult%C3%A9%20des%20Lettres.pdf,Sorbonne Université - Faculté des Lettres,"Tarifs d'inscription, Année universitaire 2025/26 en formation initiale",2025/26,2026-09-29,"LICENCE column (visually checked: components sum to 175, printed total 178)",LICENCE(1) (Hors formation à distance) Scolarité 141€ Bibliothèque 34€ 178 €,no,curl + pdftotext -layout; visual_render (pymupdf) of the Licence cell; original French
FRA-SU-P04-FRA-04,FRA-SU,compulsory_fees,https://web.archive.org/web/20260608234023/https://www.universite-paris-saclay.fr/admissions/inscription-administrative,Université Paris-Saclay,Inscription administrative (Wayback capture 8 June 2026; states the 2025-2026 amount),2025-2026,2026-09-29,Étape 1 (CVEC); national contribution applied by rule,"Chaque étudiant·e inscrit·e en formation initiale dans un établissement d’enseignement supérieur doit obligatoirement s’acquitter, préalablement à son inscription, de la Contribution de vie étudiante et de campus (CVEC) auprès du CROUS. Le montant de la CVEC est de 105 € pour l’année scolaire 2025-2026.",no,curl (Wayback id_ capture) + HTML-to-text; original French; national rule applied
FRA-UPSACLAY-P04-FRA-01,FRA-UPSACLAY,tuition,https://web.archive.org/web/20260608230031/https://www.universite-paris-saclay.fr/admission/droits-dinscription-de-luniversite-paris-saclay,Université Paris-Saclay,Droits d'inscription de l'Université Paris-Saclay (Wayback capture 8 June 2026),2025-2026 (stated),2026-09-29,Section 'Tarifs nationaux',"Pour l’année 2025-2026, les droits d’inscription sont fixés comme suit (tarif 2026-2027 à venir) : Cursus Licence Cursus Master Cursus Doctorat 178 € 254 € 397 €",no,curl (Wayback id_ capture) + HTML-to-text; original French
FRA-UPSACLAY-P04-FRA-02,FRA-UPSACLAY,tuition,https://www.universite-paris-saclay.fr/sites/default/files/2025-06/2025-2026_droits_inscription_2025-2026_tableau_1_1.pdf,Université Paris-Saclay (reproduces table 1 of the arrêté du 19 avril 2019),Montant des droits de scolarité au titre de l'année universitaire 2025-2026,2025-2026,2026-09-29,"p. 1, licence block, columns Taux / Taux réduit",Montant des droits de scolarité au titre de l'année universitaire 2025-2026 [...] Diplôme national relevant du cycle de licence [...] Licence [...] 178 | 118 (Taux | Taux réduit),no,curl + pdftotext -layout; original French
FRA-UPSACLAY-P04-FRA-03,FRA-UPSACLAY,compulsory_fees,https://web.archive.org/web/20260608234023/https://www.universite-paris-saclay.fr/admissions/inscription-administrative,Université Paris-Saclay,Inscription administrative (Wayback capture 8 June 2026; states the 2025-2026 amount),2025-2026,2026-09-29,Étape 1 (CVEC),"Chaque étudiant·e inscrit·e en formation initiale dans un établissement d’enseignement supérieur doit obligatoirement s’acquitter, préalablement à son inscription, de la Contribution de vie étudiante et de campus (CVEC) auprès du CROUS. Le montant de la CVEC est de 105 € pour l’année scolaire 2025-2026.",no,curl (Wayback id_ capture) + HTML-to-text; original French
FRA-ENSL-P04-FRA-01,FRA-ENSL,tuition,https://web.archive.org/web/20250711183138/https://www.ens-lyon.fr/formation/inscription-scolarite/inscription-et-reinscription-au-cpes-sciences-et-societe,École normale supérieure de Lyon,Inscription et réinscription au CPES sciences et société (Wayback capture 11 July 2025),2025-2026 (stated),2026-09-29,Section 'Montant des droits d'inscription 2025-2026',"Montant des droits d'inscription 2025-2026 La première, deuxième et troisième année du CPES sciences et société : 178€ en 2025-2026",no,curl (Wayback id_ capture) + HTML-to-text; original French
FRA-ENSL-P04-FRA-02,FRA-ENSL,compulsory_fees,https://web.archive.org/web/20250711183138/https://www.ens-lyon.fr/formation/inscription-scolarite/inscription-et-reinscription-au-cpes-sciences-et-societe,École normale supérieure de Lyon,Inscription et réinscription au CPES sciences et société (Wayback capture 11 July 2025),2025-2026,2026-09-29,"Les étapes, 1 - Acquittement de la CVEC",1 - Acquittement de la Contribution Vie Étudiante et de Campus (CVEC) Cet acquittement concerne tous les étudiants (y compris les étudiants boursiers) et est un préalable obligatoire à la pré-inscription sur Coriandre.,no,curl (Wayback id_ capture) + HTML-to-text; original French
FRA-ENSL-P04-FRA-03,FRA-ENSL,compulsory_fees,https://web.archive.org/web/20260608234023/https://www.universite-paris-saclay.fr/admissions/inscription-administrative,Université Paris-Saclay,Inscription administrative (Wayback capture 8 June 2026; states the 2025-2026 amount),2025-2026,2026-09-29,Étape 1 (CVEC); national amount applied by rule,"Chaque étudiant·e inscrit·e en formation initiale dans un établissement d’enseignement supérieur doit obligatoirement s’acquitter, préalablement à son inscription, de la Contribution de vie étudiante et de campus (CVEC) auprès du CROUS. Le montant de la CVEC est de 105 € pour l’année scolaire 2025-2026.",no,curl (Wayback id_ capture) + HTML-to-text; original French; national rule applied
FRA-P1-P04-FRA-01,FRA-P1,tuition,https://web.archive.org/web/20251101045303/https://www.pantheonsorbonne.fr/inscription/frais-dinscription,Université Paris 1 Panthéon-Sorbonne,Frais d'inscription (Wayback capture 1 Nov 2025),2025-2026 (stated),2026-09-29,Section 'Montants des droits universitaires 2025-2026',"Montants des droits universitaires 2025-2026 Le montant des droits universitaires s'élève à : 1ère année de Capacité en droit : 178 € Licence 1ère, 2ème et 3ème année et 2ème année de Capacité en Droit : 178 € Taux 2ème diplôme Licence : 118 € Double-Licence : 296 €",no,curl (Wayback id_ capture) + HTML-to-text; original French
FRA-P1-P04-FRA-02,FRA-P1,compulsory_fees,https://web.archive.org/web/20250921103408/https://www.pantheonsorbonne.fr/inscription/inscription-administrative,Université Paris 1 Panthéon-Sorbonne,Inscription et réinscription administrative (Wayback capture 21 Sept 2025; 'Mis à jour le 10 septembre 2025'),2025-2026 (page refers to 'la rentrée marquant le début de l’année universitaire 2025-2026'),2026-09-29,"Les étapes de l'inscription administrative, Étape 1","Étape 1 | Acquittez-vous de la Contribution Vie Etudiante et de Campus (CVEC) Préalablement à votre inscription, vous devez vous acquitter de la CVEC - Contribution vie étudiante et de Campus. D'un montant annuel de 105 €, en fonction des cas, vous pouvez y être assujettis ou en être exonérés.",no,curl (Wayback id_ capture) + HTML-to-text; original French
ITA-PM-P04-ITA-01,ITA-PM,tuition,https://www.normativa.polimi.it/fileadmin/user_upload/regolamenti/studenti/D.r._regolamento_contribuzione_studentesca_2025-2026.pdf,Politecnico di Milano (normativa.polimi.it),"Regolamento in materia di contribuzione studentesca, a.a. 2025/2026 (decreto rettorale)",2025/26,2026-09-29,"Art. 1 comma 2; Art. 3 comma 2 (CFU table); Art. 6 comma 2; Allegati, Tabella n. 1 and Tabella n. 2 (p. 19)",Le disposizioni del presente Regolamento si applicano a partire dall’anno accademico (a.a.) 2025/2026 a tutti gli studenti di Laurea [...] | CFU fino a 32 da 33 a 45 da 46 a 74 da 75 a 80 / % contributo onnicomprensivo 50% 75% 100% 130% | Per valori dell'indicatore ISEE superiori al valore massimo della Fascia 8 non è concessa nessuna riduzione del contributo onnicomprensivo. | Tabella n. 2 - Impo [...],yes,curl + pdftotext -layout (UTF-8); original Italian
ITA-PM-P04-ITA-02,ITA-PM,compulsory_fees,https://www.normativa.polimi.it/fileadmin/user_upload/regolamenti/studenti/D.r._regolamento_contribuzione_studentesca_2025-2026.pdf,Politecnico di Milano (normativa.polimi.it),"Regolamento in materia di contribuzione studentesca, a.a. 2025/2026 (decreto rettorale)",2025/26,2026-09-29,Art. 2 comma 2; Tabella n. 3 'I Rata' (p. 19),"Oltre al contributo onnicomprensivo annuale, tutti gli studenti sono tenuti al pagamento degli importi relativi all’imposta di bollo e alla tassa regionale per il diritto allo studio [...] | I Rata: Tassa regionale 140,00 € | Imposta di bollo 16,00 € | Assicurazioni 11,04 €",no,"curl + pdftotext -layout (UTF-8); table text columns misaligned in extraction, amounts read in order 140/16/11.04; original Italian"
ITA-PM-P04-ITA-03,ITA-PM,regime,https://www.normativa.polimi.it/fileadmin/user_upload/regolamenti/studenti/D.r._regolamento_contribuzione_studentesca_2025-2026.pdf,Politecnico di Milano (normativa.polimi.it),"Regolamento in materia di contribuzione studentesca, a.a. 2025/2026 (decreto rettorale)",2025/26,2026-09-29,Art. 5 comma 1 (esonero totale),"esonerati dal pagamento del contributo onnicomprensivo annuale gli studenti che soddisfano congiuntamente i seguenti requisiti: a) appartenenza ad un nucleo familiare il cui indicatore ISEE è inferiore o eguale a 22.000,00 €; [...] Nel caso di iscrizione al primo anno accademico, l'unico requisito da soddisfare è quello di cui al precedente punto a).",no,curl + pdftotext -layout (UTF-8); original Italian
ITA-SUR-P04-ITA-01,ITA-SUR,tuition,https://www.uniroma1.it/sites/default/files/field_file_allegati/regolamento2025-2026.pdf,Sapienza Università di Roma,Regolamento per la frequenza dei corsi di laurea e laurea magistrale e di contribuzione studentesca 2025-2026,2025/26,2026-09-29,"Parte 2, Capo IX, art. 38 comma 1 'Costi in base al gruppo contributivo' (pp. 61-62); decree preamble p. 7","Il contributo di iscrizione di importo ordinario, previsto per ciascun gruppo contributivo, è indicato di seguito. [...] A. Primo gruppo di contribuzione - Corsi delle Facoltà di: Economia; Giurisprudenza; Lettere e Filosofia; Scienze Politiche, Sociologia, Comunicazione. - Totale €2.821 [...] B. Secondo gruppo di contribuzione - Corsi delle Facoltà di: Architettura; Farmacia e Medicina; Ingegneri [...]",yes,curl + pdftotext -layout (UTF-8); original Italian
ITA-SUR-P04-ITA-02,ITA-SUR,tuition,https://www.uniroma1.it/sites/default/files/field_file_allegati/regolamento2025-2026.pdf,Sapienza Università di Roma,Regolamento per la frequenza dei corsi di laurea e laurea magistrale e di contribuzione studentesca 2025-2026,2025/26,2026-09-29,"Capo IX, Isee article, point D (full-pay condition)",Non puoi ottenere i benefici economici in base all’Isee se: - hai un valore Isee per il diritto allo studio universitario superiore a 100.000 euro. In questo caso pagherai i contributi di iscrizione al valore ordinario (art. 38); - quando acquisisci l’Isee selezioni l’opzione “Non dichiaro”. In questo caso pagherai i contributi di iscrizione al valore ordinario (art. 38);,no,curl + pdftotext -layout (UTF-8); original Italian
ITA-SUR-P04-ITA-03,ITA-SUR,compulsory_fees,https://www.uniroma1.it/sites/default/files/field_file_allegati/regolamento2025-2026.pdf,Sapienza Università di Roma,Regolamento per la frequenza dei corsi di laurea e laurea magistrale e di contribuzione studentesca 2025-2026,2025/26,2026-09-29,Art. 39 'Tassa regionale per il diritto allo studio e imposta di bollo' (p. 65),"Oltre al contributo di iscrizione al corso, insieme alla prima rata devi versare: - la tassa regionale a favore della Regione Lazio pari a 140 euro (se non rientri nei casi di esenzione); - l’imposta di bollo da 16 euro.",no,curl + pdftotext -layout (UTF-8); original Italian
ITA-SUR-P04-ITA-04,ITA-SUR,regime,https://www.uniroma1.it/sites/default/files/field_file_allegati/regolamento2025-2026.pdf,Sapienza Università di Roma,Regolamento per la frequenza dei corsi di laurea e laurea magistrale e di contribuzione studentesca 2025-2026,2025/26,2026-09-29,"Capo IX, no-tax area article, point A 'Isee fino a 24.000 euro'",La Legge 232/2016 (e successive modifiche e integrazioni) ha istituito l’esonero totale dai contributi di iscrizione al primo anno per chi ha un Isee pari a 22.000 euro [...] Sapienza ha esteso la soglia Isee per ottenere questo beneficio a 24.000 euro (delibera del Consiglio di amministrazione del 21/07/2020 n. 254),no,curl + pdftotext -layout (UTF-8); original Italian
ITA-AMSUB-P04-ITA-01,ITA-AMSUB,tuition,https://www.unibo.it/it/studiare/iscrizioni-tasse-e-altre-procedure/lauree-e-lauree-magistrali/tasse-e-contributi/archivio-importi-delle-tasse/archivio-importi-delle-tasse-a-a-2025-26/Tabellaimportimassimi2526.pdf/@@download/file/Tabella-importi-massimi-25-26.pdf,Università di Bologna,Importo massimo di contributo onnicomprensivo A.A. 2025/2026,2025/26,2026-09-29,"pp. 1-2: 'Corsi di primo ciclo', 'Corsi di primo ciclo a importo maggiorato', 'Corsi a ciclo unico', 'Corsi a ciclo unico a importo maggiorato' (visually checked on pymupdf render)","Importo massimo di contributo onnicomprensivo A.A. 2025/2026 | Il contributo onnicomprensivo è al netto della Tassa regionale per il diritto allo studio, dell'imposta di bollo e del premio assicurativo | Corsi di primo ciclo: 2.040,00 € | Corsi a ciclo unico: 2.244,00 € | 0079 ODONTOIATRIA E PROTESI DENTARIA 4.080,00 € | 8616 CONSERVAZIONE E RESTAURO DEI BENI CULTURALI (ABILITANTE AI SENSI DEL D. [...]",yes,curl + pdftotext -layout; table verified on pymupdf render (text extraction misaligns columns); original Italian
ITA-AMSUB-P04-ITA-02,ITA-AMSUB,compulsory_fees,https://www.unibo.it/it/allegati/sistema-di-calcolo-delle-tasse-a-a-2025-26/@@download/file/Sistema-di-calcolo-delle-tasse-anno-accademico-2025-2026.pdf,Università di Bologna,Sistema di calcolo contribuzione studentesca a.a. 2025/2026,2025/26,2026-09-29,Final paragraph,"Agli importi calcolati come sopra indicato si aggiungono 157,04 € per tassa regionale (140,00 €), bollo (16,00 €) e premio assicurativo (1,04 €), importo che tutti gli studenti e le studentesse versano con la prima rata a prescindere dall’ISEE e anche in caso di esonero totale.",no,curl + pdftotext -layout (UTF-8); original Italian
ITA-AMSUB-P04-ITA-03,ITA-AMSUB,regime,https://www.unibo.it/it/allegati/sistema-di-calcolo-delle-tasse-a-a-2025-26/@@download/file/Sistema-di-calcolo-delle-tasse-anno-accademico-2025-2026.pdf,Università di Bologna,Sistema di calcolo contribuzione studentesca a.a. 2025/2026,2025/26,2026-09-29,First table (students within normal duration + 1),"Valore ISEE CON numero minimo di CFU SENZA numero minimo di CFU | <= 27.000,00 € 0 700,00 € | [...] > 70.000,01 € ((ISEE – 13.000,00)*7%) ((ISEE – 13.000,00)*7%) + 700,00 € | Gli importi di contribuzione sono calcolati come sopra indicato fino al raggiungimento del livello massimo di contribuzione previsto per il corso",no,curl + pdftotext -layout (UTF-8); original Italian
ITA-UP-P04-ITA-01,ITA-UP,tuition,https://web.archive.org/web/20250808150914id_/https://www.unipd.it/sites/unipd.it/files/2025/1.Bando%20ContribuzioneEsoneri%202025-26-_0.pdf,Università degli Studi di Padova - Ufficio Servizi agli Studenti (Wayback capture 2025-08-08),Bando contribuzione studentesca ed esoneri a.a. 2025/2026,2025/26,2026-09-29,"Section 1, group definitions and Tabella 1: Importo massimo complessivo per gruppi di corsi di studio (p. 3, visually checked)","Gruppo A (Umanistico): tutti i corsi afferenti alle Scuole di Economia e Scienze Politiche, Giurisprudenza, Scienze Umane, Sociali e del Patrimonio Culturale; Gruppo B (Scientifico + Scienze della Formazione Primaria): [...] | Gruppo A € 2.750,00 € 189,00 + € 16,00= € 205,00 € 2.955,00 | Gruppo B € 2.950,00 € 189,00 + € 16,00= € 205,00 € 3.155,00",no,curl (Wayback raw capture) + pdftotext -layout; table verified on pymupdf render of the identical live file; original Italian
ITA-UP-P04-ITA-02,ITA-UP,tuition,https://wwwassets.unipd.it/sites/default/files/2026-04/Bando%20Contribuzione%20ed%20esoneri%20a.a.%202025-2026%20.pdf,Università degli Studi di Padova,Bando contribuzione studentesca ed esoneri a.a. 2025/2026 (live copy),2025/26,2026-09-29,"Section 5, Tabella 3: Importo del contributo onnicomprensivo applicato a studenti con cittadinanza europea (p. 8, visually checked)","ISEE superiore a 70.000 € Regolare e fuori corso, con o senza progressione minima, gruppo A 2.750,00 € | Regolare e fuori corso, con o senza progressione minima, gruppo B 2.950,00 € | ISEE tra 13.000 € e 30.000 € Regolare con progressione di carriera minima, gruppi A-B esonero totale",no,curl + pdftotext -layout; table verified on pymupdf render; original Italian
ITA-UP-P04-ITA-03,ITA-UP,compulsory_fees,https://web.archive.org/web/20250808150914id_/https://www.unipd.it/sites/unipd.it/files/2025/1.Bando%20ContribuzioneEsoneri%202025-26-_0.pdf,Università degli Studi di Padova (Wayback capture 2025-08-08),Bando contribuzione studentesca ed esoneri a.a. 2025/2026,2025/26,2026-09-29,"Section 1 'Prima rata' point a); Section 4, Tabella 2","205,00 Euro per coloro che si iscrivono al primo anno dei corsi di studio, composta da: - 189,00 Euro: tassa regionale massima per il diritto allo studio universitario; - 16,00 Euro: imposta di bollo. | Tabella 2: Importo della tassa regionale per il diritto allo studio in funzione dell’ISEE | I 0 - 15.748,78 € 144,00 – € 164,99 | II 15.748,79 - 31.497,56 € 165,00 - € 188,99 | III > 31.497,56 € 18 [...]",yes,curl (Wayback raw capture) + pdftotext -layout; original Italian
ITA-UP-P04-ITA-04,ITA-UP,regime,https://web.archive.org/web/20250808150914id_/https://www.unipd.it/sites/unipd.it/files/2025/1.Bando%20ContribuzioneEsoneri%202025-26-_0.pdf,Università degli Studi di Padova (Wayback capture 2025-08-08),Bando contribuzione studentesca ed esoneri a.a. 2025/2026,2025/26,2026-09-29,Section 5 A (career situations),"REGOLARE, con progressione di carriera minima - iscrizione all'università di appartenenza da un numero di anni accademici inferiore o uguale alla durata normale del corso di studio, aumentata di uno; - in caso di iscrizione al primo anno accademico, nessun requisito di merito;",no,curl (Wayback raw capture) + pdftotext -layout; original Italian
ITA-PT-P04-ITA-01,ITA-PT,tuition,https://web.archive.org/web/20250727044901id_/https://www.polito.it/sites/default/files/2025-07/Regolamento%20contribuzione%20studentesca%20a.a.%202025_2026%20per%20glile%20studenti%20immatricolati%20a%20partire%20dalla.a.pdf,Politecnico di Torino (Wayback capture 2025-07-27),"Regolamento contribuzione studentesca a.a. 2025/2026 per gli/le studenti immatricolati a partire dall'a.a. 2025/2026 (DR 899/2025, in vigore dal 23/7/2025)",2025/26,2026-09-29,"Art. 1 comma 2; Art. 2 comma 1 and Tabella A; Appendice (p. 23, visually checked on pymupdf render)","Le disposizioni del presente Regolamento si applicano ai soggetti che nell’a.a. 2025/2026 si iscrivono al Politecnico di Torino per la prima volta a: o Corsi di Laurea; [...] | Tabella A [...] ISEE > 100.000€ [...] Importo massimo (Tmax) indicato in Appendice | Appendice: Denominazione Importo (*) Articolo di riferimento | Tmax 3.600,00€ ARTT. 2 e 3 | Tmin 600,00 € ART. 3 | Tfix 300,00€ ART. 2 | ( [...]",yes,curl (Wayback raw capture) + pdftotext -layout; appendix verified on pymupdf render; Tabella A text is column-scrambled in extraction; original Italian
ITA-PT-P04-ITA-02,ITA-PT,compulsory_fees,https://web.archive.org/web/20250727044901id_/https://www.polito.it/sites/default/files/2025-07/Regolamento%20contribuzione%20studentesca%20a.a.%202025_2026%20per%20glile%20studenti%20immatricolati%20a%20partire%20dalla.a.pdf,Politecnico di Torino (Wayback capture 2025-07-27),Regolamento contribuzione studentesca a.a. 2025/2026 per gli/le studenti immatricolati a partire dall'a.a. 2025/2026,2025/26,2026-09-29,Art. 1 comma 3 b,Importi non di competenza dell’Ateneo: i. Tassa regionale per il diritto allo studio universitario Edisu (d’ora in poi definita tassa regionale): 140 € (*). L’Ateneo incassa tale valore per conto dell’Ente EDISU. ii. Imposta di bollo su iscrizione: 16 € (*). iii. Premio assicurazione infortuni: 5 € (*).,no,curl (Wayback raw capture) + pdftotext -layout; original Italian
ITA-PT-P04-ITA-03,ITA-PT,regime,https://www.polito.it/sites/default/files/2025-10/Regolamento%20contrib%20stud%20a.a.%202025_2026%20stud%20immatricolati%20a%20partire%20da%20a.a.%202025_2026.pdf,Politecnico di Torino,"Regolamento contribuzione studentesca a.a. 2025/2026 per gli/le studenti immatricolati a partire dall'a.a. 2025/2026 (amended version, October 2025)",2025/26,2026-09-29,Cover page; Art. 5 commi 1-2 (text otherwise identical to the July version apart from formatting),Emanato con Decreto Rettorale n. 722 del 27 giugno 2025 così come modificato da ultimo con Decreto Rettorale n. 1190 del 22 ottobre 2025 In vigore dal 22 ottobre 2025 | Il Politecnico di Torino ha esteso a 30.000€ la soglia ISEE Universitario entro cui applicare l’esonero dal pagamento del contributo onnicomprensivo,no,curl + pdftotext -layout; diff against the July capture shows only cover and formatting changes; original Italian
ITA-PT-P04-ITA-04,ITA-PT,regime,https://web.archive.org/web/20250727050108id_/https://www.polito.it/sites/default/files/2025-07/Regolamento%20contribuzione%20studentesca%20a.a.%202025_2026%20per%20glile%20studenti%20immatricolati%20prima%20della.a.%202025_2026.pdf,Politecnico di Torino (Wayback capture 2025-07-27),Regolamento contribuzione studentesca a.a. 2025/2026 per gli/le studenti immatricolati prima dell'a.a. 2025/2026,2025/26 (continuing cohorts only),2026-09-29,"Title page; level table, row 75","PER GLI/LE STUDENTI IMMATRICOLATI PRIMA DELL’A.A. 2025/2026 | 75 oltre 85.500,00€ 2.601,00 € 1.625,00 € 2.601,00 € 1.625,00 € 2.967,00 € 1.845,00 € 3.211,00 € 1.991,00 €",no,"curl (Wayback raw capture) + pdftotext -layout; column headers not re-read (first column assumed full-time Laurea, as in the 2023/24 guide); original Italian"
ITA-UNIMI-P04-ITA-01,ITA-UNIMI,tuition,https://web.archive.org/web/20250922233440id_/https://www.unimi.it/sites/default/files/regolamenti/Regolamento_tasse_e_contributi_2025_2026.pdf,Università degli Studi di Milano (Wayback capture 2025-09-22),"Regolamento tasse, contributi, esoneri e borse di studio, anno accademico 2025/2026 (decreto rettorale 17679/25 dell'8 maggio 2025)",2025/26,2026-09-29,"Art. 3, Seconda rata, parametri 1-6 and Tabella 1 - seconda rata massima (pp. 1-2)","ISEE massimo pari a 80.000,00 euro oltre il quale è dovuto l’importo massimo di seconda rata come segue: Tabella 1 – seconda rata massima | A In corso/fuori corso da un anno € 3.204,00 | A Fuori corso dal secondo anno € 4.806,00 | B In corso/fuori da un anno € 4.101,12 | B Fuori corso dal secondo anno € 6.151,68",no,curl (Wayback id_ capture) + pdftotext -layout (UTF-8); original Italian; live unimi.it returned HTTP 403 (not bypassed)
ITA-UNIMI-P04-ITA-02,ITA-UNIMI,compulsory_fees,https://web.archive.org/web/20250922233440id_/https://www.unimi.it/sites/default/files/regolamenti/Regolamento_tasse_e_contributi_2025_2026.pdf,Università degli Studi di Milano (Wayback capture 2025-09-22),"Regolamento tasse, contributi, esoneri e borse di studio, anno accademico 2025/2026",2025/26,2026-09-29,Art. 2 and Art. 3 Prima rata (p. 1),"La contribuzione studentesca è costituita dal contributo unico onnicomprensivo annuale stabilito dall’Ateneo, dalla tassa regionale per il diritto allo studio e dall’imposta di bollo. [...] PRIMA RATA La prima rata è pari a € 156,00 ed è composta dalle seguenti voci: -Tassa regionale per il diritto allo studio €. 140,00 -Imposta di bollo €. 16,00",no,curl (Wayback id_ capture) + pdftotext -layout (UTF-8); original Italian
ITA-UNIMI-P04-ITA-03,ITA-UNIMI,regime,https://web.archive.org/web/20250922233440id_/https://www.unimi.it/sites/default/files/regolamenti/Regolamento_tasse_e_contributi_2025_2026.pdf,Università degli Studi di Milano (Wayback capture 2025-09-22),"Regolamento tasse, contributi, esoneri e borse di studio, anno accademico 2025/2026",2025/26,2026-09-29,"Art. 3, Seconda rata, parametro 1; Art. 5","1. ISEE per no tax area per studenti in corso e al primo anno fuori corso: 30.000.00 euro; | Per il corso online è previsto un contributo aggiuntivo di € 500,00 per gli iscritti in corso",no,curl (Wayback id_ capture) + pdftotext -layout (UTF-8); original Italian
ESP-UB-P05-ESP-01,ESP-UB,tuition,https://web.archive.org/web/20251118082048id_/https://www.ub.edu/acad/matricula/preus.html,Universitat de Barcelona,Preu de la matrícula i d'altres serveis acadèmics (Curs 2025-2026) (Wayback capture 2025-11-18),2025/26,2026-09-29,"Preu de la matrícula, 1. Ensenyaments de grau universitari","En el cas del curs 2025-2026 els fixa el DECRET 125/2025, de 17 de juny [...] El preu per crèdit per a la prestació d'ensenyaments conduents a l'obtenció de títols oficials de grau (adaptats a l'espai europeu d'educació superior) de les universitats públiques de Catalunya que s'estableix en el Decret de preus és de 17,69 euros.",no,curl (raw Wayback capture) + HTML-to-text
ESP-UB-P05-ESP-02,ESP-UB,compulsory_fees,https://web.archive.org/web/20251118082048id_/https://www.ub.edu/acad/matricula/preus.html,Universitat de Barcelona,Preu de la matrícula i d'altres serveis acadèmics (Curs 2025-2026) (Wayback capture 2025-11-18),2025/26,2026-09-29,"3- Preu d'altres serveis, Serveis de caràcter administratiu","A més del preu dels crèdits o del preu de la matrícula de doctorat, amb la matrícula s’ha d'abonar el preu dels serveis que s’especifiquen a continuació: Gestió de l’expedient acadèmic Matrícula quadrimestral Matrícula anual Modificacions i ampliacions de matrícula 54,54€ 69,80€ 27,27€ Serveis específics i de suport a l'aprenentatge (1) 70,00€ Assegurança escolar obligatòria (només menors de 28 an [...]",yes,curl (raw Wayback capture) + HTML-to-text
ESP-UB-P05-ESP-03,ESP-UB,regime,https://portaldogc.gencat.cat/utilsEADOP/PDF/9438/2095209.pdf,Generalitat de Catalunya (DOGC),"Decret 125/2025, de 17 de juny, pel qual es fixen els preus dels serveis acadèmics a les universitats públiques de Catalunya i a la Universitat Oberta de Catalunya per al curs 2025-2026 (DOGC núm. 9438, 20.6.2025)",2025/26,2026-09-29,"Preamble, p. 1-2","Per al curs 2025-2026, per tal de donar compliment a la disposició transitòria de la Llei 7/2022 esmentada, i malgrat seguir en pròrroga pressupostària, s'estableix un únic preu (el més baix) per a tots els graus i per als màsters universitaris habilitants de les universitats públiques, i es rebaixa un 30% el preu de la resta de màsters universitaris. En conseqüència, en aquest Decret desapareixen [...]",yes,curl + pdftotext (full text)
ESP-UB-P05-ESP-04,ESP-UB,tuition,https://portaldogc.gencat.cat/utilsEADOP/PDF/9438/2095209.pdf,Generalitat de Catalunya (DOGC),"Decret 125/2025, de 17 de juny, pel qual es fixen els preus dels serveis acadèmics a les universitats públiques de Catalunya i a la Universitat Oberta de Catalunya per al curs 2025-2026 (DOGC núm. 9438, 20.6.2025)",2025/26,2026-09-29,"Annex 1, point 1","-1 Preus per la prestació d'ensenyaments conduents a l'obtenció de títols oficials de grau (adaptats a l'espai europeu d'educació superior) de les universitats públiques de Catalunya. El preu per crèdit és de 17,69 euros.",no,curl + pdftotext (full text)
ESP-UB-P05-ESP-05,ESP-UB,compulsory_fees,https://portaldogc.gencat.cat/utilsEADOP/PDF/9438/2095209.pdf,Generalitat de Catalunya (DOGC),"Decret 125/2025, de 17 de juny, pel qual es fixen els preus dels serveis acadèmics a les universitats públiques de Catalunya i a la Universitat Oberta de Catalunya per al curs 2025-2026 (DOGC núm. 9438, 20.6.2025)",2025/26,2026-09-29,"Annex 1, 7.1","7.1 Gestió d'expedient acadèmic: [...] Matrícula quadrimestral: 54,54 euros. Matrícula anual: 69,80 euros.",no,curl + pdftotext (full text)
ESP-UAB-P05-ESP-01,ESP-UAB,tuition,https://web.archive.org/web/20260101223018id_/https://www.uab.cat/web/estudis/grau/matricula/preus-dels-estudis-1345662202708.html,Universitat Autònoma de Barcelona,Preus dels estudis (grau) (Wayback capture 2026-01-01),2025/26 (inferred from capture date; page not year-labelled),2026-09-29,Informació específica graus,"El preu del crèdit és de 17,69 € Estudis universitaris oficials de grau",no,curl (raw Wayback capture) + HTML-to-text
ESP-UAB-P05-ESP-02,ESP-UAB,compulsory_fees,https://web.archive.org/web/20260101223018id_/https://www.uab.cat/web/estudis/grau/matricula/preus-dels-estudis-1345662202708.html,Universitat Autònoma de Barcelona,Preus dels estudis (grau) (Wayback capture 2026-01-01),2025/26 (inferred from capture date; page not year-labelled),2026-09-29,Informació general - Altres conceptes que pot incloure la teva matrícula,"Gestió d'expedient acadèmic: 69,80 euros. Serveis específics i de suport a l'aprenentatge: 70 euros. Assegurança escolar: 1,12 euros (si ets menor de 28 anys). Assegurança complementària: 4,02 euros. Assegurança de mobilitat: 8,00 euros.",no,curl (raw Wayback capture) + HTML-to-text
ESP-UAB-P05-ESP-03,ESP-UAB,regime,https://portaldogc.gencat.cat/utilsEADOP/PDF/9438/2095209.pdf,Generalitat de Catalunya (DOGC),"Decret 125/2025, de 17 de juny, pel qual es fixen els preus dels serveis acadèmics a les universitats públiques de Catalunya i a la Universitat Oberta de Catalunya per al curs 2025-2026 (DOGC núm. 9438, 20.6.2025)",2025/26,2026-09-29,"Preamble, p. 1-2","Per al curs 2025-2026, per tal de donar compliment a la disposició transitòria de la Llei 7/2022 esmentada, i malgrat seguir en pròrroga pressupostària, s'estableix un únic preu (el més baix) per a tots els graus i per als màsters universitaris habilitants de les universitats públiques, i es rebaixa un 30% el preu de la resta de màsters universitaris. En conseqüència, en aquest Decret desapareixen [...]",yes,curl + pdftotext (full text)
ESP-UAB-P05-ESP-04,ESP-UAB,tuition,https://portaldogc.gencat.cat/utilsEADOP/PDF/9438/2095209.pdf,Generalitat de Catalunya (DOGC),"Decret 125/2025, de 17 de juny, pel qual es fixen els preus dels serveis acadèmics a les universitats públiques de Catalunya i a la Universitat Oberta de Catalunya per al curs 2025-2026 (DOGC núm. 9438, 20.6.2025)",2025/26,2026-09-29,"Annex 1, point 1","-1 Preus per la prestació d'ensenyaments conduents a l'obtenció de títols oficials de grau (adaptats a l'espai europeu d'educació superior) de les universitats públiques de Catalunya. El preu per crèdit és de 17,69 euros.",no,curl + pdftotext (full text)
ESP-UPF-P05-ESP-01,ESP-UPF,tuition,https://web.archive.org/web/20260221133423id_/https://www.upf.edu/web/graus/preus,Universitat Pompeu Fabra,Preus - Graus - UPF (Wayback capture 2026-02-21),2025/26,2026-09-29,"Table of first-year grado prices, column Preu per a ciutadans de la UE","Els preus aproximats de la matrícula de primer curs dels graus del curs 2025-2026 a la UPF són els de la taula següent. Graus Preu per a ciutadans de la UE (*) [...] Administració i Direcció d'Empreses 1.202,32 € 6.800,32 € [...] Ciències Empresarials-Management 1.220,01 € 6.911,31 € [...] Comunicació Audiovisual 1.237,70 € 7.022,30 € [...] (*) Inclou el preu de gestió de la matrícula i de l'exped [...]",yes,curl (raw Wayback capture) + HTML-to-text
ESP-UPF-P05-ESP-02,ESP-UPF,tuition,https://web.archive.org/web/20260221133423id_/https://www.upf.edu/web/graus/preus,Universitat Pompeu Fabra,Preus - Graus - UPF (Wayback capture 2026-02-21): double degrees (excluded from range),2025/26,2026-09-29,Programes especials de grau table,"Els preus aproximats de la matrícula ordinària de primer curs dels programes especials de grau del curs 2025-2026 a la UPF són els següents: Dobles graus [...] Dret i Administració i Direcció d'Empreses 1.962,99 € 11.572,89 € Dret i Economia 1.962,99 € 11.572,89 € Criminologia i Polítiques Públiques de Prevenció i Dret 2.139,89 € 12.682,79 € Traducció i Interpretació i Llengües Aplicades 1.520,74 [...]",yes,curl (raw Wayback capture) + HTML-to-text
ESP-UPF-P05-ESP-03,ESP-UPF,regime,https://portaldogc.gencat.cat/utilsEADOP/PDF/9438/2095209.pdf,Generalitat de Catalunya (DOGC),"Decret 125/2025, de 17 de juny, pel qual es fixen els preus dels serveis acadèmics a les universitats públiques de Catalunya i a la Universitat Oberta de Catalunya per al curs 2025-2026 (DOGC núm. 9438, 20.6.2025)",2025/26,2026-09-29,"Preamble, p. 1-2","Per al curs 2025-2026, per tal de donar compliment a la disposició transitòria de la Llei 7/2022 esmentada, i malgrat seguir en pròrroga pressupostària, s'estableix un únic preu (el més baix) per a tots els graus i per als màsters universitaris habilitants de les universitats públiques, i es rebaixa un 30% el preu de la resta de màsters universitaris. En conseqüència, en aquest Decret desapareixen [...]",yes,curl + pdftotext (full text)
ESP-UPF-P05-ESP-04,ESP-UPF,tuition,https://portaldogc.gencat.cat/utilsEADOP/PDF/9438/2095209.pdf,Generalitat de Catalunya (DOGC),"Decret 125/2025, de 17 de juny, pel qual es fixen els preus dels serveis acadèmics a les universitats públiques de Catalunya i a la Universitat Oberta de Catalunya per al curs 2025-2026 (DOGC núm. 9438, 20.6.2025)",2025/26,2026-09-29,"Annex 1, point 1","-1 Preus per la prestació d'ensenyaments conduents a l'obtenció de títols oficials de grau (adaptats a l'espai europeu d'educació superior) de les universitats públiques de Catalunya. El preu per crèdit és de 17,69 euros.",no,curl + pdftotext (full text)
ESP-UPF-P05-ESP-05,ESP-UPF,compulsory_fees,https://portaldogc.gencat.cat/utilsEADOP/PDF/9438/2095209.pdf,Generalitat de Catalunya (DOGC),"Decret 125/2025, de 17 de juny, pel qual es fixen els preus dels serveis acadèmics a les universitats públiques de Catalunya i a la Universitat Oberta de Catalunya per al curs 2025-2026 (DOGC núm. 9438, 20.6.2025)",2025/26,2026-09-29,"Annex 1, 7.1","7.1 Gestió d'expedient acadèmic: [...] Matrícula quadrimestral: 54,54 euros. Matrícula anual: 69,80 euros.",no,curl + pdftotext (full text)
ESP-CUM-P05-ESP-01,ESP-CUM,tuition,https://www.comunidad.madrid/educacion/precios-publicos-universitarios,Comunidad de Madrid,"Precios públicos universitarios - Para estudios universitarios oficiales en universidades públicas, curso 2025-26",2025/26,2026-09-29,Precios públicos de las enseñanzas de grado; Archivos de descarga,"Para estudios universitarios oficiales en universidades públicas, curso 2025-26 [...] Ejemplo: Si un estudiante se matricula por primera vez (1ª matrícula) de 60 ECTS en el Grado en Administración de Empresas (nivel de experimentalidad 3), la matrícula que deberá abonar será de 60x16,92 = 1.015,2€ [...] Archivos de descarga DECRETO 43/2022, de 29 de junio, del Consejo de Gobierno, por el que se es [...]",yes,"curl (live page) + HTML-to-text; price table is an image (cuadro_precios_grado.jpg), not read"
ESP-CUM-P05-ESP-02,ESP-CUM,tuition,https://www.bocm.es/boletin/CM_Orden_BOCM/2022/07/01/BOCM-20220701-1.PDF,Comunidad de Madrid (BOCM),"DECRETO 43/2022, de 29 de junio, del Consejo de Gobierno, por el que se establecen los precios públicos por estudios universitarios conducentes a títulos oficiales y servicios de naturaleza académica en las universidades públicas de la Comunidad de Madrid (BOCM núm. 155, 1.7.2022)",2022/23 onwards until repealed or updated,2026-09-29,Preamble p. 1; Anexo I,"Los precios fijados en este decreto se mantendrán durante los cursos académicos a partir del curso 2022-2023 hasta la derogación o actualización del mismo. [...] ANEXO I PRECIOS PÚBLICOS DE LAS ENSEÑANZAS DE GRADO. PRECIO POR CRÉDITO EN EUROS NIVEL DE EXPERIMENTALIDAD 1ª MATRÍCULA [...] 1 20,68 € [...] 2 19,43 € [...] 3 16,92 €",no,curl + pdftotext (full text)
ESP-CUM-P05-ESP-03,ESP-CUM,compulsory_fees,https://www.bocm.es/boletin/CM_Orden_BOCM/2022/07/01/BOCM-20220701-1.PDF,Comunidad de Madrid (BOCM),"DECRETO 43/2022, de 29 de junio, del Consejo de Gobierno, por el que se establecen los precios públicos por estudios universitarios conducentes a títulos oficiales y servicios de naturaleza académica en las universidades públicas de la Comunidad de Madrid (BOCM núm. 155, 1.7.2022)",2022/23 onwards until repealed or updated,2026-09-29,"Anexo V, 3.2.1-3.2.2","3.2.1. Solicitud y apertura de expediente académico por comienzo de estudios en un Centro y traslado de expediente académico: 27,54 euros. [...] 3.2.2. Gastos de Secretaría: 6,11euros.",no,curl + pdftotext (full text)
ESP-CUM-P05-ESP-04,ESP-CUM,compulsory_fees,https://www.ucm.es/informacion/precios-de-grado,Universidad Complutense de Madrid,"Precios de Grado (live page, CURSO 2026/2027)",2026/27 (adjacent year; used to bracket 2025/26),2026-09-29,Top of page,"CURSO 2026/2027 ( BOCM nº 155, de 1/7/2022 ) Servicios de Secretaría: Gastos de Secretaría: 6,11 euros . Apertura de expediente académico (sólo si inician estudios): 27,54 euros . Seguro Escolar (sólo menores de 28 años de nacionalidad española o extranjeros residentes en España): 1,12 euros .",no,curl (live page) + HTML-to-text
ESP-CUM-P05-ESP-05,ESP-CUM,compulsory_fees,https://web.archive.org/web/20250511165608id_/https://www.ucm.es/informacion/precios-de-grado,Universidad Complutense de Madrid,"Precios de Grado (Wayback capture 2025-05-11, CURSO 2024/2025)",2024/25 (adjacent year; used to bracket 2025/26),2026-09-29,Top of page,"CURSO 2024/2025 ( BOCM nº 155, de 1/7/2022 ) Servicios de Secretaría: Gastos de Secretaría: 6,11 euros . Apertura de expediente académico (sólo si inician estudios): 27,54 euros . Seguro Escolar (sólo menores de 28 años de nacionalidad española o extranjeros residentes en España): 1,12 euros .",no,curl (raw Wayback capture) + HTML-to-text
ESP-UAM-P05-ESP-01,ESP-UAM,tuition,https://www.comunidad.madrid/educacion/precios-publicos-universitarios,Comunidad de Madrid,"Precios públicos universitarios - Para estudios universitarios oficiales en universidades públicas, curso 2025-26",2025/26,2026-09-29,Precios públicos de las enseñanzas de grado; Archivos de descarga,"Para estudios universitarios oficiales en universidades públicas, curso 2025-26 [...] Ejemplo: Si un estudiante se matricula por primera vez (1ª matrícula) de 60 ECTS en el Grado en Administración de Empresas (nivel de experimentalidad 3), la matrícula que deberá abonar será de 60x16,92 = 1.015,2€ [...] Archivos de descarga DECRETO 43/2022, de 29 de junio, del Consejo de Gobierno, por el que se es [...]",yes,"curl (live page) + HTML-to-text; price table is an image (cuadro_precios_grado.jpg), not read"
ESP-UAM-P05-ESP-02,ESP-UAM,tuition,https://www.bocm.es/boletin/CM_Orden_BOCM/2022/07/01/BOCM-20220701-1.PDF,Comunidad de Madrid (BOCM),"DECRETO 43/2022, de 29 de junio, del Consejo de Gobierno, por el que se establecen los precios públicos por estudios universitarios conducentes a títulos oficiales y servicios de naturaleza académica en las universidades públicas de la Comunidad de Madrid (BOCM núm. 155, 1.7.2022)",2022/23 onwards until repealed or updated,2026-09-29,Preamble p. 1; Anexo I,"Los precios fijados en este decreto se mantendrán durante los cursos académicos a partir del curso 2022-2023 hasta la derogación o actualización del mismo. [...] ANEXO I PRECIOS PÚBLICOS DE LAS ENSEÑANZAS DE GRADO. PRECIO POR CRÉDITO EN EUROS NIVEL DE EXPERIMENTALIDAD 1ª MATRÍCULA [...] 1 20,68 € [...] 2 19,43 € [...] 3 16,92 €",no,curl + pdftotext (full text)
ESP-UAM-P05-ESP-03,ESP-UAM,tuition,https://www.uam.es/uam/media/doc/1606853272016/precios-por-credito-en-grados.pdf,Universidad Autónoma de Madrid,Precios por crédito para estudios de grado (undated live PDF),undated (current in Sep 2026),2026-09-29,"Table, column 1ª MATRÍCULA","PRECIOS POR CRÉDITO PARA ESTUDIOS DE GRADO [...] NIVEL DE EXPERIMENTALIDAD 1ª MATRÍCULA [...] 16,92 40,02 82,30 113,71 [...] 20,68 48,03 98,75 136,44 [...] 19,43 45,25 92,86 128,57",no,curl + pdftotext (full text) (layout mode; column alignment of the programme table not visually checked)
ESP-UAM-P05-ESP-04,ESP-UAM,compulsory_fees,https://www.bocm.es/boletin/CM_Orden_BOCM/2022/07/01/BOCM-20220701-1.PDF,Comunidad de Madrid (BOCM),"DECRETO 43/2022, de 29 de junio, del Consejo de Gobierno, por el que se establecen los precios públicos por estudios universitarios conducentes a títulos oficiales y servicios de naturaleza académica en las universidades públicas de la Comunidad de Madrid (BOCM núm. 155, 1.7.2022)",2022/23 onwards until repealed or updated,2026-09-29,"Anexo V, 3.2.1-3.2.2","3.2.1. Solicitud y apertura de expediente académico por comienzo de estudios en un Centro y traslado de expediente académico: 27,54 euros. [...] 3.2.2. Gastos de Secretaría: 6,11euros.",no,curl + pdftotext (full text)
ESP-UAM-P05-ESP-05,ESP-UAM,compulsory_fees,https://www.uam.es/uam/media/doc/1606853272740/otros-precios-secretaria-titulos-evaluacion-seguro-escolar.pdf,Universidad Autónoma de Madrid,"Otros precios (secretaría, títulos, evaluación, seguro escolar) (undated live PDF)",undated (current in Sep 2026),2026-09-29,Secretaría block,"OTROS PRECIOS 27,54 6,11 ♦ Secretaría: [...] Solicitud y apertura de expediente académico por comienzo de estudios en un Centro y traslado de expediente académico Gastos de Secretaría",no,"curl + pdftotext (full text) (layout mode; amounts printed in a separate column, matched by order)"
ESP-UGR-P05-ESP-01,ESP-UGR,tuition,https://www.juntadeandalucia.es/boja/2023/84/BOJA23-084-00020-7875-01_00282909.pdf,Junta de Andalucía (BOJA),"Decreto 98/2023, de 2 de mayo, por el que se determinan los precios públicos de las Universidades públicas de Andalucía, por la prestación de servicios académicos y administrativos [...] (BOJA núm. 84, 5.5.2023)",2023/24 onwards (in force until new prices are approved),2026-09-29,"Anexo I, 1. Servicios académicos, a) Enseñanzas conducentes a Títulos de Grado","a) Enseñanzas conducentes a Títulos de Grado - Grupo 1 (Filologías, Humanidades, Historia, Jurídicas, Económico-Empresariales) 12,62 25,25 48,13 64,17 - Grupo 2 (Bellas Artes, Geografía, Matemáticas, Ciencias de la Educación) 12,62 25,25 50,84 67,79 - Grupo 3 (Ingenierías y Arquitectura) 12,62 25,25 54,71 75,75",no,curl + pymupdf text extraction
ESP-UGR-P05-ESP-02,ESP-UGR,regime,https://www.juntadeandalucia.es/boja/2025/172/BOJA25-172-00005-11889-01_00325486.pdf,Junta de Andalucía (BOJA),"Decreto 142/2025, de 2 de septiembre, por el que se modifica el Decreto 98/2023, de 2 de mayo, por el que se determinan los precios públicos de las universidades públicas de Andalucía [...] (BOJA núm. 172, 8.9.2025)",2025/26,2026-09-29,"Artículo único, Cinco; Disposición final segunda",«El presente decreto permanecerá vigente en tanto no se aprueben nuevos precios públicos por servicios académicos y administrativos en estudios universitarios conducentes a la obtención de títulos de carácter oficial y validez en todo el territorio nacional en las universidades públicas de Andalucía. Los precios públicos recogidos en el Anexo I del presente decreto se aplicarán a partir del curso [...],yes,curl + pdftotext (full text)
ESP-UGR-P05-ESP-03,ESP-UGR,compulsory_fees,https://www.juntadeandalucia.es/boja/2025/172/BOJA25-172-00005-11889-01_00325486.pdf,Junta de Andalucía (BOJA),"Decreto 142/2025, de 2 de septiembre, por el que se modifica el Decreto 98/2023, de 2 de mayo, por el que se determinan los precios públicos de las universidades públicas de Andalucía [...] (BOJA núm. 172, 8.9.2025)",2025/26,2026-09-29,"Artículo único, Seis: Anexo I, 2. Servicios administrativos, h) Secretaría (p. 11889/5; table visually checked on rendered page)","h) Secretaría 1.º Apertura de expediente académico 59,10 2.º Certificaciones académicas y traslados de expediente académico 26,30 3.º Mantenimiento de los datos y expedición de la tarjeta de identidad 5,70",no,curl + pdftotext; amounts verified visually on pymupdf render (pdftotext layout shifts the amount column)
ESP-UGR-P05-ESP-04,ESP-UGR,tuition,https://www.ugr.es/info/perfiles/estudiantes/grado-servicios-academicos-facultad/grado-matricula-pagos,Universidad de Granada,"GRADO. Matrícula. Pagos (live page, undated)",undated (current in Sep 2026),2026-09-29,¿Qué precio tienen los créditos correspondientes a una matrícula de Grado en la UGR?,"Los precios públicos por crédito son los establecidos en el Decreto 98/2023, de 2 de mayo [...] Grupo 1 (Filologías, Humanidades, Historia, Jurídicas, Económico-Empresariales) 12,62€ 25,25€ 48,13€ 64,17€ [...] Grupo 5 (Ciencias de la Salud) 12,62€ 25,25€ 54,71€ 75,75€",no,curl (live page) + HTML-to-text
ESP-UGR-P05-ESP-05,ESP-UGR,correction,https://www.juntadeandalucia.es/boja/2023/84/BOJA23-084-00020-7875-01_00282909.pdf,Junta de Andalucía (BOJA),"Decreto 98/2023, de 2 de mayo, por el que se determinan los precios públicos de las Universidades públicas de Andalucía, por la prestación de servicios académicos y administrativos [...] (BOJA núm. 84, 5.5.2023)",2023/24,2026-09-29,"Anexo I, 2. Servicios administrativos, g) Secretaría (BOJA p. 7875/13; table visually checked on rendered page)","g) Secretaría 1.º Apertura de expediente académico 59,10 2.º Certificaciones académicas y traslados de expediente académico 26,30 3.º Mantenimiento de los datos y expedición de la tarjeta de identidad. 5,70",no,curl + pymupdf text extraction and page render (visual check)
ESP-UGR-P05-ESP-06,ESP-UGR,correction,https://www.juntadeandalucia.es/boja/2023/84/BOJA23-084-00020-7875-01_00282909.pdf,Junta de Andalucía (BOJA),"Decreto 98/2023, de 2 de mayo, por el que se determinan los precios públicos de las Universidades públicas de Andalucía, por la prestación de servicios académicos y administrativos [...] (BOJA núm. 84, 5.5.2023)",2023/24,2026-09-29,Artículo 15,"Artículo 15. Apertura de expediente y certificado de Pruebas de Acceso y/o admisión. El estudiantado de nuevo ingreso procedente de Pruebas de Acceso y/o admisión a la universidad, organizadas por las universidades públicas de Andalucía, abonará en la universidad en que sea admitido exclusivamente la apertura de expediente por el concepto «Apertura de expediente académico», quedando exento de abon [...]",yes,curl + pymupdf text extraction
ESP-UN-P05-ESP-01,ESP-UN,tuition,https://web.archive.org/web/20251117031558id_/https://www.unav.edu/admision-y-ayudas/grado/cuanto-cuesta-estudiar-en-la-universidad/precios-de-primer-curso,Universidad de Navarra,"Precios del curso académico 2025-26 (precios de primer curso, grado) (Wayback capture 2025-11-17)",2025/26,2026-09-29,Tables by faculty: Facultad de Educación y Psicología; Facultad de Medicina,"Precios del curso académico 2025-26 [...] Educación Infantil 191,67 € 11.500,20 € [...] Educación Primaria 191,67 € 11.500,20 € [...] Pedagogía 191,67 € 11.500,20 € [...] Facultad de Medicina Grado Precio ECTS Precio total Medicina 328,34 € 19.700,40 € Medicina + International Program 328,34 € 19.700,40 €",no,curl (raw Wayback capture) + HTML-to-text
ESP-UN-P05-ESP-02,ESP-UN,tuition,https://web.archive.org/web/20251117031558id_/https://www.unav.edu/admision-y-ayudas/grado/cuanto-cuesta-estudiar-en-la-universidad/precios-de-primer-curso,Universidad de Navarra,Precios del curso académico 2025-26 (Wayback capture 2025-11-17): non-degree programmes excluded,2025/26,2026-09-29,Facultad de Filosofía y Letras table,"International Foundation Program 200,00 € 12.000,00 € International Foundation Semester Program (1º semestre) 220,00 € 6.600,00 € International Foundation Semester Program (2º semestre) 220,00 € 6.600,00 €",no,curl (raw Wayback capture) + HTML-to-text
ESP-UN-P05-ESP-03,ESP-UN,compulsory_fees,https://www.unav.edu/admision-y-ayudas/grado/cuanto-cuesta-estudiar-en-la-universidad/precios-de-primer-curso,Universidad de Navarra,¿Cuánto cuesta estudiar en la Universidad? Precios de primer curso (live page showing 2026-27 prices),2026/27 (adjacent year; used to bracket 2025/26),2026-09-29,Notice below the price tables (AD_Grado_aviso-derechos-secretaria),"Al importe de la matrícula, se suman 95 euros (derechos de secretaría).",no,curl (live page) + HTML-to-text
GRC-TA-P05-GRC-01,GRC-TA,regime,https://www.lawspot.gr/node/29837,Lawspot (private legal database reproducing the Constitution; official hellenicparliament.gr page returned 403 in the 2023/24 run),"Σύνταγμα της Ελλάδος, Άρθρο 16 (Παιδεία, τέχνη, επιστήμη)",Constitution as revised 2019; in force throughout 2025/26 (page shows no later revision of art. 16),2026-09-29,Art. 16 para 4,"4. Όλοι οι Έλληνες έχουν δικαίωμα δωρεάν παιδείας, σε όλες τις βαθμίδες της, στα κρατικά εκπαιδευτήρια.",no,curl (HTML text)
GRC-TA-P05-GRC-02,GRC-TA,tuition,https://eurydice.eacea.ec.europa.eu/eurypedia/greece/higher-education-funding,"European Commission / EACEA, Eurydice (Eurypedia)",Greece - 2.2 Higher education funding,"page ""Last update: 28 October 2024"" (regime in force from 2024/25; nearest official description to 2025/26)",2026-09-29,"section ""Fees within public higher education""","According to the Greek Constitution, Higher Education is public, oﬀered exclusively by the State and free of charge. Therefore, admission and enrollment in all HEIs and attendance at the respective studies are oﬀered to all students free of charge.",no,curl (HTML text)
GRC-TA-P05-GRC-03,GRC-TA,compulsory_fees,https://mitos.gov.gr/index.php/%CE%94%CE%94:%CE%95%CE%B3%CE%B3%CF%81%CE%B1%CF%86%CE%AD%CF%82_%CF%80%CF%81%CF%89%CF%84%CE%BF%CE%B5%CF%84%CF%8E%CE%BD_%CF%86%CE%BF%CE%B9%CF%84%CE%B7%CF%84%CF%8E%CE%BD,"Εθνικό Μητρώο Διοικητικών Διαδικασιών (ΜΙΤΟΣ), Greek government",Εγγραφές πρωτοετών φοιτητών,"current page (""Τελευταία ενημέρωση 25/09/2026""); national procedure for all AEI; its legal basis (ministerial decision Φ253/133030/Α5/2020) applies ""από το ακαδημαϊκό έτος 2020 - 2021 και εξής"", so it covers 2025/26",2026-09-29,"field ""Κόστος""; legal references section",Κόστος Παρέχεται χωρίς κόστος,no,curl + html-to-text (python)
GRC-TA-P05-GRC-04,GRC-TA,compulsory_fees,https://www.arch.ntua.gr/index.php/anakoinosi_grammatia/eggrafes-neoeisachthenton-foititon-trion-akad-etoys-2025-26/,"NTUA, School of Architecture secretariat",Εγγραφές Νεοεισαχθέντων φοιτητών/τριών ακαδ. έτους 2025-26,2025/26,2026-09-29,announcement body (dated 15/09/2025),"Παρακαλούνται οι νεοεισαχθέντες φοιτητές της Σχολής Αρχιτεκτόνων Μηχανικών ακαδημαϊκού έτους 2025-2026 [...] να ολοκληρώσουν την ηλεκτρονική τους εγγραφή στη Σχολή Αρχιτεκτόνων Μηχανικών ΕΜΠ, υποβάλλοντας τα σχετικά δικαιολογητικά, ηλεκτρονικά",no,"curl (HTML text); page contains no amount, ""€"", ""ευρώ"" or ""παράβολο"" (absence only); attached PDFs (Dikaiologitika, Odigies) downloaded but pdftotext returned no Greek text (font without Unicode map), not read"
GRC-KA-P05-GRC-01,GRC-KA,regime,https://www.lawspot.gr/node/29837,Lawspot (private legal database reproducing the Constitution; official hellenicparliament.gr page returned 403 in the 2023/24 run),"Σύνταγμα της Ελλάδος, Άρθρο 16 (Παιδεία, τέχνη, επιστήμη)",Constitution as revised 2019; in force throughout 2025/26 (page shows no later revision of art. 16),2026-09-29,Art. 16 para 4,"4. Όλοι οι Έλληνες έχουν δικαίωμα δωρεάν παιδείας, σε όλες τις βαθμίδες της, στα κρατικά εκπαιδευτήρια.",no,curl (HTML text)
GRC-KA-P05-GRC-02,GRC-KA,tuition,https://eurydice.eacea.ec.europa.eu/eurypedia/greece/higher-education-funding,"European Commission / EACEA, Eurydice (Eurypedia)",Greece - 2.2 Higher education funding,"page ""Last update: 28 October 2024"" (regime in force from 2024/25; nearest official description to 2025/26)",2026-09-29,"section ""Fees within public higher education""","According to the Greek Constitution, Higher Education is public, oﬀered exclusively by the State and free of charge. Therefore, admission and enrollment in all HEIs and attendance at the respective studies are oﬀered to all students free of charge.",no,curl (HTML text)
GRC-KA-P05-GRC-03,GRC-KA,compulsory_fees,https://mitos.gov.gr/index.php/%CE%94%CE%94:%CE%95%CE%B3%CE%B3%CF%81%CE%B1%CF%86%CE%AD%CF%82_%CF%80%CF%81%CF%89%CF%84%CE%BF%CE%B5%CF%84%CF%8E%CE%BD_%CF%86%CE%BF%CE%B9%CF%84%CE%B7%CF%84%CF%8E%CE%BD,"Εθνικό Μητρώο Διοικητικών Διαδικασιών (ΜΙΤΟΣ), Greek government",Εγγραφές πρωτοετών φοιτητών,"current page (""Τελευταία ενημέρωση 25/09/2026""); national procedure for all AEI; its legal basis (ministerial decision Φ253/133030/Α5/2020) applies ""από το ακαδημαϊκό έτος 2020 - 2021 και εξής"", so it covers 2025/26",2026-09-29,"field ""Κόστος""; legal references section",Κόστος Παρέχεται χωρίς κόστος,no,curl + html-to-text (python)
GRC-KA-P05-GRC-04,GRC-KA,compulsory_fees,https://www.law.uoa.gr/anakoinoseis_kai_ekdiloseis/proboli_anakoinosis/anakoinosi_eggrafon_protoeton_foititon_akad_etos_2025_2026_kai_dikaiologitika_eggrafis_epitychonton_panelladikon_exetaseon_9010_ellinon_politon_moysoylmanikis_meionotitas_thrakis,"NKUA, School of Law secretariat",ΟΡΘΗ ΕΠΑΝΑΛΗΨΗ - ΑΝΑΚΟΙΝΩΣΗ ΕΓΓΡΑΦΩΝ ΠΡΩΤΟΕΤΩΝ ΦΟΙΤΗΤΩΝ (ΑΚΑΔ. ΕΤΟΣ 2025-2026),2025/26,2026-09-29,"item 2, documents required to complete registration",Ολοκλήρωση εγγραφής αποκλειστικά με ηλεκτρονική κατάθεση δικαιολογητικών [...] Με συνημμένα τα κάτωθι : Ευκρινή φωτοτυπία της αστυνομικής ταυτότητας ή του διαβατηρίου Εκτυπωμένη αίτηση εγγραφής [...] Μία πρόσφατη φωτογραφία τύπου ταυτότητας Αριθμός ΑΜΚΑ [...] Υπεύθυνη δήλωση μη εγγραφής σε άλλο προπτυχιακό τμήμα πανεπιστημίου.,no,"curl (HTML text); no payment receipt among required documents; no ""€"", ""ευρώ"" or ""παράβολο"" on the page (absence only)"
GRC-AT-P05-GRC-01,GRC-AT,regime,https://www.lawspot.gr/node/29837,Lawspot (private legal database reproducing the Constitution; official hellenicparliament.gr page returned 403 in the 2023/24 run),"Σύνταγμα της Ελλάδος, Άρθρο 16 (Παιδεία, τέχνη, επιστήμη)",Constitution as revised 2019; in force throughout 2025/26 (page shows no later revision of art. 16),2026-09-29,Art. 16 para 4,"4. Όλοι οι Έλληνες έχουν δικαίωμα δωρεάν παιδείας, σε όλες τις βαθμίδες της, στα κρατικά εκπαιδευτήρια.",no,curl (HTML text)
GRC-AT-P05-GRC-02,GRC-AT,tuition,https://eurydice.eacea.ec.europa.eu/eurypedia/greece/higher-education-funding,"European Commission / EACEA, Eurydice (Eurypedia)",Greece - 2.2 Higher education funding,"page ""Last update: 28 October 2024"" (regime in force from 2024/25; nearest official description to 2025/26)",2026-09-29,"section ""Fees within public higher education""","According to the Greek Constitution, Higher Education is public, oﬀered exclusively by the State and free of charge. Therefore, admission and enrollment in all HEIs and attendance at the respective studies are oﬀered to all students free of charge.",no,curl (HTML text)
GRC-AT-P05-GRC-03,GRC-AT,compulsory_fees,https://mitos.gov.gr/index.php/%CE%94%CE%94:%CE%95%CE%B3%CE%B3%CF%81%CE%B1%CF%86%CE%AD%CF%82_%CF%80%CF%81%CF%89%CF%84%CE%BF%CE%B5%CF%84%CF%8E%CE%BD_%CF%86%CE%BF%CE%B9%CF%84%CE%B7%CF%84%CF%8E%CE%BD,"Εθνικό Μητρώο Διοικητικών Διαδικασιών (ΜΙΤΟΣ), Greek government",Εγγραφές πρωτοετών φοιτητών,"current page (""Τελευταία ενημέρωση 25/09/2026""); national procedure for all AEI; its legal basis (ministerial decision Φ253/133030/Α5/2020) applies ""από το ακαδημαϊκό έτος 2020 - 2021 και εξής"", so it covers 2025/26",2026-09-29,"field ""Κόστος""; legal references section",Κόστος Παρέχεται χωρίς κόστος,no,curl + html-to-text (python)
GRC-AT-P05-GRC-04,GRC-AT,compulsory_fees,https://www.thea.auth.gr/en/2025/09/eggrafes-protoetwn-2025-26/,"AUTh, School of Drama secretariat","Εγγραφές πρωτοετών, συμπεριλαμβανομένων και μουσουλμανικής μειονότητας και λόγων υγείας ακαδ. έτους 2025-2026 στην πλατφόρμα του ΥΠΑΙΘΑ (27 Αυγούστου – 4 Σεπτεμβρίου 2025)",2025/26,2026-09-29,announcement body,οι εγγραφές των επιτυχόντων των πανελλαδικών εξετάσεων πραγματοποιούνται από 27 Αυγούστου έως 4 Σεπτεμβρίου 2025 στο Πληροφοριακό Σύστημα “ Ηλεκτρονικές Εγγραφές ” του ΥΠΑΙΘΑ.,no,"curl (HTML text); no ""€"", ""ευρώ"", ""παράβολο"" or ""κόστος"" on the page (absence only)"
GRC-C-P05-GRC-01,GRC-C,regime,https://www.lawspot.gr/node/29837,Lawspot (private legal database reproducing the Constitution; official hellenicparliament.gr page returned 403 in the 2023/24 run),"Σύνταγμα της Ελλάδος, Άρθρο 16 (Παιδεία, τέχνη, επιστήμη)",Constitution as revised 2019; in force throughout 2025/26 (page shows no later revision of art. 16),2026-09-29,Art. 16 para 4,"4. Όλοι οι Έλληνες έχουν δικαίωμα δωρεάν παιδείας, σε όλες τις βαθμίδες της, στα κρατικά εκπαιδευτήρια.",no,curl (HTML text)
GRC-C-P05-GRC-02,GRC-C,tuition,https://eurydice.eacea.ec.europa.eu/eurypedia/greece/higher-education-funding,"European Commission / EACEA, Eurydice (Eurypedia)",Greece - 2.2 Higher education funding,"page ""Last update: 28 October 2024"" (regime in force from 2024/25; nearest official description to 2025/26)",2026-09-29,"section ""Fees within public higher education""","According to the Greek Constitution, Higher Education is public, oﬀered exclusively by the State and free of charge. Therefore, admission and enrollment in all HEIs and attendance at the respective studies are oﬀered to all students free of charge.",no,curl (HTML text)
GRC-C-P05-GRC-03,GRC-C,compulsory_fees,https://mitos.gov.gr/index.php/%CE%94%CE%94:%CE%95%CE%B3%CE%B3%CF%81%CE%B1%CF%86%CE%AD%CF%82_%CF%80%CF%81%CF%89%CF%84%CE%BF%CE%B5%CF%84%CF%8E%CE%BD_%CF%86%CE%BF%CE%B9%CF%84%CE%B7%CF%84%CF%8E%CE%BD,"Εθνικό Μητρώο Διοικητικών Διαδικασιών (ΜΙΤΟΣ), Greek government",Εγγραφές πρωτοετών φοιτητών,"current page (""Τελευταία ενημέρωση 25/09/2026""); national procedure for all AEI; its legal basis (ministerial decision Φ253/133030/Α5/2020) applies ""από το ακαδημαϊκό έτος 2020 - 2021 και εξής"", so it covers 2025/26",2026-09-29,"field ""Κόστος""; legal references section",Κόστος Παρέχεται χωρίς κόστος,no,curl + html-to-text (python)
GRC-C-P05-GRC-04,GRC-C,compulsory_fees,https://eservices.uoc.gr/case/ypovoli-dikaiologitikon-protoeton/description/,University of Crete e-services,01.Αίτηση Υποβολής Δικαιολογητικών Πρωτοετών - Περιγραφή,"current page (footer © 2026), not dated to 2025/26; no 2025/26-dated UoC registration page found within the search budget",2026-09-29,description,Μέσω της φόρμας Υποβολής Δικαιολογητικών Πρωτοετών μπορούν να υποβληθούν ηλεκτρονικά τα δικαιολογητικά εγγραφής πρωτοετών φοιτητών στο Πανεπιστήμιο Κρήτης και να ολοκληρωθεί η εγγραφή σας.,no,"curl (HTML text); no ""€"", ""ευρώ"", ""παράβολο"" or ""κόστος"" on the page (absence only)"
GRC-P-P05-GRC-01,GRC-P,regime,https://www.lawspot.gr/node/29837,Lawspot (private legal database reproducing the Constitution; official hellenicparliament.gr page returned 403 in the 2023/24 run),"Σύνταγμα της Ελλάδος, Άρθρο 16 (Παιδεία, τέχνη, επιστήμη)",Constitution as revised 2019; in force throughout 2025/26 (page shows no later revision of art. 16),2026-09-29,Art. 16 para 4,"4. Όλοι οι Έλληνες έχουν δικαίωμα δωρεάν παιδείας, σε όλες τις βαθμίδες της, στα κρατικά εκπαιδευτήρια.",no,curl (HTML text)
GRC-P-P05-GRC-02,GRC-P,tuition,https://eurydice.eacea.ec.europa.eu/eurypedia/greece/higher-education-funding,"European Commission / EACEA, Eurydice (Eurypedia)",Greece - 2.2 Higher education funding,"page ""Last update: 28 October 2024"" (regime in force from 2024/25; nearest official description to 2025/26)",2026-09-29,"section ""Fees within public higher education""","According to the Greek Constitution, Higher Education is public, oﬀered exclusively by the State and free of charge. Therefore, admission and enrollment in all HEIs and attendance at the respective studies are oﬀered to all students free of charge.",no,curl (HTML text)
GRC-P-P05-GRC-03,GRC-P,compulsory_fees,https://mitos.gov.gr/index.php/%CE%94%CE%94:%CE%95%CE%B3%CE%B3%CF%81%CE%B1%CF%86%CE%AD%CF%82_%CF%80%CF%81%CF%89%CF%84%CE%BF%CE%B5%CF%84%CF%8E%CE%BD_%CF%86%CE%BF%CE%B9%CF%84%CE%B7%CF%84%CF%8E%CE%BD,"Εθνικό Μητρώο Διοικητικών Διαδικασιών (ΜΙΤΟΣ), Greek government",Εγγραφές πρωτοετών φοιτητών,"current page (""Τελευταία ενημέρωση 25/09/2026""); national procedure for all AEI; its legal basis (ministerial decision Φ253/133030/Α5/2020) applies ""από το ακαδημαϊκό έτος 2020 - 2021 και εξής"", so it covers 2025/26",2026-09-29,"field ""Κόστος""; legal references section",Κόστος Παρέχεται χωρίς κόστος,no,curl + html-to-text (python)
GRC-P-P05-GRC-04,GRC-P,compulsory_fees,https://www.upatras.gr/engrafi-protoeton-foititon-akad-etous-2025-2026/,"University of Patras, Public Relations Department",Εγγραφή πρωτοετών φοιτητών ακαδ. έτους 2025-2026,2025/26 (posted 28/08/2025),2026-09-29,"""Σημαντικά βήματα"" steps 1-2","Βήμα 1 ο : Ηλεκτρονική εγγραφή στο Υπουργείο Παιδείας, Θρησκευμάτων και Αθλητισμού (ΥΠΑΙΘΑ). [...] Βήμα 2 ο : Ολοκλήρωση ηλεκτρονικής εγγραφής στο Πανεπιστήμιο Πατρών",no,"curl (HTML text); the registration steps include no payment; no ""€"", ""ευρώ"" or ""παράβολο"" on the page (absence only)"
HRV-Z-P05-HRV-01,HRV-Z,regime,http://www.rektorski-zbor.hr/fileadmin/rektorat/O_Sveucilistu/Tijela_sluzbe/Rektorski_zbor/NATJECAJ_2025_26/UNIZG_Natjec__aj_prijediplomski__integrirani_i_strucni_prijediplomski_studiji_2025.-2026..pdf,Sveučilište u Zagrebu (file hosted on rektorski-zbor.hr),"Natječaj za upis studenata u I. godinu sveučilišnih prijediplomskih, integriranih te stručnih prijediplomskih studija u akademskoj godini 2025./2026. (30 April 2025)",2025/26,2026-09-29,"Opći dio, point 10 (pp. 6-7)",10. Pravo na punu subvenciju participacije u troškovima studija redovitih studenata za ak. god 2025./2026. definirano je u članku 5. stavku 3. Uredbe o programskom financiranju javnih visokih učilišta i javnih znanstvenih instituta u Republici Hrvatskoj (NN 78/2023) i u Odluci ministra o financiranju javnih visokih učilišta u Republici Hrvatskoj u akademskoj godini 2025./2026. Ministarstvo znanost [...],yes,curl PDF; text via pymupdf
HRV-Z-P05-HRV-02,HRV-Z,compulsory_fees,https://maia.ffzg.hr/att/propisi/Odluka-o-visini-participacije-2025-2026.pdf,Filozofski fakultet Sveučilišta u Zagrebu,"Odluka o visini participacije studenata u troškovima sveučilišnih prijediplomskih, diplomskih i integriranih studija na Filozofskom fakultetu Sveučilišta u Zagrebu u akademskoj godini 2025./2026. (29 Sep 2025)",2025/26,2026-09-29,Članak 1. (p. 1),Troškovi upisa u prvu godinu prijediplomskog studija (paket) iznose 50 € Troškovi upisa u prvu godinu diplomskog studija (paket) iznose 50 € Troškovi upisa u više godine svih studija (upisnina) iznose 35 €,no,curl PDF (scanned with OCR layer); quote checked against rendered page image
HRV-Z-P05-HRV-03,HRV-Z,tuition,https://maia.ffzg.hr/att/propisi/Odluka-o-visini-participacije-2025-2026.pdf,Filozofski fakultet Sveučilišta u Zagrebu,Odluka o visini participacije ... na Filozofskom fakultetu Sveučilišta u Zagrebu u akademskoj godini 2025./2026. (29 Sep 2025),2025/26,2026-09-29,Članak 2. stavak 1 (p. 1); Članak 3. stavci 2 i 4 (p. 2),"Svi studenti državljani Republike Hrvatske odnosno državljani druge države članice Europske unije koji studiraju u redovitom statusu, a koji u ak. god. 2025./2026. prvi put upisuju prvu godinu redovitih studija na Fakultetu oslobođeni su u cijelosti plaćanja participacije za troškove studija za prvu upisanu akademsku godinu [...] Studenti koji su u prethodnoj akademskoj godini iz položenih ispita [...]",yes,"curl PDF; Članak 2 checked against rendered page image, Članak 3 from OCR text layer only"
HRV-Z-P05-HRV-04,HRV-Z,compulsory_fees,https://www.efzg.unizg.hr/procedura-upisa-brucosa-jesenski-upisni-rok-2025/49599,Ekonomski fakultet - Zagreb,Procedura upisa brucoša – jesenski upisni rok 2025.,2025/26 (autumn 2025 enrolment round),2026-09-29,2. korak: Uplata troškova upisnine i/ili školarine; Opis plaćanja,"Prilikom upisa plaćaju se troškovi upisnine i/ili školarine. Trošak upisnine je 70,00 eura. Troškovi upisnine uključuju: sufinanciranje izdavačke djelatnosti osiguravanje studenata u slučaju nezgode izradu SmartX kartice e-Indeks druge administrativne troškove. [...] UPISNINA u ak.god. 2025./2026. i/ili ŠKOLARINA za ak.god. 2025./2026.",no,"curl raw HTML, text extracted locally"
HRV-Z-P05-HRV-05,HRV-Z,compulsory_fees,https://pay.foi.hr/costs/2025,"Fakultet organizacije i informatike, Sveučilište u Zagrebu (FOI Pay)",Troškovnik studija na Fakultetu organizacije i informatike u akademskoj godini 2025./2026.,2025/26,2026-09-29,"OSTALE USLUGE, code 1461","1461 | Troškovi prvog upisa I. godine prijediplomskog studija (upisnina, osiguranje, studentska iskaznica, upisni promo paket) | 60,00 EUR",no,"curl raw HTML, text extracted locally (table cells joined by '|')"
HRV-Z-P05-HRV-06,HRV-Z,compulsory_fees,https://www.fpzg.unizg.hr/_download/repository/Odluka%20o%20visini%20naknada%20na%20Fakultetu%20politi%C4%8Dkih%20znanosti%20u%20ak.%20god.%202025.-2026.%5B4%5D.pdf,"Fakultet političkih znanosti, Sveučilište u Zagrebu",Odluka o visini naknada na Fakultetu političkih znanosti u ak. god. 2025./2026. (1 Oct 2025),2025/26,2026-09-29,"Table, first row (p. 1)","Upisni komplet -za upis specijalističkih i doktorskih studija | Matični list, statistički list, osiguranje studenta od nezgode, troškovi upisa, članstvo u knjižnici, smart x-ica | 46,00",no,"curl PDF (scanned, no text layer); read from rendered page image; NOT used for the headline: line labelled for specialist/doctoral studies"
HRV-JJSO-P05-HRV-01,HRV-JJSO,tuition,https://www.unios.hr/wp-content/uploads/2025/04/Natjecaj-za-upis_prijediplomski_2025_2026.pdf,Sveučilište Josipa Jurja Strossmayera u Osijeku,"Natječaj za upis studenata u I. godinu sveučilišnih prijediplomskih, sveučilišnih integriranih prijediplomskih i diplomskih studija te stručnih prijediplomskih studija u akademskoj godini 2025./2026. (Senate, 29 Apr 2025)",2025/26,2026-09-29,"VI. Participacija u troškovima studija (školarina), p. 9",Redoviti studenti državljani RH i državljani država članica EU koji u akademskoj godini 2025./2026. po prvi puta upisuju prvu godinu sveučilišnih studija: prijediplomskog i sveučilišnog integriranog prijediplomskog i diplomskog studija te stručnog prijediplomskog studija ne plaćaju participaciju u troškovima studija. Navedena se participacija podmiruje u cijelosti iz sredstava Državnog proračuna R [...],yes,curl PDF; text via pymupdf
HRV-JJSO-P05-HRV-02,HRV-JJSO,compulsory_fees,https://www.unios.hr/wp-content/uploads/2025/04/Natjecaj-za-upis_prijediplomski_2025_2026.pdf,Sveučilište Josipa Jurja Strossmayera u Osijeku,"Natječaj za upis studenata u I. godinu sveučilišnih prijediplomskih, sveučilišnih integriranih prijediplomskih i diplomskih studija te stručnih prijediplomskih studija u akademskoj godini 2025./2026. (Senate, 29 Apr 2025)",2025/26,2026-09-29,VII.3 Troškovi upisa (p. 10) and VII.4 Dokumenti za upis (p. 11),"Sastavnice Sveučilišta Josipa Jurja Strossmayera u Osijeku naplaćuju troškove upisa i upisnih materijala sukladno Odluci o posebnim naknadama na Sveučilištu Josipa Jurja Strossmayera u Osijeku od 26. travnja 2023. godine kako slijedi: sastavnice koje koriste indeks 60,00 eura, sastavnice koje koriste e-indeks 40,00 eura te 7,00 eura za projekte Studentskog zbora Sveučilišta. [...] Priznanica o upl [...]",yes,curl PDF; text via pymupdf
HRV-R-P05-HRV-01,HRV-R,tuition,https://uniri.hr/wp-content/uploads/2025/04/108-NATJECAJ-za-upis-na-PRIJEDIPLOMSKE-i-integrirane-studije-2025_2026-1.pdf,Sveučilište u Rijeci,"Natječaj za upis u I. godinu sveučilišnih prijediplomskih, sveučilišnih integriranih te stručnih prijediplomskih studija u ak. god. 2025./2026. (Sveučilište u Rijeci)",2025/26,2026-09-29,Školarine - Subvencija školarine (p. 9),"Pravo na subvenciju troškova školarine iz Državnog proračuna RH imaju studenti državljani RH odnosno državljani drugih država članice EU koji studiraju u redovitom statusu u skladu s Uredbom koja uređuje programsko financiranje javnih visokih učilišta i javnih znanstvenih instituta u RH (NN 78/2023), kako sijedi: - Studenti koji u 2025./2026. ak. god. prvi put upisuju prvu godinu studija",no,curl PDF; text via pymupdf
HRV-R-P05-HRV-02,HRV-R,compulsory_fees,https://uniri.hr/wp-content/uploads/2025/04/108-NATJECAJ-za-upis-na-PRIJEDIPLOMSKE-i-integrirane-studije-2025_2026-1.pdf,Sveučilište u Rijeci,"Natječaj za upis u I. godinu sveučilišnih prijediplomskih, sveučilišnih integriranih te stručnih prijediplomskih studija u ak. god. 2025./2026. (Sveučilište u Rijeci)",2025/26,2026-09-29,Upisi - Upisnine (p. 11),"Odlukom Senata Sveučilišta u Rijeci o visini upisnina i njihovom namjenskom rasporedu u 2025./2026. ak. god. (KLASA: 007-01/25-03/02, URBROJ: 2170-137-01-25-103 od 14. travnja 2025.) utvrđena je upisnina u iznosu od 55,50 EUR. Iznos ne uključuje osiguranje od nesretnog slučaja.",no,curl PDF; text via pymupdf
HRV-S-P05-HRV-01,HRV-S,compulsory_fees,http://www.rektorski-zbor.hr/fileadmin/rektorat/O_Sveucilistu/Tijela_sluzbe/Rektorski_zbor/NATJECAJ_2025_26/UNIST_Natjecaj_za_upis_na_prijediplomski_i_integrirani_studij_2025_26.pdf,Sveučilište u Splitu (file hosted on rektorski-zbor.hr),"Natječaj za upis studenata u I. godinu sveučilišnog prijediplomskog, sveučilišnog integriranog prijediplomskog i diplomskog te stručnog prijediplomskog studija u akademsku godinu 2025./2026. (Sveučilište u Splitu)",2025/26,2026-09-29,"Opći dio, VI. Administrativni troškovi (p. 3)","VI. ADMINISTRATIVNI TROŠKOVI Studenti plaćaju administrativne troškove u iznosu od 53,09 eura, osim ako sporazumom (ili drugim aktom) o združenom ili zajedničkom studiju nije drugačije određeno.",no,curl PDF; text via pymupdf
HRV-S-P05-HRV-02,HRV-S,tuition,http://www.rektorski-zbor.hr/fileadmin/rektorat/O_Sveucilistu/Tijela_sluzbe/Rektorski_zbor/NATJECAJ_2025_26/UNIST_Natjecaj_za_upis_na_prijediplomski_i_integrirani_studij_2025_26.pdf,Sveučilište u Splitu (file hosted on rektorski-zbor.hr),"Natječaj za upis studenata u I. godinu sveučilišnog prijediplomskog, sveučilišnog integriranog prijediplomskog i diplomskog te stručnog prijediplomskog studija u akademsku godinu 2025./2026. (Sveučilište u Splitu)",2025/26,2026-09-29,"Opći dio, IV. Participacija studenata u troškovima studija / školarina (p. 3)",1. Pitanja participacije studenata u troškovima studija / školarina bit će uređena naknadno odlukom Senata Sveučilišta u Splitu. 2. Studenti posebnih studija koji se u potpunosti izvode na engleskom jeziku te studenti u izvanrednom statusu plaćaju posebne iznose participacije / školarine sukladno aktima sastavnica / samostalnih studija Sveučilišta u Splitu što se navodi u Posebnom dijelu Natječaja [...],yes,curl PDF; text via pymupdf
HRV-S-P05-HRV-03,HRV-S,tuition,https://www.kbf.unist.hr/images/2024-25/UNIST-2025-Odluka_o_participaciji.pdf,"Sveučilište u Splitu (Senate decision, file hosted by Katolički bogoslovni fakultet)","Odluka o participaciji studenata u troškovima studija za akademsku godinu 2025./2026. (Senate, 26 Jun 2025)",2025/26,2026-09-29,Point 1 (p. 1),Participaciju u troškovima studija (u daljnjem tekstu: participacija) ne plaćaju one kategorije studenata u redovitom statusu na koje se odnosi subvencija participacije sukladno Odluci Ministarstva znanosti i obrazovanja Republike Hrvatske o financiranju javnih visokih učilišta u Republici Hrvatskoj u akademskoj godini 2025./2026. od 16. svibnja 2025. godine.,no,"curl PDF (scanned, no text layer); read from rendered page image"
PRT-P-P05-PRT-01,PRT-P,tuition,https://web.archive.org/web/20260227021500id_/https://www.up.pt/portal/pt/estudar/licenciaturas-e-mestrados-integrados/funcionamento-e-propinas/,Universidade do Porto,Funcionamento e Propinas - Universidade do Porto (Wayback capture 2026-02-27),2025/26,2026-09-29,Section 'Quanto custam?',"No ano letivo 2025/2026 , o valor indicativo da propina anual das Licenciaturas e Mestrados Integrados na U.Porto, para estudantes nacionais e/ou equiparados , é de 697,00 euros (+2 euros de seguro escolar).",no,curl (Wayback id_ capture) + HTML text extraction; same sentence on the live page https://www.up.pt/portal/pt/estudar/licenciaturas-e-mestrados-integrados/funcionamento-e-propinas/ fetched 2026-09-29
PRT-P-P05-PRT-02,PRT-P,compulsory_fees,https://web.archive.org/web/20260227021500id_/https://www.up.pt/portal/pt/estudar/licenciaturas-e-mestrados-integrados/funcionamento-e-propinas/,Universidade do Porto,Funcionamento e Propinas - Universidade do Porto (Wayback capture 2026-02-27),2025/26,2026-09-29,Section 'Quanto custam?' (seguro escolar),"é de 697,00 euros (+2 euros de seguro escolar).",no,curl (Wayback id_ capture) + HTML text extraction
PRT-P-P05-PRT-03,PRT-P,regime,https://web.archive.org/web/20251215165626id_/https://dges.gov.pt/pt/pagina/propinas,Direção-Geral do Ensino Superior (DGES),Propinas | DGES (Wayback capture 2025-12-15),2025/26,2026-09-29,"Page body, 'Propinas' paragraph 1","No ensino superior público, para o ano letivo de 2025-2026, o valor máximo da propina a fixar pelas instituições de ensino superior não pode ser superior ao valor fixado no anterior ano letivo, mantendo-se assim em 697€.",no,curl (Wayback id_ capture) + HTML text extraction; same sentence on live page https://www.dges.gov.pt/pt/pagina/propinas fetched 2026-09-29
PRT-L-P05-PRT-01,PRT-L,tuition,https://www.ulisboa.pt/sites/default/files/documents/page/2026/deliberacaocgpropinas2025aprovada.pdf,Universidade de Lisboa (Conselho Geral),Fixação do valor das propinas para o ano letivo de 2025/2026 (estudantes nacionais ou equiparados) e 2026/2027 (estudantes internacionais) - approved 29 September 2025,2025/26,2026-09-29,"p. 5, 'Síntese das propostas'; Quadros 1-2 (pp. 7-13), national-student columns all 697","Para os cursos de licenciatura e mestrado integrado, apresentados nos Quadros 1 e 2, é fixado um valor de propina de 697 €. Os valores propostos para o ano letivo de 2025/2026 são iguais aos do ano letivo anterior.",no,"curl + pdftotext and pymupdf text (national-column tokens checked: all 697; other values 1,500-18,000 are international rates)"
PRT-L-P05-PRT-02,PRT-L,regime,https://www.ulisboa.pt/sites/default/files/documents/page/2026/deliberacaocgpropinas2025aprovada.pdf,Universidade de Lisboa (Conselho Geral),Fixação do valor das propinas para o ano letivo de 2025/2026 - approved 29 September 2025,2025/26,2026-09-29,"p. 3, 'Nota prévia - Estudantes Nacionais ou Equiparados'","Com a aprovação pela Assembleia da República da Lei do Orçamento do Estado para 2025 (Lei n.º 45-A/2024, de 31 de dezembro), ficou também definido que o valor de propinas para o ano letivo 2025/2026, nos ciclos de estudos conferentes de grau académico superior e nos cursos técnicos superiores profissionais das instituições de ensino superior público, não poderá ser superior ao valor fixado no ano [...]",yes,curl + pdftotext
PRT-L-P05-PRT-03,PRT-L,compulsory_fees,https://ciencias.ulisboa.pt/sites/default/files/fcul/institucional/tabela-propinas-2025-2026-valores-indicativos.pdf,Faculdade de Ciências da Universidade de Lisboa (FCUL),Tabela de Propinas por Cursos Conferentes de Grau - Ano Letivo 2025/2026,2025/26,2026-09-29,"p. 1 header notes; columns 'Taxa Inscrição' / 'Propina', Licenciatura rows; footnote (*)","No ato da matrícula/inscrição é efetuado o pagamento da: -1ª prestação da propina; -Taxa de inscrição (inclui seguro escolar); [...] 9011 Biologia Licenciatura 50 € 697,00 € 157+60+60+60+60+60+60+60+60+60 [...] (*)Valores indicativos, sujeitos a aprovação pelo Conselho Geral da ULisboa.",no,curl + pdftotext; page 1 rendered with pymupdf and read visually (the Biologia fee cell is missing from the text layer; image shows 50 €)
PRT-L-P05-PRT-04,PRT-L,compulsory_fees,https://ciencias.ulisboa.pt/sites/default/files/fcul/institucional/legislacao/d_66_2025.pdf,Faculdade de Ciências da Universidade de Lisboa (FCUL),Despacho D/66/2025 - Deliberação do Conselho de Gestão relativa à fixação das propinas para o ano letivo 2025/2026,2025/26,2026-09-29,"p. 2, point 2 and payment table","São estabelecidos os seguintes prazos para pagamento da taxa de inscrição e das prestações de propinas, para o ano letivo de 2025/2026, [...] sendo o pagamento efetuado conforme estipulado na tabela anexa ao presente despacho: [...] Taxa de inscrição | Consultar tabela anexa | No ato da inscrição",no,"curl; scanned PDF without text layer, pages rendered with pymupdf and read visually (transcription by the researcher)"
PRT-A-P05-PRT-01,PRT-A,tuition,https://www.ua.pt/file/84773,Universidade de Aveiro (Reitoria),Circular Nº 05-REIT/2025 - Fixação do valor de propinas para o ano letivo 2025/2026,2025/26,2026-09-29,Preamble and point 1,"Fixação do valor de propinas para o ano letivo 2025/2026 [...] 1. A propina referente aos cursos de licenciatura, mestrado integrado e mestrado, quando a sua conjugação com um ciclo de estudos conducente ao grau de licenciado seja indispensável para o acesso ao exercício de uma atividade profissional, tem o valor de 697€.",no,curl + pdftotext
PRT-A-P05-PRT-02,PRT-A,compulsory_fees,https://www.ua.pt/file/84773,Universidade de Aveiro (Reitoria),Circular Nº 05-REIT/2025 - Fixação do valor de propinas para o ano letivo 2025/2026,2025/26,2026-09-29,Point 29,"29. Pela inscrição nos ciclos de estudos é devida uma taxa no valor de 2% do montante da propina anual, que inclui o seguro escolar.",no,curl + pdftotext; 13.94 = 0.02 x 697 derived
PRT-C-P05-PRT-01,PRT-C,compulsory_fees,https://web.archive.org/web/20260308135254id_/https://www.uc.pt/sga-academicos/propina-taxas/,Universidade de Coimbra (SGA),Propina e Taxas na UC (page dated 12 December 2025; Wayback capture 2026-03-08),2025/26,2026-09-29,Item 'TAXA DE INSCRIÇÃO',"A taxa de inscrição tem o valor de 20€ (vinte euros) e é paga após o estudante efetuar a inscrição no ano letivo através das referências multibanco criadas imediatamente após a inscrição, disponíveis na opção ""Propinas e Emolumentos"" do Inforestudante.",no,curl (Wayback id_ capture) + HTML text extraction
PRT-C-P05-PRT-02,PRT-C,tuition,https://web.archive.org/web/20260308135254id_/https://www.uc.pt/sga-academicos/propina-taxas/,Universidade de Coimbra (SGA),Propina e Taxas na UC (page dated 12 December 2025; Wayback capture 2026-03-08),2025/26,2026-09-29,Item 'PROPINA',O valor da propina devida pela inscrição em ciclos de estudos de licenciatura e mestrado integrado é fixado anualmente de acordo com a legislação em vigor.,no,curl (Wayback id_ capture) + HTML text extraction; amount not stated on this page
PRT-C-P05-PRT-03,PRT-C,tuition,https://web.archive.org/web/20251215165626id_/https://dges.gov.pt/pt/pagina/propinas,Direção-Geral do Ensino Superior (DGES),Propinas | DGES (Wayback capture 2025-12-15),2025/26,2026-09-29,"Page body, 'Propinas' paragraph 1","No ensino superior público, para o ano letivo de 2025-2026, o valor máximo da propina a fixar pelas instituições de ensino superior não pode ser superior ao valor fixado no anterior ano letivo, mantendo-se assim em 697€.",no,"curl (Wayback id_ capture) + HTML text extraction; national cap, applied to UC as a documented rule (UC amount not directly observed)"
PRT-NL-P05-PRT-01,PRT-NL,tuition,https://www.fct.unl.pt/sites/default/files/despacho_propinas_25_26.pdf,NOVA FCT (Conselho de Gestão),Despacho Nº 28/2025 - Propinas para o ano letivo 2025/2026 (todos os cursos),2025/26,2026-09-29,"Preamble; Section A, point 1","Pelo presente despacho, o Conselho de Gestão publica o valor das propinas e as modalidades e prazos de pagamentos para os cursos conferentes de graus, para o ano letivo de 2025/2026, de acordo com o aprovado pelo Conselho Geral da Universidade Nova de Lisboa [...] A. Cursos de 1º Ciclo (Licenciatura e Mestrado Integrado) 1. Valor da propina anual: 697,00 € (Seiscentos e Noventa e Sete Euros), apli [...]",yes,curl + pdftotext
PRT-NL-P05-PRT-02,PRT-NL,compulsory_fees,https://web.archive.org/web/20260511125437id_/https://www.nms.unl.pt/Portals/0/adam/NMS%20Generic%20Content/a2qLKYoEn0mE5eCYVFUylw/Content/Gui%C3%A3oMatriculas_1Ano_25-26-2.pdf,NOVA Medical School | Faculdade de Ciências Médicas (UNL),MATRÍCULAS 2025/2026 - Guião para realização de matrícula online na NMS|FCM (Wayback capture 2026-05-11),2025/26 guide; amounts shown in its screenshot are labelled 2024-25,2026-09-29,"p. 11, '12º PASSO - Pagamentos obrigatórios' (text and screenshot)",Pagamentos obrigatórios: - Seguro escolar - Taxa de matrícula - 1ª prestação da propina (para alunos que não são candidatos a bolsa) [screenshot rows:] Propinas 2024-25 - 1ª Prestação 69.7 EUR | Custos Administrativos por inscrição/matrícula presencial e online 35 EUR | Seguro Escolar 14 EUR,no,curl (Wayback id_ capture) + pdftotext for the text; screenshot amounts read visually from a pymupdf rendering
PRT-NL-P05-PRT-03,PRT-NL,compulsory_fees,https://www.nms.unl.pt/pt-pt/ensino/programas/mestrado-integrado-em-medicina-1%C2%AA-inscricao-1%C2%BA-ano-1%C2%AA-vez-,NOVA Medical School | Faculdade de Ciências Médicas (UNL),"Mestrado Integrado em Medicina - 1ª Inscrição (1º ano / 1ª vez) (live page, 2026/27 enrolment cycle)",2026/27 (corroborates unchanged amounts; does not state 2025/26),2026-09-29,"Paragraph 'No ato da matrícula, deverá fazer os seguintes pagamentos'","No ato da matrícula, deverá fazer os seguintes pagamentos: 35€ - referentes aos emolumentos de taxa de inscrição/matrícula (anual); 14€ - referentes ao seguro escolar (anual); 69,70€ - referentes à 1ª prestação da propina OU propina total (anual) = 697€",no,curl + HTML text extraction
PRT-UMINHO-P05-PRT-01,PRT-UMINHO,tuition,https://alunos.uminho.pt/PT/candidatos/Documents/Despacho_RT-96_2025.pdf,Universidade do Minho (Gabinete do Reitor),Despacho RT-96/2025 - Fixação do valor das propinas para o ano letivo 2025/26,2025/26,2026-09-29,Point 1; point 4,"1. Nos ciclos de estudos conducentes ao grau de Licenciado e nos ciclos de estudos integrados conducentes ao grau de Mestre, as propinas têm o valor de 697,00 € para os estudantes nacionais e os valores constantes do anexo 1 para os estudantes internacionais, da CPLP e de outros países. [...] 4. O pagamento das propinas efetua-se em 10 prestações, de igual valor, a pagar até ao dia 10 de cada mês, [...]",yes,curl + pdftotext
PRT-UMINHO-P05-PRT-02,PRT-UMINHO,compulsory_fees,https://web.archive.org/web/20250713234221id_/https://alunos.uminho.pt/PT/estudantes/Paginas/InfoUteisEmolumentos.aspx,Universidade do Minho (Portal Académico),Emolumentos - Tabela de emolumentos a praticar na Unidade de Serviços de Gestão Académica da Universidade do Minho no ano de 2025 (Wayback capture 2025-07-13),calendar 2025 (covers enrolment for 2025/26),2026-09-29,"Header; section 9. TAXAS DE MATRÍCULA E INSCRIÇÃO, items 9.2 and 9.3","Tabela de emolumentos a praticar na Unidade de Serviços de Gestão Académica da Universidade do Minho no ano de 2025 (aprovada em Conselho de Gestão, a 12 de dezembro de 2024) [...] 9.2. Taxa de matrícula em Cursos de 1º ciclo e ciclo de estudos integrado conducente ao grau de mestre €10,00 9.3. Taxa de inscrição em ciclos de estudos e cursos ou formações não conferentes de grau (Inclui o seguro es [...]",yes,curl (Wayback id_ capture) + HTML text extraction
SVN-L-P05-SVN-01,SVN-L,tuition,https://www.gov.si/assets/ministrstva/MVZI/Visoko-solstvo/RAZPISI-2025_26/SKUPNI-RAZPIS/Uvodne-dolocbe_31.1.2025.pdf,"Republic of Slovenia, ministry responsible for higher education (MVZI), gov.si; joint call of the public universities","Razpis za vpis 2025/2026 - common provisions (Uvodne določbe, 31.1.2025) of the joint call for enrolment in first-cycle and integrated master's programmes",2025/26,2026-09-29,p.23 section 15 'POJASNILO GLEDE PLAČEVANJA ŠOLNINE V SKLADU S 77. ČLENOM ZAKONA O VISOKEM ŠOLSTVU'; p.24 section 16 'PODROBNEJŠE INFORMACIJE',"Državljanom/-kam Republike Slovenije in državljanom/-kam držav Evropske unije šolnine za redni študij ni mogoče predpisati za izobraževanje v okviru dodiplomskih študijskih programov in podiplomskih študijskih programov druge stopnje z javno veljavnostjo, ki se izvajajo kot javna služba. || Razpis za vpis je objavljen tudi na spletnih straneh in visokošolskih prijavno–informacijskih služb Univerze [...]",yes,curl + pymupdf (text layer; line breaks joined)
SVN-L-P05-SVN-02,SVN-L,regime,https://www.uni-lj.si/assets/Sluzba-za-1-in-2-stopnjo/Cenik/2025-2026/Slovenscina/Pravilnik_o_prispevkih_UL_25_26_-_Cistopis.pdf,Univerza v Ljubljani,"Pravilnik o prispevkih in vrednotenju stroškov na Univerzi v Ljubljani (uradno prečiščeno besedilo), adopted by UO UL 30.1.2025 for 2025/2026",2025/26,2026-09-29,p.1 preamble; p.4 (conditions under which tuition is paid for full-time study),"je Upravni odbor Univerze v Ljubljani (v nadaljnjem besedilu: UO UL) na 26. seji, dne 30. 1. 2025, za študijsko leto 2025/2026 sprejel naslednji || Šolnino plačuje študent za: - izredni študij po študijskih programih prve in druge stopnje, - študij po študijskih programih tretje stopnje, - redni študij po študijskih programih prve in druge stopnje, a zgolj pod pogoji, navedenimi v nadaljevanju: a) [...]",yes,curl + pymupdf (text layer; line breaks joined)
SVN-L-P05-SVN-03,SVN-L,compulsory_fees,https://www.uni-lj.si/assets/Sluzba-za-1-in-2-stopnjo/Cenik/2025-2026/Slovenscina/Pravilnik_o_prispevkih_UL_25_26_-_Cistopis.pdf,Univerza v Ljubljani,Pravilnik o prispevkih in vrednotenju stroškov na Univerzi v Ljubljani (uradno prečiščeno besedilo) 2025/2026,2025/26,2026-09-29,p.7 art. 19 (vrste prispevkov za študij); art. 16 (student council contribution charged at enrolment),"Prispevki za študij so prispevki za kritje stroškov: - povezanih z izvedbo študijskih obveznosti, - izdaje potrdil in sklepov, - pravic uporabe informacijsko-komunikacijske opreme, - letne članarine visokošolskih knjižnic članic UL, NUK in CTK. Prispevka iz tretje in četrte alineje se poravnata ob vsakem vpisu. || Prispevek iz tretje alineje prvega odstavka 15. člena tega Pravilnika članica UL skl [...]",yes,curl + pymupdf (text layer; line breaks joined)
SVN-L-P05-SVN-04,SVN-L,compulsory_fees,https://www.uni-lj.si/assets/Sluzba-za-1-in-2-stopnjo/Cenik/2025-2026/Slovenscina/Enotni_cenik_prispevkov_in_storitev_za_studij_na_UL_25_26.pdf,Univerza v Ljubljani,"ENOTNI CENIK PRISPEVKOV IN STORITEV ZA ŠTUDIJ NA UL (ŠTUDIJSKO LETO 2025/2026), sprejeto na 26. seji UO UL dne 30. 1. 2025",2025/26,2026-09-29,p.1 items 1 and 2 (page rendered and checked visually),"1. STROŠKI PRAVIC UPORABE INFORMACIJSKO-KOMUNIKACIJSKE OPREME 14,40 € | 2. LETNA ČLANARINA VISOKOŠOLSKIH KNJIŽNIC ČLANIC UL, NUK IN CTK 18,50 €",no,curl + pymupdf + visual check
SVN-L-P05-SVN-05,SVN-L,compulsory_fees,https://www.uni-lj.si/assets/Sluzba-za-1-in-2-stopnjo/Cenik/2025-2026/Slovenscina/Cenik-solnin-in-prispevkov-za-studij-po-studijskih-programih-prve-in-druge-stopnje-v2..._25-26.xlsx,Univerza v Ljubljani,"CENIK ŠOLNIN IN PRISPEVKOV ZA ŠTUDIJ po študijskih programih prve in druge stopnje ter za študijske programe za izpopolnjevanje članic UL za študijsko leto 2025/2026 (xlsx, one sheet per member)",2025/26,2026-09-29,"Sheets TEOF (rows 22-23), FF (rows 94-100), MF (rows 10-12), section 'PRISPEVKI ZA ŠTUDIJ'",[TEOF] PRISPEVKI ZA ŠTUDIJ | 1. | Prispevek za dejavnost Študentskega sveta UL TEOF | 1.5 || [FF] 3. | Prispevek za podelitev diplom (plačljivo le ob prvem vpisu v zadnji letnik študijskih programov prve in druge stopnje) | 10 | 4. | Prispevek za obveščanje preko SMS sporočil (opcijsko; plačiljivo pri vpisu v novo študijsko leto) | 5 | 5. | Prispevek za dejavnost Študentskega sveta UL FF | 3 | 6. [...],yes,curl + openpyxl (cell values; runs of spaces inside the MF cells collapsed)
SVN-L-P05-SVN-06,SVN-L,compulsory_fees,https://www.ef.uni-lj.si/assets/Studij/Ceniki/25-26/CENIK_ULEF_2025-26.pdf,"Univerza v Ljubljani, Ekonomska fakulteta",CENIK STORITEV UL Ekonomske fakultete za študijsko leto 2025/2026,2025/26,2026-09-29,"p.1 section 'SPLOŠNO', item 1 'PRISPEVKI ZA ŠTUDIJ' (page rendered and checked visually)","1. PRISPEVKI ZA ŠTUDIJ 60,90 | 1.1 stroški pravic uporabe informacijsko-komunikacijske opreme 14,40 | 1.2 letna članarina visokošolskih knjižnic članic UL, NUK in CTK 18,50 | 1.3 prispevek za dejavnost Študentskega sveta UL EF 3,00 | 1.4 prispevek za napredne študijske metode (poslovni primeri, obiski podjetij, poslovne simulacije, nakup člankov) 25,00",no,curl + pymupdf + visual check
SVN-L-P05-SVN-07,SVN-L,compulsory_fees,https://www.ef.uni-lj.si/assets/Studij/Doktorski_studij/Cenik/Navodila_za_izvajanje_cenika-ULEF-2025-26.pdf,"Univerza v Ljubljani, Ekonomska fakulteta",Navodila za izvajanje cenika UL Ekonomske fakultete za študijsko leto 2026/2027 (file name says 2025-26; content is for 2026/27),"2026/27 (nearest year; used only to show that the EUR 25 item listed within 'PRISPEVKI ZA ŠTUDIJ 60,90' in the 2025/26 EF price list is payable at enrolment)",2026-09-29,"p.1, A.1 'Prispevek za študij'","Poleg prispevka za študij je potrebno ob vpisu plačati tudi prispevek za dejavnost ŠSEF v višini 3,00 EUR in prispevek za napredne študijske metode (poslovni primeri, obiski podjetij, poslovne simulacije, nakup člankov) v višini 25,00 EUR.",no,curl + pymupdf (URL found via WebSearch)
SVN-M-P05-SVN-01,SVN-M,tuition,https://www.gov.si/assets/ministrstva/MVZI/Visoko-solstvo/RAZPISI-2025_26/SKUPNI-RAZPIS/Uvodne-dolocbe_31.1.2025.pdf,"Republic of Slovenia, ministry responsible for higher education (MVZI), gov.si; joint call of the public universities","Razpis za vpis 2025/2026 - common provisions (Uvodne določbe, 31.1.2025) of the joint call for enrolment in first-cycle and integrated master's programmes",2025/26,2026-09-29,p.23 section 15 'POJASNILO GLEDE PLAČEVANJA ŠOLNINE V SKLADU S 77. ČLENOM ZAKONA O VISOKEM ŠOLSTVU'; p.24 section 16 'PODROBNEJŠE INFORMACIJE',"Državljanom/-kam Republike Slovenije in državljanom/-kam držav Evropske unije šolnine za redni študij ni mogoče predpisati za izobraževanje v okviru dodiplomskih študijskih programov in podiplomskih študijskih programov druge stopnje z javno veljavnostjo, ki se izvajajo kot javna služba. || Razpis za vpis je objavljen tudi na spletnih straneh in visokošolskih prijavno–informacijskih služb Univerze [...]",yes,curl + pymupdf (text layer; line breaks joined)
SVN-M-P05-SVN-02,SVN-M,compulsory_fees,https://moja.um.si/bodoci-studentje/Documents/Cenik_2025-26/UM_Cenik_2025-26_prispevki_ob_vpisu.pdf,Univerza v Mariboru,CENIK PRISPEVKOV OB VPISU ZA DODIPLOMSKI IN PODIPLOMSKI ŠTUDIJ UNIVERZE V MARIBORU ZA ŠTUDIJSKO LETO 2025/2026 (Tabela 1),2025/26,2026-09-29,"Tabela 1, section 1) A and section 2); footer","A. Vpis v 1. letnik, višji letnik in ponovni vpis - 1. in 2. stopnja(a+b+c+č) 50,93 | a) Prispevek za uporabo institucionalne programske opreme 27,26 | b) Prispevek za študentski tutorski sistem 10,19 | c) Prispevek za interesno dejavnost študentov 3,80 | č) Prispevek za knjižnični sistem UM in UKM (4,40 EUR knjižnice članic, 5,28 UKM) 9,68 || PRISPEVKI ZA DRUGE POSAMIČNE STORITVE - po sklepu UO U [...]",yes,"curl + pymupdf (text layer; URL identified from a Wayback CDX listing of the folder, file fetched live)"
SVN-P-P05-SVN-01,SVN-P,tuition,https://www.gov.si/assets/ministrstva/MVZI/Visoko-solstvo/RAZPISI-2025_26/SKUPNI-RAZPIS/Uvodne-dolocbe_31.1.2025.pdf,"Republic of Slovenia, ministry responsible for higher education (MVZI), gov.si; joint call of the public universities","Razpis za vpis 2025/2026 - common provisions (Uvodne določbe, 31.1.2025) of the joint call for enrolment in first-cycle and integrated master's programmes",2025/26,2026-09-29,p.23 section 15 'POJASNILO GLEDE PLAČEVANJA ŠOLNINE V SKLADU S 77. ČLENOM ZAKONA O VISOKEM ŠOLSTVU'; p.24 section 16 'PODROBNEJŠE INFORMACIJE',"Državljanom/-kam Republike Slovenije in državljanom/-kam držav Evropske unije šolnine za redni študij ni mogoče predpisati za izobraževanje v okviru dodiplomskih študijskih programov in podiplomskih študijskih programov druge stopnje z javno veljavnostjo, ki se izvajajo kot javna služba. || Razpis za vpis je objavljen tudi na spletnih straneh in visokošolskih prijavno–informacijskih služb Univerze [...]",yes,curl + pymupdf (text layer; line breaks joined)
SVN-P-P05-SVN-02,SVN-P,compulsory_fees,https://web.archive.org/web/20250926072210id_/https://www.famnit.upr.si/sl/resources/files/o-fakulteti/cenik-storitev/012526cenikfamnitsi.pdf,"Univerza na Primorskem, UP FAMNIT (Wayback capture 2025-09-26)","CENIK STORITEV Fakultete za matematiko, naravoslovje in informacijske tehnologije Univerze na Primorskem (UP FAMNIT) v študijskem letu 2025/2026",2025/26,2026-09-29,"p.1, I.1 'PRISPEVKI OB VPISU V ŠTUDIJSKO LETO 2025/2026' a) and b) (page rendered and checked visually)","a) prispevki ob prvem vpisu v začetni letnik oz. v višji letnik (po merilih za prehode): 39,56 | - prispevek za informacijski sistem v okviru univerze in licence 16,80 | - prispevek za letno članarino za Univerzitetno knjižnico (UP UK) 7,76 | - prispevek za obštudijsko dejavnost [1] 15,00 | b) prispevki ob vpisu v višji letnik, absolventski staž oz. ob ponovnem vpisu v isti letnik: 39,56",no,curl (Wayback id_) + pymupdf + visual check
SVN-P-P05-SVN-03,SVN-P,compulsory_fees,https://fvz.upr.si/wp-content/uploads/2025/05/Cenik-UP_2025_2026.pdf,Univerza na Primorskem (copy hosted by UP FVZ),Univerza na Primorskem ŠTUDIJSKO LETO 2025/2026 CENIK PRISPEVKOV OB VPISU,2025/26,2026-09-29,p.1 items 1.1-1.3 and footnote [1],"1.1 prispevek za informacijski sistem v okviru univerze in licence 12,00 16,80 | 1.2 prispevek za letno članarino za Univerzitetno knjižnico (UP UK) 7,76 | 1.3 prispevek za interesno dejavnost študentov [1] 15,00 || [1] Skladno z drugim odstavkom 5. člena Pravilnika o prispevkih in vrednotenju stroškov na UP Študentski svet UP določi najvišji znesek prispevka za interesno dejavnost študentov UP. Š [...]",yes,curl + pymupdf (text layer; URL found via WebSearch)
DNK-UC-P06-DNK-01,DNK-UC,tuition,https://www.retsinformation.dk/eli/lta/2024/391/pdf,"Retsinformation (Uddannelses- og Forskningsministeriet), Lovtidende A","Bekendtgørelse af lov om universiteter (universitetsloven), LBK nr. 391 af 10. april 2024","in force 2024-04-14 to 2026-09-09 per retsinformation XML (StartDate/EndDate); covers 2025/26 (amended by law 754 of 20 June 2025, in force 1 July 2025, which changes § 26(2) only for akademisk erhvervsoverbygningsuddannelse)",2026-09-29,"§ 26, stk. 1-2 (Deltagerbetaling til uddannelse)","§ 26. Universitetet opkræver delvis betaling for deltagelse i undervisning og i prøver og anden bedømmelse, der indgår i eksamen, under deltidsuddannelse, hvortil der ydes delvis tilskud efter § 19, stk. 1, jf. dog § 20, stk. 1. Stk. 2. Universitetet skal opkræve fuld betaling for deltagelse i undervisning og i prøver og anden bedømmelse, der indgår i eksamen, under heltids- og deltidsuddannelse o [...]",yes,curl + pdftotext -enc UTF-8 (line-break hyphens removed); status from retsinformation XML
DNK-UC-P06-DNK-02,DNK-UC,tuition,https://www.retsinformation.dk/eli/lta/2025/912/pdf,"Retsinformation (Uddannelses- og Forskningsministeriet), Lovtidende A","Bekendtgørelse om tilskud, regnskab og revision m.v. ved universiteterne, BEK nr. 912 af 25. juni 2025","issued 25 June 2025, published 28 June 2025; applies to 2025/26",2026-09-29,"§ 3, stk. 1; § 4 (opening words)","§ 3. De aktivitetsbestemte tilskud ydes til universitetets udbud af godkendt videregående uddannelse efter universitetslovens § 4, stk. 1, nr. 1 og 2, (bachelor- og kandidatuddannelse), § 4 b (erhvervskandidatuddannelse), § 5 (deltidsuddannelse) og § 7 anden videregående heltidsuddannelse (erhvervsakademi- og professionsbacheloruddannelse), jf. dog stk. 2 og § 4. [...] § 4. Udenlandske studerende [...]",yes,curl + pdftotext -enc UTF-8 (line-break hyphens removed)
DNK-UC-P06-DNK-03,DNK-UC,tuition,https://web.archive.org/web/20250807164022/https://www.ku.dk/studies/bachelor/admission-requirements/non-eu-eea-and-non-nordic-countries,University of Copenhagen (ku.dk),Non-EU EEA and Non-Nordic Countries (Bachelor admission requirements),2025/26 admissions (capture 7 Aug 2025),2026-09-30,section Tuition fees,"Tuition fees If you have a citizenship from a country outside the EU/EEA/North, you need to pay tuition fees for your studies. However, if you have a permanent residence permit in Denmark (or a temporary residence permit in Denmark, which allows you to study tuition-free) you do not need to pay tuition fees.",no,curl of Wayback raw capture id_ 20250807164022; HTML stripped
DNK-UC-P06-DNK-04,DNK-UC,compulsory_fees,https://www.retsinformation.dk/eli/lta/2024/391/pdf,"Retsinformation (Uddannelses- og Forskningsministeriet), Lovtidende A","Bekendtgørelse af lov om universiteter (universitetsloven), LBK nr. 391 af 10. april 2024","in force 2024-04-14 to 2026-09-09 per retsinformation XML (StartDate/EndDate); covers 2025/26 (amended by law 754 of 20 June 2025, in force 1 July 2025, which changes § 26(2) only for akademisk erhvervsoverbygningsuddannelse)",2026-09-29,"§ 19, stk. 1; § 22, stk. 1 (read with § 26: no charge provision for grant-funded full-time degree students)","§ 19. Ministeren yder tilskud til universitetets undervisnings-, forsknings- og formidlingsvirksomhed og andre opgaver, som er henlagt til universitetet, jf. dog stk. 3. | § 22. Universitetet afholder i rimeligt omfang udgifter og stiller faciliteter til rådighed for studenterpolitiske aktiviteter.",no,curl + pdftotext -enc UTF-8 (line-break hyphens removed); status from retsinformation XML
DNK-UC-P06-DNK-05,DNK-UC,regime,https://www.retsinformation.dk/eli/lta/2025/754/pdf,"Retsinformation, Lovtidende A","Lov nr. 754 af 20. juni 2025 om ændring af universitetsloven, lov om akkreditering af videregående uddannelsesinstitutioner og forskellige andre love (Kandidatuddannelse på 75 ECTS-point, nye erhvervskandidatuddannelser m.v.)",in force 1 July 2025,2026-09-30,"§ 1, nr. 23; § 6, stk. 1","Loven træder i kraft den 1. juli 2025, jf. dog stk. 2. [...] 23. I § 26, stk. 2, udgår »akademisk erhvervsoverbygningsog«.",no,curl + pdftotext -enc UTF-8 (line-break hyphens removed; the extraction joins 'erhvervsoverbygnings- og' as 'erhvervsoverbygningsog')
DNK-TUD-P06-DNK-01,DNK-TUD,tuition,https://www.retsinformation.dk/eli/lta/2024/391/pdf,"Retsinformation (Uddannelses- og Forskningsministeriet), Lovtidende A","Bekendtgørelse af lov om universiteter (universitetsloven), LBK nr. 391 af 10. april 2024","in force 2024-04-14 to 2026-09-09 per retsinformation XML (StartDate/EndDate); covers 2025/26 (amended by law 754 of 20 June 2025, in force 1 July 2025, which changes § 26(2) only for akademisk erhvervsoverbygningsuddannelse)",2026-09-29,"§ 26, stk. 1-2 (Deltagerbetaling til uddannelse)","§ 26. Universitetet opkræver delvis betaling for deltagelse i undervisning og i prøver og anden bedømmelse, der indgår i eksamen, under deltidsuddannelse, hvortil der ydes delvis tilskud efter § 19, stk. 1, jf. dog § 20, stk. 1. Stk. 2. Universitetet skal opkræve fuld betaling for deltagelse i undervisning og i prøver og anden bedømmelse, der indgår i eksamen, under heltids- og deltidsuddannelse o [...]",yes,curl + pdftotext -enc UTF-8 (line-break hyphens removed); status from retsinformation XML
DNK-TUD-P06-DNK-02,DNK-TUD,tuition,https://www.retsinformation.dk/eli/lta/2025/912/pdf,"Retsinformation (Uddannelses- og Forskningsministeriet), Lovtidende A","Bekendtgørelse om tilskud, regnskab og revision m.v. ved universiteterne, BEK nr. 912 af 25. juni 2025","issued 25 June 2025, published 28 June 2025; applies to 2025/26",2026-09-29,"§ 3, stk. 1; § 4 (opening words)","§ 3. De aktivitetsbestemte tilskud ydes til universitetets udbud af godkendt videregående uddannelse efter universitetslovens § 4, stk. 1, nr. 1 og 2, (bachelor- og kandidatuddannelse), § 4 b (erhvervskandidatuddannelse), § 5 (deltidsuddannelse) og § 7 anden videregående heltidsuddannelse (erhvervsakademi- og professionsbacheloruddannelse), jf. dog stk. 2 og § 4. [...] § 4. Udenlandske studerende [...]",yes,curl + pdftotext -enc UTF-8 (line-break hyphens removed)
DNK-TUD-P06-DNK-03,DNK-TUD,tuition,https://web.archive.org/web/20250918025838/https://www.dtu.dk/english/education/undergraduate/general-engineering/admission-and-deadlines/fees-funding-and-permits,Technical University of Denmark (dtu.dk),"Fees, funding and permits for the BSc in General Engineering",2025/26 (capture 18 Sep 2025),2026-09-29,section Tuition fee,"Tuition fee EU/EEA citizens are not required to pay tuition fee to enroll in degree programmes in Denmark as their tuition fee is covered by the Danish state. Most non-EU/EEA citizens are required to pay tuition fee. [...] The tuition fee at DTU is €15,000 per academic year.",no,curl of Wayback raw capture id_ 20250918025838; HTML stripped
DNK-TUD-P06-DNK-04,DNK-TUD,compulsory_fees,https://www.retsinformation.dk/eli/lta/2024/391/pdf,"Retsinformation (Uddannelses- og Forskningsministeriet), Lovtidende A","Bekendtgørelse af lov om universiteter (universitetsloven), LBK nr. 391 af 10. april 2024","in force 2024-04-14 to 2026-09-09 per retsinformation XML (StartDate/EndDate); covers 2025/26 (amended by law 754 of 20 June 2025, in force 1 July 2025, which changes § 26(2) only for akademisk erhvervsoverbygningsuddannelse)",2026-09-29,"§ 19, stk. 1; § 22, stk. 1 (read with § 26: no charge provision for grant-funded full-time degree students)","§ 19. Ministeren yder tilskud til universitetets undervisnings-, forsknings- og formidlingsvirksomhed og andre opgaver, som er henlagt til universitetet, jf. dog stk. 3. | § 22. Universitetet afholder i rimeligt omfang udgifter og stiller faciliteter til rådighed for studenterpolitiske aktiviteter.",no,curl + pdftotext -enc UTF-8 (line-break hyphens removed); status from retsinformation XML
DNK-TUD-P06-DNK-05,DNK-TUD,regime,https://www.retsinformation.dk/eli/lta/2025/754/pdf,"Retsinformation, Lovtidende A","Lov nr. 754 af 20. juni 2025 om ændring af universitetsloven, lov om akkreditering af videregående uddannelsesinstitutioner og forskellige andre love (Kandidatuddannelse på 75 ECTS-point, nye erhvervskandidatuddannelser m.v.)",in force 1 July 2025,2026-09-30,"§ 1, nr. 23; § 6, stk. 1","Loven træder i kraft den 1. juli 2025, jf. dog stk. 2. [...] 23. I § 26, stk. 2, udgår »akademisk erhvervsoverbygningsog«.",no,curl + pdftotext -enc UTF-8 (line-break hyphens removed; the extraction joins 'erhvervsoverbygnings- og' as 'erhvervsoverbygningsog')
DNK-AU-P06-DNK-01,DNK-AU,tuition,https://www.retsinformation.dk/eli/lta/2024/391/pdf,"Retsinformation (Uddannelses- og Forskningsministeriet), Lovtidende A","Bekendtgørelse af lov om universiteter (universitetsloven), LBK nr. 391 af 10. april 2024","in force 2024-04-14 to 2026-09-09 per retsinformation XML (StartDate/EndDate); covers 2025/26 (amended by law 754 of 20 June 2025, in force 1 July 2025, which changes § 26(2) only for akademisk erhvervsoverbygningsuddannelse)",2026-09-29,"§ 26, stk. 1-2 (Deltagerbetaling til uddannelse)","§ 26. Universitetet opkræver delvis betaling for deltagelse i undervisning og i prøver og anden bedømmelse, der indgår i eksamen, under deltidsuddannelse, hvortil der ydes delvis tilskud efter § 19, stk. 1, jf. dog § 20, stk. 1. Stk. 2. Universitetet skal opkræve fuld betaling for deltagelse i undervisning og i prøver og anden bedømmelse, der indgår i eksamen, under heltids- og deltidsuddannelse o [...]",yes,curl + pdftotext -enc UTF-8 (line-break hyphens removed); status from retsinformation XML
DNK-AU-P06-DNK-02,DNK-AU,tuition,https://www.retsinformation.dk/eli/lta/2025/912/pdf,"Retsinformation (Uddannelses- og Forskningsministeriet), Lovtidende A","Bekendtgørelse om tilskud, regnskab og revision m.v. ved universiteterne, BEK nr. 912 af 25. juni 2025","issued 25 June 2025, published 28 June 2025; applies to 2025/26",2026-09-29,"§ 3, stk. 1; § 4 (opening words)","§ 3. De aktivitetsbestemte tilskud ydes til universitetets udbud af godkendt videregående uddannelse efter universitetslovens § 4, stk. 1, nr. 1 og 2, (bachelor- og kandidatuddannelse), § 4 b (erhvervskandidatuddannelse), § 5 (deltidsuddannelse) og § 7 anden videregående heltidsuddannelse (erhvervsakademi- og professionsbacheloruddannelse), jf. dog stk. 2 og § 4. [...] § 4. Udenlandske studerende [...]",yes,curl + pdftotext -enc UTF-8 (line-break hyphens removed)
DNK-AU-P06-DNK-03,DNK-AU,tuition,https://web.archive.org/web/20260124225518/https://bachelor.au.dk/en/international-applicants/moreinfo/tuition-fees-and-application-fee,Aarhus University (bachelor.au.dk),Tuition fees and application fee,"2025/26 (capture 24 Jan 2026, during academic year 2025/26; cites Ministerial Order no. 912 of 25 June 2025)",2026-09-29,page body; section Legal basis,Students from outside the EU are generally required to pay tuition and application fee (with a few exemptions). EU/EEA and Swiss citizens are not liable to pay fees. [...] The rules regarding exemption of payment of tuition fees refer to Ministerial Order no. 912 of 25 June 2025 on funding and auditing at Danish universities,no,curl of Wayback raw capture id_ 20260124225518; HTML stripped
DNK-AU-P06-DNK-04,DNK-AU,compulsory_fees,https://www.retsinformation.dk/eli/lta/2024/391/pdf,"Retsinformation (Uddannelses- og Forskningsministeriet), Lovtidende A","Bekendtgørelse af lov om universiteter (universitetsloven), LBK nr. 391 af 10. april 2024","in force 2024-04-14 to 2026-09-09 per retsinformation XML (StartDate/EndDate); covers 2025/26 (amended by law 754 of 20 June 2025, in force 1 July 2025, which changes § 26(2) only for akademisk erhvervsoverbygningsuddannelse)",2026-09-29,"§ 19, stk. 1; § 22, stk. 1 (read with § 26: no charge provision for grant-funded full-time degree students)","§ 19. Ministeren yder tilskud til universitetets undervisnings-, forsknings- og formidlingsvirksomhed og andre opgaver, som er henlagt til universitetet, jf. dog stk. 3. | § 22. Universitetet afholder i rimeligt omfang udgifter og stiller faciliteter til rådighed for studenterpolitiske aktiviteter.",no,curl + pdftotext -enc UTF-8 (line-break hyphens removed); status from retsinformation XML
DNK-AU-P06-DNK-05,DNK-AU,regime,https://www.retsinformation.dk/eli/lta/2025/754/pdf,"Retsinformation, Lovtidende A","Lov nr. 754 af 20. juni 2025 om ændring af universitetsloven, lov om akkreditering af videregående uddannelsesinstitutioner og forskellige andre love (Kandidatuddannelse på 75 ECTS-point, nye erhvervskandidatuddannelser m.v.)",in force 1 July 2025,2026-09-30,"§ 1, nr. 23; § 6, stk. 1","Loven træder i kraft den 1. juli 2025, jf. dog stk. 2. [...] 23. I § 26, stk. 2, udgår »akademisk erhvervsoverbygningsog«.",no,curl + pdftotext -enc UTF-8 (line-break hyphens removed; the extraction joins 'erhvervsoverbygnings- og' as 'erhvervsoverbygningsog')
DNK-USD-P06-DNK-01,DNK-USD,tuition,https://www.retsinformation.dk/eli/lta/2024/391/pdf,"Retsinformation (Uddannelses- og Forskningsministeriet), Lovtidende A","Bekendtgørelse af lov om universiteter (universitetsloven), LBK nr. 391 af 10. april 2024","in force 2024-04-14 to 2026-09-09 per retsinformation XML (StartDate/EndDate); covers 2025/26 (amended by law 754 of 20 June 2025, in force 1 July 2025, which changes § 26(2) only for akademisk erhvervsoverbygningsuddannelse)",2026-09-29,"§ 26, stk. 1-2 (Deltagerbetaling til uddannelse)","§ 26. Universitetet opkræver delvis betaling for deltagelse i undervisning og i prøver og anden bedømmelse, der indgår i eksamen, under deltidsuddannelse, hvortil der ydes delvis tilskud efter § 19, stk. 1, jf. dog § 20, stk. 1. Stk. 2. Universitetet skal opkræve fuld betaling for deltagelse i undervisning og i prøver og anden bedømmelse, der indgår i eksamen, under heltids- og deltidsuddannelse o [...]",yes,curl + pdftotext -enc UTF-8 (line-break hyphens removed); status from retsinformation XML
DNK-USD-P06-DNK-02,DNK-USD,tuition,https://www.retsinformation.dk/eli/lta/2025/912/pdf,"Retsinformation (Uddannelses- og Forskningsministeriet), Lovtidende A","Bekendtgørelse om tilskud, regnskab og revision m.v. ved universiteterne, BEK nr. 912 af 25. juni 2025","issued 25 June 2025, published 28 June 2025; applies to 2025/26",2026-09-29,"§ 3, stk. 1; § 4 (opening words)","§ 3. De aktivitetsbestemte tilskud ydes til universitetets udbud af godkendt videregående uddannelse efter universitetslovens § 4, stk. 1, nr. 1 og 2, (bachelor- og kandidatuddannelse), § 4 b (erhvervskandidatuddannelse), § 5 (deltidsuddannelse) og § 7 anden videregående heltidsuddannelse (erhvervsakademi- og professionsbacheloruddannelse), jf. dog stk. 2 og § 4. [...] § 4. Udenlandske studerende [...]",yes,curl + pdftotext -enc UTF-8 (line-break hyphens removed)
DNK-USD-P06-DNK-03,DNK-USD,tuition,https://web.archive.org/web/20250908030556/https://www.sdu.dk/en/uddannelse/fees_and_funding,University of Southern Denmark (sdu.dk),Fees and funding,2025/26 (capture 8 Sep 2025),2026-09-29,table Which fees apply to you?,Which fees apply to you? Full degree or exchange student - EU/EEA No fees,no,curl of Wayback raw capture id_ 20250908030556; HTML stripped
DNK-USD-P06-DNK-04,DNK-USD,compulsory_fees,https://www.retsinformation.dk/eli/lta/2024/391/pdf,"Retsinformation (Uddannelses- og Forskningsministeriet), Lovtidende A","Bekendtgørelse af lov om universiteter (universitetsloven), LBK nr. 391 af 10. april 2024","in force 2024-04-14 to 2026-09-09 per retsinformation XML (StartDate/EndDate); covers 2025/26 (amended by law 754 of 20 June 2025, in force 1 July 2025, which changes § 26(2) only for akademisk erhvervsoverbygningsuddannelse)",2026-09-29,"§ 19, stk. 1; § 22, stk. 1 (read with § 26: no charge provision for grant-funded full-time degree students)","§ 19. Ministeren yder tilskud til universitetets undervisnings-, forsknings- og formidlingsvirksomhed og andre opgaver, som er henlagt til universitetet, jf. dog stk. 3. | § 22. Universitetet afholder i rimeligt omfang udgifter og stiller faciliteter til rådighed for studenterpolitiske aktiviteter.",no,curl + pdftotext -enc UTF-8 (line-break hyphens removed); status from retsinformation XML
DNK-USD-P06-DNK-05,DNK-USD,regime,https://www.retsinformation.dk/eli/lta/2025/754/pdf,"Retsinformation, Lovtidende A","Lov nr. 754 af 20. juni 2025 om ændring af universitetsloven, lov om akkreditering af videregående uddannelsesinstitutioner og forskellige andre love (Kandidatuddannelse på 75 ECTS-point, nye erhvervskandidatuddannelser m.v.)",in force 1 July 2025,2026-09-30,"§ 1, nr. 23; § 6, stk. 1","Loven træder i kraft den 1. juli 2025, jf. dog stk. 2. [...] 23. I § 26, stk. 2, udgår »akademisk erhvervsoverbygningsog«.",no,curl + pdftotext -enc UTF-8 (line-break hyphens removed; the extraction joins 'erhvervsoverbygnings- og' as 'erhvervsoverbygningsog')
DNK-USD-P06-DNK-06,DNK-USD,compulsory_fees,https://web.archive.org/web/20250908030556/https://www.sdu.dk/en/uddannelse/fees_and_funding,University of Southern Denmark (sdu.dk),Fees and funding,2025/26 (capture 8 Sep 2025),2026-09-29,table Which fees apply to you?,Full degree or exchange student - EU/EEA No fees,no,curl of Wayback raw capture id_ 20250908030556; HTML stripped
DNK-AU2-P06-DNK-01,DNK-AU2,tuition,https://www.retsinformation.dk/eli/lta/2024/391/pdf,"Retsinformation (Uddannelses- og Forskningsministeriet), Lovtidende A","Bekendtgørelse af lov om universiteter (universitetsloven), LBK nr. 391 af 10. april 2024","in force 2024-04-14 to 2026-09-09 per retsinformation XML (StartDate/EndDate); covers 2025/26 (amended by law 754 of 20 June 2025, in force 1 July 2025, which changes § 26(2) only for akademisk erhvervsoverbygningsuddannelse)",2026-09-29,"§ 26, stk. 1-2 (Deltagerbetaling til uddannelse)","§ 26. Universitetet opkræver delvis betaling for deltagelse i undervisning og i prøver og anden bedømmelse, der indgår i eksamen, under deltidsuddannelse, hvortil der ydes delvis tilskud efter § 19, stk. 1, jf. dog § 20, stk. 1. Stk. 2. Universitetet skal opkræve fuld betaling for deltagelse i undervisning og i prøver og anden bedømmelse, der indgår i eksamen, under heltids- og deltidsuddannelse o [...]",yes,curl + pdftotext -enc UTF-8 (line-break hyphens removed); status from retsinformation XML
DNK-AU2-P06-DNK-02,DNK-AU2,tuition,https://www.retsinformation.dk/eli/lta/2025/912/pdf,"Retsinformation (Uddannelses- og Forskningsministeriet), Lovtidende A","Bekendtgørelse om tilskud, regnskab og revision m.v. ved universiteterne, BEK nr. 912 af 25. juni 2025","issued 25 June 2025, published 28 June 2025; applies to 2025/26",2026-09-29,"§ 3, stk. 1; § 4 (opening words)","§ 3. De aktivitetsbestemte tilskud ydes til universitetets udbud af godkendt videregående uddannelse efter universitetslovens § 4, stk. 1, nr. 1 og 2, (bachelor- og kandidatuddannelse), § 4 b (erhvervskandidatuddannelse), § 5 (deltidsuddannelse) og § 7 anden videregående heltidsuddannelse (erhvervsakademi- og professionsbacheloruddannelse), jf. dog stk. 2 og § 4. [...] § 4. Udenlandske studerende [...]",yes,curl + pdftotext -enc UTF-8 (line-break hyphens removed)
DNK-AU2-P06-DNK-03,DNK-AU2,tuition,https://web.archive.org/web/20251013114045/https://www.en.aau.dk/education/apply/bachelor/finance-and-fees,Aalborg University (en.aau.dk),Finance and fees (Bachelor),2025/26 (capture 13 Oct 2025; non-EU rates stated for academic year 2025),2026-09-29,section Tuition fees; Tuition fee rates for the academic year 2025,Tuition fees Students from outside EU/EEA countries are required to pay tuition fees in order to study at Aalborg University. Please note that Aalborg University does not offer tuition waivers or scholarships for bachelor's programmes. Students from EU/EEA countries are not required to pay tuition fees. [...] Tuition fee rates for the academic year 2025 (two semesters) BSc in Applied Industrial El [...],yes,curl of Wayback raw capture id_ 20251013114045; HTML stripped
DNK-AU2-P06-DNK-04,DNK-AU2,compulsory_fees,https://www.retsinformation.dk/eli/lta/2024/391/pdf,"Retsinformation (Uddannelses- og Forskningsministeriet), Lovtidende A","Bekendtgørelse af lov om universiteter (universitetsloven), LBK nr. 391 af 10. april 2024","in force 2024-04-14 to 2026-09-09 per retsinformation XML (StartDate/EndDate); covers 2025/26 (amended by law 754 of 20 June 2025, in force 1 July 2025, which changes § 26(2) only for akademisk erhvervsoverbygningsuddannelse)",2026-09-29,"§ 19, stk. 1; § 22, stk. 1 (read with § 26: no charge provision for grant-funded full-time degree students)","§ 19. Ministeren yder tilskud til universitetets undervisnings-, forsknings- og formidlingsvirksomhed og andre opgaver, som er henlagt til universitetet, jf. dog stk. 3. | § 22. Universitetet afholder i rimeligt omfang udgifter og stiller faciliteter til rådighed for studenterpolitiske aktiviteter.",no,curl + pdftotext -enc UTF-8 (line-break hyphens removed); status from retsinformation XML
DNK-AU2-P06-DNK-05,DNK-AU2,regime,https://www.retsinformation.dk/eli/lta/2025/754/pdf,"Retsinformation, Lovtidende A","Lov nr. 754 af 20. juni 2025 om ændring af universitetsloven, lov om akkreditering af videregående uddannelsesinstitutioner og forskellige andre love (Kandidatuddannelse på 75 ECTS-point, nye erhvervskandidatuddannelser m.v.)",in force 1 July 2025,2026-09-30,"§ 1, nr. 23; § 6, stk. 1","Loven træder i kraft den 1. juli 2025, jf. dog stk. 2. [...] 23. I § 26, stk. 2, udgår »akademisk erhvervsoverbygningsog«.",no,curl + pdftotext -enc UTF-8 (line-break hyphens removed; the extraction joins 'erhvervsoverbygnings- og' as 'erhvervsoverbygningsog')
EST-UT-P06-EST-01,EST-UT,tuition,https://www.riigiteataja.ee/public-api/api/v1/akt/111032023054/xml,"Riigi Teataja (Riigikogu act, consolidated text)","Kõrgharidusseadus (KHaS), consolidated text RT I, 11.03.2023, 54, in force 2024-08-01 to 2025-08-31",2024-08-01 to 2025-08-31 (covers the 2025/26 admission cycle up to the start of the year),2026-09-30,§ 16 lg 1,"1 Eestikeelse õppekava alusel õppimine on üliõpilase jaoks tasuta juhul, kui ta õpib täiskoormusega ja täidab kumulatiivselt igal semestril nõutava õppe mahu.",no,"curl (raw XML, Riigi Teataja public API)"
EST-UT-P06-EST-02,EST-UT,tuition,https://www.riigiteataja.ee/public-api/api/v1/akt/123122024004/xml,"Riigi Teataja (Riigikogu act, consolidated text)","Kõrgharidusseadus (KHaS), consolidated text RT I, 23.12.2024, 4, in force 2025-09-01 to 2025-09-30",2025/26 (version in force 2025-09-01 to 2025-09-30; § 16 lg 1 and lg 5 text identical to the 2023/24 version),2026-09-30,§ 16 lg 1,"1 Eestikeelse õppekava alusel õppimine on üliõpilase jaoks tasuta juhul, kui ta õpib täiskoormusega ja täidab kumulatiivselt igal semestril nõutava õppe mahu.",no,"curl (raw XML, Riigi Teataja public API)"
EST-UT-P06-EST-03,EST-UT,compulsory_fees,https://www.riigiteataja.ee/public-api/api/v1/akt/123122024004/xml,"Riigi Teataja (Riigikogu act, consolidated text)","Kõrgharidusseadus (KHaS), consolidated text RT I, 23.12.2024, 4, in force 2025-09-01 to 2025-09-30",2025/26 (version in force 2025-09-01 to 2025-09-30),2026-09-30,§ 16 lg 5,"5 Kui õppimine on üliõpilase jaoks tasuta, ei ole kõrgkoolil õigust nõuda temalt tasu õppesse vastu võtmise ega vastuvõtutingimusena määratletud soorituste eest.",no,"curl (raw XML, Riigi Teataja public API)"
EST-UT-P06-EST-04,EST-UT,tuition,https://web.archive.org/web/20251008013345id_/https://ut.ee/et/sisu/oppetasud,University of Tartu (Tartu Ülikool),"Õppetasu (ut.ee/et/sisu/oppetasud), Wayback capture 2025-10-08",2025/26 (capture during 2025/26; page links the 'Õppetasud 2025/2026. õppeaastal' table),2026-09-30,section 'Õppetasu maksmine eestikeelses täiskoormusega õppes',"Eestikeelse õppekava alusel täiskoormusega õppides ei pea üliõpilane õppetasu maksma, kui ta täidab nõuetekohast õppemahtu (30 EAP-d semestris ja 60 EAP-d õppeaastas). Kui esimese semestri lõpuks on läbitud oma õppekava aineid vähemalt 24 EAP ulatuses, ei pea samuti õppetasu maksma. Täiskoormusega õppival üliõpilasel tekib kohustus maksta õppetasu juhul, kui eelmiste semestrite õppemahust on semes [...]",yes,"curl (Wayback raw capture id_), HTML stripped"
EST-UT-P06-EST-05,EST-UT,tuition,https://adr.ut.ee/?page=pub_get_ttxt_dokv_file&pid=2521227453&lang=est&u=20250205133147&desktop=57835&r_url=%2F%3Fpage%3Dpub_list_dynobj%26pid%3D%26tid%3D69329%26u%3D20250205133147,"University of Tartu, Rector","Õppetasude kehtestamine 2025/2026. õppeaastaks (Rector's order no. 416 of 28.11.2024, amended by orders 432 and 54)",2025/26,2026-09-30,"point 1 (per-credit prices, Estonian-language programmes, full- and part-time), points 1.1.1-1.3.3","1. Õppetasud kõrghariduse esimesel või teisel astmel eesti õppekeelega õppekavadel õppivatele täis- ja osakoormusega üliõpilastele ning kõrghariduse esimesel või teisel astmel õppivatele külalisüliõpilastele, v.a väliskülalisüliõpilastele: [...] 1.1.1. I astme õppekavad 50 [...] 1.3.3. Arstiteaduse ja hambaarstiteaduse õppekavad 100",no,curl + pdftotext (PDF)
EST-TALTECH-P06-EST-01,EST-TALTECH,tuition,https://www.riigiteataja.ee/public-api/api/v1/akt/111032023054/xml,"Riigi Teataja (Riigikogu act, consolidated text)","Kõrgharidusseadus (KHaS), consolidated text RT I, 11.03.2023, 54, in force 2024-08-01 to 2025-08-31",2024-08-01 to 2025-08-31 (covers the 2025/26 admission cycle up to the start of the year),2026-09-30,§ 16 lg 1,"1 Eestikeelse õppekava alusel õppimine on üliõpilase jaoks tasuta juhul, kui ta õpib täiskoormusega ja täidab kumulatiivselt igal semestril nõutava õppe mahu.",no,"curl (raw XML, Riigi Teataja public API)"
EST-TALTECH-P06-EST-02,EST-TALTECH,tuition,https://www.riigiteataja.ee/public-api/api/v1/akt/123122024004/xml,"Riigi Teataja (Riigikogu act, consolidated text)","Kõrgharidusseadus (KHaS), consolidated text RT I, 23.12.2024, 4, in force 2025-09-01 to 2025-09-30",2025/26 (version in force 2025-09-01 to 2025-09-30; § 16 lg 1 and lg 5 text identical to the 2023/24 version),2026-09-30,§ 16 lg 1,"1 Eestikeelse õppekava alusel õppimine on üliõpilase jaoks tasuta juhul, kui ta õpib täiskoormusega ja täidab kumulatiivselt igal semestril nõutava õppe mahu.",no,"curl (raw XML, Riigi Teataja public API)"
EST-TALTECH-P06-EST-03,EST-TALTECH,compulsory_fees,https://www.riigiteataja.ee/public-api/api/v1/akt/123122024004/xml,"Riigi Teataja (Riigikogu act, consolidated text)","Kõrgharidusseadus (KHaS), consolidated text RT I, 23.12.2024, 4, in force 2025-09-01 to 2025-09-30",2025/26 (version in force 2025-09-01 to 2025-09-30),2026-09-30,§ 16 lg 5,"5 Kui õppimine on üliõpilase jaoks tasuta, ei ole kõrgkoolil õigust nõuda temalt tasu õppesse vastu võtmise ega vastuvõtutingimusena määratletud soorituste eest.",no,"curl (raw XML, Riigi Teataja public API)"
EST-TALTECH-P06-EST-04,EST-TALTECH,tuition,https://web.archive.org/web/20250122234916id_/https://oigusaktid.taltech.ee/oppekulude-huvitamise-maar-ja-tasu-maarad-i-ja-ii-astme-tasemeoppe-uliopilastele-ja-eksternidele-2025-2026-oppeaastaks/,"Tallinn University of Technology (TalTech), legal acts portal","Õppekulude hüvitamise määr ja tasu määrad I ja II astme tasemeõppe üliõpilastele ja eksternidele 2025/2026. õppeaastaks (Senate decision no. 44 of 10.12.2024), Wayback capture 2025-01-22",2025/26,2026-09-30,header; point 8,"Kinnitatud Tallinna Tehnikaülikooli senati 10.12.2024 otsusega nr 44 [...] 8. Üliõpilased, kes õpivad täiskoormusega ja tasuta eesti- või ingliskeelsel õppekaval, sh sihtstipendiumiga ja punktis 2. nimetatud üliõpilased, aga kes ei ole semestri lõpuks kumulatiivselt täitnud kogu nõutava õppe mahtu, hüvitavad õppekulud täitmata jäänud ainepunktide eest tasumääraga 1 EAP 48 eurot, v.a lõputöö/lõpuek [...]",yes,"curl (Wayback raw capture id_), HTML stripped"
EST-TALTECH-P06-EST-05,EST-TALTECH,tuition,https://web.archive.org/web/20250122234916id_/https://oigusaktid.taltech.ee/oppekulude-huvitamise-maar-ja-tasu-maarad-i-ja-ii-astme-tasemeoppe-uliopilastele-ja-eksternidele-2025-2026-oppeaastaks/,"Tallinn University of Technology (TalTech), legal acts portal","Õppekulude hüvitamise määr ja tasu määrad I ja II astme tasemeõppe üliõpilastele ja eksternidele 2025/2026. õppeaastaks (Senate decision no. 44 of 10.12.2024), Wayback capture 2025-01-22",2025/26,2026-09-30,"points 1 (row 1.1.1) and 2.1 (English-taught semester fees; parallel track, D039)","1.1.1 TVTB, HAJB, TVTM 1700 1900 2100 TVTB 2350 HAJB 2100 TVTM 2350 2500 [...] 2. Semestritasu ei kohaldata ingliskeelsetel õppekavadel täiskoormusega õppivatele üliõpilastele, kes on: 2.1 Euroopa Liidu liikmesriigi kodanikud või Eesti alalised elanikud, kes õpivad inseneriteaduskonnas, infotehnoloogia teaduskonnas, loodusteaduskonnas või EMERA-s.",no,"curl (Wayback raw capture id_), HTML stripped (table flattened)"
EST-TLU-P06-EST-01,EST-TLU,tuition,https://www.riigiteataja.ee/public-api/api/v1/akt/111032023054/xml,"Riigi Teataja (Riigikogu act, consolidated text)","Kõrgharidusseadus (KHaS), consolidated text RT I, 11.03.2023, 54, in force 2024-08-01 to 2025-08-31",2024-08-01 to 2025-08-31 (covers the 2025/26 admission cycle up to the start of the year),2026-09-30,§ 16 lg 1,"1 Eestikeelse õppekava alusel õppimine on üliõpilase jaoks tasuta juhul, kui ta õpib täiskoormusega ja täidab kumulatiivselt igal semestril nõutava õppe mahu.",no,"curl (raw XML, Riigi Teataja public API)"
EST-TLU-P06-EST-02,EST-TLU,tuition,https://www.riigiteataja.ee/public-api/api/v1/akt/123122024004/xml,"Riigi Teataja (Riigikogu act, consolidated text)","Kõrgharidusseadus (KHaS), consolidated text RT I, 23.12.2024, 4, in force 2025-09-01 to 2025-09-30",2025/26 (version in force 2025-09-01 to 2025-09-30; § 16 lg 1 and lg 5 text identical to the 2023/24 version),2026-09-30,§ 16 lg 1,"1 Eestikeelse õppekava alusel õppimine on üliõpilase jaoks tasuta juhul, kui ta õpib täiskoormusega ja täidab kumulatiivselt igal semestril nõutava õppe mahu.",no,"curl (raw XML, Riigi Teataja public API)"
EST-TLU-P06-EST-03,EST-TLU,compulsory_fees,https://www.riigiteataja.ee/public-api/api/v1/akt/123122024004/xml,"Riigi Teataja (Riigikogu act, consolidated text)","Kõrgharidusseadus (KHaS), consolidated text RT I, 23.12.2024, 4, in force 2025-09-01 to 2025-09-30",2025/26 (version in force 2025-09-01 to 2025-09-30),2026-09-30,§ 16 lg 5,"5 Kui õppimine on üliõpilase jaoks tasuta, ei ole kõrgkoolil õigust nõuda temalt tasu õppesse vastu võtmise ega vastuvõtutingimusena määratletud soorituste eest.",no,"curl (raw XML, Riigi Teataja public API)"
EST-TLU-P06-EST-04,EST-TLU,tuition,https://web.archive.org/web/20251009170713id_/https://www.tlu.ee/oppekulude-huvitamine,Tallinn University (Tallinna Ülikool),"Õppekulude hüvitamine, Wayback capture 2025-10-09",2025/26 (capture during 2025/26),2026-09-30,section 'Õppimine täiskoormusega eestikeelsel õppekaval',"Õppimine täiskoormusega eestikeelsel õppekaval on üliõpilasele tasuta, kui üliõpilane täidab õppemahtu 30 EAP-d kuni 60 EAP-d õppeaastas. Kui õppeaineid sooritatakse vähem või üliõpilane viiakse osakoormusõppesse, on ülikoolil õigus nõuda õppekulu hüvitist. [...] Õppekulude hüvitamist nõutakse, kui eelmise semestri õppemahust (30 EAP) jääb sooritamata rohkem kui 6 EAP-d.",no,"curl (Wayback raw capture id_), HTML stripped"
EST-TLU-P06-EST-05,EST-TLU,tuition,https://www.tlu.ee/sites/default/files/%C3%95ppeosakond/%C3%95ppeinfo/O_11_Oppetasude_kehtestamine_2025-2026_oppeaastaks.pdf,"Tallinn University (Tallinna Ülikool), Senate",Õppetasude kehtestamine 2025/2026. õppeaastaks (TLÜ senati 14. aprilli 2025 otsus nr 11),2025/26 (students admitted in 2025/26),2026-09-30,"p.1, point 1.1",1. Õppekulu hüvitis Õppetasu kõrghariduse esimesel ja teisel astmel eestikeelsel õppekaval täiskoormusega õppivatele üliõpilastele: 1.1. 2025/2026. õppeaastal immatrikuleeritud üliõpilastele 50 eurot ühe ainepunkti (edaspidi EAP) kohta.,no,curl + pymupdf text extraction (PDF)
EST-EMU-P06-EST-01,EST-EMU,tuition,https://www.riigiteataja.ee/public-api/api/v1/akt/111032023054/xml,"Riigi Teataja (Riigikogu act, consolidated text)","Kõrgharidusseadus (KHaS), consolidated text RT I, 11.03.2023, 54, in force 2024-08-01 to 2025-08-31",2024-08-01 to 2025-08-31 (covers the 2025/26 admission cycle up to the start of the year),2026-09-30,§ 16 lg 1,"1 Eestikeelse õppekava alusel õppimine on üliõpilase jaoks tasuta juhul, kui ta õpib täiskoormusega ja täidab kumulatiivselt igal semestril nõutava õppe mahu.",no,"curl (raw XML, Riigi Teataja public API)"
EST-EMU-P06-EST-02,EST-EMU,tuition,https://www.riigiteataja.ee/public-api/api/v1/akt/123122024004/xml,"Riigi Teataja (Riigikogu act, consolidated text)","Kõrgharidusseadus (KHaS), consolidated text RT I, 23.12.2024, 4, in force 2025-09-01 to 2025-09-30",2025/26 (version in force 2025-09-01 to 2025-09-30; § 16 lg 1 and lg 5 text identical to the 2023/24 version),2026-09-30,§ 16 lg 1,"1 Eestikeelse õppekava alusel õppimine on üliõpilase jaoks tasuta juhul, kui ta õpib täiskoormusega ja täidab kumulatiivselt igal semestril nõutava õppe mahu.",no,"curl (raw XML, Riigi Teataja public API)"
EST-EMU-P06-EST-03,EST-EMU,compulsory_fees,https://www.riigiteataja.ee/public-api/api/v1/akt/123122024004/xml,"Riigi Teataja (Riigikogu act, consolidated text)","Kõrgharidusseadus (KHaS), consolidated text RT I, 23.12.2024, 4, in force 2025-09-01 to 2025-09-30",2025/26 (version in force 2025-09-01 to 2025-09-30),2026-09-30,§ 16 lg 5,"5 Kui õppimine on üliõpilase jaoks tasuta, ei ole kõrgkoolil õigust nõuda temalt tasu õppesse vastu võtmise ega vastuvõtutingimusena määratletud soorituste eest.",no,"curl (raw XML, Riigi Teataja public API)"
EST-EMU-P06-EST-04,EST-EMU,tuition,https://web.archive.org/web/20250905232814id_/https://www.emu.ee/oppekulude-huvitamine,Estonian University of Life Sciences (emu.ee),"Õppekulude hüvitamine, Wayback capture 2025-09-05",2025/26 (capture at the start of 2025/26; page links 'Õppetasud 2025/2026'),2026-09-30,section 'Õppetasu maksmine eesti õppekeelega õppekaval täiskoormusega õppes',"Üliõpilane, kes on immatrikuleeritud eesti õppekeelega õppekavale täiskoormusega õppe tasuta õppekohale ei pea õppetasu maksma , kui ta täidab nõuetekohast õppemahtu (30 ainepunkti semestris ja 60 ainepunkti õppeaastas). Õppetasu maksmise kohustus tekib, kui eelmis(t)e semestri(te) õppemahust jääb puudu rohkem kui 8 ainepunkti (EAPd).",no,"curl (Wayback raw capture id_, gzip), HTML stripped"
EST-EMU-P06-EST-05,EST-EMU,tuition,https://s3web.emu.ee/emuweb/emuweb/s3fs-public/2025-02/Qppetasud_2025_2026_%28TERVIKTEKST%29_0.pdf,"Estonian University of Life Sciences, Senate","Õppetasude ja sihtstipendiumite kehtestamine 2025/2026. õppeaastaks (Senate decision 28.11.2024 no. 1-27/28, amended 19.12.2024 no. 1-27/32; consolidated text)",2025/26,2026-09-30,"p.1, point 1.1","1.1. eesti õppekeelega õppekavadel (välja arvatud doktoriõppe õppekavadel) õppivatele üliõpilastele, kellel Eesti Maaülikoolis kehtiva õppekulude hüvitamise korra kohaselt on kohustus hüvitada õppekulud, ühe ainepunkti hind 50 eurot;",no,"curl + pymupdf text extraction (PDF); page links it at s3.emu.ee, which refused the connection; same path fetched from s3web.emu.ee"
FIN-AU-P06-FIN-01,FIN-AU,tuition,https://opendata.finlex.fi/finlex/avoindata/v1/akn/fi/act/statute-consolidated/2009/558/fin@20251455,"Finlex (Ministry of Justice), open data API","Yliopistolaki 558/2009, consolidated version fin@20251455 (ELI ajantasa/2025-12-30; Akoma Ntoso XML)",version current at 30.12.2025 (covers 2025/26; earlier 2025 versions not opened),2026-09-30,8 § 1 mom.,"Korkeakoulututkintoon johtava opetus ja opiskelijoiden valintaan liittyvät valintakokeet ovat opiskelijalle maksuttomia, jollei tässä laissa toisin säädetä.",no,curl (raw XML)
FIN-AU-P06-FIN-02,FIN-AU,compulsory_fees,https://opendata.finlex.fi/finlex/avoindata/v1/akn/fi/act/statute-consolidated/2009/558/fin@20251455,"Finlex (Ministry of Justice), open data API","Yliopistolaki 558/2009, consolidated version fin@20251455 (ELI ajantasa/2025-12-30; Akoma Ntoso XML)",version current at 30.12.2025 (covers 2025/26),2026-09-30,46 §,"Kaikki yliopiston opiskelijat, jotka on otettu opiskelijoiksi alempaan ja ylempään korkeakoulututkintoon johtaviin opintoihin, lukuun ottamatta tilauskoulutukseen osallistuvia opiskelijoita, kuuluvat ylioppilaskuntaan. [...] Jäsenmaksun vahvistaa yliopiston rehtori, ja sen maksamista valvoo yliopisto.",no,curl (raw XML)
FIN-AU-P06-FIN-03,FIN-AU,compulsory_fees,https://web.archive.org/web/20250711110741id_/https://www.ayy.fi/en/membership-and-student-card/membership-fee,Aalto University Student Union (AYY),Membership fee (Wayback capture 2025-07-11; page updated 28.5.2025),2025/26,2026-09-30,"section ""Amount of membership fee 2025-2026""",Amount of membership fee 2025–2026 Undergraduate students pay the AYY membership fee when making the enrolment for the academic year. [...] Bachelor's and master's degree students and exchange students €65 / academic year €32 / autumn term €33 / spring term,no,curl (Wayback raw capture)
FIN-AU-P06-FIN-04,FIN-AU,compulsory_fees,https://valtioneuvosto.fi/en/-/1271139/healthcare-fees-for-higher-education-students-to-fall-slightly-next-year,Finnish Government / Ministry of Social Affairs and Health,Healthcare fees for higher education students to fall slightly next year (press release 28.11.2024),calendar 2025 (covers autumn term 2025),2026-09-30,press release body,"The student-specific healthcare fee charged from higher education students for using student healthcare services will be EUR 71.20 per academic year, or EUR 35.60 per term. [...] The decree will be in force from 1 January 2025 to 31 December 2025.",no,curl (raw HTML)
FIN-AU-P06-FIN-05,FIN-AU,compulsory_fees,https://valtioneuvosto.fi/en/-/1271139/slight-decrease-in-healthcare-fees-for-higher-education-students-in-2026,Finnish Government / Ministry of Social Affairs and Health,Slight decrease in healthcare fees for higher education students in 2026 (press release 27.11.2025),calendar 2026 (covers spring term 2026),2026-09-30,press release body,"Next year, the student-specific healthcare fee charged from higher education students for using student healthcare services will be EUR 70.70 per academic year, or EUR 35.35 per term, which is slightly less than in 2025. The healthcare fee would be the same for all students liable to pay such a fee.",no,curl (raw HTML)
FIN-UH-P06-FIN-01,FIN-UH,tuition,https://opendata.finlex.fi/finlex/avoindata/v1/akn/fi/act/statute-consolidated/2009/558/fin@20251455,"Finlex (Ministry of Justice), open data API","Yliopistolaki 558/2009, consolidated version fin@20251455 (ELI ajantasa/2025-12-30; Akoma Ntoso XML)",version current at 30.12.2025 (covers 2025/26; earlier 2025 versions not opened),2026-09-30,8 § 1 mom.,"Korkeakoulututkintoon johtava opetus ja opiskelijoiden valintaan liittyvät valintakokeet ovat opiskelijalle maksuttomia, jollei tässä laissa toisin säädetä.",no,curl (raw XML)
FIN-UH-P06-FIN-02,FIN-UH,compulsory_fees,https://opendata.finlex.fi/finlex/avoindata/v1/akn/fi/act/statute-consolidated/2009/558/fin@20251455,"Finlex (Ministry of Justice), open data API","Yliopistolaki 558/2009, consolidated version fin@20251455 (ELI ajantasa/2025-12-30; Akoma Ntoso XML)",version current at 30.12.2025 (covers 2025/26),2026-09-30,46 §,"Kaikki yliopiston opiskelijat, jotka on otettu opiskelijoiksi alempaan ja ylempään korkeakoulututkintoon johtaviin opintoihin, lukuun ottamatta tilauskoulutukseen osallistuvia opiskelijoita, kuuluvat ylioppilaskuntaan. [...] Jäsenmaksun vahvistaa yliopiston rehtori, ja sen maksamista valvoo yliopisto.",no,curl (raw XML)
FIN-UH-P06-FIN-03,FIN-UH,compulsory_fees,https://web.archive.org/web/20251018110642id_/https://hyy.fi/en/members/membership/,Student Union of the University of Helsinki (HYY),Membership (Wayback capture 2025-10-18),2025/26,2026-09-30,paragraph on enrolment; payment details,The student union membership fee for undergraduate students for the academic year 2025-2026 is €85 for the whole year. [...] Bachelor’s or Master’s degree student (membership compulsory): full academic year: € 85 | autumn semester €45 | spring semester €40,no,curl (Wayback raw capture)
FIN-UH-P06-FIN-04,FIN-UH,compulsory_fees,https://valtioneuvosto.fi/en/-/1271139/healthcare-fees-for-higher-education-students-to-fall-slightly-next-year,Finnish Government / Ministry of Social Affairs and Health,Healthcare fees for higher education students to fall slightly next year (press release 28.11.2024),calendar 2025 (covers autumn term 2025),2026-09-30,press release body,"The student-specific healthcare fee charged from higher education students for using student healthcare services will be EUR 71.20 per academic year, or EUR 35.60 per term. [...] The decree will be in force from 1 January 2025 to 31 December 2025.",no,curl (raw HTML)
FIN-UH-P06-FIN-05,FIN-UH,compulsory_fees,https://valtioneuvosto.fi/en/-/1271139/slight-decrease-in-healthcare-fees-for-higher-education-students-in-2026,Finnish Government / Ministry of Social Affairs and Health,Slight decrease in healthcare fees for higher education students in 2026 (press release 27.11.2025),calendar 2026 (covers spring term 2026),2026-09-30,press release body,"Next year, the student-specific healthcare fee charged from higher education students for using student healthcare services will be EUR 70.70 per academic year, or EUR 35.35 per term, which is slightly less than in 2025. The healthcare fee would be the same for all students liable to pay such a fee.",no,curl (raw HTML)
FIN-UH-P06-FIN-06,FIN-UH,compulsory_fees,https://web.archive.org/web/20250210032556id_/https://hyy.fi/en/members/membership/,Student Union of the University of Helsinki (HYY),Membership (Wayback capture 2025-02-10),2024/25 (context for trajectory only),2026-09-30,paragraph on enrolment,The student union membership fee for undergraduate students for the academic year 2024-2025 is €57 for the whole year.,no,curl (Wayback raw capture)
FIN-UO-P06-FIN-01,FIN-UO,tuition,https://opendata.finlex.fi/finlex/avoindata/v1/akn/fi/act/statute-consolidated/2009/558/fin@20251455,"Finlex (Ministry of Justice), open data API","Yliopistolaki 558/2009, consolidated version fin@20251455 (ELI ajantasa/2025-12-30; Akoma Ntoso XML)",version current at 30.12.2025 (covers 2025/26; earlier 2025 versions not opened),2026-09-30,8 § 1 mom.,"Korkeakoulututkintoon johtava opetus ja opiskelijoiden valintaan liittyvät valintakokeet ovat opiskelijalle maksuttomia, jollei tässä laissa toisin säädetä.",no,curl (raw XML)
FIN-UO-P06-FIN-02,FIN-UO,compulsory_fees,https://opendata.finlex.fi/finlex/avoindata/v1/akn/fi/act/statute-consolidated/2009/558/fin@20251455,"Finlex (Ministry of Justice), open data API","Yliopistolaki 558/2009, consolidated version fin@20251455 (ELI ajantasa/2025-12-30; Akoma Ntoso XML)",version current at 30.12.2025 (covers 2025/26),2026-09-30,46 §,"Kaikki yliopiston opiskelijat, jotka on otettu opiskelijoiksi alempaan ja ylempään korkeakoulututkintoon johtaviin opintoihin, lukuun ottamatta tilauskoulutukseen osallistuvia opiskelijoita, kuuluvat ylioppilaskuntaan. [...] Jäsenmaksun vahvistaa yliopiston rehtori, ja sen maksamista valvoo yliopisto.",no,curl (raw XML)
FIN-UO-P06-FIN-03,FIN-UO,compulsory_fees,https://web.archive.org/web/20250915071429id_/https://www.oyy.fi/en/for-members/membership/,Oulun yliopiston ylioppilaskunta (OYY),Membership (Wayback capture 2025-09-15),2025/26,2026-09-30,"section ""Membership Fee""","In the academic year 2025-2026, the Student Union membership fee is 60 euros (Autumn term 30 euros, Spring term 30 euros).",no,curl (Wayback raw capture)
FIN-UO-P06-FIN-04,FIN-UO,compulsory_fees,https://valtioneuvosto.fi/en/-/1271139/healthcare-fees-for-higher-education-students-to-fall-slightly-next-year,Finnish Government / Ministry of Social Affairs and Health,Healthcare fees for higher education students to fall slightly next year (press release 28.11.2024),calendar 2025 (covers autumn term 2025),2026-09-30,press release body,"The student-specific healthcare fee charged from higher education students for using student healthcare services will be EUR 71.20 per academic year, or EUR 35.60 per term. [...] The decree will be in force from 1 January 2025 to 31 December 2025.",no,curl (raw HTML)
FIN-UO-P06-FIN-05,FIN-UO,compulsory_fees,https://valtioneuvosto.fi/en/-/1271139/slight-decrease-in-healthcare-fees-for-higher-education-students-in-2026,Finnish Government / Ministry of Social Affairs and Health,Slight decrease in healthcare fees for higher education students in 2026 (press release 27.11.2025),calendar 2026 (covers spring term 2026),2026-09-30,press release body,"Next year, the student-specific healthcare fee charged from higher education students for using student healthcare services will be EUR 70.70 per academic year, or EUR 35.35 per term, which is slightly less than in 2025. The healthcare fee would be the same for all students liable to pay such a fee.",no,curl (raw HTML)
FIN-UT-P06-FIN-01,FIN-UT,tuition,https://opendata.finlex.fi/finlex/avoindata/v1/akn/fi/act/statute-consolidated/2009/558/fin@20251455,"Finlex (Ministry of Justice), open data API","Yliopistolaki 558/2009, consolidated version fin@20251455 (ELI ajantasa/2025-12-30; Akoma Ntoso XML)",version current at 30.12.2025 (covers 2025/26; earlier 2025 versions not opened),2026-09-30,8 § 1 mom.,"Korkeakoulututkintoon johtava opetus ja opiskelijoiden valintaan liittyvät valintakokeet ovat opiskelijalle maksuttomia, jollei tässä laissa toisin säädetä.",no,curl (raw XML)
FIN-UT-P06-FIN-02,FIN-UT,compulsory_fees,https://opendata.finlex.fi/finlex/avoindata/v1/akn/fi/act/statute-consolidated/2009/558/fin@20251455,"Finlex (Ministry of Justice), open data API","Yliopistolaki 558/2009, consolidated version fin@20251455 (ELI ajantasa/2025-12-30; Akoma Ntoso XML)",version current at 30.12.2025 (covers 2025/26),2026-09-30,46 §,"Kaikki yliopiston opiskelijat, jotka on otettu opiskelijoiksi alempaan ja ylempään korkeakoulututkintoon johtaviin opintoihin, lukuun ottamatta tilauskoulutukseen osallistuvia opiskelijoita, kuuluvat ylioppilaskuntaan. [...] Jäsenmaksun vahvistaa yliopiston rehtori, ja sen maksamista valvoo yliopisto.",no,curl (raw XML)
FIN-UT-P06-FIN-03,FIN-UT,compulsory_fees,https://web.archive.org/web/20250916104425id_/https://www.tyy.fi/en/members/membership,Turun yliopiston ylioppilaskunta (TYY),Membership (Wayback capture 2025-09-16),2025/26,2026-09-30,"section ""More information on the membership fee""; bullet ""Degree students""","The TYY membership fee for the academic year 2025–2026 is 54 euros for degree students and 36 euros for post-graduate students. [...] ► Degree students (including double-degree students): Paying the membership fee is mandatory for every student pursuing a bachelor's or master's degree at the University of Turku. When registering with the university, you will simultaneously join the Student Union.",no,curl (Wayback raw capture)
FIN-UT-P06-FIN-04,FIN-UT,compulsory_fees,https://valtioneuvosto.fi/en/-/1271139/healthcare-fees-for-higher-education-students-to-fall-slightly-next-year,Finnish Government / Ministry of Social Affairs and Health,Healthcare fees for higher education students to fall slightly next year (press release 28.11.2024),calendar 2025 (covers autumn term 2025),2026-09-30,press release body,"The student-specific healthcare fee charged from higher education students for using student healthcare services will be EUR 71.20 per academic year, or EUR 35.60 per term. [...] The decree will be in force from 1 January 2025 to 31 December 2025.",no,curl (raw HTML)
FIN-UT-P06-FIN-05,FIN-UT,compulsory_fees,https://valtioneuvosto.fi/en/-/1271139/slight-decrease-in-healthcare-fees-for-higher-education-students-in-2026,Finnish Government / Ministry of Social Affairs and Health,Slight decrease in healthcare fees for higher education students in 2026 (press release 27.11.2025),calendar 2026 (covers spring term 2026),2026-09-30,press release body,"Next year, the student-specific healthcare fee charged from higher education students for using student healthcare services will be EUR 70.70 per academic year, or EUR 35.35 per term, which is slightly less than in 2025. The healthcare fee would be the same for all students liable to pay such a fee.",no,curl (raw HTML)
FIN-LLUTL-P06-FIN-01,FIN-LLUTL,tuition,https://opendata.finlex.fi/finlex/avoindata/v1/akn/fi/act/statute-consolidated/2009/558/fin@20251455,"Finlex (Ministry of Justice), open data API","Yliopistolaki 558/2009, consolidated version fin@20251455 (ELI ajantasa/2025-12-30; Akoma Ntoso XML)",version current at 30.12.2025 (covers 2025/26; earlier 2025 versions not opened),2026-09-30,8 § 1 mom.,"Korkeakoulututkintoon johtava opetus ja opiskelijoiden valintaan liittyvät valintakokeet ovat opiskelijalle maksuttomia, jollei tässä laissa toisin säädetä.",no,curl (raw XML)
FIN-LLUTL-P06-FIN-02,FIN-LLUTL,compulsory_fees,https://opendata.finlex.fi/finlex/avoindata/v1/akn/fi/act/statute-consolidated/2009/558/fin@20251455,"Finlex (Ministry of Justice), open data API","Yliopistolaki 558/2009, consolidated version fin@20251455 (ELI ajantasa/2025-12-30; Akoma Ntoso XML)",version current at 30.12.2025 (covers 2025/26),2026-09-30,46 §,"Kaikki yliopiston opiskelijat, jotka on otettu opiskelijoiksi alempaan ja ylempään korkeakoulututkintoon johtaviin opintoihin, lukuun ottamatta tilauskoulutukseen osallistuvia opiskelijoita, kuuluvat ylioppilaskuntaan. [...] Jäsenmaksun vahvistaa yliopiston rehtori, ja sen maksamista valvoo yliopisto.",no,curl (raw XML)
FIN-LLUTL-P06-FIN-03,FIN-LLUTL,compulsory_fees,https://web.archive.org/web/20251002052530id_/https://ltky.fi/opiskelijalle/uudet-opiskelijat/,Lappeenrannan teknillisen yliopiston ylioppilaskunta (LTKY),Uudet opiskelijat (Wayback capture 2025-10-02; page states no academic year),2025/26 inferred from capture date (page states no year),2026-09-30,"section ""Maksa ylioppilaskunnan jäsenmaksu""",Ilmoittautumisen yhteydessä sinun tulee maksaa ylioppilaskunnan jäsenmaksu. Maksu on pakollinen kaikille tutkintoa suorittaville opiskelijoille ja se maksetaan vuosittain. Jäsenmaksu perusopiskelijoille on 74 € lukuvuodelta tai 42 € syyslukukaudelta ja 42 € kevätlukukaudelta.,no,curl (Wayback raw capture)
FIN-LLUTL-P06-FIN-04,FIN-LLUTL,compulsory_fees,https://valtioneuvosto.fi/en/-/1271139/healthcare-fees-for-higher-education-students-to-fall-slightly-next-year,Finnish Government / Ministry of Social Affairs and Health,Healthcare fees for higher education students to fall slightly next year (press release 28.11.2024),calendar 2025 (covers autumn term 2025),2026-09-30,press release body,"The student-specific healthcare fee charged from higher education students for using student healthcare services will be EUR 71.20 per academic year, or EUR 35.60 per term. [...] The decree will be in force from 1 January 2025 to 31 December 2025.",no,curl (raw HTML)
FIN-LLUTL-P06-FIN-05,FIN-LLUTL,compulsory_fees,https://valtioneuvosto.fi/en/-/1271139/slight-decrease-in-healthcare-fees-for-higher-education-students-in-2026,Finnish Government / Ministry of Social Affairs and Health,Slight decrease in healthcare fees for higher education students in 2026 (press release 27.11.2025),calendar 2026 (covers spring term 2026),2026-09-30,press release body,"Next year, the student-specific healthcare fee charged from higher education students for using student healthcare services will be EUR 70.70 per academic year, or EUR 35.35 per term, which is slightly less than in 2025. The healthcare fee would be the same for all students liable to pay such a fee.",no,curl (raw HTML)
FIN-TAU-P06-FIN-01,FIN-TAU,tuition,https://opendata.finlex.fi/finlex/avoindata/v1/akn/fi/act/statute-consolidated/2009/558/fin@20251455,"Finlex (Ministry of Justice), open data API","Yliopistolaki 558/2009, consolidated version fin@20251455 (ELI ajantasa/2025-12-30; Akoma Ntoso XML)",version current at 30.12.2025 (covers 2025/26; earlier 2025 versions not opened),2026-09-30,8 § 1 mom.,"Korkeakoulututkintoon johtava opetus ja opiskelijoiden valintaan liittyvät valintakokeet ovat opiskelijalle maksuttomia, jollei tässä laissa toisin säädetä.",no,curl (raw XML)
FIN-TAU-P06-FIN-02,FIN-TAU,compulsory_fees,https://opendata.finlex.fi/finlex/avoindata/v1/akn/fi/act/statute-consolidated/2009/558/fin@20251455,"Finlex (Ministry of Justice), open data API","Yliopistolaki 558/2009, consolidated version fin@20251455 (ELI ajantasa/2025-12-30; Akoma Ntoso XML)",version current at 30.12.2025 (covers 2025/26),2026-09-30,46 §,"Kaikki yliopiston opiskelijat, jotka on otettu opiskelijoiksi alempaan ja ylempään korkeakoulututkintoon johtaviin opintoihin, lukuun ottamatta tilauskoulutukseen osallistuvia opiskelijoita, kuuluvat ylioppilaskuntaan. [...] Jäsenmaksun vahvistaa yliopiston rehtori, ja sen maksamista valvoo yliopisto.",no,curl (raw XML)
FIN-TAU-P06-FIN-03,FIN-TAU,compulsory_fees,https://web.archive.org/web/20251015054015id_/https://trey.fi/en/for-members/membership/membership-fee,Tampereen ylioppilaskunta (TREY),Membership fee (Wayback capture 2025-10-15),2025/26,2026-09-30,"section ""Amount of the membership fee""","For the whole academic year 2025 – 2026, the fee is 65 euros. For students coming for one semester only, the fee is 32,5 euros for autumn semester and 32,5 euros for spring semester. T he FSHS fee is paid seperately to Kela if you are a degree student.",no,curl (Wayback raw capture)
FIN-TAU-P06-FIN-04,FIN-TAU,compulsory_fees,https://valtioneuvosto.fi/en/-/1271139/healthcare-fees-for-higher-education-students-to-fall-slightly-next-year,Finnish Government / Ministry of Social Affairs and Health,Healthcare fees for higher education students to fall slightly next year (press release 28.11.2024),calendar 2025 (covers autumn term 2025),2026-09-30,press release body,"The student-specific healthcare fee charged from higher education students for using student healthcare services will be EUR 71.20 per academic year, or EUR 35.60 per term. [...] The decree will be in force from 1 January 2025 to 31 December 2025.",no,curl (raw HTML)
FIN-TAU-P06-FIN-05,FIN-TAU,compulsory_fees,https://valtioneuvosto.fi/en/-/1271139/slight-decrease-in-healthcare-fees-for-higher-education-students-in-2026,Finnish Government / Ministry of Social Affairs and Health,Slight decrease in healthcare fees for higher education students in 2026 (press release 27.11.2025),calendar 2026 (covers spring term 2026),2026-09-30,press release body,"Next year, the student-specific healthcare fee charged from higher education students for using student healthcare services will be EUR 70.70 per academic year, or EUR 35.35 per term, which is slightly less than in 2025. The healthcare fee would be the same for all students liable to pay such a fee.",no,curl (raw HTML)
FIN-JYU-P06-FIN-01,FIN-JYU,tuition,https://opendata.finlex.fi/finlex/avoindata/v1/akn/fi/act/statute-consolidated/2009/558/fin@20251455,"Finlex (Ministry of Justice), open data API","Yliopistolaki 558/2009, consolidated version fin@20251455 (ELI ajantasa/2025-12-30; Akoma Ntoso XML)",version current at 30.12.2025 (covers 2025/26; earlier 2025 versions not opened),2026-09-30,8 § 1 mom.,"Korkeakoulututkintoon johtava opetus ja opiskelijoiden valintaan liittyvät valintakokeet ovat opiskelijalle maksuttomia, jollei tässä laissa toisin säädetä.",no,curl (raw XML)
FIN-JYU-P06-FIN-02,FIN-JYU,compulsory_fees,https://opendata.finlex.fi/finlex/avoindata/v1/akn/fi/act/statute-consolidated/2009/558/fin@20251455,"Finlex (Ministry of Justice), open data API","Yliopistolaki 558/2009, consolidated version fin@20251455 (ELI ajantasa/2025-12-30; Akoma Ntoso XML)",version current at 30.12.2025 (covers 2025/26),2026-09-30,46 §,"Kaikki yliopiston opiskelijat, jotka on otettu opiskelijoiksi alempaan ja ylempään korkeakoulututkintoon johtaviin opintoihin, lukuun ottamatta tilauskoulutukseen osallistuvia opiskelijoita, kuuluvat ylioppilaskuntaan. [...] Jäsenmaksun vahvistaa yliopiston rehtori, ja sen maksamista valvoo yliopisto.",no,curl (raw XML)
FIN-JYU-P06-FIN-03,FIN-JYU,compulsory_fees,https://web.archive.org/web/20251113152844id_/https://jyy.fi/mika-jyy/jasenyys/jasenmaksu/,Jyväskylän yliopiston ylioppilaskunta (JYY),Jäsenmaksu (Wayback capture 2025-11-13),2025/26,2026-09-30,"fee table ""Perustutkinto-opiskelijat""","Perustutkinto-opiskelijat Koko lukuvuosi 2025-2026 76,00 € Syyslukukausi 2025 48,00 € Kevätlukukausi 2026 50,00 €",no,curl (Wayback raw capture)
FIN-JYU-P06-FIN-04,FIN-JYU,compulsory_fees,https://valtioneuvosto.fi/en/-/1271139/healthcare-fees-for-higher-education-students-to-fall-slightly-next-year,Finnish Government / Ministry of Social Affairs and Health,Healthcare fees for higher education students to fall slightly next year (press release 28.11.2024),calendar 2025 (covers autumn term 2025),2026-09-30,press release body,"The student-specific healthcare fee charged from higher education students for using student healthcare services will be EUR 71.20 per academic year, or EUR 35.60 per term. [...] The decree will be in force from 1 January 2025 to 31 December 2025.",no,curl (raw HTML)
FIN-JYU-P06-FIN-05,FIN-JYU,compulsory_fees,https://valtioneuvosto.fi/en/-/1271139/slight-decrease-in-healthcare-fees-for-higher-education-students-in-2026,Finnish Government / Ministry of Social Affairs and Health,Slight decrease in healthcare fees for higher education students in 2026 (press release 27.11.2025),calendar 2026 (covers spring term 2026),2026-09-30,press release body,"Next year, the student-specific healthcare fee charged from higher education students for using student healthcare services will be EUR 70.70 per academic year, or EUR 35.35 per term, which is slightly less than in 2025. The healthcare fee would be the same for all students liable to pay such a fee.",no,curl (raw HTML)
NOR-UO-P06-NOR-01,NOR-UO,tuition,https://lovdata.no/dokument/NL/lov/2024-03-08-9,Lovdata (Stiftelsen Lovdata); Kunnskapsdepartementet,"Lov om universiteter og høyskoler (universitets- og høyskoleloven), LOV-2024-03-08-9","in force from 1 Aug 2024 (replaced the 2005 Act); § 2-5 carries no amendment note, so covers 2025/26",2026-09-30,§ 2-5 Gratis høyere utdanning ved statlige universiteter og høyskoler; § 2-6; header (Ikrafttredelse 01.08.2024),§ 2-5. Gratis høyere utdanning ved statlige universiteter og høyskoler Høyere utdanning ved statlige universiteter og høyskoler skal være gratis. || § 2-6. Egenbetaling for statsborgere fra land utenfor EØS og Sveits Statlige universiteter og høyskoler skal kreve egenbetaling fra studenter som er statsborgere i land utenfor EØS eller Sveits. || Ikrafttredelse 01.08.2024 Endrer LOV-2005-04-01-15,no,"curl (live lovdata page, HTML stripped)"
NOR-UO-P06-NOR-02,NOR-UO,compulsory_fees,https://web.archive.org/web/20250816220816id_/https://www.uio.no/studier/registrering/semesteravgift/index.html,Universitetet i Oslo,Semesteravgift og Kopinor-avgift (UiO),autumn 2025 (capture 16 Aug 2025),2026-09-30,section 'Beløpa'; section 'Meir om Kopinor-avgifta',"Beløpa Semesteravgift til Studentsamskipnaden SiO , kr 690 Kopinor-avgift til UiO, kr 220 (kr 110 for studentar på eit definert deltidsstudium på 50 % eller mindre). [...] SAIH-tiarane, kr 50. Dersom du ikkje vil støtte SAIH kan du trekkje frå kr 50 på fakturabeløpet. [...] Alle aktive studentar må betale Kopinor-avgifta, sjølv om du til dømes reiser på utveksling frå UiO.",no,"curl Wayback id_ capture, HTML stripped"
NOR-UO-P06-NOR-03,NOR-UO,compulsory_fees,https://web.archive.org/web/20260304163303id_/https://www.uio.no/studier/registrering/semesteravgift/,Universitetet i Oslo,Semesteravgift og Kopinor-avgift (UiO),spring 2026 (capture 4 Mar 2026),2026-09-30,section 'Beløpa',"Beløpa Semesteravgift til Studentsamskipnaden SiO , kr 690 Kopinor-avgift til UiO, kr 220 (kr 110 for studentar på eit definert deltidsstudium på 50 % eller mindre). [...] SAIH-tiarane, kr 60. Dersom du ikkje vil støtte SAIH kan du trekkje frå kr 60 på f",no,"curl Wayback id_ capture, HTML stripped"
NOR-UTTAUN-P06-NOR-01,NOR-UTTAUN,tuition,https://lovdata.no/dokument/NL/lov/2024-03-08-9,Lovdata (Stiftelsen Lovdata); Kunnskapsdepartementet,"Lov om universiteter og høyskoler (universitets- og høyskoleloven), LOV-2024-03-08-9","in force from 1 Aug 2024 (replaced the 2005 Act); § 2-5 carries no amendment note, so covers 2025/26",2026-09-30,§ 2-5 Gratis høyere utdanning ved statlige universiteter og høyskoler; § 2-6; header (Ikrafttredelse 01.08.2024),§ 2-5. Gratis høyere utdanning ved statlige universiteter og høyskoler Høyere utdanning ved statlige universiteter og høyskoler skal være gratis. || § 2-6. Egenbetaling for statsborgere fra land utenfor EØS og Sveits Statlige universiteter og høyskoler skal kreve egenbetaling fra studenter som er statsborgere i land utenfor EØS eller Sveits. || Ikrafttredelse 01.08.2024 Endrer LOV-2005-04-01-15,no,"curl (live lovdata page, HTML stripped)"
NOR-UTTAUN-P06-NOR-02,NOR-UTTAUN,compulsory_fees,https://web.archive.org/web/20250911025604id_/https://uit.no/utdanning/sjekkliste,UiT Norges arktiske universitet,Sjekkliste for nye studenter (UiT),autumn 2025 (capture 11 Sep 2025),2026-09-29,section 'Om semesteravgifta' / 'Hva er semesteravgifta?',"Semesteravgifta er på 710 kr og pengene går til Norges arktiske studentsamskipnad . 40 kr av semesteravgifta går til Studentenes og akademikernes internasjonale hjelpefond (SAIH) . Studentparlamentet ved UiT anbefaler studentene å støtte SAIH, men du kan reservere deg fra å gi denne støtten ved å endre kronebeløpet",no,"curl Wayback id_ capture, HTML stripped"
NOR-UTTAUN-P06-NOR-03,NOR-UTTAUN,compulsory_fees,https://web.archive.org/web/20251212034056id_/https://uit.no/utdanning/sjekkliste,UiT Norges arktiske universitet,Sjekkliste for nye studenter (UiT),"spring 2026 (capture 12 Dec 2025, before the spring payment deadline)",2026-09-29,section 'Om semesteravgifta' / 'Hva er semesteravgifta?',"Semesteravgifta er på 710 kr og pengene går til Norges arktiske studentsamskipnad . 40 kr av semesteravgifta går til Studentenes og akademikernes internasjonale hjelpefond (SAIH) . Studentparlamentet ved UiT anbefaler studentene å støtte SAIH, men du kan reservere deg fra å gi denne støtten ved å endre kronebeløpet",no,"curl Wayback id_ capture, HTML stripped"
NOR-UTTAUN-P06-NOR-04,NOR-UTTAUN,compulsory_fees,https://web.archive.org/web/20260214045110id_/https://samskipnaden.no/aktuelt/betaling-av-semesteravgifta-kort-forklart,Norges arktiske studentsamskipnad (Samskipnaden),Betaling av semesteravgifta - kort forklart,spring 2026 (capture 14 Feb 2026),2026-09-30,section 'Om semesteravgifta' / 'Hva er semesteravgifta?',"Semesteravgifta er på 710 kr og pengene går til Norges arktiske studentsamskipnad . 40 kr av semesteravgifta går til Studentenes og akademikernes internasjonale hjelpefond (SAIH) . Studentparlamentet ved UiT anbefaler studentene å støtte SAIH, men du kan reservere deg fra å gi denne støtten ved å endre kronebeløpet",no,"curl Wayback id_ capture, HTML stripped"
NOR-UB-P06-NOR-01,NOR-UB,tuition,https://lovdata.no/dokument/NL/lov/2024-03-08-9,Lovdata (Stiftelsen Lovdata); Kunnskapsdepartementet,"Lov om universiteter og høyskoler (universitets- og høyskoleloven), LOV-2024-03-08-9","in force from 1 Aug 2024 (replaced the 2005 Act); § 2-5 carries no amendment note, so covers 2025/26",2026-09-30,§ 2-5 Gratis høyere utdanning ved statlige universiteter og høyskoler; § 2-6; header (Ikrafttredelse 01.08.2024),§ 2-5. Gratis høyere utdanning ved statlige universiteter og høyskoler Høyere utdanning ved statlige universiteter og høyskoler skal være gratis. || § 2-6. Egenbetaling for statsborgere fra land utenfor EØS og Sveits Statlige universiteter og høyskoler skal kreve egenbetaling fra studenter som er statsborgere i land utenfor EØS eller Sveits. || Ikrafttredelse 01.08.2024 Endrer LOV-2005-04-01-15,no,"curl (live lovdata page, HTML stripped)"
NOR-UB-P06-NOR-02,NOR-UB,compulsory_fees,https://web.archive.org/web/20250916142509id_/https://www4.uib.no/en/for-students/your-studies/semester-fee,Universitetet i Bergen,"Semester fee (UiB, For students)",autumn 2025 (capture 16 Sep 2025),2026-09-30,intro; section 'How much is the semester fee?',"Some of you have to pay a semester fee, currently NOK 650 per semester. [...] The semester fee is (as of August 2025) NOK 700 . This includes a voluntary payment of NOK 50 to the Norwegian Students' and Academics' International Assistance Fund (SAIH) [...] you can remove the tick in the payment service and pay NOK 650,-. [...] Students must pay a semester fee to the Student Welfare Organisation Sa [...]",yes,"curl Wayback id_ capture, HTML stripped"
NOR-UB-P06-NOR-03,NOR-UB,compulsory_fees,https://web.archive.org/web/20260124011604id_/https://www4.uib.no/en/for-students/your-studies/semester-fee,Universitetet i Bergen,"Semester fee (UiB, For students)",spring 2026 (capture 24 Jan 2026),2026-09-30,intro; section 'How much is the semester fee?',"Some of you have to pay a semester fee, currently NOK 650 per semester. [...] The semester fee is (as of August 2025) NOK 700 . This includes a voluntary payment of NOK 50 to the Norwegian Students' and Academics' International Assistance Fund (SAIH) [...] you can remove the tick in the payment service and pay NOK 650,-. [...] Students must pay a semester fee to the Student Welfare Organisation Sa [...]",yes,"curl Wayback id_ capture, HTML stripped"
NOR-NUSAT-P06-NOR-01,NOR-NUSAT,tuition,https://lovdata.no/dokument/NL/lov/2024-03-08-9,Lovdata (Stiftelsen Lovdata); Kunnskapsdepartementet,"Lov om universiteter og høyskoler (universitets- og høyskoleloven), LOV-2024-03-08-9","in force from 1 Aug 2024 (replaced the 2005 Act); § 2-5 carries no amendment note, so covers 2025/26",2026-09-30,§ 2-5 Gratis høyere utdanning ved statlige universiteter og høyskoler; § 2-6; header (Ikrafttredelse 01.08.2024),§ 2-5. Gratis høyere utdanning ved statlige universiteter og høyskoler Høyere utdanning ved statlige universiteter og høyskoler skal være gratis. || § 2-6. Egenbetaling for statsborgere fra land utenfor EØS og Sveits Statlige universiteter og høyskoler skal kreve egenbetaling fra studenter som er statsborgere i land utenfor EØS eller Sveits. || Ikrafttredelse 01.08.2024 Endrer LOV-2005-04-01-15,no,"curl (live lovdata page, HTML stripped)"
NOR-NUSAT-P06-NOR-02,NOR-NUSAT,compulsory_fees,https://www.universitetsavisa.no/semesteravgift-student-velferdstinget/semesteravgifta-gar-opp-17-prosent/409768,Universitetsavisa (NTNU independent newspaper),Semesteravgifta går opp 17 prosent,from autumn 2024 (published 17.06.2024),2026-09-30,lead and first paragraph,Frå høstsemesteret vil semesteravgifta vere på 700 kroner. Studentar på NTNU skal betale 100 kroner meir i semesteret. [...] Publisert 17.06.2024 - 15:34 [...] Semesteravgifta for studentar på NTNU går no opp frå 600 til 700 kroner.,no,"curl live page, HTML stripped"
NOR-NUSAT-P06-NOR-03,NOR-NUSAT,compulsory_fees,https://www.universitetsavisa.no/ntnu-psykisk-helse-semesteravgift/velferdstinget-foreslar-a-oke-studentenes-skatt/455452,Universitetsavisa,Velferdstinget foreslår å øke studentenes «skatt»,spring 2026 (published 17.04.2026: current fee),2026-09-30,lead,"Publisert 17.04.2026 - 06:00 Arbeidsutvalget i Velferdstinget i Gjøvik, Ålesund og Trondheim foreslår å øke semesteravgiften med 50 kroner fra våren 2027. Dersom forslaget blir vedtatt, vil avgiften øke fra dagens 700 kroner til 750 kroner per semester. Dette ekskluder de valgfrie «SAIH-tierne» .",no,"curl live page, HTML stripped"
NOR-NUSAT-P06-NOR-04,NOR-NUSAT,compulsory_fees,https://www.underdusken.no/semesteravgift-studentpolitikk-velferdstinget/no-vert-semesteravgifta-di-hogare/344052,Under Dusken (Trondheim student newspaper),No vert semesteravgifta di høgare,2024 to spring 2026 (published 23.04.2026),2026-09-30,body,"Siste gong semesteravgifta vart auka var i 2024, frå 600 til 700 kroner.",no,"curl live page, HTML stripped"
NOR-NUSAT-P06-NOR-05,NOR-NUSAT,compulsory_fees,https://i.ntnu.no/wiki/-/wiki/Norsk/Semesteravgift+og+registrering,NTNU,Semesteravgift og registrering (NTNU Kunnskapsbasen),"current page (accessed 2026-09-30; 2026/27 context, consistent with 700 in 2025/26)",2026-09-30,intro,Semesteravgiften er en lovpålagt avgift til Studentsamskipnaden (Sit) som alle studenter må betale. Pengene finansierer blant annet studentenes velferdstilbud. Semesteravgiften på 700 kroner per semester.,no,"curl live page, HTML stripped"
NOR-NULS-P06-NOR-01,NOR-NULS,tuition,https://lovdata.no/dokument/NL/lov/2024-03-08-9,Lovdata (Stiftelsen Lovdata); Kunnskapsdepartementet,"Lov om universiteter og høyskoler (universitets- og høyskoleloven), LOV-2024-03-08-9","in force from 1 Aug 2024 (replaced the 2005 Act); § 2-5 carries no amendment note, so covers 2025/26",2026-09-30,§ 2-5 Gratis høyere utdanning ved statlige universiteter og høyskoler; § 2-6; header (Ikrafttredelse 01.08.2024),§ 2-5. Gratis høyere utdanning ved statlige universiteter og høyskoler Høyere utdanning ved statlige universiteter og høyskoler skal være gratis. || § 2-6. Egenbetaling for statsborgere fra land utenfor EØS og Sveits Statlige universiteter og høyskoler skal kreve egenbetaling fra studenter som er statsborgere i land utenfor EØS eller Sveits. || Ikrafttredelse 01.08.2024 Endrer LOV-2005-04-01-15,no,"curl (live lovdata page, HTML stripped)"
NOR-NULS-P06-NOR-02,NOR-NULS,compulsory_fees,https://web.archive.org/web/20250718111830id_/https://www.nmbu.no/en/students/semester-fee-payment,NMBU,The semester fee and Kopinor fee payment,autumn 2025 (capture 18 Jul 2025),2026-09-30,intro; 'What is the Kopinor fee?'; payment section,"At NMBU, the semester fee and the Kopinor fee are paid to the same invoice. Both are mandatory fees for students. [...] As a student at NMBU, you are required to pay the Kopinor fee. The fee is NOK 240 per semester [...] The total invoice amount is NOK 750,- covering semester fee NOK 470,- Kopinor fee NOK 240,- and optional NOK 40,- to the Students' and Academics' International Assistance Fund ( S [...]",yes,"curl Wayback id_ capture, HTML stripped"
NOR-NULS-P06-NOR-03,NOR-NULS,compulsory_fees,https://web.archive.org/web/20251114030647id_/https://www.nmbu.no/studenter/betaling-av-semesteravgift,NMBU,Betaling av semesteravgift og Kopinoravgift,autumn 2025 (capture 14 Nov 2025),2026-09-30,'Semesteravgift og Kopinoravgift'; 'Hva er Kopinoravgift?'; payment section,"Ved NMBU betales semesteravgift og Kopinoravgift samtidig. Begge er obligatoriske avgifter for studenter. [...] Kopinoravgiften er kr 240,- pr semester og betales sammen med semesteravgiften. [...] Fakturaen er på til sammen kr 750,- og består av semesteravgift kr 470,- Kopinoravgift 240,- og valgfri kr 40,- til Studentenes og Akademikernes Internasjonale Hjelpefond ( SAIH ).",no,"curl Wayback id_ capture, HTML stripped"
NOR-NULS-P06-NOR-04,NOR-NULS,compulsory_fees,https://web.archive.org/web/20260421233057id_/https://www.nmbu.no/studenter/betaling-av-semesteravgift,NMBU,Betaling av semesteravgift og Kopinoravgift,spring 2026 (capture 21 Apr 2026),2026-09-30,payment section,"Fakturaen er på til sammen kr 750,- og består av semesteravgift kr 470,- Kopinoravgift 240,- og valgfri kr 40,- til Studentenes og Akademikernes Internasjonale Hjelpefond ( SAIH ).",no,"curl Wayback id_ capture, HTML stripped"
NOR-NULS-P06-NOR-05,NOR-NULS,regime,https://web.archive.org/web/20250614205035id_/https://www.nmbu.no/studenter/betaling-av-semesteravgift,NMBU,Betaling av semesteravgift,spring 2025 (capture 14 Jun 2025; before the Kopinor fee),2026-09-30,payment section (the word Kopinor does not occur on this capture),"Semesteravgiften kr 470,-. + valgfri kr 40 (til sammen 510,-) til Studentenes og Akademikernes Internasjonale Hjelpefond ( SAIH ).",no,"curl Wayback id_ capture, HTML stripped"
NOR-UIS-P06-NOR-01,NOR-UIS,tuition,https://lovdata.no/dokument/NL/lov/2024-03-08-9,Lovdata (Stiftelsen Lovdata); Kunnskapsdepartementet,"Lov om universiteter og høyskoler (universitets- og høyskoleloven), LOV-2024-03-08-9","in force from 1 Aug 2024 (replaced the 2005 Act); § 2-5 carries no amendment note, so covers 2025/26",2026-09-30,§ 2-5 Gratis høyere utdanning ved statlige universiteter og høyskoler; § 2-6; header (Ikrafttredelse 01.08.2024),§ 2-5. Gratis høyere utdanning ved statlige universiteter og høyskoler Høyere utdanning ved statlige universiteter og høyskoler skal være gratis. || § 2-6. Egenbetaling for statsborgere fra land utenfor EØS og Sveits Statlige universiteter og høyskoler skal kreve egenbetaling fra studenter som er statsborgere i land utenfor EØS eller Sveits. || Ikrafttredelse 01.08.2024 Endrer LOV-2005-04-01-15,no,"curl (live lovdata page, HTML stripped)"
NOR-UIS-P06-NOR-02,NOR-UIS,compulsory_fees,https://web.archive.org/web/20260122165047id_/https://www.uis.no/nb/studentsider/rettigheter-og-betaling,Universitetet i Stavanger,Rettigheter og betaling (UiS studentsider),autumn 2025 (capture 22 Jan 2026),2026-09-30,section on studentbetaling,"Studentbetaling høsten 2025 er på kr 915,-. Dette inkluderer: Kopinoravgift kr 285,- Semesteravgift til studentsamskipnaden kr 590,- De siste 40 kronene er frivillig å betale. Disse pengene går til internasjonalt hjelpearbeid.",no,"curl Wayback id_ capture, HTML stripped"
NOR-UIS-P06-NOR-03,NOR-UIS,compulsory_fees,https://web.archive.org/web/20260710110728id_/https://www.uis.no/nb/studentsider/rettigheter-og-betaling,Universitetet i Stavanger,Rettigheter og betaling (UiS studentsider),autumn 2026 (capture 10 Jul 2026; bracketing for spring 2026),2026-09-30,section on studentbetaling,"Studentbetaling høsten 2026 er på kr 925,-. Dette inkluderer: Kopinoravgift kr 285,- Semesteravgift til studentsamskipnaden kr 590,- De siste 50 kronene er frivillig å betale.",no,"curl Wayback id_ capture, HTML stripped"
NOR-UIS-P06-NOR-04,NOR-UIS,compulsory_fees,https://web.archive.org/web/20250418223442id_/https://www.uis.no/nb/studentsider/rettigheter-og-betaling,Universitetet i Stavanger,Rettigheter og betaling (UiS studentsider),spring 2025 (capture 18 Apr 2025; context for the component change),2026-09-30,section on studentbetaling,"Studentbetaling våren 2025 er på kr 900,-. Dette inkluderer: Kopinoravgift kr 250,- Semesteravgift til studentsamskipnaden kr 590,- Undervisningsmateriell kr 20,- De siste 40 kronene er frivillig å betale.",no,"curl Wayback id_ capture, HTML stripped"
SWE-KRT-P06-SWE-01,SWE-KRT,tuition,https://www.riksdagen.se/sv/dokument-och-lagar/dokument/svensk-forfattningssamling/hogskolelag-19921434_sfs-1992-1434/,Sveriges riksdag (Svensk författningssamling),"Högskolelag (1992:1434), consolidated text (ändrad t.o.m. SFS 2025:557)","consolidated text ändrad t.o.m. SFS 2025:557; 4 kap. 4 § last amended by Lag 2014:1579, so in force 2025/26",2026-09-29,"4 kap. 4 §, första stycket (with amendment reference)","Utbildningen ska vara avgiftsfri för studenter som är medborgare i 1. en stat som omfattas av avtalet om Europeiska ekonomiska samarbetsområdet, eller 2. Schweiz. [...] Lag (2014:1579) .",no,curl + html-to-text (python)
SWE-KRT-P06-SWE-02,SWE-KRT,compulsory_fees,https://www.riksdagen.se/sv/dokument-och-lagar/dokument/svensk-forfattningssamling/hogskolelag-19921434_sfs-1992-1434/,Sveriges riksdag (Svensk författningssamling),"Högskolelag (1992:1434), consolidated text (ändrad t.o.m. SFS 2025:557)",consolidated text ändrad t.o.m. SFS 2025:557; 4 kap. 8 § (Lag 2009:766) in force 2025/26,2026-09-29,4 kap. 8 §,"En högskola ska på ansökan besluta att en sammanslutning av studenter vid högskolan får ställning som studentkår för en viss tid, om sammanslutningen uppfyller de krav som ställs i 9-14 §§. Lag (2009:766) .",no,curl + html-to-text (python)
SWE-L-P06-SWE-01,SWE-L,tuition,https://www.riksdagen.se/sv/dokument-och-lagar/dokument/svensk-forfattningssamling/hogskolelag-19921434_sfs-1992-1434/,Sveriges riksdag (Svensk författningssamling),"Högskolelag (1992:1434), consolidated text (ändrad t.o.m. SFS 2025:557)","consolidated text ändrad t.o.m. SFS 2025:557; 4 kap. 4 § last amended by Lag 2014:1579, so in force 2025/26",2026-09-29,"4 kap. 4 §, första stycket (with amendment reference)","Utbildningen ska vara avgiftsfri för studenter som är medborgare i 1. en stat som omfattas av avtalet om Europeiska ekonomiska samarbetsområdet, eller 2. Schweiz. [...] Lag (2014:1579) .",no,curl + html-to-text (python)
SWE-L-P06-SWE-02,SWE-L,compulsory_fees,https://www.riksdagen.se/sv/dokument-och-lagar/dokument/svensk-forfattningssamling/hogskolelag-19921434_sfs-1992-1434/,Sveriges riksdag (Svensk författningssamling),"Högskolelag (1992:1434), consolidated text (ändrad t.o.m. SFS 2025:557)",consolidated text ändrad t.o.m. SFS 2025:557; 4 kap. 8 § (Lag 2009:766) in force 2025/26,2026-09-29,4 kap. 8 §,"En högskola ska på ansökan besluta att en sammanslutning av studenter vid högskolan får ställning som studentkår för en viss tid, om sammanslutningen uppfyller de krav som ställs i 9-14 §§. Lag (2009:766) .",no,curl + html-to-text (python)
SWE-L-P06-SWE-03,SWE-L,compulsory_fees,https://www.riksdagen.se/sv/dokument-och-lagar/dokument/svensk-forfattningssamling/hogskolelag-19921434_sfs-1992-1434/,Sveriges riksdag (Svensk författningssamling),"Högskolelag (1992:1434), consolidated text (ändrad t.o.m. SFS 2025:557)",consolidated text ändrad t.o.m. SFS 2025:557; in force 2025/26,2026-09-29,4 kap. 15 §,"Ställning som nation har en sådan nation vid Uppsala universitet eller Lunds universitet 1. som studenter var skyldiga att tillhöra enligt de föreskrifter som gällde omedelbart före den 1 juli 2010 och som då bedrev studiesocial verksamhet,",no,curl + html-to-text (python)
SWE-U-P06-SWE-01,SWE-U,tuition,https://www.riksdagen.se/sv/dokument-och-lagar/dokument/svensk-forfattningssamling/hogskolelag-19921434_sfs-1992-1434/,Sveriges riksdag (Svensk författningssamling),"Högskolelag (1992:1434), consolidated text (ändrad t.o.m. SFS 2025:557)","consolidated text ändrad t.o.m. SFS 2025:557; 4 kap. 4 § last amended by Lag 2014:1579, so in force 2025/26",2026-09-29,"4 kap. 4 §, första stycket (with amendment reference)","Utbildningen ska vara avgiftsfri för studenter som är medborgare i 1. en stat som omfattas av avtalet om Europeiska ekonomiska samarbetsområdet, eller 2. Schweiz. [...] Lag (2014:1579) .",no,curl + html-to-text (python)
SWE-U-P06-SWE-02,SWE-U,compulsory_fees,https://www.riksdagen.se/sv/dokument-och-lagar/dokument/svensk-forfattningssamling/hogskolelag-19921434_sfs-1992-1434/,Sveriges riksdag (Svensk författningssamling),"Högskolelag (1992:1434), consolidated text (ändrad t.o.m. SFS 2025:557)",consolidated text ändrad t.o.m. SFS 2025:557; 4 kap. 8 § (Lag 2009:766) in force 2025/26,2026-09-29,4 kap. 8 §,"En högskola ska på ansökan besluta att en sammanslutning av studenter vid högskolan får ställning som studentkår för en viss tid, om sammanslutningen uppfyller de krav som ställs i 9-14 §§. Lag (2009:766) .",no,curl + html-to-text (python)
SWE-U-P06-SWE-03,SWE-U,compulsory_fees,https://www.riksdagen.se/sv/dokument-och-lagar/dokument/svensk-forfattningssamling/hogskolelag-19921434_sfs-1992-1434/,Sveriges riksdag (Svensk författningssamling),"Högskolelag (1992:1434), consolidated text (ändrad t.o.m. SFS 2025:557)",consolidated text ändrad t.o.m. SFS 2025:557; in force 2025/26,2026-09-29,4 kap. 15 §,"Ställning som nation har en sådan nation vid Uppsala universitet eller Lunds universitet 1. som studenter var skyldiga att tillhöra enligt de föreskrifter som gällde omedelbart före den 1 juli 2010 och som då bedrev studiesocial verksamhet,",no,curl + html-to-text (python)
SWE-S-P06-SWE-01,SWE-S,tuition,https://www.riksdagen.se/sv/dokument-och-lagar/dokument/svensk-forfattningssamling/hogskolelag-19921434_sfs-1992-1434/,Sveriges riksdag (Svensk författningssamling),"Högskolelag (1992:1434), consolidated text (ändrad t.o.m. SFS 2025:557)","consolidated text ändrad t.o.m. SFS 2025:557; 4 kap. 4 § last amended by Lag 2014:1579, so in force 2025/26",2026-09-29,"4 kap. 4 §, första stycket (with amendment reference)","Utbildningen ska vara avgiftsfri för studenter som är medborgare i 1. en stat som omfattas av avtalet om Europeiska ekonomiska samarbetsområdet, eller 2. Schweiz. [...] Lag (2014:1579) .",no,curl + html-to-text (python)
SWE-S-P06-SWE-02,SWE-S,compulsory_fees,https://www.riksdagen.se/sv/dokument-och-lagar/dokument/svensk-forfattningssamling/hogskolelag-19921434_sfs-1992-1434/,Sveriges riksdag (Svensk författningssamling),"Högskolelag (1992:1434), consolidated text (ändrad t.o.m. SFS 2025:557)",consolidated text ändrad t.o.m. SFS 2025:557; 4 kap. 8 § (Lag 2009:766) in force 2025/26,2026-09-29,4 kap. 8 §,"En högskola ska på ansökan besluta att en sammanslutning av studenter vid högskolan får ställning som studentkår för en viss tid, om sammanslutningen uppfyller de krav som ställs i 9-14 §§. Lag (2009:766) .",no,curl + html-to-text (python)
SWE-CT-P06-SWE-01,SWE-CT,tuition,https://web.archive.org/web/20250901183712id_/https://www.chalmers.se/en/education/application-and-admission/tuition-fees/,"Chalmers University of Technology (chalmers.se), via Wayback",Tuition fees | Chalmers,capture 2025-09-01 (2025/26),2026-09-30,"Heading ""No tuition fees for EU/EEA citizens""","No tuition fees for EU/EEA citizens Higher education in Sweden is free for citizens within the European Union (EU), the European Economic Area (EEA) and Switzerland.",no,curl (Wayback id_ capture) + html-to-text (python)
SWE-CT-P06-SWE-02,SWE-CT,compulsory_fees,https://web.archive.org/web/20250912095008id_/https://chalmersstudentkar.se/membership/frequently-asked-questions/,"Chalmers Studentkår (chalmersstudentkar.se), via Wayback",Frequently asked questions - Chalmers Studentkår,capture 2025-09-12 (HT2025),2026-09-29,Medlemskap: Måste man betala kåravgift till studentkåren? / Hur mycket kostar medlemskapet i Chalmers Studentkår?,"Måste man betala kåravgift till studentkåren? Ja, medlemsskapet är obligatoriskt och krävs för att få avlägga examen, göra tentor och få accesser dit du behöver. Chalmers tekniska högskola är en stiftelsehögskola och har beslutat att varje student måste vara medlem i Chalmers studentkår för de terminer som de är registrerade för studier. [...] Hur mycket kostar medlemskapet i Chalmers Studentkår? [...]",yes,curl --compressed (Wayback id_ capture) + html-to-text (python)
SWE-CT-P06-SWE-03,SWE-CT,compulsory_fees,https://web.archive.org/web/20260120090913id_/https://chalmersstudentkar.se/membership/frequently-asked-questions/,"Chalmers Studentkår (chalmersstudentkar.se), via Wayback",Frequently asked questions - Chalmers Studentkår,capture 2026-01-20 (VT2026),2026-09-29,Hur mycket kostar medlemskapet i Chalmers Studentkår?,Hur mycket kostar medlemskapet i Chalmers Studentkår? Grundutbildning och nationella studenter : 240 kr/termin varav 40 kr går till sektionen du studerar vid.,no,curl --compressed (Wayback id_ capture) + html-to-text (python)
SWE-GU-P06-SWE-01,SWE-GU,tuition,https://www.riksdagen.se/sv/dokument-och-lagar/dokument/svensk-forfattningssamling/hogskolelag-19921434_sfs-1992-1434/,Sveriges riksdag (Svensk författningssamling),"Högskolelag (1992:1434), consolidated text (ändrad t.o.m. SFS 2025:557)","consolidated text ändrad t.o.m. SFS 2025:557; 4 kap. 4 § last amended by Lag 2014:1579, so in force 2025/26",2026-09-29,"4 kap. 4 §, första stycket (with amendment reference)","Utbildningen ska vara avgiftsfri för studenter som är medborgare i 1. en stat som omfattas av avtalet om Europeiska ekonomiska samarbetsområdet, eller 2. Schweiz. [...] Lag (2014:1579) .",no,curl + html-to-text (python)
SWE-GU-P06-SWE-02,SWE-GU,compulsory_fees,https://www.riksdagen.se/sv/dokument-och-lagar/dokument/svensk-forfattningssamling/hogskolelag-19921434_sfs-1992-1434/,Sveriges riksdag (Svensk författningssamling),"Högskolelag (1992:1434), consolidated text (ändrad t.o.m. SFS 2025:557)",consolidated text ändrad t.o.m. SFS 2025:557; 4 kap. 8 § (Lag 2009:766) in force 2025/26,2026-09-29,4 kap. 8 §,"En högskola ska på ansökan besluta att en sammanslutning av studenter vid högskolan får ställning som studentkår för en viss tid, om sammanslutningen uppfyller de krav som ställs i 9-14 §§. Lag (2009:766) .",no,curl + html-to-text (python)
CZE-CU-P07-CZE-01,CZE-CU,regime,https://web.archive.org/web/20251010122240id_/http://www.zakonyprolidi.cz/cs/1998-111,"zakonyprolidi.cz (consolidated text of Act No. 111/1998 Sb.), Wayback capture 2025-10-10","Zákon č. 111/1998 Sb., o vysokých školách (Aktuální znění 01.10.2025 - 31.12.2025, verze 45)",2025/26,2026-09-30,"§ 58 odst. 1, 3, 4 (section text identical in the 2025-08-27 capture, verze 43, in force 05.08.2025-31.08.2025)","§ 58 (1) Veřejná vysoká škola může stanovit poplatek za úkony spojené s přijímacím řízením, který činí nejvýše 20 % základu; ... (3) Studuje-li student ve studijním programu veřejné vysoké školy déle, než je standardní doba studia zvětšená o jeden rok v bakalářském nebo magisterském studijním programu, stanoví mu veřejná vysoká škola poplatek za studium, který činí za každých dalších započatých še [...]",yes,curl of Wayback raw capture (id_); gzip HTML stripped to text; § 58 compared programmatically between the 2025-08-27 and 2025-10-10 captures (identical)
CZE-CU-P07-CZE-02,CZE-CU,tuition,https://cuni.cz/UK-917-version1-vyse_poplatku_na_uk_2025_2026.pdf,Univerzita Karlova,Druhy a výše poplatků spojených se studiem na Univerzitě Karlově pro akademický rok 2025/2026,2025/26,2026-09-30,"p.1 title and column headings (6-page table; columns interleaved in extraction); linked from https://cuni.cz/UK-917.html section ""V akademickém roce 2025 / 2026""",Druhy a výše poplatků spojených se studiem na Univerzitě Karlově pro akademický rok 2025/2026 ... Poplatek za úkony spojené s přijímacím řízením ... Poplatek za delší studium ... Poplatek za studium v cizím jazyce ... § 58 odst. 1 z. č. 111/1998 Sb. ... § 58 odst. 3 z. č. 111/1998 Sb. ... (za započatých 6 měsíců studia) ... § 58 odst. 4 z. č. 111/1998 Sb. ... (za započatý akademický rok),no,curl direct download; text via pdftotext -layout (UTF-8)
CZE-CU-P07-CZE-03,CZE-CU,compulsory_fees,https://web.archive.org/web/20251110012150id_/https://cuni.cz/uk-1551.html,Univerzita Karlova (Wayback capture 2025-11-10),Typy průkazů,2025/26,2026-09-30,section Průkaz studenta Univerzity Karlovy (page last changed 10 April 2025),"Průkaz studenta Univerzity Karlovy vydává se bezplatně opětovné vydání průkazu je zdarma nebo za náhradu, výčet všech možností naleznete zde . Průkaz studenta Univezity Karlovy s licencí ISIC určený pro studenty prezenční formy studia vydává se za poplatek 320,- Kč (licence ISIC)",no,curl of Wayback raw capture (id_); HTML stripped to text
CZE-MU-P07-CZE-01,CZE-MU,regime,https://web.archive.org/web/20251010122240id_/http://www.zakonyprolidi.cz/cs/1998-111,"zakonyprolidi.cz (consolidated text of Act No. 111/1998 Sb.), Wayback capture 2025-10-10","Zákon č. 111/1998 Sb., o vysokých školách (Aktuální znění 01.10.2025 - 31.12.2025, verze 45)",2025/26,2026-09-30,"§ 58 odst. 1, 3, 4 (section text identical in the 2025-08-27 capture, verze 43, in force 05.08.2025-31.08.2025)","§ 58 (1) Veřejná vysoká škola může stanovit poplatek za úkony spojené s přijímacím řízením, který činí nejvýše 20 % základu; ... (3) Studuje-li student ve studijním programu veřejné vysoké školy déle, než je standardní doba studia zvětšená o jeden rok v bakalářském nebo magisterském studijním programu, stanoví mu veřejná vysoká škola poplatek za studium, který činí za každých dalších započatých še [...]",yes,curl of Wayback raw capture (id_); gzip HTML stripped to text; § 58 compared programmatically between the 2025-08-27 and 2025-10-10 captures (identical)
CZE-MU-P07-CZE-02,CZE-MU,tuition,https://www.muni.cz/o-univerzite/uredni-deska/poplatky-spojene-se-studiem/poplatky-v-jednotlivych-akademickych-letech,Masarykova univerzita,Poplatky v jednotlivých akademických letech,2025/26,2026-09-30,section 'Pro akademický rok 2025/2026',Pro akademický rok 2025/2026 dle ustanovení § 58 zákona č. 111/1998 Sb . ve znění pozdějších předpisů Výše poplatku za studium dle § 58 odst. 3 (poplatek za započatých šest měsíců studia) ... 24 000 Kč 33 000 Kč 42 000 Kč 51 000 Kč Výše poplatku za studium ve studijním programu uskutečňovaném v cizím jazyce dle § 58 odst. 4 (poplatek za akademický rok) ... LF General Medicine: 380 000 Kč Dentistry [...],yes,curl of live page (states the 2025/26 amounts); HTML stripped to text
CZE-MU-P07-CZE-03,CZE-MU,compulsory_fees,https://web.archive.org/web/20251008091656id_/https://it.muni.cz/sluzby/identifikacni-prukazy,"Masarykova univerzita, IT služby (Wayback capture 2025-10-08)",Identifikační průkazy,2025/26,2026-09-30,sections 'Průkaz studenta' and 'Kdo vydává průkazy a jak ho získat',"Průkaz studenta Ze zákona vydává škola průkaz studenta. ... Pro získání průkazu studenta je třeba absolvovat zápis ke studiu, nechat se vyfotografovat nebo vložit fotografii skrze aplikaci v INETu , objednat průkaz v Informačním systému MU a provést platbu. ... Výše poplatků za průkazy typu ISIC, ITIC a další je stanovena uvedenou směrnicí a pokynem .",no,curl of Wayback raw capture (id_); HTML stripped to text
CZE-MU-P07-CZE-04,CZE-MU,compulsory_fees,https://web.archive.org/web/20251006101407id_/https://www.econ.muni.cz/studenti/manual-studenta/isic-a-prukaz-studenta-kombinovaneho-studia,"Masarykova univerzita, Ekonomicko-správní fakulta (Wayback capture 2025-10-06)",ISIC a průkaz studenta kombinovaného studia,2025/26 (identical wording on the first-issue contribution in the 2023-06-08 capture),2026-09-30,section 'Finanční náklady',"Finanční náklady ISIC plná cena 450,– Kč první vydání průkazu je hrazeno z rozpočtu fakulty s tím, že studenti se na něm podílí částkou 250,– Kč každý rok je p latnost ISIC karet možné prodloužit digitálně za 250,– Kč ... Finanční náklady průkazu studenta kombinovaného studia plná cena 220,– Kč první vydání průkazu je hrazeno z rozpočtu fakulty, s tím, že student se na něm podílí částkou 120,– Kč",no,curl of Wayback raw capture (id_); HTML stripped to text
CZE-MU-P07-CZE-05,CZE-MU,compulsory_fees,https://www.fi.muni.cz/students/isic.html.cs,"Masarykova univerzita, Fakulta informatiky",ISIC | FI MU,current page read 2026 (year of text not stated),2026-09-30,"ISIC section, first paragraph",Vlastnit identifikační průkaz je jednou z povinností studentů MU.,no,curl of live page; HTML stripped to text
CZE-CTU-P07-CZE-01,CZE-CTU,regime,https://web.archive.org/web/20251010122240id_/http://www.zakonyprolidi.cz/cs/1998-111,"zakonyprolidi.cz (consolidated text of Act No. 111/1998 Sb.), Wayback capture 2025-10-10","Zákon č. 111/1998 Sb., o vysokých školách (Aktuální znění 01.10.2025 - 31.12.2025, verze 45)",2025/26,2026-09-30,"§ 58 odst. 1, 3, 4 (section text identical in the 2025-08-27 capture, verze 43, in force 05.08.2025-31.08.2025)","§ 58 (1) Veřejná vysoká škola může stanovit poplatek za úkony spojené s přijímacím řízením, který činí nejvýše 20 % základu; ... (3) Studuje-li student ve studijním programu veřejné vysoké školy déle, než je standardní doba studia zvětšená o jeden rok v bakalářském nebo magisterském studijním programu, stanoví mu veřejná vysoká škola poplatek za studium, který činí za každých dalších započatých še [...]",yes,curl of Wayback raw capture (id_); gzip HTML stripped to text; § 58 compared programmatically between the 2025-08-27 and 2025-10-10 captures (identical)
CZE-CTU-P07-CZE-02,CZE-CTU,tuition,https://fit.cvut.cz/fakulta/informacni-deska/poplatky-uhrady/poplatky-spojene-se-studiem-2025.pdf,"České vysoké učení technické v Praze (rector's notice, posted by FIT)",Poplatky spojené se studiem dle § 58 zákona č. 111/1998 Sb. pro akademický rok 2025–2026 (Čj. CVUT00001474/2025),2025/26,2026-09-30,"points 1-3 (single page, dated Praha 27. 1. 2025, published 31. 3. 2025)","POPLATKY SPOJENÉ SE STUDIEM dle § 58 zákona č. 111/1998 Sb. ... pro akademický rok 2025–2026 1. Poplatek za úkony spojené s přijímacím řízením (podle Statutu ČVUT čl. 11 odst. 1 písm. a) činí 950 Kč. 2. Poplatek za delší studium (podle Statutu ČVUT čl. 11 odst. 1 písm. ba) činí 22 700 Kč pro studijní program s koeficientem ekonomické náročnosti 1,00 ... 51 200 Kč pro studijní program s koeficiente [...]",yes,curl direct download; scanned PDF (no text layer) rendered with pymupdf and read visually
CZE-CTU-P07-CZE-03,CZE-CTU,compulsory_fees,https://web.archive.org/web/20251006005924id_/https://ist.cvut.cz/nase-sluzby/prukaz-typu-student/,"ČVUT, Informační systémy a technologie (Wayback capture 2025-10-06)",Průkaz STUDENT,2025/26,2026-09-30,"price list below ""Než začnete""",Průkaz studenta ČVUT s licencí ISIC první vydání/ztráta průkazu…………………………. 500 Kč poškození/výměna průkazu………………………….. 250 Kč prodloužení licence ISIC………………………………… 250 Kč Průkaz studenta ČVUT první vydání průkazu…………………………………………. 0 Kč ztráta/poškození/výměna průkazu………………. 250 Kč,no,curl of Wayback raw capture (id_); HTML stripped to text
CZE-UCT-P07-CZE-01,CZE-UCT,regime,https://web.archive.org/web/20251010122240id_/http://www.zakonyprolidi.cz/cs/1998-111,"zakonyprolidi.cz (consolidated text of Act No. 111/1998 Sb.), Wayback capture 2025-10-10","Zákon č. 111/1998 Sb., o vysokých školách (Aktuální znění 01.10.2025 - 31.12.2025, verze 45)",2025/26,2026-09-30,"§ 58 odst. 1, 3, 4 (section text identical in the 2025-08-27 capture, verze 43, in force 05.08.2025-31.08.2025)","§ 58 (1) Veřejná vysoká škola může stanovit poplatek za úkony spojené s přijímacím řízením, který činí nejvýše 20 % základu; ... (3) Studuje-li student ve studijním programu veřejné vysoké školy déle, než je standardní doba studia zvětšená o jeden rok v bakalářském nebo magisterském studijním programu, stanoví mu veřejná vysoká škola poplatek za studium, který činí za každých dalších započatých še [...]",yes,curl of Wayback raw capture (id_); gzip HTML stripped to text; § 58 compared programmatically between the 2025-08-27 and 2025-10-10 captures (identical)
CZE-UCT-P07-CZE-02,CZE-UCT,tuition,https://www.vscht.cz/file/uzel/83128/0001~~Czu8Ny-_ON7SzDDeON7IwMg0Puzw3qMLUxUK8gtyEkuyj66PT8xOTEnNzUzOPrxXoSg_WwGsCkiYxR_eVVCUWJao4BgEAA.pdf,Vysoká škola chemicko-technologická v Praze,VÝNOS č. A/V/961/3/2025 Výše poplatků spojených se studiem pro akademický rok 2025/2026,2025/26,2026-09-30,pp. 1-2 (Účinnost od 01. 09. 2025 do 31. 08. 2026),"vyhlásilo Ministerstvo školství, mládeže a tělovýchovy České republiky dne 24. ledna 2025 základ pro stanovení poplatků spojených se studiem pro akademický rok 2025/2026 ve výši 4 950 Kč ... je pro akademický rok 2025/2026 stanoven poplatek po dobu prvních dvanácti měsíců čtyřnásobek základu, tj. částka 19 800 Kč ... a v dalších letech pak osminásobek základu, tj. částka 39 600 Kč ... Student, kte [...]",yes,curl direct download; text via pdftotext -layout (UTF-8)
CZE-UCT-P07-CZE-03,CZE-UCT,compulsory_fees,https://web.archive.org/web/20250907164017id_/https://vc.vscht.cz/idkarty,"VŠCHT Praha, Výpočetní centrum (Wayback capture 2025-09-07)",Identifikační karty na VŠCHT Praha,2025/26,2026-09-30,section 'Poplatky spojené s vydáním ID karty',"Poplatky spojené s vydáním ID karty Nové karty zdarma – zaměstnanecká karta, studentská karta, ITIC karta 300,- Kč – ISIC karta, externí spolupracovníci",no,curl of Wayback raw capture (id_); HTML stripped to text
CZE-BUT-P07-CZE-01,CZE-BUT,regime,https://web.archive.org/web/20251010122240id_/http://www.zakonyprolidi.cz/cs/1998-111,"zakonyprolidi.cz (consolidated text of Act No. 111/1998 Sb.), Wayback capture 2025-10-10","Zákon č. 111/1998 Sb., o vysokých školách (Aktuální znění 01.10.2025 - 31.12.2025, verze 45)",2025/26,2026-09-30,"§ 58 odst. 1, 3, 4 (section text identical in the 2025-08-27 capture, verze 43, in force 05.08.2025-31.08.2025)","§ 58 (1) Veřejná vysoká škola může stanovit poplatek za úkony spojené s přijímacím řízením, který činí nejvýše 20 % základu; ... (3) Studuje-li student ve studijním programu veřejné vysoké školy déle, než je standardní doba studia zvětšená o jeden rok v bakalářském nebo magisterském studijním programu, stanoví mu veřejná vysoká škola poplatek za studium, který činí za každých dalších započatých še [...]",yes,curl of Wayback raw capture (id_); gzip HTML stripped to text; § 58 compared programmatically between the 2025-08-27 and 2025-10-10 captures (identical)
CZE-BUT-P07-CZE-02,CZE-BUT,tuition,https://www.vut.cz/uredni-deska/vnitrni-predpisy-a-dokumenty/-d280044/r-2-2025-poplatky-za-studium-25-26-p289201,Vysoké učení technické v Brně,Rozhodnutí č. 2/2025 Poplatek za studium pro akademický rok 2025/2026,2025/26,2026-09-30,"Článek 1 odst. 1-2 (header: datum vydání 6. 2. 2025, účinnost 1. 9. 2025)","Výše poplatku za studium pro akademický rok 2025/2026 je stanovena takto: a) 14.850,- Kč za každých započatých šest měsíců studia studenta, který ke dni vzniku konkrétní poplatkové povinnosti překročil standardní dobu studia zvětšenou o jeden rok o méně než 12 měsíců, b) 29.700- Kč ... c) 59.400,- Kč ...",no,curl direct download; text via pdftotext -layout (UTF-8)
CZE-BUT-P07-CZE-03,CZE-BUT,tuition,https://www.vut.cz/studenti/poplatky,Vysoké učení technické v Brně,Poplatky za studium – VUT,current page read 2026 (links the 2025/26 decision; same statutory regime),2026-09-30,section 'Poplatek za studium',"Povinnost hradit poplatek za studium vzniká studentovi, jehož celková odstudovaná doba překročila standardní dobu studia aktuálního studijního programu o více než 1 rok.",no,curl of live page; HTML stripped to text
CZE-BUT-P07-CZE-04,CZE-BUT,compulsory_fees,https://www.vut.cz/cis/navody/prukazy,"Vysoké učení technické v Brně, CIS",Studentský manuál na průkazy VUT,2025/26-2026/27 (page last updated 19.5.2026; nearest-year; Wayback offline at access),2026-09-30,sections 'Nárok na standardní studentský průkaz' and 'CENY',"Student VUT má nárok na jeden bezplatný standardní studentský průkaz (pokud již nemá průkaz ISIC za sníženou cenu). ... Cena standardního studentského průkazu 1. objednávaný průkaz ... hradí fakulta nebo součást, student jej má zdarma.",no,curl of live page; HTML stripped to text
CZE-UPOL-P07-CZE-01,CZE-UPOL,regime,https://web.archive.org/web/20251010122240id_/http://www.zakonyprolidi.cz/cs/1998-111,"zakonyprolidi.cz (consolidated text of Act No. 111/1998 Sb.), Wayback capture 2025-10-10","Zákon č. 111/1998 Sb., o vysokých školách (Aktuální znění 01.10.2025 - 31.12.2025, verze 45)",2025/26,2026-09-30,"§ 58 odst. 1, 3, 4 (section text identical in the 2025-08-27 capture, verze 43, in force 05.08.2025-31.08.2025)","§ 58 (1) Veřejná vysoká škola může stanovit poplatek za úkony spojené s přijímacím řízením, který činí nejvýše 20 % základu; ... (3) Studuje-li student ve studijním programu veřejné vysoké školy déle, než je standardní doba studia zvětšená o jeden rok v bakalářském nebo magisterském studijním programu, stanoví mu veřejná vysoká škola poplatek za studium, který činí za každých dalších započatých še [...]",yes,curl of Wayback raw capture (id_); gzip HTML stripped to text; § 58 compared programmatically between the 2025-08-27 and 2025-10-10 captures (identical)
CZE-UPOL-P07-CZE-02,CZE-UPOL,tuition,https://www.upol.cz/fileadmin/userdata/UP/Studenti/poplatky_2025_-_kopie.pdf,Univerzita Palackého v Olomouci,Výše poplatků spojených se studiem pro akademický rok započatý v roce 2025,2025/26,2026-09-30,"full text (one page), dated 4. 3. 2025; linked from https://www.upol.cz/studenti/studium/poplatky/","zveřejňuje Univerzita Palackého v Olomouci výše poplatků spojených se studiem dle § 58 zákona pro akademický rok započatý v roce 2025: • Výše poplatku za úkony spojené s přijímacím řízením dle § 58 odst. 1 zákona 790,- Kč. • Výše poplatku dle § 58 odst. 3 zákona 20.000, - Kč. • Výše poplatku za studium v cizím jazyce je zveřejněna v samostatné příloze.",no,curl direct download; text via pdftotext -layout (UTF-8)
CZE-UPOL-P07-CZE-03,CZE-UPOL,compulsory_fees,https://cvt.upol.cz/informace-pro-zamestnance-a-studenty/identifikacni-karty-ik/,"Univerzita Palackého v Olomouci, Centrum výpočetní techniky",Identifikační karty (IK),current page read 2026 (nearest-year for 2025/26; Wayback offline at access),2026-09-30,sections 'Poplatky' and 'Platba kauce za identifikační kartu studenta (průkaz)',"Poplatky KAUCE za kartu 200 Kč ... Prodloužení platnosti ISIC/ITIC 350 Kč ... Vystavení první identifikační karty (IK) je bezplatné. Průkazy jsou však vydávány na základě složení kauce ... Za oba typy IK se hradí kauce 200 Kč, která je při splnění podmínek uvedených ve Smlouvě o výpůjčce IK po ukončení studia vratná. Za mezinárodní průkaz ISIC se navíc hradí prvotní licence.",no,curl of live page; HTML stripped to text
HUN-S-P07-HUN-01,HUN-S,tuition,https://www.felvi.hu/felveteli/jelentkezes/korabbi_elj_archivum/felveteli_tajekoztatok/meghirdetesek_25a/!FftMegjelenitoArchivum/intezmenyek/36/kepzesek/7828.html,"Oktatási Hivatal, felvi.hu (archive of the 2025 general admission procedure)","Felvi.hu archive, 2025. szeptemberben induló képzések, programme page: személyügyi, munkaügyi és szociális igazgatási (Szegedi Tudományegyetem Állam- és Jogtudományi Kar)",2025 September intake (2025/26),2026-09-30,"programme page, 'Önköltség összege' (range minimum; 283 Hungarian-language full-time self-financed bachelor/undivided listings parsed from https://www.felvi.hu/felveteli/jelentkezes/korabbi_elj_archivum/felveteli_tajekoztatok/meghirdetesek_25a/!FftMegjelenitoArchivum/intezmenyek/36/kepzesek.html)","személyügyi, munkaügyi és szociális igazgatási (A) Képzési szint alapképzés (BA/BSc/BProf) Munkarend nappali Telephely Szeged Nyelv magyar Képzési idő 6 félév Képzési terület jogi Finanszírozási forma önköltséges Önköltség összege 195 000 Ft/félév",no,"curl (HTML, tags stripped); range computed by script HUN_crawl25.py/HUN_range25.py"
HUN-S-P07-HUN-02,HUN-S,tuition,https://www.felvi.hu/felveteli/jelentkezes/korabbi_elj_archivum/felveteli_tajekoztatok/meghirdetesek_25a/!FftMegjelenitoArchivum/intezmenyek/36/kepzesek/24781.html,"Oktatási Hivatal, felvi.hu (archive of the 2025 general admission procedure)","Felvi.hu archive, 2025. szeptemberben induló képzések, programme page: általános orvos (Szegedi Tudományegyetem Szent-Györgyi Albert Orvostudományi Kar)",2025 September intake (2025/26),2026-09-30,"programme page, 'Önköltség összege' (range maximum; 283 Hungarian-language full-time self-financed bachelor/undivided listings parsed from https://www.felvi.hu/felveteli/jelentkezes/korabbi_elj_archivum/felveteli_tajekoztatok/meghirdetesek_25a/!FftMegjelenitoArchivum/intezmenyek/36/kepzesek.html)",általános orvos (O) Képzési szint osztatlan képzés Munkarend nappali Telephely Szeged Nyelv magyar Képzési idő 12 félév Képzési terület orvos- és egészségtudomány Finanszírozási forma önköltséges Önköltség összege 1 350 000 Ft/félév,no,"curl (HTML, tags stripped); range computed by script HUN_crawl25.py/HUN_range25.py"
HUN-S-P07-HUN-03,HUN-S,compulsory_fees,https://njt.jog.gov.hu/jogszabaly/2011-204-00-00.105,"Nemzeti Jogszabálytár (njt.jog.gov.hu), Hungarian Ministry of Justice","2011. évi CCIV. törvény a nemzeti felsőoktatásról (Nftv.), time state from 2025.08.01",time state from 2025.08.01 (next time state 2025.12.17); covers the start of 2025/26,2026-09-30,81. § (2) and 83. § (1) (njt footnote markers retained),"(2) A magyar állami (rész)ösztöndíjjal támogatott képzés keretében – jogszabály eltérő rendelkezésének hiányában – a felsőoktatási intézmény nem kérhet igazgatási szolgáltatási díjat (pl. beiratkozási díj). … 83. § (1) Ha a hallgató önköltséges képzésben vesz részt, a 81. § (1)–(2) bekezdés ében meghatározottakért önköltséget, a 82. § (1)–(2) bekezdés ben felsoroltakért térítési díjat kell fizetni [...]",yes,"curl (njt.jog.gov.hu HTML, tags stripped)"
HUN-D-P07-HUN-01,HUN-D,tuition,https://www.felvi.hu/felveteli/jelentkezes/korabbi_elj_archivum/felveteli_tajekoztatok/meghirdetesek_25a/!FftMegjelenitoArchivum/intezmenyek/9/kepzesek/14044.html,"Oktatási Hivatal, felvi.hu (archive of the 2025 general admission procedure)","Felvi.hu archive, 2025. szeptemberben induló képzések, programme page: romológia (Debreceni Egyetem Gyermeknevelési és Gyógypedagógiai Kar)",2025 September intake (2025/26),2026-09-30,"programme page, 'Önköltség összege' (range minimum; 290 Hungarian-language full-time self-financed bachelor/undivided listings parsed from https://www.felvi.hu/felveteli/jelentkezes/korabbi_elj_archivum/felveteli_tajekoztatok/meghirdetesek_25a/!FftMegjelenitoArchivum/intezmenyek/9/kepzesek.html)",romológia (A) Képzési szint alapképzés (BA/BSc/BProf) Munkarend nappali Telephely Hajdúböszörmény Nyelv magyar Képzési idő 6 félév Képzési terület bölcsészettudomány Finanszírozási forma önköltséges Önköltség összege 170 000 Ft/félév,no,"curl (HTML, tags stripped); range computed by script HUN_crawl25.py/HUN_range25.py"
HUN-D-P07-HUN-02,HUN-D,tuition,https://www.felvi.hu/felveteli/jelentkezes/korabbi_elj_archivum/felveteli_tajekoztatok/meghirdetesek_25a/!FftMegjelenitoArchivum/intezmenyek/9/kepzesek/29939.html,"Oktatási Hivatal, felvi.hu (archive of the 2025 general admission procedure)","Felvi.hu archive, 2025. szeptemberben induló képzések, programme page: fogorvos (Debreceni Egyetem Fogorvostudományi Kar)",2025 September intake (2025/26),2026-09-30,"programme page, 'Önköltség összege' (range maximum; 290 Hungarian-language full-time self-financed bachelor/undivided listings parsed from https://www.felvi.hu/felveteli/jelentkezes/korabbi_elj_archivum/felveteli_tajekoztatok/meghirdetesek_25a/!FftMegjelenitoArchivum/intezmenyek/9/kepzesek.html)",fogorvos (O) Képzési szint osztatlan képzés Munkarend nappali Telephely Debrecen Nyelv magyar Képzési idő 10 félév Képzési terület orvos- és egészségtudomány Finanszírozási forma önköltséges Önköltség összege 1 350 000 Ft/félév,no,"curl (HTML, tags stripped); range computed by script HUN_crawl25.py/HUN_range25.py"
HUN-D-P07-HUN-03,HUN-D,compulsory_fees,https://njt.jog.gov.hu/jogszabaly/2011-204-00-00.105,"Nemzeti Jogszabálytár (njt.jog.gov.hu), Hungarian Ministry of Justice","2011. évi CCIV. törvény a nemzeti felsőoktatásról (Nftv.), time state from 2025.08.01",time state from 2025.08.01 (next time state 2025.12.17); covers the start of 2025/26,2026-09-30,81. § (2) and 83. § (1) (njt footnote markers retained),"(2) A magyar állami (rész)ösztöndíjjal támogatott képzés keretében – jogszabály eltérő rendelkezésének hiányában – a felsőoktatási intézmény nem kérhet igazgatási szolgáltatási díjat (pl. beiratkozási díj). … 83. § (1) Ha a hallgató önköltséges képzésben vesz részt, a 81. § (1)–(2) bekezdés ében meghatározottakért önköltséget, a 82. § (1)–(2) bekezdés ben felsoroltakért térítési díjat kell fizetni [...]",yes,"curl (njt.jog.gov.hu HTML, tags stripped)"
HUN-EL-P07-HUN-01,HUN-EL,tuition,https://www.felvi.hu/felveteli/jelentkezes/korabbi_elj_archivum/felveteli_tajekoztatok/meghirdetesek_25a/!FftMegjelenitoArchivum/intezmenyek/12/kepzesek/38218.html,"Oktatási Hivatal, felvi.hu (archive of the 2025 general admission procedure)","Felvi.hu archive, 2025. szeptemberben induló képzések, programme page: csecsemő- és kisgyermeknevelő (Eötvös Loránd Tudományegyetem Berzsenyi Dániel Pedagógusképző Központ)",2025 September intake (2025/26),2026-09-30,"programme page, 'Önköltség összege' (range minimum; 554 Hungarian-language full-time self-financed bachelor/undivided listings parsed from https://www.felvi.hu/felveteli/jelentkezes/korabbi_elj_archivum/felveteli_tajekoztatok/meghirdetesek_25a/!FftMegjelenitoArchivum/intezmenyek/12/kepzesek.html)",csecsemő- és kisgyermeknevelő (A) Képzési szint alapképzés (BA/BSc/BProf) Munkarend nappali Telephely Szombathely Nyelv magyar Képzési idő 6 félév Képzési terület pedagógusképzés Finanszírozási forma önköltséges Önköltség összege 240 000 Ft/félév,no,"curl (HTML, tags stripped); range computed by script HUN_crawl25.py/HUN_range25.py"
HUN-EL-P07-HUN-02,HUN-EL,tuition,https://www.felvi.hu/felveteli/jelentkezes/korabbi_elj_archivum/felveteli_tajekoztatok/meghirdetesek_25a/!FftMegjelenitoArchivum/intezmenyek/12/kepzesek/6412.html,"Oktatási Hivatal, felvi.hu (archive of the 2025 general admission procedure)","Felvi.hu archive, 2025. szeptemberben induló képzések, programme page: mozgókép [film- és televíziórendezés] (Eötvös Loránd Tudományegyetem Bölcsészettudományi Kar)",2025 September intake (2025/26),2026-09-30,"programme page, 'Önköltség összege' (range maximum; 554 Hungarian-language full-time self-financed bachelor/undivided listings parsed from https://www.felvi.hu/felveteli/jelentkezes/korabbi_elj_archivum/felveteli_tajekoztatok/meghirdetesek_25a/!FftMegjelenitoArchivum/intezmenyek/12/kepzesek.html)",mozgókép [film- és televíziórendezés] (A) Képzési szint alapképzés (BA/BSc/BProf) Munkarend nappali Telephely Budapest Nyelv magyar Képzési idő 6 félév Képzési terület művészet Finanszírozási forma önköltséges Önköltség összege 800 000 Ft/félév,no,"curl (HTML, tags stripped); range computed by script HUN_crawl25.py/HUN_range25.py"
HUN-EL-P07-HUN-03,HUN-EL,compulsory_fees,https://njt.jog.gov.hu/jogszabaly/2011-204-00-00.105,"Nemzeti Jogszabálytár (njt.jog.gov.hu), Hungarian Ministry of Justice","2011. évi CCIV. törvény a nemzeti felsőoktatásról (Nftv.), time state from 2025.08.01",time state from 2025.08.01 (next time state 2025.12.17); covers the start of 2025/26,2026-09-30,81. § (2) and 83. § (1) (njt footnote markers retained),"(2) A magyar állami (rész)ösztöndíjjal támogatott képzés keretében – jogszabály eltérő rendelkezésének hiányában – a felsőoktatási intézmény nem kérhet igazgatási szolgáltatási díjat (pl. beiratkozási díj). … 83. § (1) Ha a hallgató önköltséges képzésben vesz részt, a 81. § (1)–(2) bekezdés ében meghatározottakért önköltséget, a 82. § (1)–(2) bekezdés ben felsoroltakért térítési díjat kell fizetni [...]",yes,"curl (njt.jog.gov.hu HTML, tags stripped)"
HUN-EL-P07-HUN-04,HUN-EL,tuition,https://www.ajk.elte.hu/dstore/document/166684/%C3%B6nk%C3%B6lts%C3%A9g2526.pdf,ELTE Állam- és Jogtudományi Kar,1. sz. melléklet 53/2024. (X.22.) KT. sz. határozat: 2025/26. tanévre érvényes önköltség/költségtérítés összegei (Ft/félév),2025/26 (entrants from 2025-09-01; column 2025),2026-09-30,"table 'Önköltségek 2025. szeptember 1-től forintban', row 'jogász osztatlan képzés (nappali tagozat)', column 2025 (cross-check of felvi value 430 000 Ft)",2025/26. tanévre érvényes önköltség/költségtérítés összegeiről az adott évben beiratkozók vonatkozásában (Ft/félév) Önköltségek 2025. szeptember 1-től forintban Képzés 2025 2024 2023 2022 2021 2020 2019 2018 *2015. januári EMMI döntés az önköltség összegéről jogász osztatlan képzés (nappali tagozat) 430 000,no,"curl + pdftotext (UTF-8, layout; row read from layout text)"
HUN-EL-P07-HUN-05,HUN-EL,tuition,https://btk.elte.hu/ugyintezes/onkoltseg,ELTE Bölcsészettudományi Kar,Képzési önköltség - Önköltségek összegei tanéves bontásban,column '2025/26 tanévtől felvettek' (current page),2026-09-30,"table 'Alapképzés', row Anglisztika (cross-check of felvi value 350 000 Ft)",Alapképzés Képzés / szak Tagozat 2025/26 tanévtől felvettek 2021/22 tanévtől felvettek 2020/21 tanévben felvettek 2019/20 tanévben felvettek 2017/18 és 2018/19 tanévben felvettek Anglisztika nappali 350.000 300.000,no,"curl (HTML, tags stripped)"
HUN-BTE-P07-HUN-01,HUN-BTE,tuition,https://www.felvi.hu/felveteli/jelentkezes/korabbi_elj_archivum/felveteli_tajekoztatok/meghirdetesek_25a/!FftMegjelenitoArchivum/intezmenyek/7/kepzesek/601.html,"Oktatási Hivatal, felvi.hu (archive of the 2025 general admission procedure)","Felvi.hu archive, 2025. szeptemberben induló képzések, programme page: gazdálkodási és menedzsment (Budapesti Műszaki és Gazdaságtudományi Egyetem Gazdaság- és Társadalomtudományi Kar)",2025 September intake (2025/26),2026-09-30,"programme page, 'Önköltség összege' (range minimum; 25 Hungarian-language full-time self-financed bachelor/undivided listings parsed from https://www.felvi.hu/felveteli/jelentkezes/korabbi_elj_archivum/felveteli_tajekoztatok/meghirdetesek_25a/!FftMegjelenitoArchivum/intezmenyek/7/kepzesek.html)",gazdálkodási és menedzsment (A) Képzési szint alapképzés (BA/BSc/BProf) Munkarend nappali Telephely Budapest Nyelv magyar Képzési idő 7 félév Képzési terület gazdaságtudományok Finanszírozási forma önköltséges Önköltség összege 300 000 Ft/félév,no,"curl (HTML, tags stripped); range computed by script HUN_crawl25.py/HUN_range25.py"
HUN-BTE-P07-HUN-02,HUN-BTE,tuition,https://www.felvi.hu/felveteli/jelentkezes/korabbi_elj_archivum/felveteli_tajekoztatok/meghirdetesek_25a/!FftMegjelenitoArchivum/intezmenyek/7/kepzesek/14092.html,"Oktatási Hivatal, felvi.hu (archive of the 2025 general admission procedure)","Felvi.hu archive, 2025. szeptemberben induló képzések, programme page: matematika (Budapesti Műszaki és Gazdaságtudományi Egyetem Természettudományi Kar)",2025 September intake (2025/26),2026-09-30,"programme page, 'Önköltség összege' (range maximum; 25 Hungarian-language full-time self-financed bachelor/undivided listings parsed from https://www.felvi.hu/felveteli/jelentkezes/korabbi_elj_archivum/felveteli_tajekoztatok/meghirdetesek_25a/!FftMegjelenitoArchivum/intezmenyek/7/kepzesek.html)",matematika (A) Képzési szint alapképzés (BA/BSc/BProf) Munkarend nappali Telephely Budapest Nyelv magyar Képzési idő 6 félév Képzési terület természettudomány Finanszírozási forma önköltséges Önköltség összege 600 000 Ft/félév,no,"curl (HTML, tags stripped); range computed by script HUN_crawl25.py/HUN_range25.py"
HUN-BTE-P07-HUN-03,HUN-BTE,compulsory_fees,https://njt.jog.gov.hu/jogszabaly/2011-204-00-00.105,"Nemzeti Jogszabálytár (njt.jog.gov.hu), Hungarian Ministry of Justice","2011. évi CCIV. törvény a nemzeti felsőoktatásról (Nftv.), time state from 2025.08.01",time state from 2025.08.01 (next time state 2025.12.17); covers the start of 2025/26,2026-09-30,81. § (2) and 83. § (1) (njt footnote markers retained),"(2) A magyar állami (rész)ösztöndíjjal támogatott képzés keretében – jogszabály eltérő rendelkezésének hiányában – a felsőoktatási intézmény nem kérhet igazgatási szolgáltatási díjat (pl. beiratkozási díj). … 83. § (1) Ha a hallgató önköltséges képzésben vesz részt, a 81. § (1)–(2) bekezdés ében meghatározottakért önköltséget, a 82. § (1)–(2) bekezdés ben felsoroltakért térítési díjat kell fizetni [...]",yes,"curl (njt.jog.gov.hu HTML, tags stripped)"
HUN-BTE-P07-HUN-04,HUN-BTE,tuition,https://www.kth.bme.hu/document/3163/original/onkoltsegi_dijak_osszesitett_2025_26.pdf,BME Központi Tanulmányi Hivatal,Önköltségi díjak összesített 2025/26 (table by programme code and year of enrolment),row for Beiratkozás éve 2025 (2025 entrants),2026-09-30,"row 9N-AM06, year 2025 (a 9N [Faculty of Natural Sciences] bachelor code listed in checker row HUN-BTE-CV016-01; programme name not legible in the layout text of this PDF, mapping not verified here)",9N-AM06 2025 240 000 Ft 12 000 Ft Kreditdíj az alapdíj felett fizetendő,no,"curl + pdftotext (UTF-8, layout)"
HUN-BTE-P07-HUN-05,HUN-BTE,regime,https://www.felvi.hu/felveteli/jelentkezes/korabbi_elj_archivum/felveteli_tajekoztatok/meghirdetesek_25a/!FftMegjelenitoArchivum/intezmenyek/7/kepzesek.html,"Oktatási Hivatal, felvi.hu (archive of the 2025 general admission procedure)","Felvi.hu archive, 2025: Budapesti Műszaki és Gazdaságtudományi Egyetem, institution page",2025 September intake,2026-09-30,"institution header, 'Fenntartó' (evidence for the control note only; no price effect)","Budapesti Műszaki és Gazdaságtudományi Egyetem Székhely: 1111 Budapest, Műegyetem rakpart 3. Honlap: https://www.bme.hu Rektor: Dr. Charaf Hassan Fenntartó: BME Fenntartó Zártkörűen Működő Részvénytársaság",no,"curl (HTML, tags stripped)"
HUN-P-P07-HUN-01,HUN-P,tuition,https://www.felvi.hu/felveteli/jelentkezes/korabbi_elj_archivum/felveteli_tajekoztatok/meghirdetesek_25a/!FftMegjelenitoArchivum/intezmenyek/32/kepzesek/27154.html,"Oktatási Hivatal, felvi.hu (archive of the 2025 general admission procedure)","Felvi.hu archive, 2025. szeptemberben induló képzések, programme page: csecsemő- és kisgyermeknevelő (Pécsi Tudományegyetem Kultúratudományi, Pedagógusképző és Vidékfejlesztési Kar)",2025 September intake (2025/26),2026-09-30,"programme page, 'Önköltség összege' (range minimum; 330 Hungarian-language full-time self-financed bachelor/undivided listings parsed from https://www.felvi.hu/felveteli/jelentkezes/korabbi_elj_archivum/felveteli_tajekoztatok/meghirdetesek_25a/!FftMegjelenitoArchivum/intezmenyek/32/kepzesek.html)",csecsemő- és kisgyermeknevelő (A) Képzési szint alapképzés (BA/BSc/BProf) Munkarend nappali Telephely Szekszárd Nyelv magyar Képzési idő 6 félév Képzési terület pedagógusképzés Finanszírozási forma önköltséges Önköltség összege 200 000 Ft/félév,no,"curl (HTML, tags stripped); range computed by script HUN_crawl25.py/HUN_range25.py"
HUN-P-P07-HUN-02,HUN-P,tuition,https://www.felvi.hu/felveteli/jelentkezes/korabbi_elj_archivum/felveteli_tajekoztatok/meghirdetesek_25a/!FftMegjelenitoArchivum/intezmenyek/32/kepzesek/20002.html,"Oktatási Hivatal, felvi.hu (archive of the 2025 general admission procedure)","Felvi.hu archive, 2025. szeptemberben induló képzések, programme page: fogorvos (Pécsi Tudományegyetem Általános Orvostudományi Kar)",2025 September intake (2025/26),2026-09-30,"programme page, 'Önköltség összege' (range maximum; 330 Hungarian-language full-time self-financed bachelor/undivided listings parsed from https://www.felvi.hu/felveteli/jelentkezes/korabbi_elj_archivum/felveteli_tajekoztatok/meghirdetesek_25a/!FftMegjelenitoArchivum/intezmenyek/32/kepzesek.html)",fogorvos (O) Képzési szint osztatlan képzés Munkarend nappali Telephely Pécs Nyelv magyar Képzési idő 10 félév Képzési terület orvos- és egészségtudomány Finanszírozási forma önköltséges Önköltség összege 1 350 000 Ft/félév,no,"curl (HTML, tags stripped); range computed by script HUN_crawl25.py/HUN_range25.py"
HUN-P-P07-HUN-03,HUN-P,compulsory_fees,https://njt.jog.gov.hu/jogszabaly/2011-204-00-00.105,"Nemzeti Jogszabálytár (njt.jog.gov.hu), Hungarian Ministry of Justice","2011. évi CCIV. törvény a nemzeti felsőoktatásról (Nftv.), time state from 2025.08.01",time state from 2025.08.01 (next time state 2025.12.17); covers the start of 2025/26,2026-09-30,81. § (2) and 83. § (1) (njt footnote markers retained),"(2) A magyar állami (rész)ösztöndíjjal támogatott képzés keretében – jogszabály eltérő rendelkezésének hiányában – a felsőoktatási intézmény nem kérhet igazgatási szolgáltatási díjat (pl. beiratkozási díj). … 83. § (1) Ha a hallgató önköltséges képzésben vesz részt, a 81. § (1)–(2) bekezdés ében meghatározottakért önköltséget, a 82. § (1)–(2) bekezdés ben felsoroltakért térítési díjat kell fizetni [...]",yes,"curl (njt.jog.gov.hu HTML, tags stripped)"
LTU-V-P07-LTU-01,LTU-V,tuition,https://www.old.vu.lt/site_files/1_pakopos_kainos_2025.pdf,Vilnius University,"Vilniaus universiteto pirmosios pakopos ir vientisųjų studijų programų, į kurias vykdomas priėmimas 2025–2026 studijų metais, kainos ir studijų vietų skaičius (Senate decision SPN-2, 2025-02-18)",2025-2026,2026-09-30,title p.1; row 21 p.1; row 122 (Odontologija) and 121 (Medicina) p.4; footnote ** p.5,"VILNIAUS UNIVERSITETO PIRMOSIOS PAKOPOS IR VIENTISŲJŲ STUDIJŲ PROGRAMŲ, Į KURIAS VYKDOMAS PRIĖMIMAS 2025–2026 STUDIJŲ METAIS, KAINOS IR STUDIJŲ VIETŲ SKAIČIUS | 21 6121NX012 N Humanitariniai mokslai N01 Lingvistika Anglų ir kita užsienio (ispanų) kalba NL (D) Humanitarinių mokslų bakalauras 4 240 3176 3176 52.93 | 121 6011GX004 G Sveikatos mokslai G01 Medicina Medicina** NL (D) Sveikatos mokslų ma [...]",yes,curl + pymupdf text; p.4 rows checked visually on rendered page; price column machine-extracted
LTU-V-P07-LTU-02,LTU-V,compulsory_fees,https://www.vu.lt/uploads/Imoku_tvarkos_aprasas_83b4281697.pdf,Vilnius University,"Vilniaus universiteto studijų įmokų mokėjimo, grąžinimo ir išieškojimo tvarkos aprašas (Senate SPN-30, 2025-06-17; 2026-06-16 SPN-38 redaction)",2025 rules as amended 2026 (redaction read),2026-09-30,chapter II paras 4-5,"4. Metinė studijų kaina ir kitų su studijomis susijusių mokesčių (toliau – studijų įmokos) dydis nurodomas studijuojančiojo su Universitetu sudarytoje studijų sutartyje (toliau – studijų sutartis). 5. Studijų įmoka, mokama už vieno semestro trukmės studijas (toliau – semestro studijų įmoka), yra apskaičiuojama studijų sutartyje nustatytą metinę studijų kainą padalinant per pusę.",no,curl + pymupdf text
LTU-KT-P07-LTU-01,LTU-KT,tuition,https://web.archive.org/web/20250527025634id_/https://stojantiesiems.ktu.edu/bakalauras/,Kaunas University of Technology,Bakalauro studijos | KTU – Finansinė informacija: Studijų kainos (Wayback capture 2025-05-27),2025-2026,2026-09-30,section Finansinė informacija > Studijų kainos,"Studijų kainos 2025-2026 m. m. metinė studijų kaina, įstojus į valstybės nefinansuojamą studijų vietą: Studijų kryptis arba studijų krypčių grupė Nuolatinės Ištęstinės Kredito kaina 2 Verslo ir viešosios vadybos studijų krypčių grupė, ekonomikos, politikos mokslų, komunikacijos, lingvistikos studijų kryptys 3176€ 2117€ 52,93€ Technologijų mokslų, inžinerijos mokslų, informatikos mokslų, matematiko [...]",yes,"curl (Wayback id_ raw capture, gzip) + HTML-to-text; same table in capture 20251002143610"
LTU-KT-P07-LTU-02,LTU-KT,compulsory_fees,https://web.archive.org/web/20250527025634id_/https://stojantiesiems.ktu.edu/bakalauras/,Kaunas University of Technology,Bakalauro studijos | KTU – Privalomosios įmokos (Wayback capture 2025-05-27),2025,2026-09-30,section Privalomosios įmokos,"Stojamoji studijų įmoka ( moka stojantieji, pateikdami prašymą, išskyrus stojančiuosius per LAMA BPO ): įmokos dydis – 25 Eur, įmokos pavadinimas – Stojamoji studijų įmoka , kodas 2881 Registracijos studijoms įmoka ( moka pakviestieji studijuoti, pasirašydami studijų sutartis ): įmokos dydis – 50 Eur (klausytojai moka 20 Eur, teikdami priėmimo prašymą), įmokos pavadinimas – Registracijos studijoms [...]",yes,"curl (Wayback id_ raw capture, gzip) + HTML-to-text; documents the EXCLUDED one-off fees"
LTU-VGT-P07-LTU-01,LTU-VGT,tuition,https://web.archive.org/web/20251113022635id_/https://vilniustech.lt/-stojantiesiems-/bakalauro-ir-vientisosios-studijos/studiju-kaina/292944?lang=1,Vilnius Gediminas Technical University (VILNIUS TECH),Studijų kainos - bakalauro ir vientisosios studijos (Wayback capture 2025-11-13),2025 admissions (2025-2026),2026-09-30,price table,"Studentų, priimamų 2025 metais į aukštąsias mokyklas, norminė universitetinių studijų kaina, patvirtinta Lietuvos Respublikos švietimo, mokslo ir sporto ministro 2024 m. gruodžio 30 d. įsakymu Nr. V-1455 (neįstojus į valstybės finansuojamą vietą) Studijų pakopa Studijų kryptis (studijų programų grupė) Metinė studijų kaina, Eur. Nuolatinės, išlyginamosios nuolatinės studijos Ištęstinės, papildomos, [...]",yes,"curl (Wayback id_ raw capture, gzip) + HTML-to-text"
LTU-VGT-P07-LTU-02,LTU-VGT,compulsory_fees,https://web.archive.org/web/20260121225749id_/https://vilniustech.lt/files/5491/274/13/16_0/Pri%C4%97mimo%20%C4%AF%20pirmosios%20ir%20antrosios%20pakopos%20studijas%202025%20m.pdf,Vilnius Gediminas Technical University (VILNIUS TECH),Vilniaus Gedimino technikos universiteto priėmimo į pirmosios ir antrosios pakopos studijas 2025 m. taisyklės (Wayback capture 2026-01-21),2025 admissions,2026-09-30,"chapter V, para. 19.1","19.1. Registracijos įmoka. Šią įmoką nustato ir tvirtina Vilniaus Gedimino technikos universiteto senatas. Registracijos įmoka mokama kiekvieną kartą, kai stojant yra sudaroma nauja studijų sutartis, nesvarbu, ar keičiasi tik studijų forma, ar finansavimo pobūdis ir pan. Nutraukus studijų sutartį, registracijos įmoka negrąžinama.",no,curl (Wayback id_) + pymupdf text; documents the EXCLUDED one-off fee (amount for LT/EU citizens not stated in these rules)
LTU-VGT-P07-LTU-03,LTU-VGT,regime,https://web.archive.org/web/20260121225749id_/https://vilniustech.lt/files/5491/274/13/16_0/Pri%C4%97mimo%20%C4%AF%20pirmosios%20ir%20antrosios%20pakopos%20studijas%202025%20m.pdf,Vilnius Gediminas Technical University (VILNIUS TECH),"VILNIUS TECH priėmimo 2025 m. taisyklės - programme list, Lietuvos jūreivystės akademija (Wayback capture 2026-01-21)",2025 admissions,2026-09-30,"first-cycle programme list, section Lietuvos jūreivystės akademija","Lietuvos jūreivystės akademija 6531FX008 Jūrų laivavedyba Jūrų laivų valdymas 4 4 66 Technologijų mokslų profesinis bakalauras, profesinė kvalifikacija – laivavedys | 6531FX009 Jūrų transporto logistikos technologijos Muitinės procedūros 3; 3 (sj) 3 Technologijų mokslų profesinis bakalauras",no,curl (Wayback id_) + pymupdf text
LTU-VGT-P07-LTU-04,LTU-VGT,regime,https://web.archive.org/web/20250621172255id_/https://lajm.lt/lt/stojantiesiems/studiju-metine-kaina/,VILNIUS TECH Lithuanian Maritime Academy (lajm.lt),Studijų metinė kaina ir įmokų rekvizitai (Wayback capture 2025-06-21; same file list in capture 2026-01-12),page as of June 2025; lists schedules for 2019-2024 only,2026-09-30,list of linked price PDFs,"href=""/wp-content/uploads/2024/06/Studiju_kaina_2024.pdf"" | href=""/wp-content/uploads/2023/10/2023_studiju_kainos.pdf""",no,curl (Wayback id_ raw capture); no 2025 schedule linked (documents the gap); 2024 PDF read: full-time LAJM prices 2280-3120 EUR
LTU-VGT-P07-LTU-05,LTU-VGT,regime,https://web.archive.org/web/20251112151142id_/https://lajm.lt/wp-content/uploads/2024/06/Studiju_kaina_2024.pdf,Lietuvos aukštoji jūreivystės mokykla (LAJM),"Studentų, priimamų 2024 metais į Lietuvos aukštąją jūreivystės mokyklą, skaičius, studijų kainos bei registravimo įmokos dydžiai","2024 admissions (context only, not 2025/26)",2026-09-30,"rows 1-5, columns Nuolatinė studijų forma: Norminė / Studijų kaina LAJM",1. Jūrų laivavedyba 2782 3120 52 | 2. Jūrų transporto logistikos technologijos 2782 2880 48 | 5. Uosto ir laivybos valdymas 2046 2280 38,no,"curl (Wayback id_) + pymupdf text; columns confirmed visually on rendered page (full-time: normative, LAJM price, credit price)"
LTU-VM-P07-LTU-01,LTU-VM,tuition,https://www.vdu.lt/wp-content/uploads/2025/06/VDU-priemimo-taisykles-2025-m.-06.01.pdf,Vytautas Magnus University,"Lietuvoje vidurinį išsilavinimą įgijusių asmenų priėmimo į VDU pirmosios pakopos ir vientisąsias studijas 2025 m. taisyklės, 1 priedas: 2025/2026 m.m. metinė pirmosios pakopos ir vientisųjų studijų kainos",2025/2026,2026-09-30,"annex 1, pp.17-18 (rows 6011KX003, 6121PX031, 6121PX033)","VYTAUTO DIDŽIOJO UNIVERSITETO 2025/2026 M.M. METINĖ PIRMOSIOS PAKOPOS IR VIENTISŲJŲ STUDIJŲ KAINOS Studijų programos valstybinis kodas Studijų programa / studijų programų grupė 2025 m. metinė studijų kaina (€) | 6011KX003 Teisė 3176 (NL) | 6121PX031 Atlikimo menas (specializacijos: akordeonas, dirigavimas chorui, dirigavimas orkestrui, dainavimas, džiazas, fortepijonas, pučiamieji ir mušamieji ins [...]",yes,curl + pymupdf text; p.18 checked visually on rendered page
LTU-VM-P07-LTU-02,LTU-VM,compulsory_fees,https://www.vdu.lt/wp-content/uploads/2025/06/VDU-priemimo-taisykles-2025-m.-06.01.pdf,Vytautas Magnus University,VDU priėmimo taisyklės 2025 m. (registration fee paragraph),2025 admissions,2026-09-30,para. 35 (documents submitted when signing the study contract),"35. Pasirašant elektroninę studijų sutartį https://epasirasymas.vdu.lt/ sistemoje universitetui pateikiamos elektroninės brandos atestato ir jo priedo(ų) arba kito(ų) vidurinį išsilavinimą liudijančio(ų) dokumento(ų) kopijos, taip pat kiti dokumentai, kurie buvo naudojami skaičiuojant konkursinį balą, asmens dokumento(ų) kopijos, taip pat į Universiteto sąskaitą įmokėto registracijos mokesčio kvit [...]",yes,curl + pymupdf text; documents the EXCLUDED one-off registration fee
LTU-MR-P07-LTU-01,LTU-MR,tuition,https://web.archive.org/web/20250815034229id_/https://www.mruni.eu/studiju-kaina-bakalauro-studijos/,Mykolas Romeris University,Studijų kaina | Bakalauro studijos - MRU (Wayback capture 2025-08-15),2025 admissions (2025-2026),2026-09-30,table Bakalauro studijų kainos įstojusiems 2025 m.,"Bakalauro studijų kainos įstojusiems 2025 m. į valstybės nefinansuojamas vietas Studijų kaina už semestrą, eurais Studijų programa Studijų forma Nuolatinės studijos Ištęstinės studijos | Nacionalinis saugumas 2777 € – | Teisė 1588 € 1112 € | Valstybės valdymas ir lyderystė 1588 € – | Viešasis saugumas (koleginės studijos) 2276 € – | Žaidimų kūrimas ir skaitmeninė animacija * Lietuvoje – 2054 € , P [...]",yes,curl (Wayback id_ raw capture) + HTML-to-text
LTU-MR-P07-LTU-02,LTU-MR,compulsory_fees,https://www.mruni.eu/wp-content/uploads/2025/07/Imoku-mokejimo-tvarkos-aprasas.pdf,Mykolas Romeris University,"Mykolo Romerio universiteto įmokų mokėjimo tvarkos aprašas (Council decision 1UT-12, 2025-07-02)",from 2025-07-02,2026-09-30,para. 4.1-4.2,"4.1.1. įmoka už studijas, kurią moka valstybės nefinansuojamoje vietoje studijuojantis studentas, papildomų studijų klausytojas arba eksternas; | 4.2. Įmokos, tiesiogiai nesusijusios su studijų programos įgyvendinimu: 4.2.1. registracijos įmoka – kviečiamo studijuoti asmens mokama nustatyto dydžio įmoka;",no,curl + pymupdf text
POL-W-P07-POL-01,POL-W,tuition,https://monitor.uw.edu.pl/Lists/Uchway/Attachments/7431/M.2025.224.Zarz.99.pdf,Uniwersytet Warszawski (Monitor UW),Zarządzenie nr 99 Rektora Uniwersytetu Warszawskiego z dnia 30 maja 2025 r. w sprawie wysokości opłat za usługi edukacyjne dla studentów rozpoczynających studia w roku akademickim 2025/2026 (Monitor UW 2025 poz. 224),2025/26,2026-09-30,preamble; § 1; annex (all 183 programme entries scanned for Studia stacjonarne rows),Na podstawie art. 79 ust. 1 pkt 1–4 ustawy z dnia 20 lipca 2018 r. – Prawo o szkolnictwie wyższym i nauce [...] Ustala się opłaty za usługi edukacyjne na Uniwersytecie Warszawskim dla studentów rozpoczynających studia w roku akademickim 2025/2026 w wysokości określonej w załączniku do zarządzenia.,no,curl + pdftotext -layout (annex layout read in text; amounts only in notes)
POL-W-P07-POL-02,POL-W,regime,https://api.sejm.gov.pl/eli/acts/DU/2024/1571/text.pdf,Sejm RP / Dziennik Ustaw (ELI API),Obwieszczenie Marszałka Sejmu z dnia 11 września 2024 r. – jednolity tekst ustawy z dnia 20 lipca 2018 r. Prawo o szkolnictwie wyższym i nauce (Dz. U. 2024 poz. 1571),"in force from 24 Oct 2024; amendments in force by 1 Oct 2025 (Dz.U. 2024 poz. 1871, 1897; 2025 poz. 619-622, 1162) checked: none amends art. 79 ust. 1",2026-09-30,art. 79 ust. 1 (PDF p. 32),Art. 79. 1. Uczelnia publiczna może pobierać opłaty za usługi edukacyjne związane z: 1) kształceniem na studiach niestacjonarnych; 2) powtarzaniem określonych zajęć na studiach stacjonarnych z powodu niezadowalających wyników w nauce; 3) kształceniem na studiach w języku obcym; 4) prowadzeniem zajęć nieobjętych programem studiów; 5) kształceniem cudzoziemców na studiach stacjonarnych w języku pols [...],yes,curl + pdftotext
POL-W-P07-POL-03,POL-W,compulsory_fees,https://api.sejm.gov.pl/eli/acts/DU/2024/1571/text.pdf,Sejm RP / Dziennik Ustaw (ELI API),Obwieszczenie Marszałka Sejmu z dnia 11 września 2024 r. – jednolity tekst ustawy z dnia 20 lipca 2018 r. Prawo o szkolnictwie wyższym i nauce (Dz. U. 2024 poz. 1571),"in force from 24 Oct 2024 (applies to 2025/26; later amendment Dz.U. 2025 poz. 1837 to art. 79 ust. 2 pkt 4, diploma copies, not relevant to baseline)",2026-09-30,art. 79 ust. 2; art. 80 ust. 6 (PDF pp. 32-33),2. Uczelnia publiczna może pobierać opłaty również za: 1) przeprowadzenie rekrutacji; 2) przeprowadzenie potwierdzania efektów uczenia się; 3) wydanie indeksu i legitymacji studenckiej oraz duplikatów tych dokumentów; [...] 6) korzystanie z domów studenckich i stołówek studenckich. [...] 6. Uczelnia nie pobiera opłat za czynności związane z weryfikacją efektów uczenia się określonych w programie s [...],yes,curl + pdftotext
POL-J-P07-POL-01,POL-J,tuition,https://bip.uj.edu.pl/documents/1384597/157905726/zarz_11_2025.pdf/,Uniwersytet Jagielloński (BIP),"Zarządzenie nr 11 Rektora Uniwersytetu Jagiellońskiego z dnia 12 lutego 2025 roku w sprawie opłat za usługi edukacyjne dla cykli studiów pierwszego stopnia, studiów drugiego stopnia oraz jednolitych studiów magisterskich rozpoczynających się w roku akademickim 2025/2026",2025/26 (cycles starting 2025/26),2026-09-30,§ 1; annex table (column group 'obywatele polscy' '-' for all full-time Polish-language rows; visually checked),"Ustala się opłaty za usługi edukacyjne świadczone przez Uniwersytet Jagielloński dla cykli studiów pierwszego stopnia, studiów drugiego stopnia oraz jednolitych studiów magisterskich rozpoczynających się w roku akademickim 2025/2026 związane z: 1) kształceniem na studiach niestacjonarnych; 2) powtarzaniem określonych zajęć na studiach stacjonarnych z powodu niezadowalających wyników w nauce; 3) ks [...]",yes,curl + pdftotext; annex rendered with pymupdf and read visually
POL-J-P07-POL-02,POL-J,regime,https://api.sejm.gov.pl/eli/acts/DU/2024/1571/text.pdf,Sejm RP / Dziennik Ustaw (ELI API),Obwieszczenie Marszałka Sejmu z dnia 11 września 2024 r. – jednolity tekst ustawy z dnia 20 lipca 2018 r. Prawo o szkolnictwie wyższym i nauce (Dz. U. 2024 poz. 1571),"in force from 24 Oct 2024; amendments in force by 1 Oct 2025 (Dz.U. 2024 poz. 1871, 1897; 2025 poz. 619-622, 1162) checked: none amends art. 79 ust. 1",2026-09-30,art. 79 ust. 1 (PDF p. 32),Art. 79. 1. Uczelnia publiczna może pobierać opłaty za usługi edukacyjne związane z: 1) kształceniem na studiach niestacjonarnych; 2) powtarzaniem określonych zajęć na studiach stacjonarnych z powodu niezadowalających wyników w nauce; 3) kształceniem na studiach w języku obcym; 4) prowadzeniem zajęć nieobjętych programem studiów; 5) kształceniem cudzoziemców na studiach stacjonarnych w języku pols [...],yes,curl + pdftotext
POL-J-P07-POL-03,POL-J,compulsory_fees,https://api.sejm.gov.pl/eli/acts/DU/2024/1571/text.pdf,Sejm RP / Dziennik Ustaw (ELI API),Obwieszczenie Marszałka Sejmu z dnia 11 września 2024 r. – jednolity tekst ustawy z dnia 20 lipca 2018 r. Prawo o szkolnictwie wyższym i nauce (Dz. U. 2024 poz. 1571),"in force from 24 Oct 2024 (applies to 2025/26; later amendment Dz.U. 2025 poz. 1837 to art. 79 ust. 2 pkt 4, diploma copies, not relevant to baseline)",2026-09-30,art. 79 ust. 2; art. 80 ust. 6 (PDF pp. 32-33),2. Uczelnia publiczna może pobierać opłaty również za: 1) przeprowadzenie rekrutacji; 2) przeprowadzenie potwierdzania efektów uczenia się; 3) wydanie indeksu i legitymacji studenckiej oraz duplikatów tych dokumentów; [...] 6) korzystanie z domów studenckich i stołówek studenckich. [...] 6. Uczelnia nie pobiera opłat za czynności związane z weryfikacją efektów uczenia się określonych w programie s [...],yes,curl + pdftotext
POL-WT-P07-POL-01,POL-WT,tuition,https://www.bip.pw.edu.pl/content/download/74589/709236/file/98_2025_DECYZJA%20Rektora%20.pdf,Politechnika Warszawska (BIP),Decyzja nr 98/2025 Rektora Politechniki Warszawskiej z dnia 19 maja 2025 r. w sprawie wysokości opłat za kształcenie w roku akademickim 2025/2026 dla obywateli polskich i obywateli państw członkowskich Unii Europejskiej [...] mieszkających na terytorium Rzeczypospolitej Polskiej,2025/26,2026-09-30,§ 1 ust. 1,"1. W roku akademickim 2025/2026 ustala się wysokość następujących opłat: 1) opłaty za kształcenie: a) na studiach niestacjonarnych, b) na studiach stacjonarnych w języku angielskim, zgodnie z załącznikiem nr 1 do decyzji; 2) opłaty za powtarzanie określonych zajęć na studiach stacjonarnych z powodu niezadawalających wyników w nauce, zgodnie z załącznikiem nr 2 do decyzji; 3) opłaty za prowadzenie [...]",yes,curl + pdftotext
POL-WT-P07-POL-02,POL-WT,regime,https://api.sejm.gov.pl/eli/acts/DU/2024/1571/text.pdf,Sejm RP / Dziennik Ustaw (ELI API),Obwieszczenie Marszałka Sejmu z dnia 11 września 2024 r. – jednolity tekst ustawy z dnia 20 lipca 2018 r. Prawo o szkolnictwie wyższym i nauce (Dz. U. 2024 poz. 1571),"in force from 24 Oct 2024; amendments in force by 1 Oct 2025 (Dz.U. 2024 poz. 1871, 1897; 2025 poz. 619-622, 1162) checked: none amends art. 79 ust. 1",2026-09-30,art. 79 ust. 1 (PDF p. 32),Art. 79. 1. Uczelnia publiczna może pobierać opłaty za usługi edukacyjne związane z: 1) kształceniem na studiach niestacjonarnych; 2) powtarzaniem określonych zajęć na studiach stacjonarnych z powodu niezadowalających wyników w nauce; 3) kształceniem na studiach w języku obcym; 4) prowadzeniem zajęć nieobjętych programem studiów; 5) kształceniem cudzoziemców na studiach stacjonarnych w języku pols [...],yes,curl + pdftotext
POL-WT-P07-POL-03,POL-WT,compulsory_fees,https://api.sejm.gov.pl/eli/acts/DU/2024/1571/text.pdf,Sejm RP / Dziennik Ustaw (ELI API),Obwieszczenie Marszałka Sejmu z dnia 11 września 2024 r. – jednolity tekst ustawy z dnia 20 lipca 2018 r. Prawo o szkolnictwie wyższym i nauce (Dz. U. 2024 poz. 1571),"in force from 24 Oct 2024 (applies to 2025/26; later amendment Dz.U. 2025 poz. 1837 to art. 79 ust. 2 pkt 4, diploma copies, not relevant to baseline)",2026-09-30,art. 79 ust. 2; art. 80 ust. 6 (PDF pp. 32-33),2. Uczelnia publiczna może pobierać opłaty również za: 1) przeprowadzenie rekrutacji; 2) przeprowadzenie potwierdzania efektów uczenia się; 3) wydanie indeksu i legitymacji studenckiej oraz duplikatów tych dokumentów; [...] 6) korzystanie z domów studenckich i stołówek studenckich. [...] 6. Uczelnia nie pobiera opłat za czynności związane z weryfikacją efektów uczenia się określonych w programie s [...],yes,curl + pdftotext
POL-AMP-P07-POL-01,POL-AMP,tuition,https://amu.edu.pl/__data/assets/pdf_file/0027/594234/Zarzadzenie-Nr-60_2024_2025.pdf,Uniwersytet im. Adama Mickiewicza w Poznaniu,Zarządzenie Nr 60/2024/2025 Rektora Uniwersytetu im. Adama Mickiewicza w Poznaniu z dnia 4 marca 2025 roku w sprawie opłat za usługi edukacyjne w roku akademickim 2025/2026,2025/26,2026-09-30,"§ 1 pkt 1, 3, 8, 9; § 2 ust. 1","Ustala się opłaty za: 1) kształcenie na studiach niestacjonarnych w roku akademickim 2025/2026 w wysokości określonej w załączniku nr 1 do niniejszego zarządzenia, [...] 9) kształcenie na I roku studiów stacjonarnych w języku obcym rozpoczynających się w roku akademickim 2025/2026 w wysokości określonej w załączniku nr 9 do niniejszego zarządzenia, [...] § 2 1. Cudzoziemcy podejmujący kształcenie [...]",yes,curl + pdftotext
POL-AMP-P07-POL-02,POL-AMP,regime,https://api.sejm.gov.pl/eli/acts/DU/2024/1571/text.pdf,Sejm RP / Dziennik Ustaw (ELI API),Obwieszczenie Marszałka Sejmu z dnia 11 września 2024 r. – jednolity tekst ustawy z dnia 20 lipca 2018 r. Prawo o szkolnictwie wyższym i nauce (Dz. U. 2024 poz. 1571),"in force from 24 Oct 2024; amendments in force by 1 Oct 2025 (Dz.U. 2024 poz. 1871, 1897; 2025 poz. 619-622, 1162) checked: none amends art. 79 ust. 1",2026-09-30,art. 79 ust. 1 (PDF p. 32),Art. 79. 1. Uczelnia publiczna może pobierać opłaty za usługi edukacyjne związane z: 1) kształceniem na studiach niestacjonarnych; 2) powtarzaniem określonych zajęć na studiach stacjonarnych z powodu niezadowalających wyników w nauce; 3) kształceniem na studiach w języku obcym; 4) prowadzeniem zajęć nieobjętych programem studiów; 5) kształceniem cudzoziemców na studiach stacjonarnych w języku pols [...],yes,curl + pdftotext
POL-AMP-P07-POL-03,POL-AMP,compulsory_fees,https://api.sejm.gov.pl/eli/acts/DU/2024/1571/text.pdf,Sejm RP / Dziennik Ustaw (ELI API),Obwieszczenie Marszałka Sejmu z dnia 11 września 2024 r. – jednolity tekst ustawy z dnia 20 lipca 2018 r. Prawo o szkolnictwie wyższym i nauce (Dz. U. 2024 poz. 1571),"in force from 24 Oct 2024 (applies to 2025/26; later amendment Dz.U. 2025 poz. 1837 to art. 79 ust. 2 pkt 4, diploma copies, not relevant to baseline)",2026-09-30,art. 79 ust. 2; art. 80 ust. 6 (PDF pp. 32-33),2. Uczelnia publiczna może pobierać opłaty również za: 1) przeprowadzenie rekrutacji; 2) przeprowadzenie potwierdzania efektów uczenia się; 3) wydanie indeksu i legitymacji studenckiej oraz duplikatów tych dokumentów; [...] 6) korzystanie z domów studenckich i stołówek studenckich. [...] 6. Uczelnia nie pobiera opłat za czynności związane z weryfikacją efektów uczenia się określonych w programie s [...],yes,curl + pdftotext
POL-PLS-P07-POL-01,POL-PLS,tuition,https://bip.up.poznan.pl/sites/default/files/artukuly/zarzadzenie_nr_27-2025_oplaty_za_studia_niestacjonarne.pdf,Uniwersytet Przyrodniczy w Poznaniu (BIP),Zarządzenie nr 27/2025 Rektora Uniwersytetu Przyrodniczego w Poznaniu z dnia 20 marca 2025 roku w sprawie wysokości opłat za usługi edukacyjne świadczone w roku akademickim 2025/2026,2025/26,2026-09-30,§ 1 ust. 1; § 2; § 3 ust. 2,"1. Ustala się opłaty za kształcenie na niestacjonarnych studiach pierwszego stopnia, rozpoczynających się w roku akademickim 2025/2026, w następującej wysokości: [...] § 2 Opłata za powtarzanie niezaliczonych zajęć na studiach stacjonarnych wynosi: [...] 2. Opłata za kształcenie na anglojęzycznych studiach drugiego stopnia wynosi 2000 zł za semestr.",no,curl + pdftotext
POL-PLS-P07-POL-02,POL-PLS,regime,https://api.sejm.gov.pl/eli/acts/DU/2024/1571/text.pdf,Sejm RP / Dziennik Ustaw (ELI API),Obwieszczenie Marszałka Sejmu z dnia 11 września 2024 r. – jednolity tekst ustawy z dnia 20 lipca 2018 r. Prawo o szkolnictwie wyższym i nauce (Dz. U. 2024 poz. 1571),"in force from 24 Oct 2024; amendments in force by 1 Oct 2025 (Dz.U. 2024 poz. 1871, 1897; 2025 poz. 619-622, 1162) checked: none amends art. 79 ust. 1",2026-09-30,art. 79 ust. 1 (PDF p. 32),Art. 79. 1. Uczelnia publiczna może pobierać opłaty za usługi edukacyjne związane z: 1) kształceniem na studiach niestacjonarnych; 2) powtarzaniem określonych zajęć na studiach stacjonarnych z powodu niezadowalających wyników w nauce; 3) kształceniem na studiach w języku obcym; 4) prowadzeniem zajęć nieobjętych programem studiów; 5) kształceniem cudzoziemców na studiach stacjonarnych w języku pols [...],yes,curl + pdftotext
POL-PLS-P07-POL-03,POL-PLS,compulsory_fees,https://api.sejm.gov.pl/eli/acts/DU/2024/1571/text.pdf,Sejm RP / Dziennik Ustaw (ELI API),Obwieszczenie Marszałka Sejmu z dnia 11 września 2024 r. – jednolity tekst ustawy z dnia 20 lipca 2018 r. Prawo o szkolnictwie wyższym i nauce (Dz. U. 2024 poz. 1571),"in force from 24 Oct 2024 (applies to 2025/26; later amendment Dz.U. 2025 poz. 1837 to art. 79 ust. 2 pkt 4, diploma copies, not relevant to baseline)",2026-09-30,art. 79 ust. 2; art. 80 ust. 6 (PDF pp. 32-33),2. Uczelnia publiczna może pobierać opłaty również za: 1) przeprowadzenie rekrutacji; 2) przeprowadzenie potwierdzania efektów uczenia się; 3) wydanie indeksu i legitymacji studenckiej oraz duplikatów tych dokumentów; [...] 6) korzystanie z domów studenckich i stołówek studenckich. [...] 6. Uczelnia nie pobiera opłat za czynności związane z weryfikacją efektów uczenia się określonych w programie s [...],yes,curl + pdftotext
POL-AGH-P07-POL-01,POL-AGH,tuition,https://cok.agh.edu.pl/home/cok/Oplaty/25_26/16107.pdf,Akademia Górniczo-Hutnicza im. Stanisława Staszica w Krakowie (Centrum Obsługi Kształcenia),Zarządzenie Nr 26/2025 Rektora AGH z dnia 26 maja 2025 r. w sprawie wysokości opłat za świadczenie usług edukacyjnych w Akademii Górniczo-Hutniczej im. Stanisława Staszica w Krakowie dla studentów rozpoczynających studia w roku akademickim 2025/2026,2025/26,2026-09-30,"§ 1 pkt 1, 3, 4; § 2 pkt 3",Ustalam następujące wysokości opłat za świadczone usługi edukacyjne [...] dla studentów rozpoczynających studia w roku akademickim 2025/2026 będących obywatelami polskimi: 1) za kształcenie na studiach niestacjonarnych pierwszego i drugiego stopnia – semestralne opłaty na poszczególnych Wydziałach i kierunkach AGH określa załącznik nr 1 do niniejszego zarządzenia; [...] 3) za powtarzanie określony [...],yes,curl + pdftotext
POL-AGH-P07-POL-02,POL-AGH,tuition,https://cok.agh.edu.pl/home/cok/Oplaty/25_26/zmiana_12.2025/zarz_zmieniajace.pdf,Akademia Górniczo-Hutnicza im. Stanisława Staszica w Krakowie (Centrum Obsługi Kształcenia),Zarządzenie Nr 69/2025 Rektora AGH z dnia 19 grudnia 2025 r. w sprawie zmiany zarządzenia nr 26/2025,2025/26,2026-09-30,§ 1,1) załącznik nr 1 otrzymuje brzmienie określone w załączniku nr 1 do niniejszego zarządzenia; 2) załącznik nr 3 otrzymuje brzmienie określone w załączniku nr 2 do niniejszego zarządzenia.,no,curl + pdftotext
POL-AGH-P07-POL-03,POL-AGH,regime,https://api.sejm.gov.pl/eli/acts/DU/2024/1571/text.pdf,Sejm RP / Dziennik Ustaw (ELI API),Obwieszczenie Marszałka Sejmu z dnia 11 września 2024 r. – jednolity tekst ustawy z dnia 20 lipca 2018 r. Prawo o szkolnictwie wyższym i nauce (Dz. U. 2024 poz. 1571),"in force from 24 Oct 2024; amendments in force by 1 Oct 2025 (Dz.U. 2024 poz. 1871, 1897; 2025 poz. 619-622, 1162) checked: none amends art. 79 ust. 1",2026-09-30,art. 79 ust. 1 (PDF p. 32),Art. 79. 1. Uczelnia publiczna może pobierać opłaty za usługi edukacyjne związane z: 1) kształceniem na studiach niestacjonarnych; 2) powtarzaniem określonych zajęć na studiach stacjonarnych z powodu niezadowalających wyników w nauce; 3) kształceniem na studiach w języku obcym; 4) prowadzeniem zajęć nieobjętych programem studiów; 5) kształceniem cudzoziemców na studiach stacjonarnych w języku pols [...],yes,curl + pdftotext
POL-AGH-P07-POL-04,POL-AGH,compulsory_fees,https://api.sejm.gov.pl/eli/acts/DU/2024/1571/text.pdf,Sejm RP / Dziennik Ustaw (ELI API),Obwieszczenie Marszałka Sejmu z dnia 11 września 2024 r. – jednolity tekst ustawy z dnia 20 lipca 2018 r. Prawo o szkolnictwie wyższym i nauce (Dz. U. 2024 poz. 1571),"in force from 24 Oct 2024 (applies to 2025/26; later amendment Dz.U. 2025 poz. 1837 to art. 79 ust. 2 pkt 4, diploma copies, not relevant to baseline)",2026-09-30,art. 79 ust. 2; art. 80 ust. 6 (PDF pp. 32-33),2. Uczelnia publiczna może pobierać opłaty również za: 1) przeprowadzenie rekrutacji; 2) przeprowadzenie potwierdzania efektów uczenia się; 3) wydanie indeksu i legitymacji studenckiej oraz duplikatów tych dokumentów; [...] 6) korzystanie z domów studenckich i stołówek studenckich. [...] 6. Uczelnia nie pobiera opłat za czynności związane z weryfikacją efektów uczenia się określonych w programie s [...],yes,curl + pdftotext
POL-UWR-P07-POL-01,POL-UWR,tuition,https://bip.uni.wroc.pl/download/attachment/47382/nr-40-2025-z-dnia-13022025-oplaty-za-uslugi-edukacyjne-w-roku-akadem-2025-2026.pdf,Uniwersytet Wrocławski (BIP),Zarządzenie Nr 40/2025 Rektora Uniwersytetu Wrocławskiego z dnia 13 lutego 2025 r. w sprawie wysokości opłat za usługi edukacyjne świadczone w Uniwersytecie Wrocławskim dla cykli dydaktycznych rozpoczynających się w roku akademickim 2025/2026,2025/26 (cycles starting 2025/26),2026-09-30,§ 1 pkt 1-4,§ 1. Niniejsze zarządzenie określa wysokość opłat za następujące usługi edukacyjne: 1/ kształcenie obywateli polskich i cudzoziemców na studiach niestacjonarnych prowadzonych w języku polskim; 2/ powtarzanie zajęć z powodu niezadowalających wyników w nauce oraz za udział w zajęciach nieobjętych programem studiów na stacjonarnych i niestacjonarnych studiach prowadzonych w języku polskim dla obywate [...],yes,curl + pdftotext
POL-UWR-P07-POL-02,POL-UWR,compulsory_fees,https://bip.uni.wroc.pl/download/attachment/47382/nr-40-2025-z-dnia-13022025-oplaty-za-uslugi-edukacyjne-w-roku-akadem-2025-2026.pdf,Uniwersytet Wrocławski (BIP),Zarządzenie Nr 40/2025 Rektora Uniwersytetu Wrocławskiego z dnia 13 lutego 2025 r. w sprawie wysokości opłat za usługi edukacyjne świadczone w Uniwersytecie Wrocławskim dla cykli dydaktycznych rozpoczynających się w roku akademickim 2025/2026,2025/26,2026-09-30,§ 4; Załącznik Nr 10 (PE option charges; treated as optional),Semestralne stawki opłat za zajęcia podstawowe z wychowania fizycznego I. Zajęcia podstawowe dofinansowane przez Uniwersytet Wrocławski: 1. Pływanie - 230 lub 250* zł 2. Tenis - 250 zł 3. Squash - 240 zł 4. Wioślarstwo - 160 zł 5. Wspinaczka - 250 zł II. Zajęcia w całości opłacane przez studenta**:,no,curl + pdftotext
POL-UWR-P07-POL-03,POL-UWR,regime,https://api.sejm.gov.pl/eli/acts/DU/2024/1571/text.pdf,Sejm RP / Dziennik Ustaw (ELI API),Obwieszczenie Marszałka Sejmu z dnia 11 września 2024 r. – jednolity tekst ustawy z dnia 20 lipca 2018 r. Prawo o szkolnictwie wyższym i nauce (Dz. U. 2024 poz. 1571),"in force from 24 Oct 2024; amendments in force by 1 Oct 2025 (Dz.U. 2024 poz. 1871, 1897; 2025 poz. 619-622, 1162) checked: none amends art. 79 ust. 1",2026-09-30,art. 79 ust. 1 (PDF p. 32),Art. 79. 1. Uczelnia publiczna może pobierać opłaty za usługi edukacyjne związane z: 1) kształceniem na studiach niestacjonarnych; 2) powtarzaniem określonych zajęć na studiach stacjonarnych z powodu niezadowalających wyników w nauce; 3) kształceniem na studiach w języku obcym; 4) prowadzeniem zajęć nieobjętych programem studiów; 5) kształceniem cudzoziemców na studiach stacjonarnych w języku pols [...],yes,curl + pdftotext
POL-UWR-P07-POL-04,POL-UWR,compulsory_fees,https://api.sejm.gov.pl/eli/acts/DU/2024/1571/text.pdf,Sejm RP / Dziennik Ustaw (ELI API),Obwieszczenie Marszałka Sejmu z dnia 11 września 2024 r. – jednolity tekst ustawy z dnia 20 lipca 2018 r. Prawo o szkolnictwie wyższym i nauce (Dz. U. 2024 poz. 1571),"in force from 24 Oct 2024 (applies to 2025/26; later amendment Dz.U. 2025 poz. 1837 to art. 79 ust. 2 pkt 4, diploma copies, not relevant to baseline)",2026-09-30,art. 79 ust. 2; art. 80 ust. 6 (PDF pp. 32-33),2. Uczelnia publiczna może pobierać opłaty również za: 1) przeprowadzenie rekrutacji; 2) przeprowadzenie potwierdzania efektów uczenia się; 3) wydanie indeksu i legitymacji studenckiej oraz duplikatów tych dokumentów; [...] 6) korzystanie z domów studenckich i stołówek studenckich. [...] 6. Uczelnia nie pobiera opłat za czynności związane z weryfikacją efektów uczenia się określonych w programie s [...],yes,curl + pdftotext
ROU-BB-P07-ROU-01,ROU-BB,tuition,https://www.ubbcluj.ro/ro/taxe/files/2025-2026/HS-nr.-106-privind-modificarea-Regulamentului-de-taxe-de-admitere-scolarizare-si-finalizare-studii-an-univ-2025-2026-1.pdf,Babeș-Bolyai University (Senate),"Hotărâre nr. 106/21.07.2025 privind modificarea Regulamentului de taxe de admitere, școlarizare și finalizare a studiilor pentru anul universitar 2025-2026 (Anexa 1 completată și republicată)",2025/26 (first-year cohort),2026-09-30,"Anexa nr. 3, PDF p.25 (Teatru și Film), p.28-29 (Teologie Greco-Catolică, Romano-Catolică, Reformată); Art. 3 PDF p.2","Taxa de şcolarizare pentru cetăţeni români, UE7, SEE8 şi CE9. pentru anul universitar 2025-2026 [...] Licența (lei) IF [...] Cinematografie, Fotografie, Media 8.000 [...] Facultatea de Teologie Greco-Catolică Departamentul Cluj – toate specializările 2.500 [...] Facultatea de Teologie Romano-Catolică Toate specializările 2.500 [...] Art. 3. Noile cuantumuri ale taxelor (tarifelor) de admitere, de [...]",yes,"curl + pymupdf text/table extraction; pages 23, 25, 28 rendered and read visually"
ROU-BB-P07-ROU-02,ROU-BB,tuition,https://www.ubbcluj.ro/ro/taxe/files/2025-2026/HS-nr-13-privind-aprobarea-Regulamentelor-de-taxe-pentru-anul-univ-2025-2026.pdf,Babeș-Bolyai University (Senate),Hotărâre nr. 13/17.02.2025 privind aprobarea Regulamentelor de taxe pentru anul universitar 2025-2026,2025/26,2026-09-30,"PDF p.1, Articol unic","Articcd unic. Se aproba propunerile de taxe pentru anul universitar 2025-2026, conform anexelor care fac parte integranta din prezenta hotarare: • Anexa 1- Regulamentul privind taxele (tarifele) de admitere, de 9colarizare 9i de finalizare a studiilor pentru anul universitar 2025-2026;",no,"curl + pymupdf text extraction (OCR text layer of the scanned cover page, quoted as extracted including OCR errors)"
ROU-B-P07-ROU-01,ROU-B,tuition,https://unibuc.ro/wp-content/uploads/2025/03/Taxe-scolarizare-licenta-2025-2026.pdf,University of Bucharest (Administrative Council 8.01.2025; Senate 22.01.2025),Taxele de școlarizare pentru anul I (anul universitar 2025 – 2026) Studii universitare de licență,2025/26 (first-year cohort),2026-09-30,"PDF p.1, first-year table (rows 4, 13, 17-19); p.2 years II-IV table","Avizat CA 8.01.2025 [...] Aprobat Senat 22.01.2025 Taxele de școlarizare pentru anul I (anul universitar 2025 – 2026) Studii universitare de licență [...] 1 Administraţie şi Afaceri 5000 2 Biologie 5200 [...] 4 Drept (IF și ID) 8000 [...] Calculatoare și Tehnologia informației (IF) 5400 [...] Programele în lb. străine: Științe politice în lb. engleză; Științe politice în lb. franceză, Relații inte [...]",yes,curl + pymupdf text extraction
ROU-B-P07-ROU-02,ROU-B,tuition,https://unibuc.ro/wp-content/uploads/2025/10/Taxe-scolarizare-licenta-2025-2026.pdf,University of Bucharest,"Taxele de școlarizare pentru anul I (anul universitar 2025 – 2026) Studii universitare de licență (re-upload, October 2025)",2025/26,2026-09-30,PDF p.1,Taxele de școlarizare pentru anul I (anul universitar 2025 – 2026) Studii universitare de licență [...] 4 Drept (IF și ID) 8000,no,curl + pymupdf text extraction
ROU-LBS-P07-ROU-01,ROU-LBS,tuition,https://senat.ulbsibiu.ro/wp-content/uploads/270325/7_Taxele%20de%20scolarizare%202025-206_Senat_martie2025.pdf,Lucian Blaga University of Sibiu (annex to Senate decision 1861 of 27.03.2025; Administrative Council decision 7 of 19.03.2025),Propuneri privind taxele de școlarizare pentru anul universitar 2025-2026 (studii universitare de licență),2025/26 (first-year cohort),2026-09-30,"scanned PDF pp.1-3, column 'Cuantumul taxei de școlarizare propus pentru anul universitar 2025-2026, pentru studenții înmatriculați în anul I' (TAXE ÎN LEI); rows 1, 14-16, 60-68","ANEXĂ LA HOTĂRÂREA SENATULUI NR. 1861 DIN 27.03.2025 [...] PROPUNERI PRIVIND TAXELE DE ȘCOLARIZARE PENTRU ANUL UNIVERSITAR 2025-2026 [...] 1 Teologie Teologie ortodoxă pastorală 3,600 lei 3,600 lei [...] 14 Teatru și artele spectacolului - 4 ani Artele spectacolului (actorie- 4 ani) 11,000 lei 11,000 lei [...] 63 Medicină (sectorial, 6 ani) Medicină 9,000 lei 9,000 lei 64 Medicină (sectorial, 6 an [...]",yes,curl + pymupdf render + visual reading (scanned PDF; OCR layer unusable)
ROU-LBS-P07-ROU-02,ROU-LBS,tuition,https://senat.ulbsibiu.ro/wp-content/uploads/250925/33_Taxe%20scolarizare%20an%20univ%202025-2026_Senat_sept2025.pdf,Lucian Blaga University of Sibiu (annex to Senate decision of 25.09.2025),"Propuneri privind taxele de școlarizare pentru anii superiori de studii, anul universitar 2025-2026",2025/26 (upper years only),2026-09-30,"scanned PDF p.1, row 1","PROPUNERI PRIVIND TAXELE DE ȘCOLARIZARE PENTRU ANII SUPERIORI DE STUDII, ANUL UNIVERSITAR 2025-2026 [...] 1 Teologie Teologie ortodoxă pastorală 3,600 lei 3,480 lei 3,480 lei [...] 3,900 lei 3,780 lei 3,780 lei",no,"curl + pymupdf render + visual reading (scanned PDF, no text layer)"
ROU-AIC-P07-ROU-01,ROU-AIC,tuition,https://web.archive.org/web/20250813170603id_/https://admitere.uaic.ro/avada_portfolio/teologie-romano-catolica-admitere-licenta/,Alexandru Ioan Cuza University of Iași (admission site),Teologie Romano-Catolică – Admitere Licență,2025/26 (cohort 2025-2028/2029),2026-09-30,admission offer section (Wayback capture 2025-08-13),Taxa de școlarizare pe an de studii pentru seria 2025-2028/2029 2000 lei,no,curl (Wayback raw capture) + HTML text extraction
ROU-AIC-P07-ROU-02,ROU-AIC,tuition,https://web.archive.org/web/20250906100456id_/https://admitere.uaic.ro/avada_portfolio/litere-admitere-licenta/,Alexandru Ioan Cuza University of Iași (admission site),Litere – Admitere Licență,2025/26 (cohort 2025-2028/2029),2026-09-30,admission offer section (Wayback capture 2025-09-06),Taxa de școlarizare pe an de studii pentru seria 2025 -2028/2029 4700 lei,no,curl (Wayback raw capture) + HTML text extraction
ROU-AIC-P07-ROU-03,ROU-AIC,tuition,https://web.archive.org/web/20251016004128id_/https://admitere.uaic.ro/avada_portfolio/biology/,Alexandru Ioan Cuza University of Iași (admission site),Biologie – Admitere Licență,2025/26 (cohort 2025-2028/2029),2026-09-30,admission offer section (Wayback capture 2025-10-16),Taxa de școlarizare pe an de studii pentru seria 2025 -2028/2029 4500 lei pentru domeniul Biologie 3500 lei pentru domeniul Știința Mediului,no,curl (Wayback raw capture) + HTML text extraction
ROU-AIC-P07-ROU-04,ROU-AIC,tuition,https://web.archive.org/web/20251015232047id_/https://admitere.uaic.ro/avada_portfolio/drept-admitere-licenta/,Alexandru Ioan Cuza University of Iași (admission site),Drept – Admitere Licență,2025/26,2026-09-30,confirmation section (Wayback capture 2025-10-15); no tuition amount on the page,"Candidaților admiși pe locurile cu taxă nu li se percepe taxă de înmatriculare , aceasta fiind inclusă în taxa de școlarizare.",no,curl (Wayback raw capture) + HTML text extraction
ROU-SCMS-P07-ROU-01,ROU-SCMS,tuition,https://usv.ro/fisiere_utilizator/file/Acte%20oficiale/2025/2.%20Plan%20taxe%20si%20tarife%20aprobate%20Senat%2027.03.2025.pdf,Ștefan cel Mare University of Suceava (Senate),Planul de taxe și tarife valabile în cadrul Universității „Ștefan cel Mare” din Suceava (Anexă la HS nr. 10/13.02.2025; Anexa 1.A modificată prin H.S. nr. 29/2025),2025/26 (students entering year I from 2025/26),2026-09-30,"PDF p.4 (Anexa 1.A heading), pp.4-6 licence rows (Medicină, Cinematografie, Limba și literatura română, Istorie)","Anexa 1. A. modificată prin H.S. nr. 29/ 2025 TAXE DE ŞCOLARIZARE - valabile pe durata normală a întregului ciclu de studii pentru studenții înmatriculați în anul I, începând cu anul universitar 2025 – 2026* [...] *cu posibilitatea indexării anuale cu maximum rata inflației [...] Istorie 3700 [...] Cinematografie, fotografie, media (Comunicare audiovizuală: scenaristică, publicitate media, filmolo [...]",yes,curl + pymupdf text extraction
ROU-SCMS-P07-ROU-02,ROU-SCMS,tuition,https://usv.ro/fisiere_utilizator/file/Acte%20oficiale/2024/_Plan%20Taxe%20si%20tarife%20valabile%20incepand%20din%202021%20ACTUALIZATE%202024%20HS%20148_2024.pdf,Ștefan cel Mare University of Suceava (Senate),"Plan Taxe și tarife valabile începând din 2021, actualizate 2024 (HS 148/2024), Anexa 1",2024/25,2026-09-30,"PDF p.2, Facultatea de Medicină și Științe Biologice",TAXE DE ŞCOLARIZARE – valabile începând cu anul universitar 2024 -2025 – [...] Asistență medicală generală 4800 Tehnică dentară 4500 Biologie 3500 Biochimie 3500 Medicină 9000,no,"curl + pymupdf text extraction (checked against the 2023 plan, whose Annex 1 has no Medicină row)"
ROU-TCN-P07-ROU-01,ROU-TCN,tuition,https://old.utcluj.ro/media/decisions/2025/09/26/Taxele_pentru_anul_univ._2025-2026_-_modificat.pdf,Technical University of Cluj-Napoca (Senate; modified schedule of 25.09.2025),TAXE PENTRU ANUL UNIVERSITAR 2025/2026 (modificat),2025/26,2026-09-30,"PDF pp.1-2, Cap. I, section I.B, codes I.B.3, I.B.5, I.B.7, I.B.15, I.B.17","I.B.3 Taxă anuală de școlarizare program studii specializarile de la Facultatea de Arhitectură și Urbanism 5100 RON [...] I.B.5 Specializările de la Facultăţile de inginerie din Cluj-Napoca şi extensii, specializările de la Facultatea de Inginerie CUNBM, respectiv specializările de inginerie de la Facultatea de Ştiinţe CUNBM (cu predare în limba română) 4200 RON [...] I.B.7 [...] (cu predare în li [...]",yes,curl + pymupdf text extraction
ROU-TCN-P07-ROU-02,ROU-TCN,tuition,https://old.utcluj.ro/media/decisions/2025/07/18/Taxele_pentru_anul_universitar_2025-2026.pdf,Technical University of Cluj-Napoca (Senate decision of 17.07.2025),TAXE PENTRU ANUL UNIVERSITAR 2025/2026,2025/26,2026-09-30,"Cap. I, section I.B (programmatic comparison with the modified version: all I.B amounts identical)",I.B.3 Taxă anuală de școlarizare program studii specializarile de la Facultatea de Arhitectură și Urbanism 5100 RON,no,curl + pymupdf text extraction
ROU-GATI-P07-ROU-01,ROU-GATI,tuition,https://www.tuiasi.ro/wp-content/uploads/2025/06/HS-121_09.05.2025_TAXA-SCOLARIZARE.pdf,"""Gheorghe Asachi"" Technical University of Iași (Senate)","Hotărârea Senatului nr. 121 din 09 mai 2025 privind aprobarea cuantumului taxelor administrative, de școlarizare și de admitere pentru anul 2025-2026; Anexa 1",2025/26,2026-09-30,"PDF p.1 Art.1; p.2 Anexa 1, item 10 'Taxa de școlarizare' (read visually)","Art.1. Se aprobă cuantumul taxelor pentru anul universitar 2025 - 2026, conform următoarelor anexe [...] Anexa 1 la Hotărârea Senatului nr. 121/09.05.2025 Taxe propuse în baza Legii învătământului superior nr. 199/2023 pentru anul universitar 2025-2026 [...] 10. Taxa de şcolarizare 4500 lei - licenţă - masterat",no,curl + pymupdf text extraction (OCR layer) + page 2 rendered and read visually
ROU-GATI-P07-ROU-02,ROU-GATI,compulsory_fees,https://www.tuiasi.ro/wp-content/uploads/2025/06/HS-121_09.05.2025_TAXA-SCOLARIZARE.pdf,"""Gheorghe Asachi"" Technical University of Iași (Senate)","Hotărârea Senatului nr. 121 din 09 mai 2025, Anexa 1",2025/26,2026-09-30,"PDF p.2, Anexa 1, item 2 'Taxa de înmatriculare'",Taxa de înmatriculare 100 lei [...] 150 lei [...] Facultatea de Automatică şi Calculatoare [...] Se achită la începutul anului universitar.,no,"curl + pymupdf text extraction (OCR layer, cells interleaved in extraction) + visual check"
ROU-TB-P07-ROU-01,ROU-TB,tuition,https://www.unitbv.ro/studenti/administrative/taxe/taxe-anul-universitar-2025-2026.html,Transilvania University of Brașov,Taxe anul universitar 2025-2026,2025/26,2026-09-30,"section 'Taxe de școlarizare valabile pentru anul universitar 2025-2026' (Facultatea de Muzică, Facultatea de Medicină, Facultatea de Drept)",Taxe de școlarizare valabile pentru anul universitar 2025-2026 Facultatea de Inginerie mecanică Licență 3850 lei/an (Zi+FR) [...] Facultatea de Muzică Licență Instrumente 6000 lei/an (Zi) Licență Canto 6000 lei/an (Zi) Licență Muzică 3850 lei/an (Zi) [...] Facultatea de Medicină Licență Medicină 7750 lei/an (Zi) Licență Asistență medicală generală 5100 lei/an (Zi) Licență Balneofiziokinetoterapie [...],yes,curl + HTML text extraction
ROU-TB-P07-ROU-02,ROU-TB,compulsory_fees,https://www.unitbv.ro/studenti/administrative/taxe/taxe-anul-universitar-2025-2026.html,Transilvania University of Brașov,Taxe anul universitar 2025-2026,2025/26,2026-09-30,section 'Cuantumul taxelor percepute pentru diverse activități pentru anul universitar 2025-2026',Cuantumul taxelor percepute pentru diverse activități pentru anul universitar 2025-2026 Taxă duplicat carnet sau legitimație de transport 50 lei [...] Taxă de reînmatriculare 300 lei - Taxa include şi legitimația de transport Taxă pentru susținerea examenului de licență sau disertație (pentru studenții UNITBV) 100 lei,no,curl + HTML text extraction
ROU-VDTWT-P07-ROU-01,ROU-VDTWT,tuition,https://uvt.ro/wp-content/uploads/sites/3/2025/07/Taxe-studiu-2025-2026.pdf,West University of Timișoara (approved by Senate decision HS 26 of 30.01.2025),TAXE DE STUDIU PENTRU ANUL UNIVERSITAR 2025-2026,2025/26,2026-09-30,"PDF p.1 table, Ciclul I (Licență) 'An I' column, rows 1, 2, 3, 9; p.2 note and approval line","TAXE DE STUDIU PENTRU ANUL UNIVERSITAR 2025-2026 pentru cetățenii români, cetățenii statelor membre ale Uniunii Europene [...] 1. Facultatea de Arte si Design 5300 lei [...] 2. Facultatea de Chimie, Biologie, Geografie 4900 lei [...] 3. Facultatea de Drept 6300 lei [...] 9. Facultatea de Muzică și Teatru Toate programele de studii universitare, cu excepția: 10000 lei [...] Programul de studii univ [...]",yes,curl + pymupdf text extraction
ROU-PB-P07-ROU-01,ROU-PB,tuition,https://upb.ro/wp-content/uploads/2025/06/Sistem-de-taxe-2025-2026.pdf,Universitatea Națională de Știință și Tehnologie POLITEHNICA București,Sistemul de taxe pentru anul universitar 2025-2026 în Universitatea Națională de Știință și Tehnologie POLITEHNICA București,2025/26 (cohorts starting in 2025/26),2026-09-30,"PDF p.2 items 7, 11-15; p.4 NOTE 1 and 3","11 Școlarizare anuală pentru studenții în regim de taxă de studii (TS) de la învățământul universitar de licență din Centrul Universitar Bucureşti 5320 12 Școlarizare anuală pentru studenții în regim de taxă de studii (TS) de la învățământul universitar de licență din Centrul Universitar Piteşti (IF, IFR)(2) 4470 13 Școlarizare anuală pentru studenții în regim de taxă de studii (TS) de la învățămâ [...]",yes,curl + pymupdf text extraction
EGY-AC-P08-EGY-01,EGY-AC,tuition,https://www.aucegypt.edu/admissions/consumer-disclosures/cost-attendance,The American University in Cairo,Cost of Attendance (student consumer information),2025/26,2026-09-30,"Policy statement; 'Undergraduate Students' table, US-Egyptian Dual Nationality column (same text on Wayback capture 20260119074818)","Undergraduate students are budgeted for 12 credit hours each fall and spring semester. | The following provides estimated costs for new students for the 2025 - 2026 academic year: | Undergraduate Students | US Students | US-Egyptian Dual Nationality Students | Tuition (12 credits per semester) | $17,640 | $16,008 |",no,curl + html-to-text (live page and Wayback id_ capture 2026-01-19)
EGY-AC-P08-EGY-02,EGY-AC,compulsory_fees,https://web.archive.org/web/20260119074818/https://www.aucegypt.edu/admissions/consumer-disclosures/cost-attendance,The American University in Cairo (Wayback capture 19 Jan 2026),Cost of Attendance (student consumer information),2025/26,2026-09-30,"'Undergraduate Students' table, Fees row","The following provides estimated costs for new students for the 2025 - 2026 academic year: | Undergraduate Students | US Students | US-Egyptian Dual Nationality Students | Tuition (12 credits per semester) | $17,640 | $16,008 | Fees | $474 | $212 |",no,curl (Wayback id_ raw capture) + html-to-text
EGY-AC-P08-EGY-03,EGY-AC,tuition,https://web.archive.org/web/20250219145435/https://www.aucegypt.edu/admissions/tuition-and-financial-support,The American University in Cairo (Wayback capture 19 Feb 2025),Tuition and Financial Support | The American University in Cairo,"2024/25 (capture Feb 2025); per-credit rate consistent with the 2025/26 COA tuition line (24 x 667 = 16,008)",2026-09-30,'Tuition Rate per Credit Hour' box,"Tuition Rate per Credit Hour | $667 | Undergraduate Egyptian students | $735 | Undergraduate international students | Egyptian students can pay in USD or EGP at the daily rate of exchange in the bank at the time of payment, after the issuance of the semester billing statement.",no,curl (Wayback id_ raw capture) + html-to-text
EGY-AC-P08-EGY-04,EGY-AC,tuition,https://api.worldbank.org/v2/country/EGY/indicator/PA.NUS.FCRF?date=2024:2025&format=json,World Bank (WDI API),"Official exchange rate (LCU per US$, period average), PA.NUS.FCRF, Egypt",calendar 2025,2026-09-30,JSON value for date 2025 (lastupdated 2026-07-13),"""date"":""2025"",""value"":49.2277558333333",no,"curl (conversion input, not a charge)"
EGY-FE-P08-EGY-01,EGY-FE,tuition,https://web.archive.org/web/20250730230206/https://www.fue.edu.eg/admissions/undergraduate_applicants/tuition_fees,Future University in Egypt (Wayback capture 30 Jul 2025),Tuition Fees 2025/2026 | ADMISSIONS | Undergraduate Applicants,2025/26,2026-09-30,"'Tuition Fees 2025/2026' table, Egyptian column",Tuition Fees 2025/2026 | Application Fees (Non-refundable) | 1600 L.E. | Placement Tests | 1000 L.E. | Faculty | Tuition Fees | Egyptian | Non-Egyptian | Faculty of Oral & Dental Medicine | L.E. 210000 + $1700 | $12350 | Faculty of Pharmacy Pharm- D | L.E. 125000 + $1700 | $9950 | Faculty of Pharmacy Pharm D- Clinical | L.E. 135000 + $1700 | $ 9950 | Faculty of Engineering & Technology | L.E. 9200 [...],yes,curl (Wayback id_ raw capture) + html-to-text; same table on capture 20260301172631
EGY-FE-P08-EGY-02,EGY-FE,compulsory_fees,https://web.archive.org/web/20241123145621/https://www.fue.edu.eg/admissions/undergraduate_applicants/tuition_fees,Future University in Egypt (Wayback capture 23 Nov 2024),Tuition Fees 2024/2025 | ADMISSIONS | Undergraduate Applicants,2024/25 (shows the admin-fee column is absent from 2024/25 onward; 2025/26 table likewise has none),2026-09-30,'Tuition Fees 2024/2025' table header,Tuition Fees 2024/2025 | Application Fees (Non-refundable) | 1600 L.E. | Placement Tests | 1000 L.E. | Faculty | Tuition Fees | Egyptian | Non-Egyptian | Faculty of Oral & Dental Medicine | L.E. 200000 + $1700 | $15050,no,curl (Wayback id_ raw capture) + html-to-text
EGY-FE-P08-EGY-03,EGY-FE,tuition,https://api.worldbank.org/v2/country/EGY/indicator/PA.NUS.FCRF?date=2024:2025&format=json,World Bank (WDI API),"Official exchange rate (LCU per US$, period average), PA.NUS.FCRF, Egypt",calendar 2025,2026-09-30,JSON value for date 2025 (lastupdated 2026-07-13),"""date"":""2025"",""value"":49.2277558333333",no,"curl (conversion input, not a charge)"
EGY-EJUST-P08-EGY-01,EGY-EJUST,tuition,https://web.archive.org/web/20250910023707/https://www.ejust.edu.eg/ug-tution-fees,Egypt-Japan University of Science and Technology (Wayback capture 10 Sep 2025),Tution and Application Fees - Important Financial Instructions for Bachelor of Science Students (2025-2026),2025/26,2026-09-30,"Section 'Second: Tuition Fees', annual tuition table, Egyptian column","Important Financial Instructions for Bachelor of Science Students (2025-2026) | The following table manifests the annual tuition fees for each faculty (for Egyptian and non-Egyptian students): | 6,200 $ | 100,000 EGP | Engineering | 4,200 $ | 70,000 EGP | International Business and Humanities | 5,000 $ | 80,000 EGP | Computer Science and Information Technology | 6,800 $ | 110,000 EGP | Pharm D | 6 [...]",yes,curl (Wayback id_ raw capture) + html-to-text
EGY-EJUST-P08-EGY-02,EGY-EJUST,compulsory_fees,https://web.archive.org/web/20250910023707/https://www.ejust.edu.eg/ug-tution-fees,Egypt-Japan University of Science and Technology (Wayback capture 10 Sep 2025),Tution and Application Fees - Important Financial Instructions for Bachelor of Science Students (2025-2026),2025/26,2026-09-30,Sections 'First: Application Fees' and 'Second: Tuition Fees',Application fees for each student are L.E. 1000; to be paid via the application link. Note that they are non-refundable by any means even in the case of missing the admission examination. | The University collects the tuition fees during the basic study period following the bylaw of each faculty; the only exception is the collection of fees for the re-taking of a course (if existent).,no,curl (Wayback id_ raw capture) + html-to-text
EGY-AASTMT-P08-EGY-01,EGY-AASTMT,tuition,https://aast.edu/en/admission/AASTMT-English-Fees2025-2026.pdf,"Arab Academy for Science, Technology & Maritime Transport",نظام القبول للطلاب الجدد للعام الدراسي 2026/2025 - المصروفات الدراسية (fee bulletin 2025/26; PDF created 22 May 2025),2025/26,2026-09-30,"p. 3 table 'المصروفات الدراسية - درجات البكالوريوس', Egypt-Sudan columns (A/B/C); rows Fisheries Technology and Medicine (Alamein)",مصروفات الفصل الدراسي بالدولار الأمريكي لأبناء الدول الداعمة (مصر-السودان) | فئة (أ) | فئة (ب) | فئة (ج) | ... | كلية تكنولوجيا المصايد والاستزراع المائى | تكنولوجيا المصايد | 3505 | 3695 | 3885 | ... | كلية الطب البشري (العلمين) | بكالوريوس الطب البشري | 8750,no,"curl (live PDF, 15.7 MB) + pymupdf text extraction; table read visually on rendered page"
EGY-AASTMT-P08-EGY-02,EGY-AASTMT,compulsory_fees,https://aast.edu/en/admission/AASTMT-English-Fees2025-2026.pdf,"Arab Academy for Science, Technology & Maritime Transport",نظام القبول للطلاب الجدد للعام الدراسي 2026/2025 (fee bulletin 2025/26),2025/26,2026-09-30,p. 4 notes below the national fee table,تخفيفاً عن أعباء أولياء الأمور يسمح للطلاب المصريين الحاصلين على شهادة المرحلة الثانوية العامة او ما يعادلها من شهادات أجنبية من جمهورية مصر العربية بسداد الرسوم الدراسية بالجنيه المصري طبقاً لسعر الدولار المحدد من الأكاديمية لهذا الفصل الدراسى وهو 18.75 جنيهاً مصرياً. | تضاف 150 دولار زيادة سنوية لقيمة المصروفات ويتم حسابها بنفس سعر الدولار المحدد من الأكاديمية. | يضاف للمصروفات الدراسية فى الفصل [...],yes,curl (live PDF) + pymupdf; transcribed visually from rendered page (text layer has reversed Arabic/number order)
EGY-AASTMT-P08-EGY-03,EGY-AASTMT,tuition,https://web.archive.org/web/20251004082551/https://aast.edu/en/admission/contenttempsub.php?page_id=55100001&unit_id=551,AASTMT Tuition fees Unit (Wayback capture 4 Oct 2025),Undergraduate Tuition Fees - Tuition fees Unit,2025/26 (shows the bulletin is the publicly linked official fee document),2026-09-30,"page body, link 'AAST Fees Bulletin'","For more information about fees and partial scholarships, kindly check AAST Fees Bulletin: | AAST Fees Bulletin [href=https://aast.edu/en/admission/AASTMT-English-Fees2025-2026.pdf]",no,"curl (Wayback id_ raw capture), HTML source"
EGY-DELTA-P08-EGY-01,EGY-DELTA,tuition,https://www.elwatannews.com/news/details/8098400,"El Watan News (elwatannews.com), 6 Jul 2025",مصاريف جامعة الدلتا للعلوم والتكنولوجيا 2025-2026.. تبدأ بـ36 ألف جنيه,2025/26,2026-09-30,"article body, per-faculty list",وأضحت جامعة الدلتا للعلوم والتكنولوجيا مصاريف جميع الكليات خلال العام الدراسي الجديد، كما يلي: كلية الطب البشري 225 ألف جنيه. كلية طب الأسنان 175 ألف جنيه. كلية الصيدلية 135 ألف جنيه. كلية التمريض 57 ألف جنيه. علاج طبيعي 120 ألف جنيه. كلية العلوم والتكنولوجيا التطبيقية 63 ألف جنيه. كلية الذكاء الأصطناعي 71 ألف جنيه. كلية الهندسة 61 ألف جنيه. الطب البيطري 69 ألف جنيه. كلية إدارة الأعمال 39 ألف جنيه [...],yes,curl (browser user agent) + html-to-text; secondary news source
EGY-DELTA-P08-EGY-02,EGY-DELTA,tuition,https://www.egypttelegraph.com/article/150816/,"Egypt Telegraph (egypttelegraph.com), 2 Jun 2025",مصاريف جامعة الدلتا للعلوم والتكنولوجيا 2025-2026,2025/26,2026-09-30,"article body, per-faculty list",مصاريف جامعة الدلتا 2025-2026 كلية الطب البشري: 225 ألف جنيه. | مصاريف جامعة الدلتا 2025-2026 كلية طب الفم والأسنان: 175 ألف جنيه. | ... | مصاريف جامعة الدلتا 2025-2026 كلية الآداب: 36 ألف جنيه. | مصاريف جامعة الدلتا 2025-2026 كلية الحقوق: 39 ألف جنيه.,no,curl (browser user agent) + html-to-text; secondary news source (corroborates El Watan)
EGY-C-P08-EGY-01,EGY-C,compulsory_fees,https://www.kashqol.com/197463,"Kashkol (kashqol.com), news aggregator",كود دفع مصاريف جامعة القاهرة 2025,presented as 2024/25; NOT USED (same amounts as the El Watan Jun 2024 article; year uncertain),2026-09-30,article body,تزايدت معدلات البحث مؤخرا، حول مصروفات كليات جامعة القاهرة، وطرق دفعها، مع اقتراب بدء العام الدراسي الجديد 2024 - 2025، 28 سبتمبر المقبل. | - مصاريف طب الفم والأسنان جامعة القاهرة 1300 جنيه. | - مصاريف كلية الآداب جامعة القاهرة 1200 جنيه. | - مصاريف كلية الهندسة جامعة القاهرة 4850 جنيهًا. | - مصاريف كلية الحاسبات والمعلومات والذكاء الاصطناعي جامعة القاهرة 8660 جنيهًا.,no,curl (browser user agent) + html-to-text; secondary aggregator
EGY-A2-P08-EGY-01,EGY-A2,compulsory_fees,https://aun.edu.eg/social_work/ar/alrswm-aldrasyt-lklyt-alkhdmt-alajtmayt-llam-aldrasy-20242025,"Assiut University, Faculty of Social Work (posted 13 Oct 2024)",الرسوم الدراسية لكلية الخدمة الاجتماعية للعام الدراسى 2024/2025,"2024/25 (nearest year, earlier than target; one faculty; not used for a headline)",2026-09-30,"embedded image 'رسوم_0.png', table 'الرسوم الدراسية لكل فرقة', rows 1-2",الرسوم الدراسية لكلية الخدمة الاجتماعية للعام الدراسي ٢٠٢٤/٢٠٢٥ | الفرقة الأولى | انتظام | ١٥٩٠.٧٥ | الفرقة الأولى | انتساب | ١٩٣٢.٧٥,no,"curl (page and image); image read visually (low resolution, 421x460 px)"
ISR-TA-P08-ISR-01,ISR-TA,tuition,https://web.archive.org/web/20251017134351id_/https://www.tau.ac.il/tuition-booklet-2,Tel Aviv University,Tuition composition and ancillary payments (Wayback capture 2025-10-17),2025/26 (tashpav),2026-09-30,section 'Govah schar ha-limud',"להלן התעריפים העדכניים לשנת הלימודים תשפ""ו: שכר הלימוד היסודי לתואר ראשון הינו 11,970 ₪ (1) [...] שכר הלימוד צמוד במלואו למדד המחירים לצרכן של חודש יוני 2025. בכל מקרה לא יפחת שכר הלימוד לשנת הלימודים תשפ""ו מסכום שכר הלימוד לאחר הצמדתו למדד חודש יולי 2025",no,curl (Wayback id_) + html-to-text (python)
ISR-TA-P08-ISR-02,ISR-TA,compulsory_fees,https://web.archive.org/web/20251017134351id_/https://www.tau.ac.il/tuition-booklet-2,Tel Aviv University,Tuition composition and ancillary payments (Wayback capture 2025-10-17),2025/26 (tashpav),2026-09-30,section 'Tashlumim nilvim' and forms list,"תשלומים נלווים דמי אבטחה לשנת תשפ""ו – 670₪ דמי רווחה לשנת תשפ""ו – 406₪ ארגון סטודנטים יציג - 10 ₪ [...] ויתור על שירותי רווחה לשנה""ל תשפ""ו [...] Form for opting out of the university's welfare services for the 2025-2026 academic year",no,curl (Wayback id_) + html-to-text (python)
ISR-TA-P08-ISR-03,ISR-TA,regime,https://web.archive.org/web/20251017134351id_/https://www.tau.ac.il/tuition-booklet-2,Tel Aviv University,Tuition composition and ancillary payments (Wayback capture 2025-10-17),2025/26 (tashpav),2026-09-30,note (1) for first-degree students,"על פי החלטת הממשלה מס' 808 והוראות המועצה להשכלה גבוהה, סטודנטים חדשים לתואר ראשון זכאים להפחתה זו רק אם בשנת הלימודים תשפ""ו יירשמו ויעמדו בהצלחה בדרישות אקדמיות של לפחות 18 ש""ס.",no,curl (Wayback id_) + html-to-text (python)
ISR-HJ-P08-ISR-01,ISR-HJ,tuition,https://web.archive.org/web/20250721101419id_/https://studentsadmin.huji.ac.il/TuitionRates,The Hebrew University of Jerusalem - Student Administration Division,Tuition rates for 2024/25 (Taarifei schar limud le-tashpah) (Wayback capture 2025-07-21),2024/25 (tashpah),2026-09-30,section 'Tuition rates for tashpah',"תעריפי שכר לימוד לתשפ""ה שכר הלימוד הסופי לשנת הלימודים תשפ""ה נקבע ע""י המועצה להשכלה גבוהה לאחר מדד יולי 2024 (המתפרסם ב15 באוגוסט). [...] שכר לימוד לשנה לתואר בוגר: 11,653 ש""ח *",no,curl (Wayback id_) + html-to-text (python)
ISR-HJ-P08-ISR-02,ISR-HJ,compulsory_fees,https://web.archive.org/web/20250721101419id_/https://studentsadmin.huji.ac.il/TuitionRates,The Hebrew University of Jerusalem - Student Administration Division,Tuition rates for 2024/25 (Taarifei schar limud le-tashpah) (Wayback capture 2025-07-21),2024/25 (tashpah),2026-09-30,security fees and national student organisation lines,"דמי אבטחה ללומדים בקמפוסים בירושלים: 719 ₪ דמי אבטחה ללומדים בקמפוס רחובות: 654 ₪ [...] דמי ארגון הסטודנטים הארצי היציג: התשלום לארגון הסטודנטים הארצי היציג - 10 ש""ח. התשלום הנו חובה לסטודנטים לתואר ראשון ושני.",no,curl (Wayback id_) + html-to-text (python)
ISR-HJ-P08-ISR-03,ISR-HJ,compulsory_fees,https://web.archive.org/web/20250908075228id_/https://studentsadmin.huji.ac.il/aguda,The Hebrew University of Jerusalem - Student Administration Division,Optional payments (Tashlumei reshut) (Wayback capture 2025-09-08),2025/26 (cancellation dates 17/9/25-19/11/2025),2026-09-30,"page heading, welfare fee line and cancellation paragraph","תשלומי רשות [...] דמי רווחה בסך 165 ש""ח (כולל תלמידי ד""ר) – מיועדים להענקת שרותי רווחה לסטודנטים. [...] ניתן לבטל החל מ17/9/25 ועד חודש מפתיחת שנת הלימודים האקדמית (עד לתאריך 19/11/2025) דרך אתר המידע האישי",no,curl (Wayback id_) + html-to-text (python)
ISR-HJ-P08-ISR-04,ISR-HJ,tuition,https://studentsadmin.huji.ac.il/TuitionRates,The Hebrew University of Jerusalem - Student Administration Division,"Tuition rates (live page, 2026/27)","2026/27 (tashpaz) - context only, not used for the 2025/26 headline",2026-09-30,page heading and bachelor's line,"תעריפי שכר לימוד לתשפ""ז [...] שכר לימוד לשנה לתואר בוגר: 12,203 ש""ח [...] תעריפי שכר הלימוד למשלמים עד 15/9/26 מוצמדים למדד יולי 2026",no,WebFetch only (summary model output; curl receives an error page) - not verbatim-verified
ISR-TIT-P08-ISR-01,ISR-TIT,tuition,https://web.archive.org/web/20251209043541id_/https://slimud.web.technion.ac.il/%D7%99%D7%93%D7%99%D7%A2%D7%95%D7%9F-%D7%94%D7%A1%D7%9E%D7%9B%D7%94/%D7%A4%D7%A8%D7%A7-%D7%91-%D7%A4%D7%A8%D7%98%D7%99-%D7%A9%D7%9B%D7%A8-%D7%9C%D7%99%D7%9E%D7%95%D7%93/,Technion - Student Accounts Department,"Undergraduate booklet, Chapter B: tuition details (Wayback capture 2025-12-09)",2025/26 (tashpav),2026-09-30,"section 1 'Tuition tashpav', tuition table","שכר לימוד תשפ""ו להלן התעריפים לפי המידע הקיים בידנו היום מחושב לפי מדד יולי 2025 . שכר לימוד שכר לימוד מלא לסטודנט ישראלי שמשלם בעצמו * 16,239 ש""ח שכר לימוד מופחת לסטודנט שמשלם בעצמו * 12,017 ש""ח",no,curl (Wayback id_) + html-to-text (python)
ISR-TIT-P08-ISR-02,ISR-TIT,compulsory_fees,https://web.archive.org/web/20251209043541id_/https://slimud.web.technion.ac.il/%D7%99%D7%93%D7%99%D7%A2%D7%95%D7%9F-%D7%94%D7%A1%D7%9E%D7%9B%D7%94/%D7%A4%D7%A8%D7%A7-%D7%91-%D7%A4%D7%A8%D7%98%D7%99-%D7%A9%D7%9B%D7%A8-%D7%9C%D7%99%D7%9E%D7%95%D7%93/,Technion - Student Accounts Department,"Undergraduate booklet, Chapter B: tuition details (Wayback capture 2025-12-09)",2025/26 (tashpav),2026-09-30,"section 1, ancillary expenses table and explanation","אגרת שרותי רווחה 474 ש""ח אגרת שמירה 494 ש""ח דמי חבר באגודת הסטודנטים 190 ש""ח ביטוח באמצעות אגודת הסטודנטים 45 ש""ח התאחדות הסטודנטים הארצית 10 ש""ח [...] שמירה - תשלום חובה עבור שרותי שמירה בקמפוס, לפי החלטות וועדת מלץ. [...] תשלום דמי רווחה ודמי החבר לאגודה הינם תשלומים וולונטריים.",no,curl (Wayback id_) + html-to-text (python)
ISR-BGN-P08-ISR-01,ISR-BGN,tuition,https://www.bgu.ac.il/media/xatfjm2z/tuition2026.pdf,Ben-Gurion University of the Negev - Student Accounts,"Booklet of instructions and explanations for tuition payment, academic year 2025/26 (tashpav), dated 27/08/2025",2025/26 (tashpav),2026-09-30,"printed p. 9, tuition rates table (index 07/2025)","שכר לימוד בסיסי מלא (100%) 16,239 | שכר לימוד בסיסי מופחת לתואר ראשון (100%) 12,017 | גובה ההפחתה (שיפוי) לתואר ראשון (100%) 4,222",no,"curl + pymupdf page render, read visually (table cells transcribed by collector)"
ISR-BGN-P08-ISR-02,ISR-BGN,compulsory_fees,https://www.bgu.ac.il/media/xatfjm2z/tuition2026.pdf,Ben-Gurion University of the Negev - Student Accounts,"Booklet of instructions and explanations for tuition payment, academic year 2025/26 (tashpav), dated 27/08/2025",2025/26 (tashpav),2026-09-30,"printed p. 10, section 5 'Ancillary payment rates for tashpav' table","תעריפי תשלומים נלווים לשנת הלימודים תשפ""ו | שירותי רווחה 476 | שירותי אבטחה 711 | התאחדות הסטודנטים הארצית 10",no,"curl + pymupdf page render, read visually (table cells transcribed by collector)"
ISR-BGN-P08-ISR-03,ISR-BGN,compulsory_fees,https://www.bgu.ac.il/media/xatfjm2z/tuition2026.pdf,Ben-Gurion University of the Negev - Student Accounts,"Booklet of instructions and explanations for tuition payment, academic year 2025/26 (tashpav), dated 27/08/2025",2025/26 (tashpav),2026-09-30,"pp. 28-29, welfare cancellation and security services paragraphs","סטודנטים רשאים לוותר על שרותי הרווחה אם יודיעו על כך מראש ולא יאוחר מיום 30.09.2025 [...] דמי האבטחה חלים על כלל הסטודנטים, ללא קשר להיקף הלימודים או לנוכחות בקמפוס ואינם ניתנים לביטול.",no,curl + pymupdf get_text; RTL word order reconstructed by collector (not visually re-checked)
ISR-BI-P08-ISR-01,ISR-BI,tuition,https://web.archive.org/web/20251212133001id_/https://www.biu.ac.il/registration-and-admission/tuition/undergraduate-tuition,Bar-Ilan University,Undergraduate tuition (Wayback capture 2025-12-12),2025/26 (tashpav),2026-09-30,basic tuition paragraph,"שכר לימוד היסודי לתואר ראשון לישראלים נקבע על ידי המועצה להשכלה גבוהה. לשנת תשפ""ו 12,017 ₪ צמוד למדד יולי 2025. סכום זה מתייחס לתוכנית לימודים בהיקף 100% שכ""ל.",no,curl (Wayback id_) + html-to-text (python)
ISR-BI-P08-ISR-02,ISR-BI,compulsory_fees,https://web.archive.org/web/20251123190549id_/https://www.biu.ac.il/registration-and-admission/tuition/rates-and-related-fees,Bar-Ilan University,Tuition rates and ancillary payments (Wayback capture 2025-11-23),2025/26 (tashpav),2026-09-30,ancillary payments table and welfare waiver paragraph,"להלן תעריפי תשלומים נלווים לשנת תשפ""ו [...] דמי אבטחה לשנת תשפ""ו 685 שקל דמי רווחה לשנת תשפ""ו - תשלום רשות 341 שקל דמי ארגון להתאחדות הסטודנטים הארצית 10 שקל [...] 1. ניתן להגיש את הבקשה החל מ-01/09/25 ועד יום פתיחת שנת הלימודים הרשמית א' בחשוון תשפ""ו 23/10/2025.",no,curl (Wayback id_) + html-to-text (python)
ISR-BI-P08-ISR-03,ISR-BI,regime,https://web.archive.org/web/20251123190549id_/https://www.biu.ac.il/registration-and-admission/tuition/rates-and-related-fees,Bar-Ilan University,Tuition rates and ancillary payments (Wayback capture 2025-11-23),2025/26 (tashpav),2026-09-30,rates list and footnote on the first-degree reduction,"שכר לימוד יסודי לסטודנטים ישראלים בתואר ראשון 12,017 שקל * [...] *לסטודנטים בתואר ראשון- ההפחתה בשכ”ל כפופה להחלטת הממשלה ויישומה ולחוק התקציב כפי שיאושר לשנה”ל תשפ""ו 2026. ההחלטה מבוססת על התחייבות הממשלה לממן הפחתה זו כתנאי לביצועה.",no,curl (Wayback id_) + html-to-text (python)
ISR-HAIFA-P08-ISR-01,ISR-HAIFA,tuition,https://web.archive.org/web/20250928142904id_/https://mt.haifa.ac.il/?p=5651,University of Haifa - Student Administration Division,"תקנון שכר-לימוד לשנת הלימודים תשפ""ו (tuition regulations 2025/26) (Wayback capture 2025-09-28)",2025/26 (tashpav),2026-09-30,section 'a. First degree',"גובה שכר לימוד לתלמידי תואר ראשון לשנת הלימודים תשפ""ו מחושב על פי שני תעריפים: – 100%שכר לימוד לתלמיד המשלם את שכר הלימוד בעצמו (12,017 שקלים חדשים צמוד למדד יולי 2025).",no,curl (Wayback id_) + html-to-text (python); live page rejects curl and was also read via WebFetch (same figures)
ISR-HAIFA-P08-ISR-02,ISR-HAIFA,regime,https://web.archive.org/web/20250928142904id_/https://mt.haifa.ac.il/?p=5651,University of Haifa - Student Administration Division,"תקנון שכר-לימוד לשנת הלימודים תשפ""ו (tuition regulations 2025/26) (Wayback capture 2025-09-28)",2025/26 (tashpav),2026-09-30,"reduction paragraph, first-year 18-credit condition, credit-based billing","תשלום שכר לימוד לאוניברסיטה לשנת הלימודים תשפ""ו יופחת בשיעור של 26% לעומת שכר הלימוד שהיה נהוג בשנת הלימודים תשס״א [...] סטודנט שנה א׳ אשר ירשם בשנת הלימודים תשפ""ו להיקף הנמוך מ־18 נקודות זכות, ישלם שכר לימוד מלא (לא מופחת). [...] בהתאם לכך, תלמיד הלומד למעלה מ־40 נקודות זכות בשנה ישלם למעלה מ־ 100% שכר לימוד באותה שנה.",no,curl (Wayback id_) + html-to-text (python)
ISR-HAIFA-P08-ISR-03,ISR-HAIFA,compulsory_fees,https://web.archive.org/web/20250928142904id_/https://mt.haifa.ac.il/?p=5651,University of Haifa - Student Administration Division,"תקנון שכר-לימוד לשנת הלימודים תשפ""ו (tuition regulations 2025/26) (Wayback capture 2025-09-28)",2025/26 (tashpav),2026-09-30,"section 'Additional payments', items 1-3","1. דמי אבטחה – 682 שקלים חדשים צמוד למדד יולי 2025. [...] תלמיד הרשום לשני סמסטרים או יותר, לרבות סמסטר קיץ, מחויב ב-100% מדמי האבטחה, קרי – 682 שקלים חדשים צמוד למדד יולי 2025. 2. דמי רווחה – 471 שקלים חדשים צמוד למדד יולי 2025. [...] ניתן לוותר על תשלום זה במלואו החל מ-03.08.2025 עד ליום פתיחת שנת הלימודים תשפ""ו 26.10.2025 באתר המחלקה. [...] 3. תשלום לארגון הסטודנטים הארצי היציג – 10 שקלים חדשים [...]",yes,curl (Wayback id_) + html-to-text (python)
SAU-PMU-P08-SAU-01,SAU-PMU,tuition,https://pmu.edu.sa/admission/fees_tf_ro_2025_2026.aspx,"Prince Mohammad Bin Fahd University, Registration Office",Undergraduate Fees Intake 2025/2026 :: Tuition & Fees,2025/26 (students admitted/readmitted from Fall Semester 2025/2026),2026-09-30,Undergraduate Fees > Full-Time Students,"Undergraduate Fees (For students admitted/readmitted from Fall Semester 2025/2026) Full-Time Students Tuition Fee – All Programs SAR 29,000 / semester: Covers enrollment of 12 to 18 credit/billable hours. Additional hours (19 or more): Each credit/billable hour beyond 18 will be charged at SAR 2,416. Tuition Fee – Artificial Intelligence & Cybersecurity Majors SAR 32,500 / semester: Covers enrollm [...]",yes,"curl (live page HTML, tags stripped)"
SAU-PMU-P08-SAU-02,SAU-PMU,tuition,https://pmu.edu.sa/admission/medical_program_studies_fees_tf_ro.aspx,"Prince Mohammad Bin Fahd University, Registration Office",Medical Program Studies :: Tuition & Fees,2026/27 onward (students admitted from Fall Semester 2026/2027); used only to show it is outside 2025/26,2026-09-30,Medical Program Studies - Undergraduate Fees table,"Undergraduate Fees (For students admitted/readmitted from Fall Semester 2026/2027) Full-Time Students Medical Program Studies - Undergraduate Fees Fee Amount Medical Application Fee SAR 1,150 (VAT inclusive) Medical Seat Reservation Fee (Part of the Tuition Fee) SAR 20,000 Medical Preparatory Program Tuition Fee SAR 75,000 per year Medical Program Tuition Fee SAR 90,000 per year",no,"curl (live page HTML, tags stripped)"
SAU-PMU-P08-SAU-03,SAU-PMU,compulsory_fees,https://pmu.edu.sa/admission/Student_Fees_TF_RO.aspx,"Prince Mohammad Bin Fahd University, Registration Office",Other Fees :: Tuition & Fees,not year-dated; live page accessed during 2026/27,2026-09-30,Other Fees table,"Admission Application Fees- Undergraduate Programs Fees (includes the VAT 15%) Non-refundable SAR 950 ... Other Fees at PMU- Optional Service Fees (includes the VAT 15%) Locker SAR 345/Semester Locker Insurance SAR 100 Onetime fee ID Replacement SAR 172.50 ... Late Registration Fee SAR 750 Late Payment Fee (per installment) SAR 750 ... Bus service to/from Khobar SAR 5,522/Semester",no,"curl (live page HTML, tags stripped)"
SAU-PMU-P08-SAU-04,SAU-PMU,tuition,https://web.archive.org/web/20230921091713/https://pmu.edu.sa/admission/fees_tf_ro,"Prince Mohammad Bin Fahd University, Registration Office (Wayback capture)",Undergraduate Fees :: Tuition & Fees,2023/24 (capture 21 Sep 2023); re-read to check whether a second programme rate existed,2026-09-30,Undergraduate FULL-TIME Students Tuition,"Tuition - Preparatory Program Tuition SAR 29,000/ semester Tuition - Undergraduate Program –Full Time Students Tuition SAR 29,000/ semester For student enrolled in 12 credit/billable hours and above",no,"curl (Wayback id_ raw capture, tags stripped)"
SAU-KAU-P08-SAU-01,SAU-KAU,tuition,https://kau.edu.sa/web/static?path=uploads%2F2025%2FOct%2Fmediacenter%2F%D8%A3%D8%AF%D9%84%D8%A9_%D8%A7%D9%84%D9%82%D8%A8%D9%88%D9%84%2FV1zqGjIKeE3AaN0v.pdf,"King Abdulaziz University, Deanship of Admission and Registration",دليل القبول للعام الجامعي 1447هـ لبرامج البكالوريوس والدبلوم - انتظام (نسخة معتمدة),2025/26 (1447 AH),2026-09-30,"p. 17, 'نبذة عن خدمات عمادة شؤون الطلاب' > 'المكافأة الشهرية'",تصرف الجامعة للطلاب والطالبات مكافأة شهرية 850 ﷼ للكليات الأدبية والإنسانية و 1000 ﷼ ريال للكليات الصحية والعلمية.,no,curl + pymupdf; quote transcribed from rendered page image (text layer garbles RTL order)
SAU-KAU-P08-SAU-02,SAU-KAU,tuition,https://web.archive.org/web/20250516053311/https://my.gov.sa/ar/content/EducationInKSA,Unified National Platform (my.gov.sa) (Wayback capture),التعليم في المملكة (Education in KSA),"standing national statement; capture 16 May 2025 (end of 2024/25, during the 2025/26 admission cycle); no capture from Aug 2025 onward was found and the live page returns HTTP 403",2026-09-30,section التعليم الجامعي والعالي,التعليم الجامعي والعالي مرحلة البكالوريس، وتقدمها الجامعات الحكومية بشكل مجاني للمواطنين، ويصرف لكافة الطلاب المنتظمين و طلاب المنح الخارجية خلال مدة الدراسة بها مكافأة شهرية.,no,"curl (Wayback id_ raw capture, tags stripped)"
SAU-KAU-P08-SAU-03,SAU-KAU,compulsory_fees,https://web.archive.org/web/20250516053311/https://my.gov.sa/ar/content/EducationInKSA,Unified National Platform (my.gov.sa) (Wayback capture),التعليم في المملكة (Education in KSA),"standing national statement; capture 16 May 2025 (end of 2024/25, during the 2025/26 admission cycle); no capture from Aug 2025 onward was found and the live page returns HTTP 403",2026-09-30,section التعليم الجامعي والعالي,التعليم الجامعي والعالي مرحلة البكالوريس، وتقدمها الجامعات الحكومية بشكل مجاني للمواطنين، ويصرف لكافة الطلاب المنتظمين و طلاب المنح الخارجية خلال مدة الدراسة بها مكافأة شهرية.,no,"curl (Wayback id_ raw capture, tags stripped)"
SAU-KFUPM-P08-SAU-01,SAU-KFUPM,tuition,https://sustainability.kfupm.edu.sa/no-poverty/,King Fahd University of Petroleum & Minerals,No Poverty - KFUPM Sustainability,undated live page (accessed 2026-09-30); identical statement in 1 Dec 2023 capture,2026-09-30,paragraph on measures against poverty,"All students at KFUPM are on full scholarship/assistantship, be it at the undergraduate level or at the post-graduate level, including all foreigners. The scholarship includes free tuition, free books, free luxurious accommodation in dorms, annual tickets to travel to and from home country to the university, medical care, and a generous stipend.",no,"curl (live page HTML, tags stripped)"
SAU-KFUPM-P08-SAU-02,SAU-KFUPM,tuition,https://web.archive.org/web/20250516053311/https://my.gov.sa/ar/content/EducationInKSA,Unified National Platform (my.gov.sa) (Wayback capture),التعليم في المملكة (Education in KSA),"standing national statement; capture 16 May 2025 (end of 2024/25, during the 2025/26 admission cycle); no capture from Aug 2025 onward was found and the live page returns HTTP 403",2026-09-30,section التعليم الجامعي والعالي,التعليم الجامعي والعالي مرحلة البكالوريس، وتقدمها الجامعات الحكومية بشكل مجاني للمواطنين، ويصرف لكافة الطلاب المنتظمين و طلاب المنح الخارجية خلال مدة الدراسة بها مكافأة شهرية.,no,"curl (Wayback id_ raw capture, tags stripped)"
SAU-KFUPM-P08-SAU-03,SAU-KFUPM,compulsory_fees,https://web.archive.org/web/20250516053311/https://my.gov.sa/ar/content/EducationInKSA,Unified National Platform (my.gov.sa) (Wayback capture),التعليم في المملكة (Education in KSA),"standing national statement; capture 16 May 2025 (end of 2024/25, during the 2025/26 admission cycle); no capture from Aug 2025 onward was found and the live page returns HTTP 403",2026-09-30,section التعليم الجامعي والعالي,التعليم الجامعي والعالي مرحلة البكالوريس، وتقدمها الجامعات الحكومية بشكل مجاني للمواطنين، ويصرف لكافة الطلاب المنتظمين و طلاب المنح الخارجية خلال مدة الدراسة بها مكافأة شهرية.,no,"curl (Wayback id_ raw capture, tags stripped)"
SAU-KSU-P08-SAU-01,SAU-KSU,tuition,https://dar.ksu.edu.sa/sites/dar.ksu.edu.sa/files/2025-05/Admission2025.pdf,"King Saud University, Deanship of Admission and Registration Affairs",دليل القبول للبرامج الدراسية في المرحلة الجامعية للعام الدراسي 2025-2026,2025/26 (1447 AH),2026-09-30,"printed p. 16, FAQ 'هل يمكن لغير السعوديين المقيمين في المملكة التقديم للقبول في الجامعة؟'; printed p. 15, College of Applied Studies box",تتيح الجامعة القبول لغير السعوديين المقيمين في المملكة إقامة نظامية سارية المفعول في برامج البكالوريوس بمقابل مالي؛ ... تقدم كلية الدراسات التطبيقية برامج الدبلوم المتوسط والمشارك بمقابل مالي,no,curl + pymupdf; checked against rendered page image
SAU-KSU-P08-SAU-02,SAU-KSU,regime,https://dar.ksu.edu.sa/sites/dar.ksu.edu.sa/files/2025-05/Admission2025.pdf,"King Saud University, Deanship of Admission and Registration Affairs",دليل القبول للبرامج الدراسية في المرحلة الجامعية للعام الدراسي 2025-2026,statute approved 9/2/1444 AH (2022); stated in the 2025/26 guide,2026-09-30,"المقدمة, first sentence; recorded for control, not price",تماشياً مع رؤية المملكة ٢٠٣٠ وصدور الأمر الملكي رقم (٩٥٨٩) و تاريخ ١٤٤٤/٢/٩هـ القاضي بالموافقة على النظام الأساس لجامعة الملك سعود؛ لتكون تحت مظلة الهيئة الملكية لمدينة الرياض,no,curl + pymupdf; quote transcribed from rendered page image at 200 dpi
SAU-KSU-P08-SAU-03,SAU-KSU,tuition,https://web.archive.org/web/20250516053311/https://my.gov.sa/ar/content/EducationInKSA,Unified National Platform (my.gov.sa) (Wayback capture),التعليم في المملكة (Education in KSA),"standing national statement; capture 16 May 2025 (end of 2024/25, during the 2025/26 admission cycle); no capture from Aug 2025 onward was found and the live page returns HTTP 403",2026-09-30,section التعليم الجامعي والعالي,التعليم الجامعي والعالي مرحلة البكالوريس، وتقدمها الجامعات الحكومية بشكل مجاني للمواطنين، ويصرف لكافة الطلاب المنتظمين و طلاب المنح الخارجية خلال مدة الدراسة بها مكافأة شهرية.,no,"curl (Wayback id_ raw capture, tags stripped)"
SAU-KSU-P08-SAU-04,SAU-KSU,compulsory_fees,https://web.archive.org/web/20250516053311/https://my.gov.sa/ar/content/EducationInKSA,Unified National Platform (my.gov.sa) (Wayback capture),التعليم في المملكة (Education in KSA),"standing national statement; capture 16 May 2025 (end of 2024/25, during the 2025/26 admission cycle); no capture from Aug 2025 onward was found and the live page returns HTTP 403",2026-09-30,section التعليم الجامعي والعالي,التعليم الجامعي والعالي مرحلة البكالوريس، وتقدمها الجامعات الحكومية بشكل مجاني للمواطنين، ويصرف لكافة الطلاب المنتظمين و طلاب المنح الخارجية خلال مدة الدراسة بها مكافأة شهرية.,no,"curl (Wayback id_ raw capture, tags stripped)"
SAU-IAU-P08-SAU-01,SAU-IAU,tuition,https://web.archive.org/web/20260107205759/https://www.iau.edu.sa/en/administration/deanships/deanship-of-admissions-and-registration/admitted-transferred-and-visiting-students/internal-scholarship-program-with-tuition-fees-for-non-saudi-students-residing-in-ksa,"Imam Abdulrahman Bin Faisal University, Deanship of Admissions and Registration (Wayback capture)",Internal Scholarship Program with Tuition Fees for Non-Saudi Students Residing in KSA,2025/26 (capture 7 Jan 2026),2026-09-30,Tuition Fees,"The tuition fee for regular students in the scholarship program for non-Saudis is 8000 Saudi Riyals per semester, and the value-added tax is added to the tuition fees for each semester, thus the total amount to be paid is 9200 Saudi Riyals.",no,"curl (Wayback id_ raw capture, tags stripped)"
SAU-IAU-P08-SAU-02,SAU-IAU,tuition,https://web.archive.org/web/20250516053311/https://my.gov.sa/ar/content/EducationInKSA,Unified National Platform (my.gov.sa) (Wayback capture),التعليم في المملكة (Education in KSA),"standing national statement; capture 16 May 2025 (end of 2024/25, during the 2025/26 admission cycle); no capture from Aug 2025 onward was found and the live page returns HTTP 403",2026-09-30,section التعليم الجامعي والعالي,التعليم الجامعي والعالي مرحلة البكالوريس، وتقدمها الجامعات الحكومية بشكل مجاني للمواطنين، ويصرف لكافة الطلاب المنتظمين و طلاب المنح الخارجية خلال مدة الدراسة بها مكافأة شهرية.,no,"curl (Wayback id_ raw capture, tags stripped)"
SAU-IAU-P08-SAU-03,SAU-IAU,compulsory_fees,https://web.archive.org/web/20250516053311/https://my.gov.sa/ar/content/EducationInKSA,Unified National Platform (my.gov.sa) (Wayback capture),التعليم في المملكة (Education in KSA),"standing national statement; capture 16 May 2025 (end of 2024/25, during the 2025/26 admission cycle); no capture from Aug 2025 onward was found and the live page returns HTTP 403",2026-09-30,section التعليم الجامعي والعالي,التعليم الجامعي والعالي مرحلة البكالوريس، وتقدمها الجامعات الحكومية بشكل مجاني للمواطنين، ويصرف لكافة الطلاب المنتظمين و طلاب المنح الخارجية خلال مدة الدراسة بها مكافأة شهرية.,no,"curl (Wayback id_ raw capture, tags stripped)"
SAU-KFU-P08-SAU-01,SAU-KFU,compulsory_fees,https://www.kfu.edu.sa/ar/Deans/AdmissionRecordsDeanship/Documents/acadPlan/awards/awards.html,"King Faisal University, Deanship of Admission and Registration",عن المكافآت,"undated live page (HTTP Last-Modified 4 Mar 2024), accessed 2026-09-30",2026-09-30,المكافآت وطريقة صرفها,تصرف المكافآت لجميع الطلاب والطالبات السعوديين والغير سعوديين من أم سعودية في المرحلة الجامعية المنتظمين الغير موظفين، ويتم إيداع المكافآت في حساباتهم في البنك وتكون مقدار المكافأة لطلاب التخصصات العلمية (1000) ريال ولطلاب التخصصات النظرية (850) ريال. ... يتم خصم (10) ريالات من المكافأة لصندوق الطلاب شهريا ولا يتم الاسترجاع بعد التخرج.,no,"curl (live page HTML, tags stripped)"
SAU-KFU-P08-SAU-02,SAU-KFU,tuition,https://web.archive.org/web/20250516053311/https://my.gov.sa/ar/content/EducationInKSA,Unified National Platform (my.gov.sa) (Wayback capture),التعليم في المملكة (Education in KSA),"standing national statement; capture 16 May 2025 (end of 2024/25, during the 2025/26 admission cycle); no capture from Aug 2025 onward was found and the live page returns HTTP 403",2026-09-30,section التعليم الجامعي والعالي,التعليم الجامعي والعالي مرحلة البكالوريس، وتقدمها الجامعات الحكومية بشكل مجاني للمواطنين، ويصرف لكافة الطلاب المنتظمين و طلاب المنح الخارجية خلال مدة الدراسة بها مكافأة شهرية.,no,"curl (Wayback id_ raw capture, tags stripped)"
SAU-KFU-P08-SAU-03,SAU-KFU,compulsory_fees,https://web.archive.org/web/20250516053311/https://my.gov.sa/ar/content/EducationInKSA,Unified National Platform (my.gov.sa) (Wayback capture),التعليم في المملكة (Education in KSA),"standing national statement; capture 16 May 2025 (end of 2024/25, during the 2025/26 admission cycle); no capture from Aug 2025 onward was found and the live page returns HTTP 403",2026-09-30,section التعليم الجامعي والعالي,التعليم الجامعي والعالي مرحلة البكالوريس، وتقدمها الجامعات الحكومية بشكل مجاني للمواطنين، ويصرف لكافة الطلاب المنتظمين و طلاب المنح الخارجية خلال مدة الدراسة بها مكافأة شهرية.,no,"curl (Wayback id_ raw capture, tags stripped)"
SAU-KKU-P08-SAU-01,SAU-KKU,tuition,https://web.archive.org/web/20250516053311/https://my.gov.sa/ar/content/EducationInKSA,Unified National Platform (my.gov.sa) (Wayback capture),التعليم في المملكة (Education in KSA),"standing national statement; capture 16 May 2025 (end of 2024/25, during the 2025/26 admission cycle); no capture from Aug 2025 onward was found and the live page returns HTTP 403",2026-09-30,section التعليم الجامعي والعالي,التعليم الجامعي والعالي مرحلة البكالوريس، وتقدمها الجامعات الحكومية بشكل مجاني للمواطنين، ويصرف لكافة الطلاب المنتظمين و طلاب المنح الخارجية خلال مدة الدراسة بها مكافأة شهرية.,no,"curl (Wayback id_ raw capture, tags stripped)"
SAU-KKU-P08-SAU-02,SAU-KKU,compulsory_fees,https://web.archive.org/web/20250516053311/https://my.gov.sa/ar/content/EducationInKSA,Unified National Platform (my.gov.sa) (Wayback capture),التعليم في المملكة (Education in KSA),"standing national statement; capture 16 May 2025 (end of 2024/25, during the 2025/26 admission cycle); no capture from Aug 2025 onward was found and the live page returns HTTP 403",2026-09-30,section التعليم الجامعي والعالي,التعليم الجامعي والعالي مرحلة البكالوريس، وتقدمها الجامعات الحكومية بشكل مجاني للمواطنين، ويصرف لكافة الطلاب المنتظمين و طلاب المنح الخارجية خلال مدة الدراسة بها مكافأة شهرية.,no,"curl (Wayback id_ raw capture, tags stripped)"
TUR-MET-P08-TUR-01,TUR-MET,regime,https://www.resmigazete.gov.tr/eskiler/2025/07/20250709-7.pdf,"Resmî Gazete (9 Temmuz 2025, Sayı 32951)",Cumhurbaşkanı Kararı 10042: 2025-2026 Eğitim-Öğretim Yılında Yükseköğretim Kurumlarında Cari Hizmet Maliyetlerine Öğrenci Katkısı Olarak Alınacak Katkı Payları ve Öğrenim Ücretlerinin Tespitine Dair Karar,2025/26,2026-09-30,"Karar annex p. 1 (PDF page 2), Madde 1(3) (scanned page; no text layer)","(3) 2025-2026 Eğitim-Öğretim Yılında öğrenimine devam eden veya yeni kayıt yaptıracak birinci öğretim ve açık öğretim öğrencilerinden, 3 üncü ve 10 uncu maddelerdeki hükümler saklı kalmak kaydıyla, öğrenci katkı payı alınmaz. Bu öğrencilerden alınması gereken öğrenci katkı payı tutarları, Devlet tarafından karşılanır.",no,"curl + pymupdf render, visual reading"
TUR-MET-P08-TUR-02,TUR-MET,tuition,https://web.archive.org/web/20251208080738/https://oidb.metu.edu.tr/tr/katki-payi-miktarlari,ODTÜ Öğrenci İşleri Daire Başkanlığı (Wayback capture 2025-12-08),Katkı Payı Miktarları,2025/26 (Son Güncelleme: 15/10/2025),2026-09-30,section 'I. BİRİNCİ ÖĞRETİM PROGRAMLARI'; no other compulsory fee listed on the page,"2025-2026 AKADEMİK YILI ÖĞRENCİ KATKI PAYI/ ÖĞRENİM ÜCRETİ MİKTARLARI [...] ÖN LİSANS VE LİSANS ÖĞRENCİLERİ I. BİRİNCİ ÖĞRETİM PROGRAMLARI (Merkezi Yerleştirme Esaslarına Göre Yerleşen Öğrenciler) FAKÜLTE MİKTAR (DÖNEMLİK) Mimarlık, Mühendislik Fakültesi (9. ve yukarı döneminde olan öğrenciler) 1798 TL Fen Edebiyat Fakültesi (9. ve yukarı döneminde olan öğrenciler) 1319 TL İktisadi ve İdari Biliml [...]",yes,curl (Wayback id_) + html-to-text (python)
TUR-IT-P08-TUR-01,TUR-IT,regime,https://www.resmigazete.gov.tr/eskiler/2025/07/20250709-7.pdf,"Resmî Gazete (9 Temmuz 2025, Sayı 32951)",Cumhurbaşkanı Kararı 10042: 2025-2026 Eğitim-Öğretim Yılında Yükseköğretim Kurumlarında Cari Hizmet Maliyetlerine Öğrenci Katkısı Olarak Alınacak Katkı Payları ve Öğrenim Ücretlerinin Tespitine Dair Karar,2025/26,2026-09-30,"Karar annex p. 1 (PDF page 2), Madde 1(3) (scanned page; no text layer)","(3) 2025-2026 Eğitim-Öğretim Yılında öğrenimine devam eden veya yeni kayıt yaptıracak birinci öğretim ve açık öğretim öğrencilerinden, 3 üncü ve 10 uncu maddelerdeki hükümler saklı kalmak kaydıyla, öğrenci katkı payı alınmaz. Bu öğrencilerden alınması gereken öğrenci katkı payı tutarları, Devlet tarafından karşılanır.",no,"curl + pymupdf render, visual reading"
TUR-IT-P08-TUR-02,TUR-IT,tuition,https://www.sis.itu.edu.tr/TR/ogrenci/katki-payi-ogrenim-ucreti/katki-payi-ogrenim-ucreti.php,İTÜ Öğrenci İşleri Daire Başkanlığı,Öğrenci Katkı Payı / Öğrenim Ücreti İşlemleri,current page (standing rule; read 2026-09-30),2026-09-30,section 'Katkı Payı / Öğrenim Ücreti Yükümlüsü Öğrenciler' item 1 and 'Öğrenim Süreleri' table,Katkı Payı / Öğrenim Ücreti Yükümlüsü Öğrenciler 1-Birinci öğretim programlarında program süresini aşmış olan öğrenciler katkı payı öder. Öğrenim Süreleri DİPLOMA PROGRAMI PROGRAM SÜRESİ İngilizce Hazırlık Sınıfı 1 yıl/ 2 yarıyıl Lisans programları (dört yıllık) 4 yıl/ 8 yarıyıl,no,curl (live page) + html-to-text (python)
TUR-IT-P08-TUR-03,TUR-IT,compulsory_fees,https://web.archive.org/web/20250804224339/https://www.sis.itu.edu.tr/TR/ogrenci/katki-payi-ogrenim-ucreti/ucretler/20261020/katki-payi.php,İTÜ Öğrenci İşleri Daire Başkanlığı (Wayback capture 2025-08-04),2025-2026 Eğitim-Öğretim Yılı Katkı Payı,2025/26,2026-09-30,"table 'ÖNLİSANS, LİSANS PROGRAMLARI ve ENSTİTÜ' (amounts apply to liable students per TUR-IT-P08-TUR-02); no other compulsory fee listed (live URL returned 403)","2025-2026 Eğitim-Öğretim Yılı Katkı Payı 09.07.2025 tarihli 32951 sayılı Resmi Gazetede yayınlanan 2025-2026 Eğitim-Öğretim yılında Yükseköğretim Kurumlarında Cari Hizmet Maliyetlerine Öğrenci Katkısı Olarak Alınacak Katkı Payları ve Öğrenim Ücretlerinin Tespitine Dair Karar'ın yürürlüğe konulmasına, 2547 sayılı Kanunun 46 ncı maddesi ile 3843 sayılı Kanunun 7 nci maddesi gereğince karar verilmişt [...]",yes,curl (Wayback id_) + html-to-text (python)
TUR-BU-P08-TUR-01,TUR-BU,regime,https://www.resmigazete.gov.tr/eskiler/2025/07/20250709-7.pdf,"Resmî Gazete (9 Temmuz 2025, Sayı 32951)",Cumhurbaşkanı Kararı 10042: 2025-2026 Eğitim-Öğretim Yılında Yükseköğretim Kurumlarında Cari Hizmet Maliyetlerine Öğrenci Katkısı Olarak Alınacak Katkı Payları ve Öğrenim Ücretlerinin Tespitine Dair Karar,2025/26,2026-09-30,"Karar annex p. 1 (PDF page 2), Madde 1(3) (scanned page; no text layer)","(3) 2025-2026 Eğitim-Öğretim Yılında öğrenimine devam eden veya yeni kayıt yaptıracak birinci öğretim ve açık öğretim öğrencilerinden, 3 üncü ve 10 uncu maddelerdeki hükümler saklı kalmak kaydıyla, öğrenci katkı payı alınmaz. Bu öğrencilerden alınması gereken öğrenci katkı payı tutarları, Devlet tarafından karşılanır.",no,"curl + pymupdf render, visual reading"
TUR-BU-P08-TUR-02,TUR-BU,tuition,https://web.archive.org/web/20260112152738/https://ogrenciler.bogazici.edu.tr/Home/SubPage/harclarveucretler,"Boğaziçi Üniversitesi, Öğrenciler portalı (Wayback capture 2026-01-12)",Harçlar ve Ücretler,2025/26,2026-09-30,"section '2025 - 2026 Eğitim Öğretim Yılı Öğrenci Katkı Payı ve Öğrenim Ücretleri', LİSANS PROGRAMLARI table","2025 - 2026 Eğitim Öğretim Yılı Öğrenci Katkı Payı ve Öğrenim Ücretleri Programın Normal Süresi Sonunda Mezun Olamayan Lisans ve Lisansüstü Öğrenciler için Katkı Payı LİSANS PROGRAMLARI (Programın normal süresinde olan öğrenciler katkı payından muaftır.) DÖNEMLİK Eğitim Fakültesi 1.319,25 TL Fen Fakültesi 1.319,25 TL İktisadi ve İdari Bilimler Fakültesi 1.452,00 TL Mühendislik Fakültesi 1.797,75 T [...]",yes,curl (Wayback id_) + html-to-text (python)
TUR-BU-P08-TUR-03,TUR-BU,compulsory_fees,https://web.archive.org/web/20260112152738/https://ogrenciler.bogazici.edu.tr/Home/SubPage/harclarveucretler,"Boğaziçi Üniversitesi, Öğrenciler portalı (Wayback capture 2026-01-12)",Harçlar ve Ücretler,2025/26,2026-09-30,section 'Kayıt Süreci',Banka sistemleri üzerinde Öğrenci Katkı Payı ödemeleri (kısmi olarak ödemeler yapılabilir) için Harç Ücreti (HRC) seçeneği kullanılmalıdır. Banka görevlileri aksini belirtse dahi HRC ödemesi haricinde ödeme yapmayınız. Kayıt Ücreti (KYU) ödemesi yapılmayacaktır.,no,curl (Wayback id_) + html-to-text (python)
TUR-K-P08-TUR-01,TUR-K,tuition,https://web.archive.org/web/20251002192201/https://adaylar.ku.edu.tr/aday-ogrencilerimiz/burslar-ve-egitim-ucretleri/,"Koç Üniversitesi, Aday Öğrenciler (Wayback capture 2025-10-02)",Burslar ve Eğitim Ücretleri,2025/26,2026-09-30,sections 'Eğitim Ücreti' and 'Ödeme ile İlgili Detaylar'; no separate compulsory fee listed,"Koç Üniversitesi’nde eğitim-öğretim ücrete tabidir. 2025-2026 Akademik yılında ÖSYM kanalıyla yerleştirilen yeni girişli öğrenciler için eğitim-öğretim ücreti Tıp Fakültesi dışındaki programlar için KDV dâhil 1.590.000 TL’dir; Tıp Fakültesi için yarı burslu KDV dâhil 1.185.000 TL’dir*, Yabancı Dil Hazırlık Programı ücreti tüm bölümler için KDV dâhil 1.590.000 TL’dir. [...] Güz dönemi için eğitim-ö [...]",yes,curl (Wayback id_) + html-to-text (python)
TUR-K-P08-TUR-02,TUR-K,tuition,https://web.archive.org/web/20251002192201/https://adaylar.ku.edu.tr/aday-ogrencilerimiz/burslar-ve-egitim-ucretleri/,"Koç Üniversitesi, Aday Öğrenciler (Wayback capture 2025-10-02)",Burslar ve Eğitim Ücretleri,2025/26,2026-09-30,"opening paragraphs (ÖSYM placement scholarships are exam-based; context, not aid)",Üniversite giriş sınav sonucuna göre Koç Üniversitesi’ne burslu olarak yerleştirilen öğrenciler için tam burs (%100) ve kısmi burs (%50) imkânı sunulmaktadır. 2025 kontenjanlarımızın %51’i tam ve kısmi burslu öğrencilere ayrılmıştır. Bu oran %41 tam bursa eş değerdir.,no,curl (Wayback id_) + html-to-text (python)
TUR-B-P08-TUR-01,TUR-B,tuition,https://web.archive.org/web/20251211160814/https://adaybilgi.bilkent.edu.tr/index.php/egitim-ucreti/,"Bilkent Üniversitesi, Üniversite Adaylarına Bilgi (Wayback capture 2025-12-11)",Eğitim Ücreti,2025/26,2026-09-30,"page body, first paragraphs; no separate compulsory fee listed",2025-2026 yılı eğitim ücreti bütün bölüm ve programlar için 950.000 TL tutarındadır (%10 KDV dahil). %50 burslu (“%50 İndirimli” kontenjandan yerleşmiş) öğrenciler için aynı eğitim ücreti 475.000 TL tutarındadır (%10 KDV dahil). Eğitim ücreti tüm bölüm ve programlar için (İngilizce Hazırlık Programı dâhil) aynıdır. Bilkent Üniversitesi’nde eğitim ücretleri akademik yıl bazında belirlenir ve akadem [...],yes,"curl (Wayback id_, gzip) + html-to-text (python)"
TUR-B-P08-TUR-02,TUR-B,tuition,https://adaybilgi.bilkent.edu.tr/index.php/egitim-ucreti/,"Bilkent Üniversitesi, Üniversite Adaylarına Bilgi",Eğitim Ücreti,"2026/27 (live page; context only, not used for the 2025/26 amount)",2026-09-30,"page body, first two paragraphs",2026-2027 akademik yılı eğitim ücreti bütün bölüm ve programlar için 1.295.000 TL tutarındadır (%10 KDV dahil). [...] Yıllık eğitim ücreti Güz ve Bahar yarıyılı başlarında olmak üzere iki eşit taksitte ödenir. Yıllık eğitim ücretinin tamamını Güz yarıyılı başında ödemeyi tercih eden öğrenciler için 2026-2027 akademik yılı indirimli eğitim ücreti 1.245.000 TL tutarındadır (%10 KDV dahil).,no,curl (live page) + html-to-text (python)
TUR-SU-P08-TUR-01,TUR-SU,tuition,https://web.archive.org/web/20260116192150/https://www.sabanciuniv.edu/tr/lisans-programlari-burs-ve-ucretleri,Sabancı Üniversitesi (Wayback capture 2026-01-16),Lisans Programları Burs ve Ücretleri,2025/26,2026-09-30,section 'Öğrenim Ücretleri'; no separate compulsory fee listed,"Sabancı Üniversitesi’nde eğitim-öğretim ücretlidir. Eğitim-öğretim, yurt ve diğer ücretler ile burslar her yıl Mütevelli Heyeti tarafından belirlenir. 2025-2026 Akademik yılında ÖSYM kanalıyla yerleştirilen yeni girişli lisans programları ve Temel Geliştirme Yılı (Hazırlık Dil Eğitimi) öğrencileri için öğrenim ücreti %10 KDV dahil 1.595.000 TL’dir. [...] Öğrenim ücreti; diğer giderleri (yemek, yur [...]",yes,curl (Wayback id_) + html-to-text (python)
UKR-TSK-P08-UKR-01,UKR-TSK,tuition,https://vstup.knu.ua/images/contracts-prices-2025-2026_bachelor.pdf,Taras Shevchenko National University of Kyiv (admissions office),Вартість навчання ... за освітнім ступенем Бакалавра 2025/2026 н.р. (contracts-prices-2025-2026_bachelor.pdf; PDF modDate 2025-05-26),2025/26,2026-09-30,"p.1 row А4.01 (minimum, column '1 курс навчання'); p.6 C1.01 Економіка (мова навчання англійська/українська) row (maximum)","А4.01 Українська мова і література | Теорія та методика навчання української мови і літератури, іноземної мови в основній школі | Денна | 4 | 43 800 | 46 000 | 46 000 | 46 000 [...] C1.01 Економіка | Економіка (мова навчання англійська/українська) / Economics | Денна | 4 | 81 100",no,curl + pymupdf text layer (cells joined with |)
UKR-TSK-P08-UKR-02,UKR-TSK,tuition,https://vstup.knu.ua/images/contracts-prices-2025-2026_bachelor.pdf,Taras Shevchenko National University of Kyiv (admissions office),Вартість навчання ... Бакалавра 2025/2026 н.р.,2025/26,2026-09-30,"p.12, International Commerce and Investment row (excluded under D039, sensitivity only)",Міжнародна комерція та інвестиції (мова навчання англійська) / International Commerce And Investment) | Денна | 4 | 95 600 | 100 400 | 100 400 | 100 400,no,curl + pymupdf text layer (cells joined with |)
UKR-TSK-P08-UKR-03,UKR-TSK,tuition,https://vstup.knu.ua/images/contracts-prices-2025-2026_MD.pdf,Taras Shevchenko National University of Kyiv (admissions office),Вартість навчання ... Магістра 2025/2026 н.р. (incl. магістр медичного спрямування),2025/26,2026-09-30,"p.19, I2 Медицина rows",I2 Медицина | Медицина | Денна | 6 | 61 800 | 61 800 | 61 800 | 61 800 | 61 800 | 61 800 | I Охорона здоров'я та соціальне забезпечення | I2 Медицина | Медицина (мова навчання англійська) / Medicine | Денна | 6 | 149 800,no,curl + pymupdf text layer (cells joined with |)
UKR-TSK-P08-UKR-04,UKR-TSK,tuition,https://web.archive.org/web/20251015181747id_/https://vstup.knu.ua/vartist-navchannia-za-kontraktom,"Taras Shevchenko National University of Kyiv (admissions office), Wayback capture 2025-10-15",Вартість навчання за контрактом у Київському національному університеті імені Тараса Шевченка,2025/26,2026-09-30,"page body, links to /images/contracts-prices-2025-2026_bachelor.pdf and _MD.pdf","Вартість навчання згідно з переліком освітніх програм, за якими оголошується набір на навчання за освітнім ступенем Бакалавра 2025/2026 н.р.",no,curl (Wayback raw capture) + html text extraction
UKR-TSK-P08-UKR-05,UKR-TSK,regime,https://zakon.rada.gov.ua/laws/show/861-2025-%D0%BF#Text,Cabinet of Ministers of Ukraine (zakon.rada.gov.ua),Постанова КМУ від 15 липня 2025 р. № 861 Про внесення змін до Порядку реалізації експериментального проекту щодо надання державних грантів на здобуття вищої освіти,2025/26 entrants,2026-09-30,змін п.10 (new п.23-1 of the Порядок),"Здобувачам освіти, які зараховані у 2025/26 навчальному році на перший рік навчання, мають результат вступних випробувань у формі зовнішнього незалежного оцінювання та/або з використанням організаційно-технологічних процесів зовнішнього незалежного оцінювання не менше 170 балів з двох предметів, встановлюється базовий грант другого рівня в розмірі 25000 гривень.",no,curl (print version) + html text extraction
UKR-VNKK-P08-UKR-01,UKR-VNKK,tuition,https://web.archive.org/web/20250517074439id_/https://start.karazin.ua/app/webroot/files/upload/2025/vstup/vartist_2025.pdf,"V. N. Karazin Kharkiv National University (admissions site), Wayback capture 2025-05-17","Додаток 1 до Наказу № 0805-1/238 від 15 травня 2025 р.: Вартість платної освітньої послуги ... у 2025/2026 навчальному році за ступенями вищої освіти (бакалавр, магістр, доктор філософії та доктор наук) та в інтернатурі",2025/26,2026-09-30,"p.1 header and column heading 'Вартість навчання за перший курс (рік), грн' / Бакалавр / Денна; p.1 row Середня освіта (Географія) (minimum, 28000 in the Бакалавр Денна column by x-position)","Вартість платної освітньої послуги, що надається Харківським національним університетом імені В.Н. Каразіна для здобуття вищої освіти громадянами України та прирівняними до них особами у 2025/2026 навчальному році [...] Середня освіта (Географія) | 28000 | 15400 | 112000 | 61600",no,curl (Wayback raw capture) + pymupdf text layer and word coordinates (cells joined with |)
UKR-VNKK-P08-UKR-02,UKR-VNKK,tuition,https://web.archive.org/web/20250517074439id_/https://start.karazin.ua/app/webroot/files/upload/2025/vstup/vartist_2025.pdf,"V. N. Karazin Kharkiv National University (admissions site), Wayback capture 2025-05-17",Додаток 1 до Наказу № 0805-1/238 від 15 травня 2025 р. (2025/2026),2025/26,2026-09-30,"p.6 D8 Право row (bachelor maximum 46700); p.3 I2 Медицина and I1 Стоматологія rows (Магістр (ОПП) Денна column, x=554)",D8 Право | Право | 46700 | 25700 | 55500 | 30700 | 186800 | 102800 | 77700 | 42980 [...] Медицина | 1-3 курс | 48700 | 4-6 курс | 53700 | Стоматологія | 1-3 курс | 55500 | 4-5 курс | 60500 | Медична психологія | 1-3 курс | 48700 | 4-6 курс | 53700,no,curl (Wayback raw capture) + pymupdf text layer and word coordinates (cells joined with |)
UKR-TUISKP-P08-UKR-01,UKR-TUISKP,tuition,https://document.kpi.ua/files/2025_HOD-428a1.pdf,Igor Sikorsky Kyiv Polytechnic Institute (document.kpi.ua),"Додаток 1 до наказу ""Про встановлення вартості навчання на 2025/2026 навчальний рік для студентів – громадян України першого та другого рівнів освіти"": Вартість навчання у 2025/2026 навчальному році, Перший (бакалаврський) рівень вищої освіти",2025/26,2026-09-30,"p.1 D8 Право row (maximum, 67,600 shared by C1, C3, C7, D2-D8); p.2 G9 Прикладна механіка row (minimum 44,900, shared by most engineering/science rows); column 'Очна (денна) та дистанційна форми, один навчальний рік'","D8 Право | 67,600 | 270,400 | 45,000 | 180,000 [...] G9 Прикладна механіка | 44,900 | 179,600 | 29,900 | 119,600",no,curl + pymupdf text layer (cells joined with |)
UKR-TUISKP-P08-UKR-02,UKR-TUISKP,tuition,https://document.kpi.ua/2025_HOD-428,Igor Sikorsky Kyiv Polytechnic Institute (document.kpi.ua),"Наказ № НОД/428/25 від 15.05.2025 р. ""Про встановлення вартості навчання на 2025/2026 навчальний рік для студентів - громадян України першого та другого рівнів освіти""",2025/26,2026-09-30,п.1 and п.2,"1. Встановити з 01 вересня 2025 року вартість навчання здобувачів вищої освіти першого (бакалаврського) та другого (магістерського) рівнів вищої освіти -громадян України, які будуть зараховані на навчання (переведені з інших закладів вищої освіти, з інших спеціальностей та поновлені на навчання) за кошти фізичних та юридичних осіб у 2025/2026 навчальному році, згідно з Додатками 1 та 2 до цього на [...]",yes,curl + html text extraction
UKR-TKP-P08-UKR-01,UKR-TKP,tuition,http://blogs.kpi.kharkov.ua/v2/dogovor/wp-content/uploads/sites/37/2025/08/Vstupnyk_2025.pdf,"NTU 'Kharkiv Polytechnic Institute', contract-education department (blogs.kpi.kharkov.ua/v2/dogovor)","Витяг з наказу №156 ОД від 20.05.2025 р.: Вартість навчання для здобувачів першого (бакалаврського) та другого (магістерського) рівнів денної та заочної форм навчання, які вступають до НТУ «ХПІ» у 2025 році",2025/26 (entrants of 2025),2026-09-30,"single-page table, column 'Вартість навчання за семестр, грн - денна форма - бакалавр'; first row (minimum), BEM and СГТ (D4) rows (maximum), BEM English row (excluded)","Вартість навчання за семестр, грн [...] МІТ, Е, ХТ (крім І8 Промислова фармація), КН (G20 Сучасні технології у видавництві та медіаіндустрії,), ІКМ (крім F3 [...]) 10920 13585 6470 8130 – БЕМ 25135 27705 8800 11435 8800 БЕМ (викладання анг. мовою) 27650 27705 – 12580 –",no,curl + pymupdf text layer
UKR-TKP-P08-UKR-02,UKR-TKP,tuition,https://blogs.kpi.kharkov.ua/v2/dogovor/kontraktne-navchannya/vartist-navchannya/dlya-abituriyentiv/,"NTU 'Kharkiv Polytechnic Institute', contract-education department",Вартість навчання - для абітурієнтів,2025/26,2026-09-30,page body link to Vstupnyk_2025.pdf,,no,curl + html link extraction (no quotable text besides the link)
UKR-TKP-P08-UKR-03,UKR-TKP,correction,http://vstup.kpi.kharkov.ua/wp-content/uploads/2023/07/%D0%94%D0%BE%D0%B4%D0%B0%D1%82%D0%BE%D0%BA%201%20%D0%9F%D0%B5%D1%80%D0%B5%D0%BB%D1%96%D0%BA%20%D1%81%D0%BF%D0%B5%D1%86%D1%96%D0%B0%D0%BB%D1%8C%D0%BD%D0%BE%D1%81%D1%82%D0%B5%D0%B9%20%D1%82%D0%B0%20%D0%BA%D0%BE%D0%BD%D0%BA%D1%83%D1%80%D1%81%D0%BD%D0%B8%D1%85%20%D0%BF%D1%80%D0%BE%D0%BF%D0%BE%D0%B7%D0%B8%D1%86%D1%96%D0%B9%2C%20%D1%82%D0%B5%D1%80%D0%BC%D1%96%D0%BD%D1%96%D0%B2%20%D0%BD%D0%B0%D0%B2%D1%87%D0%B0%D0%BD%D0%BD%D1%8F%20%D1%82%D0%B0%20%D0%B2%D0%B0%D1%80%D1%82%D0%BE%D1%81%D1%82%D1%96%20%D0%BF%D0%BB%D0%B0%D1%82%D0%BD%D0%B8%D1%85%20%D0%BF%D0%BE%D1%81%D0%BB%D1%83%D0%B323.pdf,National Technical University 'Kharkiv Polytechnic Institute' (admissions site),Додаток 1 Правил прийому 2023 р. (2023/2024),2023/24,2026-09-24,"p.8, 121 Інноваційний кампус row - quote taken from existing classification source UKR-TKP-S05 (accessed 2026-09-24), not re-opened in this run",121 Інженерія програмного забезпечення | Інженерія програмного забезпечення (Інноваційний кампус)^ | 30470/ 33520,no,not re-opened; quoted from classification_sources.csv row UKR-TKP-S05
UKR-LP-P08-UKR-01,UKR-LP,tuition,https://lpnu.ua/sites/default/files/2026/pages/37098/rozmir-plati-za-navchannya-studentiv-dennoi-formi-2025-roku-vstupu.pdf,Lviv Polytechnic National University (planning and finance department),"Розмір плати за підготовку фахівців на 2026/2027 навчальний рік по ННІ Національного університету ""Львівська політехніка"" для студентів, зарахованих на навчання в 2025 році. Денна форма навчання (ухвалено Вченою радою 26 травня 2026 року, протокол № 35)","2025/26 (column 5, annual contract price of 2025 entrants); 2026/27 (column 6)",2026-09-30,p.1 header and column heads; p.5 IMIT J7 row (minimum); p.7 IKNI F3 Системи штучного інтелекту row (maximum); Бакалавр columns 5 and 6,"Розмір плати за підготовку фахівців на 2026/2027 навчальний рік [...] для студентів, зарахованих на навчання в 2025 році | Денна форма навчання | Бакалавр | Річна вартість згідно з договором | Розмір плати на 2026/2027 (8%) [...] J7 | Функціональність залізничного транспорту | 36 300 | 39 200 [...] F3 | Системи штучного інтелекту | 69 900 | 75 490",no,curl + pymupdf render + visual reading (scanned PDF)
UKR-LP-P08-UKR-02,UKR-LP,tuition,https://lpnu.ua/viddil-stypendii-oplaty-za-navchannia/rozmir-platy-za-navchannia-na-20262027-navchalnyi-rik,Lviv Polytechnic National University (scholarship and tuition payment office),Розмір плати за навчання на 2026/2027 навчальний рік,2026/27 (page); links 2025-entrant tables,2026-09-30,"page body, links to rozmir-plati-za-navchannya-studentiv-dennoi-formi-2025-roku-vstupu.pdf and nakaz-400-1-10-vid-29052026.pdf",Розмір плати за навчання на 2026/2027 навчальний рік,no,curl + html link extraction
UKR-SS-P08-UKR-01,UKR-SS,tuition,https://sumdu.edu.ua/uk/academic/organization-training/tuition-fees/136-full-time.html,Sumy State University,Денна форма навчання (tuition fees page),unknown,2026-09-30,inaccessible: HTTP 403 Cloudflare challenge,,no,curl and WebFetch (both blocked; inaccessible)
UKR-SS-P08-UKR-02,UKR-SS,tuition,https://zaxid.net/sumskiy_derzhavniy_universitet_zatverdiv_vartist_navchannya_dlya_vstupnikiv_u_2025_rotsi_n1611973,"ZAXID.NET (press; secondary, not official)",Сумський державний університет затвердив вартість навчання для вступників у 2025 році (6 червня 2025),2025/26,2026-09-30,"article body, list of first-year prices","Вартість навчання на першому курсі Сумського державного університету у 2025/2026 навчальному році (денна форма, бакалавр): Фізична культура і спорт – 35 тис. грн Стоматологія – 54,4 тис. грн Медицина – 51,2 тис. грн [...] Середня освіта (історія та громадянська освіта) – 26,5 тис. грн Історія та археологія – 26,5 тис. грн",no,curl + html text extraction (secondary source; notes only)
UKR-LNU-P08-UKR-01,UKR-LNU,tuition,http://admission2025.lnu.edu.ua/wp-content/uploads/2025/05/Vartist-navchannia-2025-2026_bakalavr.pdf,Ivan Franko National University of Lviv (2025 admission campaign),"Вартість навчання студентів Львівського національного університету імені Івана Франка І-го курсу денної та заочної форм здобуття освіти за освітнім рівнем ""бакалавр"" на 2025-2026 н.р. (затверджую в.о. ректора Володимир Мельник, 15.05.2025)",2025/26,2026-09-30,"p.1 header and first row (Біологічний факультет, A4.05; minimum 39790); p.10 Юридичний факультет D8 Право (maximum 66755); column 'Вартість одного року навчання у 2025/2026 н.р., грн - Денна форма'","Вартість навчання студентів Львівського національного університету імені Івана Франка І-го курсу денної та заочної форм здобуття освіти за освітнім рівнем ""бакалавр"" на 2025-2026 н.р. [...] A | Освіта | A4.05 | Середня освіта (Біологія та здоров'я людини) | Середня освіта (Біологія та здоров'я людини) | 39790 | - | 159160 | - [...] D8 | Право | Право | 66755 | 46729",no,curl + pymupdf render + visual reading (scanned PDF)
UKR-LNU-P08-UKR-02,UKR-LNU,tuition,http://admission2025.lnu.edu.ua/guide/the-cost-of-training/,Ivan Franko National University of Lviv (archive of the 2025 admission campaign),Вартість навчання - Архів вступної кампанії 2025 року,2025/26,2026-09-30,"page body, link to Vartist-navchannia-2025-2026_bakalavr.pdf",Вартість навчання - Архів вступної кампанії 2025 року,no,curl + html text extraction
UKR-NAUKMA-P08-UKR-01,UKR-NAUKMA,tuition,https://www.ukma.edu.ua/index.php/about-us/sogodennya/dokumenty-naukma/doc_download/4236-vartist-navchannia-za-dohovorom-pro-nadannia-osvitnikh-posluh-dlia-studentiv,National University of Kyiv-Mohyla Academy (documents repository),Додаток 1 до наказу №227 від 15.05.2025 р.: Вартість навчання за Договором про надання освітніх послуг за освітніми програмами для здобуття ступеня БАКАЛАВР,2025/26 (entrants of 2025),2026-09-30,"Додаток 1 p.2 rows E3 Хімія, E5 Фізика (minimum), F2, F3 (100 000); Додаток 3 p.5 (110 000); column 'Вартість одного року навчання, грн'",Вартість навчання за Договором про надання освітніх послуг за освітніми програмами для здобуття ступеня БАКАЛАВР [...] E3 | Хімія | Хімія | 45 000 | E5 | Фізика та астрономія | Фізика | 45 000 [...] F2 | Інженерія програмного забезпечення | Інженерія програмного забезпечення | 100 000 | F3 | Комп'ютерні науки | Комп'ютерні науки | 100 000 [...] Додаток 3 [...] Вартість навчання за Договором про на [...],yes,curl + pymupdf render + visual reading (scanned PDF)
UKR-NAUKMA-P08-UKR-02,UKR-NAUKMA,tuition,https://www.ukma.edu.ua/index.php/about-us/sogodennya/dokumenty-naukma/cat_view/1-dokumenty-naukma/12-normatyvna-baza-naukma/25-pravyla-pryiomu-do-naukma/36-rozmir-platy-za-navchannia?limit=5&order=date&dir=DESC&start=0,"National University of Kyiv-Mohyla Academy (documents repository, category 'Розмір плати за навчання')",Документи НаУКМА: Розмір плати за навчання (listing),2025/26,2026-09-30,entry dated 06/19/2025 (document 4236),"Вартість навчання за Договором про надання освітніх послуг для студентів, Дата змін: 06/19/2025 Розмір файлу: 1010.2 Кбайт які будуть зараховані до НаУКМА на навчання за освітнім ступенем «бакалавр», «магістр» у 2025 році",no,curl + html text extraction
UKR-ONU-P08-UKR-01,UKR-ONU,tuition,https://web.archive.org/web/20260613054326id_/https://vstup.onu.edu.ua/storage/files/vstupna_kompaniya/vartist-navchannya-2025.pdf,"Odesa I. I. Mechnikov National University (admissions site), Wayback capture 2026-06-13 of the 2025 file",ВАРТІСТЬ НАВЧАННЯ В ОНУ імені І. І. МЕЧНИКОВА в 2025 році (затверджую ректор ОНУ Вячеслав Труба),2025/26 (entrants of 2025),2026-09-30,"p.1 header and column heads; p.2 rows E5/E7 (minimum 28 128) and D8 Право (maximum 44 998), column 'Вартість навчання за ОС бакалавра - Денне - 1 курс'",ВАРТІСТЬ НАВЧАННЯ В ОНУ імені І. І. МЕЧНИКОВА в 2025 році [...] Фізика та астрономія | E5 | 28 128 | 112 512 [...] Право | D8 | 44 998 | 179 992 | 32 628 | 163 140 | 59 118 | 29 559 | 88 677 | 51 908 | 25 954 | 77 862,no,curl (Wayback raw capture) + pymupdf render + visual reading (scanned PDF)
UKR-ONU-P08-UKR-02,UKR-ONU,tuition,https://web.archive.org/web/20250915225755id_/https://vstup.onu.edu.ua/vstupna-kampaniia/vartist-kontraktu,"Odesa I. I. Mechnikov National University (admissions site), Wayback capture 2025-09-15",Вартість контракту — Абітурієнт ОНУ імені І.І. Мечникова,2025/26,2026-09-30,"page body, link /storage/files/vstupna_kompaniya/vartist-navchannya-2025.pdf",Вартість навчання у 2025 році,no,curl (Wayback raw capture) + html text extraction
UKR-ONU-P08-UKR-03,UKR-ONU,regime,https://onu.edu.ua/pub/bank/userfiles/files/findocuments/nakaz-onu-09-ag-vid-26-01-2026-pro-zminu-platy-za-navchannya.pdf,Odesa I. I. Mechnikov National University,Наказ № 09/АГ від 26.01.2026 Про зміну плати за навчання (with annexes: dodatky-do-nakazu-pro-zminu-platy-za-navchannya-vid-26-01-2026-09-ag.pdf),"2025/26 (spring 2026, cohorts entering 2021-2024)",2026-09-30,п.1.1; annex headings 'РІК ВСТУПУ' 2021-2022 to 2024-2025 only,"внести зміни до розміру плати за навчання для замовників/здобувачів у межах офіційно визначеного рівня інфляції за попередній 2025 календарний рік у розмірі 8,0%",no,curl + pymupdf render + visual reading (scanned PDF)
IND-IITB-P09-IND-01,IND-IITB,tuition,https://web.archive.org/web/20250917121126id_/https://acad.iitb.ac.in/files/Fee%20Circular%20for%20UG%20New%20Entrants%202025.pdf,"IIT Bombay, Academic Section","No. Acad./UG/Fees/Autumn Semester 2025-26, Schedule for Payment of Academic Fees by UG New Entrants for Autumn Semester 2025-26 (19 June 2025), enclosing Fee Structure for UG New Entrants (B.Tech., B.Tech. + M. Tech., B. Des. and B.S.) Autumn Semester 2025-26; Wayback capture 2025-09-17",Autumn semester 2025-26 (2025 entrants),2026-09-30,"p.2, table I(B) Per Semester Fees, column Indian Nationals (rendered page, visually checked; text layer misaligns labels and amounts)",I(B) Per Semester Fees | 1. Tuition Fee - Statutory Fees | 100000 | 300000 | 2. Registration Fee & Examination Fee | 2300 | 3. Gymkhana Fee | 2300 | 4. Student Benevolent Fund | 750 | 5. Student Accident Insurance Fund | 350 | 6. Medical Fee | 2050 | Total I (B) | 107750 | 307750,no,curl (Wayback id_) + pdftotext + pymupdf render (visual)
IND-IITB-P09-IND-02,IND-IITB,compulsory_fees,https://web.archive.org/web/20250917121126id_/https://acad.iitb.ac.in/files/Fee%20Circular%20for%20UG%20New%20Entrants%202025.pdf,"IIT Bombay, Academic Section","Fee Structure for UG New Entrants, Autumn Semester 2025-26; Wayback capture 2025-09-17",Autumn semester 2025-26 (2025 entrants),2026-09-30,"p.2, tables I(A), I(B), I(C) and notes a)-c)",1. Admission Fee 9200 | 2. Student Welfare Fund 1300 | Total I (A) 10500 [...] 1. Institute Security Deposits 5000 | 2. Library Security Deposits 5000 | Total I (C) 10000 [...] a) All SC/ ST/ PwD category students are exempted from the payment of Tuition Fee I(B)-1. b) IIT Bombay reserves the right to revise the fee structure in subsequent semesters.,no,curl (Wayback id_) + pdftotext + pymupdf render (visual)
IND-IITB-P09-IND-03,IND-IITB,tuition,https://web.archive.org/web/20251214133834id_/https://acad.iitb.ac.in/files/Fee_Circular_UG_Spring%20Semester%20_2025-26_0.pdf,"IIT Bombay, Academic Section","No.Acd./UG/Fees-Spring-2025-26 (19 September 2025), Academic Fee Structure for On-Roll UG Students (for Spring Semester 2025-26); Wayback capture 2025-12-14",Spring semester 2025-26,2026-09-30,"p.2, column (2025 batch) (text layer; columns read in order)",(2025 batch) [...] 1. Tuition Fee - Statutory fees * 100000 [...] 2. Medical Fee 2050 [...] 3. Examination Fee 2300 [...] 5. Gymkhana Fee 2300 [...] 6. Student Benevolent Fund 750 [...] 7. Student Accident Insurance Fund 350 [...] 107750,no,curl (Wayback id_) + pdftotext
IND-IITD-P09-IND-01,IND-IITD,tuition,https://home.iitd.ac.in/uploads/ug/25-26/Fee%20Structure_2025-26_UG%20Entry%20Students.pdf,IIT Delhi,"Details of Institute Fee to be paid before the registration, Fee Structure (Revised), 2025 Entry B.Tech and Dual Degree Students (and B.Des)",2025 entry (first semester 2025-26; payment due 24 July 2025),2026-09-30,"Table A For Indian Nationals, row General/OBC-NCL/EWS (Annual Family Income > Rs. 5 lakh)","General /OBC-NCL /EWS (Annual Family > Rs. 5 lakh) | Tuition Fee (Rs.) 1,00,000 | One-Time Payment 8,150 | Other charges* 6,250 | Refundable Caution Deposit 8,000 | Inst. Residence Fee 8,600 | 1,31,000 | 1,22,400 [...] *Details of the breakup of other charges are given in the Prospectus",no,curl + pdftotext -layout
IND-IITD-P09-IND-02,IND-IITD,tuition,https://web.archive.org/web/20250817030553id_/https://home.iitd.ac.in/uploads/prospectus/Prospectus2025-26.pdf?utm_source=careers360&utm_campaign=careers360&utm_medium=,IIT Delhi,"Prospectus 2025-26, section 5 FEES Payable by Students of the Entry Year 2025; Wayback capture 2025-08-17",Entry year 2025 (2025-26),2026-09-30,"p.28, 5.1 Tuition Fees (per Semester)","5. FEES Payable by Students of the Entry Year 2025 5.1 Tuition Fees Tuition Fees (per Semester) Programme Tuition Fee B.Des./B.Tech. / Dual degree# Rs.1,00,000** [...] ** 1/3rd of tuition fee for student with family income between Rs.1 Lac to Rs. 5 Lac per annum.",no,curl (Wayback id_) + pdftotext
IND-IITD-P09-IND-03,IND-IITD,compulsory_fees,https://web.archive.org/web/20250817030553id_/https://home.iitd.ac.in/uploads/prospectus/Prospectus2025-26.pdf?utm_source=careers360&utm_campaign=careers360&utm_medium=,IIT Delhi,"Prospectus 2025-26, 5.2 Other charges; Wayback capture 2025-08-17",Entry year 2025 (2025-26),2026-09-30,"p.29, 5.2 tables A-C (rendered page, visually checked)","5.2 Other charges (to be paid every semester along with Tuition Fee) A ) Institute Fees Examination fees Rs. 1,500 Registration / Enrolment fees Rs. 750 Gymkhana Rs. 1,250 Medical fees* Rs. 750 Internet and computer access fee Rs. 1,000 Transport charges Rs. 100 Student Distress Fund Scheme (each semester) Rs. 400 Total Rs. 5,750 B ) Yearly Payments Insurance Scheme (yearly) Rs. 500 [...] C ) Non [...]",yes,curl (Wayback id_) + pdftotext + pymupdf render (visual)
IND-IIS-P09-IND-01,IND-IIS,tuition,https://web.archive.org/web/20250911002515id_/https://iisc.ac.in/admissions/fees-and-scholarships/,Indian Institute of Science,Fees and Scholarships (admissions page); Wayback capture 2025-09-11,2025-26 (capture date during the academic year; page undated),2026-09-30,"Tables 'Fee structure for Regular UG Programme (B.Tech. Mathematics and Computing)' and '(Bachelor of Science (Research) Programme)', column Gen/OBC/EWS","Fee structure for Regular UG Programme (B.Tech. Mathematics and Computing) (in Rs. per annum) Particulars Gen/OBC/EWS Category SC/ST/PwD Category Tuition Fee (Annual) 2,00,000 Fully Waived Gymkhana Fee (Annual) 1,800 1,800 Other Academic Fees (Annual) 3,700 3,700 Statutory Deposit (Refundable)* 7,500 7,500 Library Deposit (Refundable)* 7,500 7,500 Students Emergency Fund (Annual) 300 300 TOTAL (1s [...]",yes,curl (Wayback id_) + html-to-text
IND-IIS-P09-IND-02,IND-IIS,compulsory_fees,https://web.archive.org/web/20251209022904id_/https://iisc.ac.in/admissions/fees-and-scholarships/,Indian Institute of Science,Fees and Scholarships (admissions page); Wayback capture 2025-12-09,2025-26 (capture date during the academic year; page undated),2026-09-30,"Scholarship note (h), footnote above fee tables, and UG fee tables",(h) Students are compulsorily required to take medical insurance provided through the Institute and the premium for the same will be payable as per actual. *Fee structure given for various programs is likely to be revised from the Academic Year 2025-26. [...] Fee structure for Regular UG Programme (B.Tech. Mathematics and Computing) (in Rs. per annum) Particulars Gen/OBC/EWS Category SC/ST/PwD Cat [...],yes,curl (Wayback id_) + html-to-text
IND-IIS-P09-IND-03,IND-IIS,tuition,https://www.iisc.ac.in/events/update-on-fee-structure/,Indian Institute of Science,Update on fee structure (06 February 2026),"states BS tuition 10,000 unchanged since 2011; new rate from 2026-27",2026-09-30,Body text,"The Indian Institute of Science (IISc) announces an update for prospective students and stakeholders regarding its fee structure, which will take effect from the academic year 2026-27. The tuition fee for the undergraduate Bachelor of Science (Research) programme will be Rs 80,000 per annum, on par with other high-ranking Indian academic institutions. The tuition fee had remained unchanged at Rs 1 [...]",yes,curl + html-to-text
IND-IIS-P09-IND-04,IND-IIS,compulsory_fees,https://web.archive.org/web/20250208021520id_/https://bs-ug.iisc.ac.in/info_brochure.html,"Indian Institute of Science, Bachelor of Science (Research) Programme office",BS (Research) Programme Information Brochure (states admission in 2025); Wayback capture 2025-02-08 (identical text in capture 2026-01-28),admission 2025 (2025-26),2026-09-30,"Chapter 4, 3.1.1 Fee structure (conflicting gymkhana amount)","This brochure contains information pertaining to the process of admission to this programme in 2025. [...] 3.1.1 Fee structure (in Rs.) Fee structure for Regular UG Programme (Bachelor of Science (Research) Programme) (in Rs. per annum) Particulars Gen/OBC/EWS Category SC/ST/PwD Tuition Fee (Annual) 10,000 Fully Waived Gymkhana Fee (Annual) 1,200 1,200 Other Academic Fees(Annual) 3,700 3,700 [...] [...]",yes,curl (Wayback id_) + html-to-text
IND-IITK-P09-IND-01,IND-IITK,tuition,https://web.archive.org/web/20250701125518id_/https://www.iitkgp.ac.in/assets/pdf/UGAdmManual2024.pdf,IIT Kharagpur,Guidelines and Instructions for newly admitted students (through JEE Advanced- 2024) (UGAdmManual2024.pdf); Wayback capture 2025-07-01,2024-25 admission (nearest documented year; 2025-26 not accessible),2026-09-30,"Section 5 'Fee structure and fees to be paid by different category of students admitted through JEE Advanced (Tentative)', p.12 (text layer via PyMuPDF, items in order)",5. Fee structure and fees to be paid by different category of students admitted through JEE Advanced (Tentative): [...] Tuition Fee* 100000 [...] *Tuition Fee (per semester): a. Tuition Fee (UR/EWS/OB-NCL Family income limit > Rs. 5.0 Lakh p.a) : Rs. 100000.00,no,curl (Wayback id_) + pymupdf text
IND-IITK-P09-IND-02,IND-IITK,compulsory_fees,https://web.archive.org/web/20250701125518id_/https://www.iitkgp.ac.in/assets/pdf/UGAdmManual2024.pdf,IIT Kharagpur,Guidelines and Instructions for newly admitted students (through JEE Advanced- 2024); Wayback capture 2025-07-01,2024-25 admission (nearest documented year),2026-09-30,"Section 5 table, p.12 (text layer via PyMuPDF; not visually rendered)","TFS Semester Fee 100 Registration 400 Examination 500 Student Amenities 800 Internet Connectivity 600 Gymkhana 600 Medical Registration 200 Laboratory Contingency Fee 800 Hostel Seat Rent 750 Elect. & Water Charges 1000 Hall Establishment Charge Each Semester 20130 [...] Students' Brotherhood Fund Once in a Year 200 Insurance Premium Once in a Year 2500 GRAND TOTAL 1,56,750 [...] NB: The fee struc [...]",yes,curl (Wayback id_) + pymupdf text
IND-IITK2-P09-IND-01,IND-IITK2,tuition,https://www.iitk.ac.in/dosa/data/Cumulative_Fee_Structure_For_Academic_Session_2025-2026-24-06-25.pdf,"IIT Kanpur, Dean of Students Affairs Office","Fee structure (Academic Session 2025-26), fee details for new B.Tech / B S (dated 24.06.2025)",Academic session 2025-26 (new B.Tech/BS students),2026-09-30,"p.1, Semester Fee table row 1 and totals, column GEN/OBC/EWS (scanned, no text layer; read visually on rendered page)","Fee structure (Academic Session 2025-26) The fee details for new B.Tech / B S are as under:- [...] Semester Fee (₹) 1 Tuition Fee 100,000 [...] B. Total 121,860 [...] Grand Total (A+B+C) 156,160 Accumulated Fee of 8 semesters 10,18,480 [...] *Subject to revise at every semester at the beginning of Semester.",no,curl + pymupdf render (visual)
IND-IITK2-P09-IND-02,IND-IITK2,compulsory_fees,https://www.iitk.ac.in/dosa/data/Cumulative_Fee_Structure_For_Academic_Session_2025-2026-24-06-25.pdf,"IIT Kanpur, Dean of Students Affairs Office","Fee structure (Academic Session 2025-26), fee details for new B.Tech / B S (dated 24.06.2025)",Academic session 2025-26,2026-09-30,"p.1, Semester Fee rows 2-12 and 'Semester Fee (Payable Annually)' rows 1-3, column GEN/OBC/EWS (visual reading)","2 Examination 700 | 3 Registration 600 | 4 Medical 150 | 5 Students' Amenities Subscription 600 | 6 Laboratory Contingency 1,000 | 7 Students' Benevolence Fund 200 | 8 Emergency Medical Fund 60 | 9 Seat Sent 2,500 | 10 HEF (Hall Establishment Fund) 2,000 | 11 Department Fund 50 | 12 Mess Establishment Charges* ~14,000 | B. Total 121,860 | Semester Fee (Payable Annually) (₹) 1 Gymkhana Fee (Annuall [...]",yes,curl + pymupdf render (visual)
IND-IITK2-P09-IND-03,IND-IITK2,compulsory_fees,https://www.iitk.ac.in/dosa/data/Fee-Structure-for-New-Students-2025-26-Odd-Semester-03-05-25.pdf,"IIT Kanpur, Dean of Students Affairs Office",Fees for New JEE Under Graduate Students - 2025-26 Ist Semester (signed 29/4/25),2025-26 first semester,2026-09-30,"p.1, heads A-E, column Hosteler/Regular (scanned; visual reading)","C SEMESTER FEE (Examination, Registration, Gymkhana, Festival, Medical, Students' Amenities Subscription, Laboratory contigency, SBF, Students' Health Insurance (*), Emergency Medical fund, Seat rent, Hall Establishment Fund, Department Fund etc.) 10,960 | D HOSTEL CHARGES (MEC) 14,000 [...] For GEN/OBC(Annual family income above ₹5,00,000/-) 1,00,000 [...] FOR GENERAL/OBC 1,56,160",no,curl + pymupdf render (visual)
IND-IITM-P09-IND-01,IND-IITM,tuition,https://www.iitm.ac.in/sites/default/files/Others/UG_Admission_2025.pdf,"Indian Institute of Technology Madras, Academic Section","Schedule of Events - Admission 2025 (B.Tech., B.S. & Dual Degree), Annexure I: Fees Structure for Undergraduate Programmes (B.Tech, B.S and Dual Degree) to be admitted for the academic year 2025-26",2025-26 (2025 admission batch),2026-09-30,"p.4 (Annexure I), section B Semester Fees, column Indian Nationals (rendered page, visually checked)","Fees Structure for Undergraduate Programmes (B.Tech, B.S and Dual Degree) to be admitted for the academic year 2025-26. [...] B. Semester Fees (to be paid every semester): 1 Tuition Fee* 100000 500000",no,curl + pdftotext + pymupdf render (visual)
IND-IITM-P09-IND-02,IND-IITM,compulsory_fees,https://www.iitm.ac.in/sites/default/files/Others/UG_Admission_2025.pdf,"Indian Institute of Technology Madras, Academic Section","Admission 2025, Annexure I: Fees Structure for Undergraduate Programmes to be admitted for the academic year 2025-26",2025-26 (2025 admission batch),2026-09-30,"p.4 (Annexure I), sections A-C and II, column Indian Nationals (visually checked)","2 Enrolment Fee 1500 | 3 Medical Fee 1500 | 4 Seat Rent 7500 | 5 Extra-Curricular Fee 2000 | 6 Student Wellness Fee 500 | 7 Student Medical Insurance Premium (per annum)** 2402 | Total B (Semester Fees) 115402 | C. Deposit (Refundable): 1 Caution Deposit 5000 | II. HOSTEL FEES 1. Hostel Mandatory Fees (Hostel Admission Fee, Establishment A& B Charges RO Water, Waste Disposal & Utility Charges) 205 [...]",yes,curl + pdftotext + pymupdf render (visual)
IND-IITM-P09-IND-03,IND-IITM,regime,https://web.archive.org/web/20260307180854id_/https://fees.iitm.ac.in/assets/circular/institute_fee_circular_jul_nov_2025.pdf,"Indian Institute of Technology Madras, Academic Section (Courses Unit)","F.Acad./Fees/C10/2025/2 (07.05.2025), Fees Circular for Jul-Nov 2025 Semester (for existing students); Wayback capture 2026-03-07",Jul-Nov 2025 semester,2026-09-30,p.1 Important Notes; Annexure IA columns 2024 and 2016 to 2023,"Important Notes: The charges towards Extra-Curricular Fee, Student Wellness Fee and Student Medical Insurance Premium, which were earlier collected along with the Hostel Fees, will now be collected along with the Institute Fees with effect from the Jul–Nov 2025 semester. [...] 2 Enrolment Fee 1500 550 [...] 3 Medical Fee 1500 700 [...] 4 Seat Rent 7500 6000",no,"curl (Wayback id_; live fees.iitm.ac.in returns 403, not bypassed) + pymupdf text"
MYS-UM-P09-MYS-01,MYS-UM,tuition,https://fpe.um.edu.my/FPE/fee/UG_UPU.20252026_.pdf,"Universiti Malaya, Student Financial Centre, Bursary",Tuition Fees for Undergraduate Programme (Malaysian) Academic Session 2025/2026,2025/26 (applies to 2023/2024 intake onwards),2026-09-30,"p.1 Faculty of Education rows; p.1 Faculty of Medicine; p.2 Faculty of Computer Science and Information Technology, Faculty of Dentistry; Notes 1-5","TUITION FEES FOR UNDERGRADUATE PROGRAMME (MALAYSIAN) ACADEMIC SESSION 2025/2026 ... BACHELOR OF EDUCATION TEACHING ENGLISH AS A SECOND LANGUAGE 8,200.00 ... BACHELOR OF MEDICINE AND BACHELOR OF SURGERY 15,000.00 ... BACHELOR OF COMPUTER SCIENCE (DATA SCIENCE) 20,500.00 ... BACHELOR OF DENTAL SURGERY 16,500.00 Notes: 1. Fees are subject to change.The Universiti Malaya reserves the right to amend th [...]",yes,curl + pdftotext; both pages rendered with pymupdf and read visually
MYS-USM-P09-MYS-01,MYS-USM,tuition,https://pohon.usm.my/dokumendoc/2025_2026/YURAN_IJAZAH_PERTAMA.pdf,Universiti Sains Malaysia,Yuran Ijazah Pertama Penuh Masa Sidang Akademik 2025/2026,2025/26,2026-09-30,p.1 rows 23-29; p.3 rows 73-74 and NOTA; footer 'Dikemaskini Januari 2025',"YURAN IJAZAH PERTAMA PENUH MASA SIDANG AKADEMIK 2025/2026 ... BIL PROGRAM YURAN PENGAJIAN (RM) YURAN KEBAJIKAN & KEMUDAHAN SISWA (RM) JUMLAH / SEMESTER (RM) YURAN PENDAFTARAN (RM) ... 23 US6220001 SARJANA MUDA SASTERA DENGAN KEPUJIAN 510.00 550.00 1,060.00 720.00 ... 73 US6721001 DOKTOR PERUBATAN 900.00 630.00 1,530.00 840.00 ... 74 US6724001 DOKTOR PERGIGIAN 900.00 630.00 1,530.00 840.00",no,curl + pymupdf text; all 74 rows parsed programmatically
MYS-USM-P09-MYS-02,MYS-USM,compulsory_fees,https://pohon.usm.my/dokumendoc/2025_2026/YURAN_IJAZAH_PERTAMA.pdf,Universiti Sains Malaysia,Yuran Ijazah Pertama Penuh Masa Sidang Akademik 2025/2026,2025/26,2026-09-30,column 'Yuran Kebajikan & Kemudahan Siswa'; NOTA p.3,NOTA : Yuran pendaftaran hanya dibayar pada semester pertama sahaja. Anggaran yuran penginapan : RM650.00 per semester Yuran konvokesyen RM200.00 akan dikenakan semasa tahun akhir. Kadar yuran adalah tertakluk kepada pindaan oleh pihak Universiti.,no,curl + pymupdf text
MYS-UPM-P09-MYS-01,MYS-UPM,tuition,https://sarawak.upm.edu.my/upload/dokumen/20260820082435Kadar_Yuran_Pelajar_Bachelor.pdf,Universiti Putra Malaysia Kampus Bintulu Sarawak,Pecahan Kadar Yuran Pengajian Sesi Akademik 2026/2027 Program Bacelor,2026/27 (bracketing year; Bintulu campus only),2026-09-30,"single page, sections B (recurring), C (tuition, Sains Gunaan); 'Update: 19.08.2026'",UNIVERSITI PUTRA MALAYSIA KAMPUS BINTULU SARAWAK PECAHAN KADAR YURAN PENGAJIAN SESI AKADEMIK 2026/2027 PROGRAM BACELOR ... YURAN BERULANG (setiap semester) ... Yuran Kolegiat 2431 17.00 305.50 ... YURAN PELAJARAN - MENGIKUT BIDANG (setiap semeter) ... SAINS GUNAAN 1432 660.00 ... Update: 19.08.2026,no,curl + pymupdf text (labels and values extracted in separate runs; pairing by order and totals)
MYS-UPM-P09-MYS-02,MYS-UPM,compulsory_fees,https://sarawak.upm.edu.my/upload/dokumen/20241218151029KADAR_YURAN_PELAJAR_BACHELOR_2024_update_07112024.pdf,Universiti Putra Malaysia Kampus Bintulu Sarawak,Pecahan Kadar Yuran Pengajian Sesi Akademik 2024/2025 Program Bacelor,2024/25 (bracketing year; Bintulu campus only),2026-09-30,"single page, sections A, B, C; 'Update: 07.11.2024'",PECAHAN KADAR YURAN PENGAJIAN SESI AKADEMIK 2024/2025 PROGRAM BACELOR ... Yuran Suaikenal 2420 215.00 435.00 ... Yuran Kolegiat 2431 17.00 305.50 ... SAINS GUNAAN 1432 660.00 ... Update: 07.11.2024,no,curl + pymupdf text
MYS-UPM-P09-MYS-03,MYS-UPM,tuition,https://bursar.upm.edu.my/,"Universiti Putra Malaysia, Pejabat Bursar",Bursar home page (fee links),current page (2026-09-30) and Wayback capture 20251121081217 (during 2025/26),2026-09-30,"fee links list, 'BACHELOR STUDENT' menu; identical text live and in the Nov 2025 capture",TUITION FEES FOR UNDERGRADUATE STUDENT (LOCAL) | in progress,no,"curl (raw HTML, live) + curl Wayback id_ capture 20251121081217"
MYS-UPM-P09-MYS-04,MYS-UPM,tuition,https://bursar.upm.edu.my/upload/dokumen/20220203150625LAMPIRAN_1B_YURAN_DALAM_NEGARA.pdf,"Universiti Putra Malaysia, Pejabat Bursar",Lampiran 1B: Kadar Yuran Pengajian Pelajar Bacelor Dalam Negara Bermula Kemasukan Semester 1 Sesi 2021/2022,entrants from Sem 1 2021/2022 onwards (no later Serdang schedule found),2026-09-30,"p.2 breakdown table (same document as 2023/24 source MYS-UPM-S04, here via HTTPS live URL)",PECAHAN KADAR YURAN PENGAJIAN PROGRAM BACELOR DALAM NEGARA ... B Yuran Perkhidmatan/Aktiviti/Insurans Per Semester ... Sastera ... Perubatan [value column] 485.00 420.00 381.00 305.50 550.00 - ... 660.00 660.00 ... 850.00 -,no,"curl (live, HTTP 200) + pdftotext -layout (labels and values in separate columns; pairing by order, as in MYS-UPM-S04)"
MYS-UKM-P09-MYS-01,MYS-UKM,tuition,https://www.ukm.my/akademik/wp-content/uploads/2025/02/Brosur-Prasiswazah-Sesi-20252026-13022025.pdf.pdf,"Universiti Kebangsaan Malaysia, Pusat Pengurusan Akademik","Senarai Program Pengajian Asasi dan Prasiswazah (brochure, file name 'Sesi 2025/2026', 13.02.2025)",2025/26 intake (inferred from file name and upload path 2025/02),2026-09-30,"p.2 header and Fakulti Sains dan Teknologi; Fakulti Pendidikan rows; p.4 Fakulti Pergigian, Fakulti Perubatan; footnote","*YURAN SEMESTER 1 / SEMESTER SETERUSNYA TEMPOH PENGAJIAN UK6421001 Sarjana Muda Sains dengan Kepujian (Biologi) RM2,140 / RM940 8 Semester ... UK6145001 Sarjana Muda Pendidikan dengan Kepujian dalam Pengajaran Bahasa Inggeris Sebagai Bahasa Kedua # RM2,090 / RM890 8 Semester ... FAKULTI PERGIGIAN UK6724001 Ijazah Doktor Pergigian # RM3,390 / RM2,190 10 Semester ... UK6721001 Ijazah Doktor Perubata [...]",yes,curl + pymupdf text; all fee pairs tallied programmatically
MYS-UKM-P09-MYS-02,MYS-UKM,tuition,https://www.ukm.my/akademik/wp-content/uploads/2026/02/SENARAI-PROGRAM-PENGAJIAN-ASASI-DAN-PRASISWAZAH-SESI-AKADEMIK-20262027.pdf,"Universiti Kebangsaan Malaysia, Pusat Pengurusan Akademik",Senarai Program Pengajian Asasi dan Prasiswazah Sesi Akademik 2026/2027,2026/27 (later year; confirms stability),2026-09-30,all pages; fee pairs tallied,"SESI AKADEMIK 2026/2027 ... RM2,090 / RM890 ... RM3,390 / RM2,190",no,curl + pymupdf text; tallied programmatically
MYS-UKM-P09-MYS-03,MYS-UKM,compulsory_fees,https://www.ukm.my/akademik/wp-content/uploads/2023/07/KADAR-YURAN-PENGAJIAN-2.pdf,"Universiti Kebangsaan Malaysia, Pusat Pengurusan Akademik",Kadar Yuran Pengajian,uploaded July 2023; latest rate schedule in the Academic portal media library as of 2026-09-30,2026-09-30,component split as quoted in 2023/24 source MYS-UKM-S04/S05; live URL returned HTTP 200 application/pdf,,no,"curl (live, HTTP 200); WordPress media search https://www.ukm.my/akademik/wp-json/wp/v2/media?search=yuran lists no later schedule; content not re-extracted in this run"
MYS-UTM-P09-MYS-01,MYS-UTM,tuition,https://admission.utm.my/wp-content/uploads/sites/461/2025/09/UG-Admission-Brochure-LATEST-2025.pdf,"Universiti Teknologi Malaysia, Admission (SRAD)","Program Sarjana Muda (UG Admission Brochure, LATEST 2025)","2025/26 (inferred: uploaded 2025/09, PDF modified 2025-09-30; linked on e-brochure page in Wayback capture 20251216054925)",2026-09-30,p.1 'YURAN PENGAJIAN' table and Nota,"Senibina (6 semester) RM2,435 RM6,175 RM8,610 Komputer/IT, Pendidikan, Sains Kejuruteraan Ukur Bahan HRD, Pengurusan, Sains Sosial RM2,395 RM2,450 RM2,435 RM2,285 RM8,365 RM8,750 RM8,645 RM7,595 RM10,760 RM11,200 RM11,080 RM9,880 Perakaunan (7 Semester) RM2,285 RM6,510 RM8,795 Kecerdasan Buatan (6 semester) RM2,395 RM7,145 RM9,540 Pengurusan (6 semester) RM2,285 RM5,425 RM7,710 ... Komputer Sains [...]",yes,curl (live) + pymupdf text (values extracted column-wise; row pairing checked against the identically laid out May 2024 brochure rendered and read visually)
MYS-UTM-P09-MYS-02,MYS-UTM,tuition,https://admission.utm.my/wp-content/uploads/sites/461/2024/05/UG-Admission-Brochure.pdf,"Universiti Teknologi Malaysia, Admission (SRAD)",Program Sarjana Muda (UG Admission Brochure),uploaded 2024/05; still the linked local UG brochure in Wayback capture 20250805145348 (2025/26 recruitment),2026-09-30,p.2 'YURAN PENGAJIAN' table,"YURAN PENGAJIAN BIDANG YURAN SEMESTER 1 JUMLAH BAYARAN SEMESTER 2-8 JUMLAH KESELURUHAN Senibina (6 semester) RM2,435 RM6,175 RM8,610 ... HRD, Pengurusan, Sains Sosial & Kemanusiaan RM2,285 RM7,595 RM9,880 Komputer Sains (Kejuruteraan Data) - 2u2i RM2,690 RM10,430 RM13,120",no,"curl (live) + pymupdf render at 130 dpi, read visually (no text layer)"
MYS-UTM-P09-MYS-03,MYS-UTM,tuition,https://admission.utm.my/wp-content/uploads/sites/461/2026/08/PRINT-UG-Local-Admission-Brochure-July-2026.pdf,"Universiti Teknologi Malaysia, Admission (SRAD)","Program Sarjana Muda (UG Local Admission Brochure, July 2026)",2026/27 (later year; confirms unchanged amounts),2026-09-30,p.1 'YURAN PENGAJIAN' table,"Senibina (6 semester) RM2,435 RM6,175 RM8,610 ... Perakaunan (7 Semester) RM2,285 RM6,510 RM8,795 Kecerdasan Buatan (6 semester) RM2,395 RM7,145 RM9,540 Pengurusan (6 semester) RM2,285 RM5,425 RM7,710 ... Komputer Sains (Kejuruteraan Data) RM2,690 RM10,430 RM13,120",no,curl (live) + pymupdf text
NGA-I-P09-NGA-01,NGA-I,compulsory_fees,https://ui.edu.ng/sites/default/files/guideline%20for%20the%202025_2026%20academic%20session_0.pdf,University of Ibadan (Information Technology & Media Services),University of Ibadan 2025/2026 Academic Session (Fresh Students) Payment of Levies and Course Registration Guideline,2025/2026,2026-09-30,"p.1, section B item 4-5",The following fees are compulsory for all categories of students: a. Bundled fee (100 - 300 levels) or School fee (400 level and above) b. Technology Levy - To be paid separately. c. Utility Levy - To be paid separately. 5. Health Professional levy or Laboratory Professional fee is compulsory for students of the College of Medicine while Special DVM levy is compulsory for students of the faculty o [...],yes,curl + pdftotext
NGA-I-P09-NGA-02,NGA-I,regime,https://www.naijanews.com/2026/04/16/university-of-ibadan-student-fee-protest/,Naija News,Court Orders University Of Ibadan To Reinstate Students Suspended Over Fee Hike Protest (16 Apr 2026),2023/2024 levies (context only; no 2025/26 amounts),2026-09-30,paras 4-6,"The circular stated that the council, after deliberations, had “considered the reviewed schedule of levies for newly admitted and returning undergraduate students in the 2023/2024 academic session and approved it as recommended by the university Senate.”",no,curl (HTML)
NGA-L-P09-NGA-01,NGA-L,tuition,https://unilag.edu.ng/update-on-hostel-accommodation-fees-consolidated-faculty-dept-dues/,University of Lagos,"Update on Hostel Accommodation Fees & Consolidated Faculty/Dept. Dues (13 Nov 2025) - reply in comments by Isaiah Kumuyi, 14 Nov 2025","2025/2026 (new session, Nov 2025)",2026-09-30,comment reply 14/11/2025 12:46 PM,UNILAG Students don't pay Tuition Fees. Please check your student portal – if you are truly one – for the updated obligatory dues you are to pay for the new session.,no,curl (HTML)
NGA-L-P09-NGA-02,NGA-L,regime,https://unilag.edu.ng/update-on-hostel-accommodation-fees-consolidated-faculty-dept-dues/,University of Lagos,Update on Hostel Accommodation Fees & Consolidated Faculty/Dept. Dues,2025/2026 (posted 13 Nov 2025),2026-09-30,"body, para 2","Similarly, all Faculty and Departmental dues which have been consolidated into a single central payment portal have been reviewed downwards, and implemented accordingly. This means that students will no longer need to make separate payments at the faculty and departmental levels during the semester.",no,curl (HTML)
NGA-L-P09-NGA-03,NGA-L,compulsory_fees,https://www.thecable.ng/unilag-denies-raising-student-fees-attributes-changes-to-nelfund-directive/,TheCable,"UNILAG denies raising student fees, attributes changes to NELFund directive (29 Oct 2025)",2025/2026 returning students (payment advice),2026-09-30,paras 8-10,"In the 2024/2025 academic session, returning students paid N2000 for department and faculty dues, but this has been increased on the portal's consolidated quote up to N15,000. A breakdown of the increase shows that the UNILAG TISHIP moved from N5,000 to N7,500. The new charges introduced include entrepreneurship (N5000), portal maintenance (N15,000), and student insurance policy (N1,250). Others a [...]",yes,curl (HTML)
NGA-L-P09-NGA-04,NGA-L,regime,https://thenigeriaeducationnews.com/2025/10/29/no-fee-increase-just-consolidation-unilag-tells-students/,The Nigeria Education News,"No Fee Increase, Just Consolidation — UNILAG Tells Students (29 Oct 2025)",2025/2026,2026-09-30,paras 1-3 (quoting UNILAG statement),"The University wishes to reassure students, parents and the general public that there has been no fee hike",no,curl (HTML)
NGA-L-P09-NGA-05,NGA-L,compulsory_fees,https://unilag.edu.ng/important-update-for-unilag-students-2/,University of Lagos,Important Update for UNILAG Students! (28 Nov 2025),2025/2026,2026-09-30,points 1-3,"These two factors determine your fee structure. ... Compulsory fees that must be paid in full to complete registration are: Utility Departmental Dues Faculty Dues Convocation fees (graduating students only) ... To complete registration, all students must pay at least 50% of the Obligatory Fee.",no,curl (HTML)
NGA-ABU-P09-NGA-01,NGA-ABU,compulsory_fees,https://abu.edu.ng/wp-content/uploads/2026/06/ABU-Student-Handbook-for-the-2025-2026-Session.pdf,Ahmadu Bello University,ABU Undergraduate Student Handbook 2025/2026 Session,2025/2026,2026-09-30,p.47 (registration procedure),"Using your matriculation number, the candidate can printout from the portal, details of the fees that are due for payment. The candidate then proceeds to any of the designated Banks and pay the prescribed amount.",no,curl + pdftotext
NGA-OAU-P09-NGA-01,NGA-OAU,regime,https://acjoau.com.ng/school-fees-oau-students-union-kicks-against-sudden-addition-of-%E2%82%A630000-to-freshmen-sundry-charges/,Association of Campus Journalists (ACJ) OAU,"School Fees: OAU SU Kicks Against Sudden Addition of N30,000 to Freshmen Sundry Charges (26 Oct 2024)",2024 (session not stated; freshers of the then-current intake),2026-09-30,"paras 1, 4, 6","The university management added a ₦30,000 naira “acceptance fee” to the school fees on the e-portal, bringing the total to ₦50,000 naira, reportedly introduced last session without prior notice. ... the Students’ Union secured a complete suspension of the sundry charges increment. ... The union reassured returning students that sundry charges in their school fees remain unchanged.",no,curl (HTML)
NGA-OAU-P09-NGA-02,NGA-OAU,regime,https://www.legit.ng/education/1620861-oau-students-union-rejects-proposed-tuition-accommodation-fee-hikes-calls-unfair/,Legit.ng,"OAU: Nigerian University Moves to Increase Tuition, Accommodation Fees, Students' Union Reacts (23 Oct 2024)",2024 (proposal),2026-09-30,para 4,"The union states clearly that the university management proposed a 50 per cent increase in sundry charges, and a 100 per cent increase in accommodation fees which they believed was exploitative and rash.",no,curl (HTML)
NGA-OAU-P09-NGA-03,NGA-OAU,compulsory_fees,https://oauife.edu.ng/important-notice-to-newly-admitted-students-on-the-nelfund-student-loan-application-process-2/,Obafemi Awolowo University,Important Notice to Newly Admitted Students on the NELFUND Student Loan Application Process (5 Nov 2025),2025/2026,2026-09-30,body,"While you await your NELFUND payment, and in order for you to be able to commence your course registration process, you will need to make a part-payment representing 50% of  the approved School Charges.",no,curl (HTML)
NGA-UNN-P09-NGA-01,NGA-UNN,compulsory_fees,https://guardian.ng/news/unn-alleges-plot-to-cause-unrest-in-on-campus/,"The Guardian (Nigeria), quoting UNN acting Public Relations Officer",UNN alleges plot to cause unrest in on campus (27 Jan 2026),2025/2026,2026-09-30,paras 5-7 (quoted UNN statement),"For instance, in the approved schedule, first-year students in the Faculties of Medicine and the Social Sciences will pay sundry charges of ₦189,240 and ₦173,640 instead of ₦243,900 and ₦225,900, respectively, earlier approved by the Council for the 2025/2026 academic session. Students in other levels in the mentioned faculties are currently paying ₦172,200 and ₦156,200 instead of ₦203,400 and ₦18 [...]",yes,curl (HTML)
NGA-UNN-P09-NGA-02,NGA-UNN,regime,https://guardian.ng/education/why-we-increased-sundry-charges-for-2025-2026-session-unn/,The Guardian (Nigeria),Why we increased sundry charges for 2025/2026 session - UNN (17 Jan 2026),2025/2026,2026-09-30,"paras 5, 10","He said that under the new arrangement, both new and returning students would pay 60 per cent above the existing sundry charges for the 2025/2026 session, representing a 40 per cent reduction from the original 100 per cent proposal. ... including the payment of the new fees in two instalments across the two semesters to ease the financial burden on parents and guardians.",no,curl (HTML)
NGA-UNN-P09-NGA-03,NGA-UNN,regime,https://leadership.ng/university-of-nigeria-students-reach-consensus-on-charges/,Leadership,"University Of Nigeria, Students Reach Consensus On Charges (18 Jan 2026)",2025/2026,2026-09-30,"paras 1, 5","A comprehensive schedule of the revised charges, disaggregated by faculty and level, will be released to the University community in the coming days.",no,curl (HTML)
PAK-QIA-P09-PAK-01,PAK-QIA,tuition,https://web.archive.org/web/20250913015045id_/https://qau.edu.pk/bachelor-fee-structure/,Quaid-i-Azam University,Bachelor (Fee Structure),w.e.f Fall 2025 (capture 13 Sep 2025),2026-09-30,"table 'Fee Structure: (QASMS Public Administratin and all Other Programmes) : w.e.f Fall 2025', Category B, Regular column","Fee Structure: (QASMS Public Administratin and all Other Programmes) : w.e.f Fall 2025 (In Rupees): National Students In Rupees Category A – (At the time of Admission) | S.# | Fee Heads | B.S & B.S 5th Semester | Regular | S.F/Evening | Fall 25 | Fall 25 | (a) | Total (a) | 31,640 /- | 32,050 /- | Category B – (Per Semester) | (b) | Total (b) | 58,940 /- | 109,070 /- |",no,curl (Wayback id_ capture) + HTML table transcription (cells joined with |)
PAK-QIA-P09-PAK-02,PAK-QIA,tuition,https://web.archive.org/web/20250913015045id_/https://qau.edu.pk/bachelor-fee-structure/,Quaid-i-Azam University,Bachelor (Fee Structure),w.e.f Fall 2025 (capture 13 Sep 2025),2026-09-30,"table 'Fee Structure for QASMS (Business Administration only), Computer Science, Information Technology, Pharmacy , School of Law, English and SP&IR Programs w.e.f Fall 2025', Category A and B, Regular column","Fee Structure for QASMS (Business Administration only), Computer Science, Information Technology, Pharmacy , School of Law, English and SP&IR Programs w.e.f Fall 2025 (In Rupees): National Students In Rupees Category A (At the time of Admission) | S.No | Fee Heads | B.S & B.S 5th Semester | Regular | S.F/Evening | Fall 25 | Fall 25 | (a) | Total Except (Pharm-D, Comp. Sc., IT and Law) | 32,460 /- [...]",yes,curl (Wayback id_ capture) + HTML table transcription (cells joined with |)
PAK-QIA-P09-PAK-03,PAK-QIA,tuition,https://qau.edu.pk/bachelor-fee-structure/,Quaid-i-Azam University,Bachelor (Fee Structure) - live page (Fall 2026 schedule; context only),w.e.f Fall 2026,2026-09-30,"table for QASMS (Business Administration only), CS, IT, Pharmacy, Law, English and SP&IR, Category B","Category B (Per Semester) | (b) | Total (b) | 68,490 /- | 142,140 /- |",no,curl (live page) + HTML table transcription
PAK-NUST-P09-PAK-01,PAK-NUST,tuition,https://web.archive.org/web/20250806082559id_/https://nust.edu.pk/admissions/fee-structure/undergraduate-financial-matters/,National University of Sciences and Technology,UNDERGRADUATE FINANCIAL MATTERS - Fee Structure for National Students (In PKR) for the year 2025-26,2025-26 (as labelled on page; capture 6 Aug 2025),2026-09-30,"table 'Fee Structure for National Students (In PKR) for the year 2025-26', Tuition Fee row","Fee Structure for National Students (In PKR) for the year 2025-26: | Engineering / Computing / Natural Sciences / Applied Sciences /Geoinformatics/HND | Architecture, Social Sciences & Business Studies | Admission Processing Fee (Non-Refundable) | 35,000 | 35,000 | Security Deposit (Refundable) | 10,000 | 10,000 | Tuition Fee (per semester) | 197,050 | 275,400 |",no,curl (Wayback id_ capture) + HTML table transcription (cells joined with |)
PAK-NUST-P09-PAK-02,PAK-NUST,compulsory_fees,https://web.archive.org/web/20250806082559id_/https://nust.edu.pk/admissions/fee-structure/undergraduate-financial-matters/,National University of Sciences and Technology,UNDERGRADUATE FINANCIAL MATTERS - Fee Structure for National Students (In PKR) for the year 2025-26,2025-26 (capture 6 Aug 2025),2026-09-30,Miscellaneous Charges row and notes below national-student table,"Miscellaneous Charges (per semester) | 5,000 | 5,000 | “Harvard Business School (HBS) licensing fee” will be charged to undergraduate students of BBA, BS Accounting & Finance and BS Tourism & Hospitality Management @ Rs. 15,000/year. [...] Tuition fee will be payable on semester basis. [...] Summer semester/course repeat/improvement fee is Rs. 8,000/per credit hour.",no,curl (Wayback id_ capture) + HTML text extraction
PAK-NUST-P09-PAK-03,PAK-NUST,tuition,https://web.archive.org/web/20250426141149id_/https://nust.edu.pk/admissions/fee-structure/undergraduate-financial-matters/,National University of Sciences and Technology,"UNDERGRADUATE FINANCIAL MATTERS (earlier schedule, dating evidence only)",2024/25 schedule (capture 26 Apr 2025),2026-09-30,Tuition Fee and Miscellaneous Charges rows,"Tuition Fee (per semester) | 171,350 | 250,380 | 85,000 | Miscellaneous Charges (per semester) | 2,700 | 2,700 | 2,700 |",no,curl (Wayback id_ capture) + HTML table transcription
PAK-LUMS-P09-PAK-01,PAK-LUMS,tuition,https://web.archive.org/web/20250908162458id_/https://lums.edu.pk/programmes/bs-computer-science,Lahore University of Management Sciences,BS Computer Science - Fee Structure for First Year - FY 2025-26,"FY 2025-26 (Fall 2025, Spring 2026)",2026-09-30,Fees tab table and 'Important Points',"Fee Structure for First Year - FY 2025-26 Particulars | Fall 2025 | Spring 2026 | Total | Credit Hours | 18 | 16 | 34 | | PKR | PKR | PKR | Admission Fee | 164,140 | - | 164,140 | Tuition Fee | 750,600 | 667,200 | 1,417,800 | SBASSE Fee | 125,100 | 125,100 | 250,200 | Semester Registration Fee | 52,160 | 52,160 | 104,320 | General Security | 62,300 | - | 62,300 | Total | 1,154,300 | 844,460 | 1,99 [...]",yes,curl (Wayback id_ capture) + HTML table transcription (cells joined with |)
PAK-LUMS-P09-PAK-02,PAK-LUMS,compulsory_fees,https://web.archive.org/web/20250908162458id_/https://lums.edu.pk/programmes/bs-computer-science,Lahore University of Management Sciences,BS Computer Science - Fee Structure for First Year - FY 2025-26,FY 2025-26,2026-09-30,Fees tab table (SBASSE and registration rows),"SBASSE Fee | 125,100 | 125,100 | 250,200 | Semester Registration Fee | 52,160 | 52,160 | 104,320",no,curl (Wayback id_ capture) + HTML table transcription
PAK-LUMS-P09-PAK-03,PAK-LUMS,tuition,https://web.archive.org/web/20251007155836id_/https://lums.edu.pk/programmes/bsc-honours-economics,Lahore University of Management Sciences,BSc (Honours) Economics - Fee Structure for First Year - FY 2025-26,FY 2025-26,2026-09-30,Fees tab table,"Fee Structure for First Year - FY 2025-26 Particulars | Fall 2025 | Spring 2026 | Total | Credit Hours | 16 | 16 | 32 | | PKR | PKR | PKR | Admission Fee | 164,140 | - | 164,140 | Tuition Fee | 667,200 | 667,200 | 1,334,400 | Semester Registration Fee | 52,160 | 52,160 | 104,320 | General Security | 62,300 | - | 62,300 | Total | 945,800 | 719,360 | 1,665,160 |",no,curl (Wayback id_ capture) + HTML table transcription (cells joined with |)
PAK-LUMS-P09-PAK-04,PAK-LUMS,tuition,https://web.archive.org/web/20251116084932id_/https://lums.edu.pk/programmes/bsc-honours-management-science,Lahore University of Management Sciences,BSc (Honours) Management Science - Fee Structure for First Year - FY 2025-26,FY 2025-26,2026-09-30,Fees tab table,"Credit Hours | 17 | 16 | 33 | [...] Tuition Fee | 708,900 | 667,200 | 1,376,100 | Semester Registration Fee | 52,160 | 52,160 | 104,320 |",no,curl (Wayback id_ capture) + HTML table transcription
PAK-LUMS-P09-PAK-05,PAK-LUMS,tuition,https://web.archive.org/web/20250907173236id_/https://lums.edu.pk/programmes/ba-llb-honours,Lahore University of Management Sciences,BA-LL.B (Honours) - Fee Structure for First Year - FY 2025-26,FY 2025-26,2026-09-30,Fees tab table,"Credit Hours | 16 | 16 | 32 | [...] Tuition Fee | 667,200 | 667,200 | 1,334,400 | Semester Registration Fee | 52,160 | 52,160 | 104,320 | Pakistan Bar Council Fee | 3,000 | - | 3,000 | General Security | 62,300 | - | 62,300 |",no,curl (Wayback id_ capture) + HTML table transcription
PAK-PIEAS-P09-PAK-01,PAK-PIEAS,tuition,http://admissions.pieas.edu.pk/Admissions/Contents/BSFeeStructure2025.pdf,Pakistan Institute of Engineering and Applied Sciences,Annex-I Fee structure for BS Program at PIEAS (file BSFeeStructure2025.pdf; column headed 'BS Fee 2024 (Rs.)'),"file named 2025, scanned 25 Sep 2025; amount column labelled 'BS Fee 2024'",2026-09-30,p.1 'Recurring Charges/Per Semester' - Tuition Fee row; totals at bottom,"Fee structure for BS Program at PIEAS | Fee Type | BS Fee 2024 (Rs.) | Category | [...] Recurring Charges/Per Semester | Tuition Fee [1][2] [3] [4] [4]* | 63,000 Per 18 Cr Hr | Per credit hour per semester Rs 3500 [...] Total Recurring with Accommodation | 125,500 | Total Recurring without Accommodation | 99,000 | Total with Accommodation | 175,500 | Total without Accommodation | 149,000",no,curl (live file) + pymupdf OCR text layer (poor quality) checked visually against the rendered page image; figures as read visually
PAK-PIEAS-P09-PAK-02,PAK-PIEAS,compulsory_fees,http://admissions.pieas.edu.pk/Admissions/Contents/BSFeeStructure2025.pdf,Pakistan Institute of Engineering and Applied Sciences,Annex-I Fee structure for BS Program at PIEAS (file BSFeeStructure2025.pdf),"file named 2025, scanned 25 Sep 2025; column labelled 'BS Fee 2024'",2026-09-30,p.1 'Recurring Charges/Per Semester' rows,"Registration Fee | 2,000 | Per semester | PERN/ Digital Library Charges [5] | 10,000 | Per regular semester | Library Development Fund | 1,000 | Per semester | Hostel/Transport Conservation Charges | 2,000 | Per regular semester | Students' Clubs/Societies Fee [6] | 3,000 | Per regular semester | Examination Fee | 3,000 | Per semester | Transport Charges | 15,000 | Per regular semester | Hostel In [...]",yes,curl (live file) + visual reading of rendered scanned page (OCR text layer unreliable)
PAK-PIEAS-P09-PAK-03,PAK-PIEAS,tuition,https://web.archive.org/web/20250124192914id_/https://admissions.pieas.edu.pk/Admissions/Contents/FeeStructureProvisional.pdf,Pakistan Institute of Engineering and Applied Sciences,Increase in Fee structure for all academic Programs at PIEAS (Fee 2023 vs Provisional Fee 2024),2023 and provisional 2024 schedules (file created 14 Aug 2024; capture 24 Jan 2025); dating evidence,2026-09-30,Tuition Fee row,"Tuition Fee | 54,000 Per 18 Cr Hr 63,000 Per 18 Cr Hr | Increase of Rs 500/- per Cr Hour is proposed",no,curl (Wayback id_ capture) + pymupdf text extraction
PAK-PIEAS-P09-PAK-04,PAK-PIEAS,tuition,http://admissions.pieas.edu.pk/Admissions/Contents/FeeStructure2026.pdf,Pakistan Institute of Engineering and Applied Sciences,"Fee Structure for BS, MS and PhD 2026 (context only; later year)",2026,2026-09-30,p.1 Tuition Fee row and example calculation,"Tuition Fee (per CH) | 4,000 (see example calculations at the bottom) [...] Average Credit Hours in a BS Semester | 18 Tuition Fee: 4000 x 18 = Rs. 72,000",no,curl (live file) + pymupdf text extraction
PAK-CI-P09-PAK-01,PAK-CI,tuition,https://web.archive.org/web/20250527094102id_/https://islamabad.comsats.edu.pk/assets/files/Fee-Structure-Fall-2025.pdf,"COMSATS University Islamabad, Treasurer's Department, Principal Seat","Notification No. CUI-TD/FS-46(2)/Fall 25/ (May 23, 2025): Fee Structure for Graduate, Undergraduate and Masters Level Programs",Fall 2025 session,2026-09-30,"p.1 table, Undergraduate Programs, 'Fall 25' batch rows","Following fee structure for Graduate, Undergraduate and Masters Level Programs shall be applicable for Fall 2025 Session: [...] Architechture & Design Programs | Fall 25 & Fall 24 | 7,000 | 160,000 | 167,000 [...] Pharmacy Programs | Fall 25 & Fall 24 | 7,000 | 153,500 | 160,500 [...] Computer Sciences Programs | Fall 25, Spring 25, Fall 24 & Spring 24 | 7,000 | 139,000 | 146,000 [...] Engineering [...]",yes,curl (Wayback id_ capture 27 May 2025) + visual reading of rendered scanned page (no text layer)
PAK-CI-P09-PAK-02,PAK-CI,compulsory_fees,https://web.archive.org/web/20250527094102id_/https://islamabad.comsats.edu.pk/assets/files/Fee-Structure-Fall-2025.pdf,"COMSATS University Islamabad, Treasurer's Department, Principal Seat","Notification No. CUI-TD/FS-46(2)/Fall 25/ (May 23, 2025)",Fall 2025 session,2026-09-30,p.1 column headings,Per Semester Fee (Rs.) | Registration Fee | Tuition Fee | Total (Rs.),no,curl (Wayback id_ capture) + visual reading of rendered scanned page
PAK-CI-P09-PAK-03,PAK-CI,tuition,https://www.comsats.edu.pk/fee-structure.aspx,COMSATS University Islamabad,Fee Structure (Fall 2025 Fee Structure),Fall 2025 session,2026-09-30,'Fall 2025 Fee Structure' table and 'Additional Fee Information',"The following fee structure is applicable for the Fall 2025 Session. Fee rates are subject to revision in subsequent semesters. [...] Other Programs | Fall 25, Spring 25, Fall 24 & Spring 24 | 7,000 | 128,000 | 135,000 | [...] A one-time admission fee of Rs. 22,000/- will be charged from new entrants in addition to the semester fee. [...] A degree fee of Rs. 10,000/- will be charged upon completio [...]",yes,curl (live page) + HTML table transcription (cells joined with |)
PAK-CI-P09-PAK-04,PAK-CI,tuition,https://web.archive.org/web/20251214164559id_/https://sahiwal.comsats.edu.pk/fee-structure.aspx,"COMSATS University Islamabad, Sahiwal Campus","Fee Structure for Graduate, Undergraduate and Masters Level Programs (Spring 2026)",Spring 2026 session,2026-09-30,"table rows Computer Science, Engineering, Other Programs","Following fee structure for Graduate, Undergraduate and Masters Level Programs shall be applicable for Spring 2026 Session: [...] Computer Science Programs | Spring 26,Fall 25, Spring 25, Fall 24 & Spring 24 | 7,000 | 139,000 | 146,000 | [...] Engineering Programs | Fall 25 & Fall 24 | 7,000 | 144,500 | 151,500 | [...] Other Programs | Spring 26,Fall 25, Spring 25, Fall 24 & Spring 24 | 7,000 | 12 [...]",yes,curl (Wayback id_ capture 14 Dec 2025) + HTML table transcription
PAK-UOL-P09-PAK-01,PAK-UOL,tuition,https://uol.edu.pk/wp-content/uploads/2025/05/Department-of-Computer-Sciences-IT.pdf,The University of Lahore,Department of Computer Sciences & IT Fee Structure Fall 2025 (title as listed by search engine),Fall 2025 (per search listing; not verified),2026-09-30,,,no,inaccessible: HTTP 403 to curl and WebFetch (Cloudflare); no Wayback capture
PAK-UOL-P09-PAK-02,PAK-UOL,tuition,https://lbs.uol.edu.pk/downloads/Lahore-Business-School-Fee-Structure.pdf,"The University of Lahore, Lahore Business School",The University of Lahore Lahore Business School Fee Structure Fall ... (title as listed by search engine),Fall (year truncated in search listing; not verified),2026-09-30,,,no,inaccessible: HTTP 403 to curl; no Wayback capture
PAK-PU-P09-PAK-01,PAK-PU,tuition,https://web.archive.org/web/20251226024614id_/https://pu.edu.pk/downloads/Dues-Fee-Schedule-Undergraduate-PU-Students_2025.pdf,University of the Punjab,FEE/ DUES SCHEDULE NEW UNDERGRADUATE ADMISSIONS 2025 for the Financial Year 2025-26,"Admission 2025, year 2025-26 (Regular/Morning)",2026-09-30,"p.1 title; p.2 '""A"" Fee' table","FEE/ DUES SCHEDULE NEW UNDERGRADUATE ADMISSIONS 2025 for the Financial Year 2025-26 [...] Admission 2025 Dues Schedule Undergraduate (Regular/Morning) For the year 2025-26 ""A"" Fee Departments/Programs Sem. 1 & 5 Sem. 2 & 6 French, History, Philosophy, Physical Education, Gender Studies, Information Management, All BS Programs of Islamic Studies, High Energy Physics, Disaster Management, Arabic, Ka [...]",yes,curl (Wayback id_ capture 26 Dec 2025) + pdftotext -layout; table checked visually on rendered p.2
PAK-PU-P09-PAK-02,PAK-PU,compulsory_fees,https://web.archive.org/web/20251226024614id_/https://pu.edu.pk/downloads/Dues-Fee-Schedule-Undergraduate-PU-Students_2025.pdf,University of the Punjab,FEE/ DUES SCHEDULE NEW UNDERGRADUATE ADMISSIONS 2025 for the Financial Year 2025-26,"Admission 2025, year 2025-26 (Regular/Morning)",2026-09-30,"p.2 '""B"" Service Charges & Other Funds' table, exam-fee exceptions table and Notes 1-3","""B"" Service Charges & Other Funds Sem. 1 & 5 Sem. 2 & 6 Service Charges 8,540 8,540 Examination Fee * 4,800 4,800 Sports, Development & Mosque Fund 1,600 - Lib. Security (refundable) 5,000 - Total 19,940 13,340 * Exam Fee in under mentioned departments programs will be charged instead of Rs. 4,800 DCMR & Political Science 5,000 5,000 BS Accounting, BS Accounting & Finance, BS Taxation & BS E-Comme [...]",yes,curl (Wayback id_ capture) + pdftotext -layout; visually checked (text layer misaligns the exception table)
PAK-PU-P09-PAK-03,PAK-PU,tuition,https://web.archive.org/web/20251212044833id_/https://pu.edu.pk/downloads/Dues-Fee-Schedule-for-the-Financial-Year-2025-26.pdf,University of the Punjab,FEE/ DUES SCHEDULE for the Financial Year 2025-26 (continuing students; context),"2025-26 (Admission 2025 & 2024, Sem. 1-4)",2026-09-30,"p.2 '""A"" Fee' and '""B""' tables","Dues Schedule Undergraduate BS (Regular/Morning) For the year 2025-26 [...] Admission 2025 & 2024 [...] Sem. 1,2,3,4 [...] Service Charges 8,500 8,500 Examination Fee * 4,800 4,800 Sports & Mosque Fund 1,100 -",no,curl (Wayback id_ capture 12 Dec 2025) + pdftotext -layout (row values realigned from the layout output; not visually checked)
ZAF-UCT-P09-ZAF-01,ZAF-UCT,tuition,https://www.uct.ac.za/sites/default/files/media/documents/uct_ac_za/49/uct-handbook-12-fees-2025.pdf,University of Cape Town,University of Cape Town Student Fees 2025 (Handbook 12),2025,2026-09-30,Section 2.1 Typical 1st Year Tuition Fees (pp. 9-10); dot leaders abbreviated with '...',"To assist first time applicants, the table below lists fees for typical first-year undergraduate degrees for South African applicants. || BBusSc ...R 51 690 to R 103 890 || MBChB...R 108 800 || Bachelor of Social Work (BSW) ...R 66 100 || BSc - 1st year Extended Degree Programme ...R 44 000",no,curl (live URL) + pdftotext -layout
ZAF-UCT-P09-ZAF-02,ZAF-UCT,compulsory_fees,https://www.uct.ac.za/sites/default/files/media/documents/uct_ac_za/49/uct-handbook-12-fees-2025.pdf,University of Cape Town,University of Cape Town Student Fees 2025 (Handbook 12),2025,2026-09-30,Section 2 Academic Fees (p. 9),"The University of Cape Town operates on a course-based fee structure inclusive of all ""add-ons"". || The sum of these costs will give you the total cost for the set of chosen courses as there are no levies or additional academic charges.",no,curl (live URL) + pdftotext -layout
ZAF-UCT-P09-ZAF-03,ZAF-UCT,correction,https://www.uct.ac.za/sites/default/files/media/documents/uct_ac_za/49/Fees_Handbook_2023.pdf,University of Cape Town,University of Cape Town Student Fees 2023 (Fees Handbook 2023),2023,2026-09-30,"Section 2.1 Typical 1st Year Tuition Fees (pp. 8-9); check of 2023 row, no correction proposed",BBusSc...R 74 720 to R 102 470 || MBChB ...R 98 010 || Bachelor of Social Work (BSW)...R 51 200,no,curl + pdftotext -layout
ZAF-UW-P09-ZAF-01,ZAF-UW,tuition,https://web.archive.org/web/20250129145902/https://www.wits.ac.za/media/wits-university/students/academic-matters/documents/2025%20Comprehensive%20University%20Fees%20Book.pdf,University of the Witwatersrand,"University of the Witwatersrand, 2025 Comprehensive University Fees Book (Wayback capture 2025-01-29)",2025,2026-09-30,"Chapter 2: Average Tuition Fees, pp. 15-22 (PDF pages 20-27), undergraduate first-year tables",The fee summaries shown below do not include any additional charges. || Undergraduate – Average tuition fee for the first year of study || LLB R43 970 – R76 820 || BSc(CS) R90 660 || BEd R47 220 - R52 000 || Bachelor of Physiotherapy (GEPP) R56 580 || BSc R47 770 – R74 080,no,Wayback id_ capture + pymupdf text
ZAF-UW-P09-ZAF-02,ZAF-UW,compulsory_fees,https://web.archive.org/web/20250129145902/https://www.wits.ac.za/media/wits-university/students/academic-matters/documents/2025%20Comprehensive%20University%20Fees%20Book.pdf,University of the Witwatersrand,"University of the Witwatersrand, 2025 Comprehensive University Fees Book (Wayback capture 2025-01-29)",2025,2026-09-30,"Chapter 1: General Information, sections 1 and 2.1-2.2 (pp. 1-2)","Charges ancillary to tuition fees, such as charges for course notes or for excursion costs, may be included in the account for fees. || All students (with the exception of international students) must pay the first payment of R9 340 before academic registration || The first fee payment is part of the total charge.",no,Wayback id_ capture + pymupdf text
ZAF-UJ-P09-ZAF-01,ZAF-UJ,tuition,https://web.archive.org/web/20250418103853/https://www.uj.ac.za/wp-content/uploads/2025/03/2025-student-fees-booklet-10-march-2025_updated-refund-link.pdf,University of Johannesburg,"University of Johannesburg, Student Fees - 2025 (booklet dated 10 March 2025, updated refund link; Wayback capture 2025-04-18)",2025,2026-09-30,"Section 4e Undergraduate programmes (including LLB and PGCE), pp. 7-8; table read visually from pages rendered with pymupdf","The average cost for formal qualification per year in the different faculties, if the prescribed programmes are followed, is as follows: || Degrees R51 586.63 R78 303.56 || Degrees - Extended R37 028.40 R55 657.66 || Laboratory Modules R56 525.84 R100 248.64 || Diploma R35 258.57 R49 842.95 || Degrees (NQF 8) R42 346.26 R58 535.21",no,Wayback id_ capture + pdftotext; pages 7-8 rendered with pymupdf and read visually
ZAF-UJ-P09-ZAF-02,ZAF-UJ,compulsory_fees,https://web.archive.org/web/20250418103853/https://www.uj.ac.za/wp-content/uploads/2025/03/2025-student-fees-booklet-10-march-2025_updated-refund-link.pdf,University of Johannesburg,"University of Johannesburg, Student Fees - 2025 (booklet dated 10 March 2025, updated refund link; Wayback capture 2025-04-18)",2025,2026-09-30,Section 3 table rows c-d (p. 4); section 4e bullets (p. 7),A non-refundable registration fee per registration process R650.00 || ICT levy R500.00 Payable per registration process and is non-refundable || Registration fees (R650) and ICT Levy (R500) should be added annually to student fees.,no,Wayback id_ capture; page 4 and 7 rendered with pymupdf and read visually (text layer misaligns the amounts)
ZAF-UJ-P09-ZAF-03,ZAF-UJ,regime,https://web.archive.org/web/20250706125721/https://www.uj.ac.za/wp-content/uploads/2025/01/2025-tuition-fee-increase-9-jan-2025.pdf,"University of Johannesburg, Revenue Administration",2025 Student Fees of the University of Johannesburg (notice of 9 January 2025; Wayback capture 2025-07-06),2025,2026-09-30,Items 1 and 3,has decided to adjust both the tuition and residence fees required for registration for the 2025 academic year as follows: || 1. Tuition fees - 4.6% increase across the board || 3. Minimum initial payment for registration - R5 560.00,no,Wayback id_ capture + pdftotext
ZAF-UP-P09-ZAF-01,ZAF-UP,tuition,https://web.archive.org/web/20250618063400/https://www.up.ac.za/student-fees/article/2735910/undergraduate-tuitionfees-per-faculty,University of Pretoria,"University of Pretoria, Undergraduate Tuition Fees per faculty - Fees 2025 (Wayback capture 2025-06-18)",2025,2026-09-30,"Tables 'Estimated tuition fees per year (SA and SADC countries citizens) Fees in 2025', 1st year column (Humanities; Engineering, Built Environment and IT)",The cost of AIM modules is not included in the average cost per course in the Fees tables below. || Estimated tuition fees per year (SA and SADC countries citizens) || Fees in 2025 || BA (Visual Studies) | 42 000 – 62 000 || BSc (Computer Science) | 74 000 – 94 000 || Higher Certificate: Sports | 26 000 – 29 000 || BCom (Extended Programme) | 54 000 – 64 000,no,Wayback id_ capture + html table parse
ZAF-UP-P09-ZAF-02,ZAF-UP,compulsory_fees,https://web.archive.org/web/20250701084450/https://www.up.ac.za/student-fees/article/2735925/summary-of-fees-and-levies,University of Pretoria,"University of Pretoria, Summary of fees and levies / When to pay what 2025 (Wayback capture 2025-07-01)",2025,2026-09-30,'REGISTRATION financial requirements for the academic year 2025'; levy table,"For the 2025 academic year, the first payment of tuition fees (initial fee) needed at registration for undergraduate students will be R10 000 and for post-graduate students R12 500. || Students who are funded by an external sponsor or NSFAS are exempt for paying the first payment. || The fees below are for 2025 year of study unless otherwise indicated. || Undergraduate students | Initial payment – [...]",yes,Wayback id_ capture (gzip) + html-to-text
ZAF-SU-P09-ZAF-01,ZAF-SU,tuition,https://files.su.ac.za/public/registrars-division/documents/2025-08/2025-student-fees-1pdf.pdf,Stellenbosch University,"Stellenbosch University, Student Fees: Study fees and other costs for students; Rules. Yearbook, Part 3 (2025)",2025,2026-09-30,"Section 2.1 Estimated study fees per faculty, a) undergraduate programme tables (Theology, Medicine and Health Sciences, Economic and Management Sciences, Arts and Social Sciences)","The table below shows the estimated study fees per undergraduate programme for 2025 for the first year of study, unless stated otherwise. || BTh R55 106 || BTh Part-Time R38 671 || BTh (extended curriculum programme) R42 120 || MBChB I R92 706 || BA R55 385 || BCom (Management Sciences) Extended Degree Programme R43 800",no,curl + pymupdf text
ZAF-SU-P09-ZAF-02,ZAF-SU,compulsory_fees,https://files.su.ac.za/public/registrars-division/documents/2025-08/2025-student-fees-1pdf.pdf,Stellenbosch University,"Stellenbosch University, Student Fees: Study fees and other costs for students; Rules. Yearbook, Part 3 (2025)",2025,2026-09-30,Sections 6.3 Student card and 6.6 CSC membership dues (pp. 25-26),"Each person who registers for the first time as a student is issued with a student card (photo identity card) at R80 per card. || In terms of a resolution by Council, all students in private lodgings, except those stated below, are automatically members of a Commuter Student Communities (CSC), and CSC membership dues are debited against their student fees accounts. || The amount for 2025 is R445.2 [...]",yes,curl + pymupdf text
CHN-PKU-P10-CHN-01,CHN-PKU,tuition,https://xxgk.pku.edu.cn/docs/20251013090946572187.pdf,北京大学 财务部,北京大学教育收费公示,disclosure signed 财务部 2025年10月 (PDF metadata 2025-10-13); in force for 2025/26,2026-09-30,"p.1, first three table rows (columns 收费项目名称 | 计量单位 | 收费标准 | 收费范围 | 执收单位 | 收费依据 | 备注); signature p.6",普通高校重点学校一般专业本专科学费 元/生.学年 不超过5000 学生 学校 京价（收）字〔2000〕第217号 5000 | 普通高校重点学校理工科专业本专科学费 元/生.学年 不超过5500 学生 学校 京价（收）字〔2000〕第217号 5000/5300（生物/信息/元培） | 普通高校重点学校外语医科类本专科学费 元/生.学年 不超过6000 学生 学校 京价（收）字〔2000〕第217号 5000（外语）/6000（医学） | 财务部 2025年10月,no,curl + pypdf text extraction
CHN-PKU-P10-CHN-02,CHN-PKU,compulsory_fees,https://xxgk.pku.edu.cn/docs/20251013090946572187.pdf,北京大学 财务部,北京大学教育收费公示,disclosure signed 财务部 2025年10月; in force for 2025/26,2026-09-30,p.6 table row,网络用户月基本费 元/人·月 10 学生 学校 京教财〔2010〕29号 北京大学收费许可证2003年023号,no,curl + pypdf text extraction
CHN-THU-P10-CHN-01,CHN-THU,tuition,http://www.gaokao.com/e/20250604/68403e40d0b1b.shtml,"高考网 (gaokao.com), repost of Tsinghua charter",清华大学2025年本科招生章程_高考网,"2025 admissions charter (2025 entrants, 2025/26)",2026-09-30,"第二十条 [repost, not the issuing body's own page]",第二十条清华大学学生学费收费标准：美术学类、设计学类专业10000元人民币/学年，其他专业5000元人民币/学年；住宿费收费标准：750～900元人民币/学年。国际学生收费标准另行制定。,no,curl; HTML stripped
CHN-THU-P10-CHN-02,CHN-THU,tuition,https://join-tsinghua.edu.cn/info/1033/1996.htm,清华大学本科招生网,清华大学2025年艺术类专业（美术学院）本科招生简章,2025 entrants (2025/26),2026-09-30,二、招生专业 2.学费,"2.学费 设计学类和美术学类专业每生每学年学费10,000元人民币。",no,curl; HTML stripped
CHN-ZJU-P10-CHN-01,CHN-ZJU,tuition,https://zdzsc.zju.edu.cn/2025/0605/c87333a3058818/page.htm,浙江大学本科生招生办公室,浙江大学2025年本科招生章程,2025 admissions charter (2025 entrants); 发布日期 2025-06-05,2026-09-30,第二十六条,第二十六条 浙江大学按照国家规定和浙江省发改委核准标准，实行学分制收费。学费由专业注册学费和学分学费组成，每学年先按学年制收费标准进行预收，学年末按所修学分结算，毕业前进行学费总结算。工科类、医学类专业6000元/人∙学年；艺术类专业9000元/人∙学年；农林类专业5500元/人∙学年；其他专业5300元/人∙学年。软件工程专业第三学年16000元/人∙学年，第四学年10000元/人∙学年。,no,curl; HTML stripped
CHN-ZJU-P10-CHN-02,CHN-ZJU,tuition,https://zdzsc.zju.edu.cn/2025/0605/c87333a3058818/page.htm,浙江大学本科生招生办公室,浙江大学2025年本科招生章程,2025 admissions charter (2025 entrants),2026-09-30,第二十六条 (up-rated majors; Haining) and 第二十五条,以下专业学费标准将在上述相应标准基础上上浮15%：能源与环境系统工程、建筑学、电气工程及其自动化、计算机科学与技术、软件工程、光电信息科学与工程、信息工程、自动化、工业设计、电子信息工程、临床医学（8年制）、汉语言文学、新闻学、经济学、金融学、财政学、会计学、数学与应用数学、信息与计算科学、统计学等。海宁国际校区所有专业按照国家规定和浙江省发改委核准标准，实行学年制收费，学费标准：16万元/人∙学年。 | 第二十五条 根据浙江省政府有关文件精神，主修专业为农学、园艺、植物保护、茶学、动物科学、动物医学6个专业的浙江籍学生将享受免学费的补助政策。,no,curl; HTML stripped
CHN-ZJU-P10-CHN-03,CHN-ZJU,tuition,https://yunfeng.zju.edu.cn/_upload/article/files/2a/fb/acbb69544808b0e73f653e0b0718/bc5c493e-1f07-4296-9ca5-ad3b41c2c7a3.pdf,浙江大学计划财务处 (file hosted on yunfeng.zju.edu.cn),浙江大学教育收费项目公示表 (2025年9月，本科生收费项目节选）,September 2025 (PDF created 2025-10-20),2026-09-30,二、本科生收费 1.专业学费; 2.学分学费,艺术类专业 4200元/生·学年 … 工科类、医学类专业 1200元/生·学年 … 工科类、医学类上浮专业：… 2100元/生·学年 农林类专业 700元/生·学年 其他专业 500元/生·学年 其他上浮专业：… 1200元/生·学年 … 2.学分学费 120元/学分,no,curl + pypdf text extraction
CHN-ZJU-P10-CHN-04,CHN-ZJU,compulsory_fees,https://yunfeng.zju.edu.cn/_upload/article/files/2a/fb/acbb69544808b0e73f653e0b0718/bc5c493e-1f07-4296-9ca5-ad3b41c2c7a3.pdf,浙江大学计划财务处 (file hosted on yunfeng.zju.edu.cn),浙江大学教育收费项目公示表 (2025年9月，本科生收费项目节选）,September 2025,2026-09-30,5.代办费,军训服装费（本科生） 90元/生 招标采购价 国家基本医疗保险费 120元/生·学年 杭政〔2020〕56号，按学制一次性预收，如有政策调整则多退少补,no,curl + pypdf text extraction
CHN-FDU-P10-CHN-01,CHN-FDU,tuition,https://xxgk.fudan.edu.cn/_upload/article/files/69/5a/2c1b523345e78b85d1d82c47cd39/615542a1-54e2-4b57-a6e6-febc96246cd7.pdf,复旦大学,2025年秋季复旦大学教育收费公示表 －本科生,autumn 2025 (disclosure page https://xxgk.fudan.edu.cn/e9/bb/c12628a780731/page.htm dated 2025-09-01; PDF metadata 2025-12-05),2026-09-30,"p.1 rows 5-7 (and row 10 software, excluded)","5 普通高校学费 文科类专业 6,500元/学年 沪发改价调[2023]21号 2023年秋季起，每年预收，按实际修读学分结算 6 普通高校学费 理工体类专业 7,000元/学年 7 普通高校学费 医学类专业 7,400元/学年 | 10 软件专业 本科生及第二学士学位 400元/学分 沪价费[2003]007号 示范性软件学院",no,curl + pypdf text extraction (not visually checked)
CHN-FDU-P10-CHN-02,CHN-FDU,regime,https://cwc.fudan.edu.cn/e9/b9/c23644a780729/page.htm,复旦大学财务与国有资产管理处,复旦大学“双一流”学科本科学费调整公示,from autumn 2026 (发布时间 2026-05-22); not applicable to 2025/26,2026-09-30,notice table,学科招生专业大类2026年秋季起学费（元/学年）文科中国语言文学类7150 … 理工科数学类7700 … 医科临床医学类8140,no,curl; HTML stripped
CHN-SJTU-P10-CHN-01,CHN-SJTU,tuition,https://www.jdcw.sjtu.edu.cn/__local/E/9E/1C/84380DC4902F9F39A9A4046892C_D36961C5_7F91F.pdf,上海交通大学财务计划处,上海交通大学2025年行政事业性收费公示(截至 2025.8.18) (linked from https://www.jdcw.sjtu.edu.cn/info/1011/5690.htm),schedule as at 2025-08-18 (PDF metadata 2025-08-20); 2025/26,2026-09-30,"p.1 rows 1.4-1.8, 2.1-2.3","1.4 普通高校学费 6,500-7,150元/学年 文科类专业学生 沪发改价调〔2023〕21 号 从2023年秋季新招录本科生开始执行 1.5 普通高校学费 7,000-7,700元/学年 理工体类专业学生 1.6 普通高校学费 7,400-8,140元/学年 医学类专业学生 1.7 普通高校学费 13,000-14,300元/学年 艺术类专业学生 1.8 普通高校学费 400元/学分 电信学院软件专业 … 2.1 浦江国际学院 75,000 元/学年 … 2.3 巴黎卓越工程师学院 65,000 元/学年 巴黎卓越工程师学院本科学生 沪发改价调〔2024〕26 号 从2024年秋季新招录本科生开始执行",no,curl + pypdf text extraction (not visually checked)
CHN-SJTU-P10-CHN-02,CHN-SJTU,tuition,https://www.jdcw.sjtu.edu.cn/__local/E/9E/1C/84380DC4902F9F39A9A4046892C_D36961C5_7F91F.pdf,上海交通大学财务计划处,上海交通大学2025年行政事业性收费公示(截至 2025.8.18),schedule as at 2025-08-18,2026-09-30,p.16 说明,说明：一、本收费目录不包括医学院行政事业性收费项目。,no,curl + pypdf text extraction
CHN-SJTU-P10-CHN-03,CHN-SJTU,tuition,https://gaokao.eol.cn/shang_hai/dongtai/202506/t20250606_2673083.shtml,"中国教育在线 (eol.cn), repost of SJTU charter",上海交通大学2025年本科招生章程 —中国教育在线,2025 admissions charter (2025 entrants),2026-09-30,"第二十一条 [repost, not the issuing body's own page]","第二十一条 上海交通大学按照国家规定和上海市物价局核准标准确定学费和住宿费标准： 1.学费 ① 大部分本科专业：人民币6,500-7,400元/学年（不含②~⑦）。 ② 软件工程专业三、四年级：人民币400元/学分。 ③ 上海交通大学浦江国际学院所属专业：人民币75,000元/学年。 ④ 巴黎卓越工程师学院所属专业：人民币65,000元/学年。 ⑤ 视觉传达设计、环境设计专业：人民币13,000元/学年。 ⑥ 临床医学（法语班）专业：人民币10,000元/学年。 ⑦ 临床医学五年制（英语班）：人民币19,500元/学年。 ⑧ 按平台、院（类）招生的学生分流后按照分流专业标准收费。 2.住宿费：人民币1,200元/学年。 具体以上海交通大学教育收费公示表为准。",no,curl; HTML stripped
HKG-HKU-P10-HKG-01,HKG-HKU,tuition,https://www.info.gov.hk/gia/general/202406/20/P2024062000250.htm,"HKSAR Government (Education Bureau), press release",Government announces tuition fee levels of UGC-funded universities for 2025/26 to 2027/28 academic years,"2025/26 (table also gives 2024/25, 2026/27, 2027/28)",2026-09-30,"press release of 20 Jun 2024, fee table","Academic year Tuition fees per student per academic year for UGC-funded full-time undergraduates, taught postgraduate and research postgraduate programmes [...] 2024/25 $42,100 (i.e. current level) [...] 2025/26 $44,500 [...] 2026/27 $47,000 [...] 2027/28 $49,500 [...] The above tuition fees are only applicable to eligible students for UGC-funded student places.",no,"curl raw HTML, tags stripped"
HKG-HKU-P10-HKG-02,HKG-HKU,regime,https://www.info.gov.hk/gia/general/202406/20/P2024062000250.htm,"HKSAR Government (Education Bureau), press release",Government announces tuition fee levels of UGC-funded universities for 2025/26 to 2027/28 academic years,2025/26 to 2027/28,2026-09-30,paragraphs 1 and 3,"The Government today (June 20) announced the tuition fee levels for publicly funded programmes of University Grants Committee (UGC)-funded universities for the 2025/26 to 2027/28 academic years. After taking into account various factors, the Government has decided to adjust the tuition fee levels for UGC-funded programmes modestly by 5.5 per cent per annum on average from the 2025/26 academic year [...]",yes,"curl raw HTML, tags stripped"
HKG-HKU-P10-HKG-03,HKG-HKU,tuition,https://handbook.hku.hk/ug/full-time-2025-26/fees-awards-and-financial-assistance/composition-fee.html,"The University of Hong Kong, Registry (Academic Support and Examinations Section)",Undergraduate Handbook 2025-26 (full-time): Composition Fee,2025/26,2026-09-30,"Composition Fee, section (a) Fees","The composition fees for first-year full-time Bachelor's degree students for 2025-2026 and the payment schedule are detailed below. Please note that the composition fee listed for local students is indicative. The actual fee, when announced, may vary from the indicative fee, and is subject to upward or downward adjustment in the second instalment. (a) Fees Composition Fee for 2025-26 $44,500 $198, [...]",yes,"curl raw HTML, tags stripped"
HKG-HKU-P10-HKG-04,HKG-HKU,compulsory_fees,https://handbook.hku.hk/ug/full-time-2025-26/fees-awards-and-financial-assistance/composition-fee.html,"The University of Hong Kong, Registry (Academic Support and Examinations Section)",Undergraduate Handbook 2025-26 (full-time): Composition Fee,2025/26,2026-09-30,section (a) Fees and footnote ^,"Student activity fee^ $100 Caution money $350 Total payable $44,950 [...] ^ Student activity fee is applicable to all full-time students and collected annually to provide support for campus wide student events and activities of student societies. With effect from 2022-23, the student activity fee is set at $100 per annum.",no,"curl raw HTML, tags stripped"
HKG-CUHK-P10-HKG-01,HKG-CUHK,tuition,https://www.info.gov.hk/gia/general/202406/20/P2024062000250.htm,"HKSAR Government (Education Bureau), press release",Government announces tuition fee levels of UGC-funded universities for 2025/26 to 2027/28 academic years,"2025/26 (table also gives 2024/25, 2026/27, 2027/28)",2026-09-30,"press release of 20 Jun 2024, fee table","Academic year Tuition fees per student per academic year for UGC-funded full-time undergraduates, taught postgraduate and research postgraduate programmes [...] 2024/25 $42,100 (i.e. current level) [...] 2025/26 $44,500 [...] 2026/27 $47,000 [...] 2027/28 $49,500 [...] The above tuition fees are only applicable to eligible students for UGC-funded student places.",no,"curl raw HTML, tags stripped"
HKG-CUHK-P10-HKG-02,HKG-CUHK,tuition,https://web.archive.org/web/20250502124401id_/https://admission.cuhk.edu.hk/fees-financing-your-studies/fees/,"The Chinese University of Hong Kong, Office of Admissions",Fees and Financing Your Studies: Fees (Wayback capture 2 May 2025),2025/26,2026-09-30,Fees section,"Local Students: HK$44,500 (annual tuition fees for local Hong Kong students) Non-Local Students: HK$178,000* (annual tuition fees for non-local students) [...] *The annual tuition fee for non-local students in the 2025-26 academic year is HK$178,000. The tuition fee for dual-degree undergraduate programmes may vary. A caution fee of HK$450 must be paid upon enrolment. This is refundable upon withd [...]",yes,"curl Wayback raw capture (id_), tags stripped"
HKG-CUHK-P10-HKG-03,HKG-CUHK,compulsory_fees,https://www.fno.cuhk.edu.hk/student/student-fees/general-information/,"The Chinese University of Hong Kong, Finance Office",Student Fees: General Information,current page (2026); states the 2025/26 to 2027/28 rates,2026-09-30,Tuition Fees; Caution Money; Student Union Fees,"The HKSAR Government has announced the tuition fee levels for UGC-funded full-time undergraduate, taught postgraduate and research postgraduate programmes for the 2025/26 to 2027/28 academic years: Academic Year Amount 2025-26 $44,500 per annum 2026-27 $47,000 per annum 2027-28 $49,500 per annum All eligible students in a particular academic year shall be subject to the tuition fee at the prevaili [...]",yes,"curl raw HTML, tags stripped"
HKG-HKUST-P10-HKG-01,HKG-HKUST,tuition,https://www.info.gov.hk/gia/general/202406/20/P2024062000250.htm,"HKSAR Government (Education Bureau), press release",Government announces tuition fee levels of UGC-funded universities for 2025/26 to 2027/28 academic years,"2025/26 (table also gives 2024/25, 2026/27, 2027/28)",2026-09-30,"press release of 20 Jun 2024, fee table","Academic year Tuition fees per student per academic year for UGC-funded full-time undergraduates, taught postgraduate and research postgraduate programmes [...] 2024/25 $42,100 (i.e. current level) [...] 2025/26 $44,500 [...] 2026/27 $47,000 [...] 2027/28 $49,500 [...] The above tuition fees are only applicable to eligible students for UGC-funded student places.",no,"curl raw HTML, tags stripped"
HKG-HKUST-P10-HKG-02,HKG-HKUST,tuition,https://web.archive.org/web/20251016001652id_/https://registry.hkust.edu.hk/resource-library/tuition-rates-ug,"The Hong Kong University of Science and Technology, Academic Registry",Tuition Rates (UG) (page dated 07 Aug 2025; Wayback capture 16 Oct 2025),2025/26,2026-09-30,"Tuition Fee for 2025-26 Academic Year, table and notes (i)-(ii)","Tuition Fee for 2025-26 Academic Year Tuition Fee for Undergraduate Students Tuition fee is payable in two equal installments at the beginning of each regular term (Fall/Spring). Category Amount Local students (i) $44,500 per annum (ii) [...] Notes: (i) The HKSAR Government has announced an adjustment to the tuition level for UGC-funded undergraduate programs in the triennium from 2025-26 academic [...]",yes,"curl Wayback raw capture (id_), tags stripped"
HKG-HKUST-P10-HKG-03,HKG-HKUST,compulsory_fees,https://registry.hkust.edu.hk/resource-library/caution-money-graduation-fee,"The Hong Kong University of Science and Technology, Academic Registry",Caution Money & Graduation Fee,"page dated 03 Jul 2023 (current page, accessed 2026-09-30)",2026-09-30,Caution Money,"Each student is required to pay a deposit of $400 as caution money on first registration. Charges will be made against this deposit if there are any unpaid claims against the student, such as outstanding library dues. The balance will be refunded if the student leaves the University before graduation. At graduation, the student is required to restore the balance of the caution money to its origina [...]",yes,"curl raw HTML, tags stripped"
HKG-POLYU-P10-HKG-01,HKG-POLYU,tuition,https://www.info.gov.hk/gia/general/202406/20/P2024062000250.htm,"HKSAR Government (Education Bureau), press release",Government announces tuition fee levels of UGC-funded universities for 2025/26 to 2027/28 academic years,"2025/26 (table also gives 2024/25, 2026/27, 2027/28)",2026-09-30,"press release of 20 Jun 2024, fee table","Academic year Tuition fees per student per academic year for UGC-funded full-time undergraduates, taught postgraduate and research postgraduate programmes [...] 2024/25 $42,100 (i.e. current level) [...] 2025/26 $44,500 [...] 2026/27 $47,000 [...] 2027/28 $49,500 [...] The above tuition fees are only applicable to eligible students for UGC-funded student places.",no,"curl raw HTML, tags stripped"
HKG-POLYU-P10-HKG-02,HKG-POLYU,tuition,https://www.polyu.edu.hk/ar/docdrive/polyu-students/student-handbook/Student_Handbook_2025-26_English.pdf,"The Hong Kong Polytechnic University, Academic Registry",Student Handbook for Taught Programmes 2025/26 (English),2025/26,2026-09-30,"Section H. Tuition Fees, printed p.59 (PDF page 74)","Tuition fees for UGC-funded programmes for the 2025/26 academic year are listed below: i. For local students: UGC-funded Programmes Mode of Study Tuition Fees (HK$) Bachelor's Degree Full-time 44,500/academic year",no,curl PDF + pdftotext -layout (table layout checked in text)
HKG-POLYU-P10-HKG-03,HKG-POLYU,compulsory_fees,https://www.polyu.edu.hk/ar/docdrive/polyu-students/student-handbook/Student_Handbook_2025-26_English.pdf,"The Hong Kong Polytechnic University, Academic Registry",Student Handbook for Taught Programmes 2025/26 (English),2025/26,2026-09-30,"Section H (initial fee) and Section I. Other Fees/Charges, printed pp.60-61","The initial fee (HK$5,000 for local students and HK$15,000 for non-local students), which is non- refundable and non-transferable, will be converted to form part of the first semester tuition fee. [...] Caution money (chargeable to all students at first registration and is refundable on official withdrawal from the University, subject to no claim being outstanding. The sum will be converted to gra [...]",yes,"curl PDF + pdftotext -layout (amount column of the Other Fees table misaligned in extraction; 400 read next to caution money, consistent with 2023/24)"
HKG-CITYU-P10-HKG-01,HKG-CITYU,tuition,https://www.info.gov.hk/gia/general/202406/20/P2024062000250.htm,"HKSAR Government (Education Bureau), press release",Government announces tuition fee levels of UGC-funded universities for 2025/26 to 2027/28 academic years,"2025/26 (table also gives 2024/25, 2026/27, 2027/28)",2026-09-30,"press release of 20 Jun 2024, fee table","Academic year Tuition fees per student per academic year for UGC-funded full-time undergraduates, taught postgraduate and research postgraduate programmes [...] 2024/25 $42,100 (i.e. current level) [...] 2025/26 $44,500 [...] 2026/27 $47,000 [...] 2027/28 $49,500 [...] The above tuition fees are only applicable to eligible students for UGC-funded student places.",no,"curl raw HTML, tags stripped"
HKG-CITYU-P10-HKG-02,HKG-CITYU,tuition,https://web.archive.org/web/20251008081537id_/https://www.cityu.edu.hk/fo/htm/degree_Fees.htm,"City University of Hong Kong, Finance Office",Tuition Fees: Bachelor's Degrees - Fees and Charges (Wayback capture 8 Oct 2025),2025/26,2026-09-30,"1. Tuition Fees, Local Students table","1. Tuition Fees Local Students* Academic Year Tuition Fee per annum 2024 / 25 $42,100 2025 / 26 $44,500 2026 / 27 $47,000 2027 / 2 8 $49,500 [...] *If there are changes to the tuition fee set by the HKSAR Government, the tuition fee may be adjusted.",no,"curl Wayback raw capture (id_), tags stripped"
HKG-CITYU-P10-HKG-03,HKG-CITYU,compulsory_fees,https://web.archive.org/web/20251008081537id_/https://www.cityu.edu.hk/fo/htm/degree_Fees.htm,"City University of Hong Kong, Finance Office",Tuition Fees: Bachelor's Degrees - Fees and Charges (Wayback capture 8 Oct 2025),2025/26,2026-09-30,"3. Other Fees and Charges, items 1 and 5, notes 1 and 5",1. Graduation Fee 1 (payable upon enrolment) $400 [...] 5. Students’ Union (SU) Membership Fees 5 SU Membership Entrance Fee: $70 SU Membership Annual Fee: $130 [...] 1. Students will be charged a Graduation Fee upon enrolment in a programme/degree. The Graduation Fee will be refunded to students who subsequently withdraw before graduation or whose studies are being terminated by the University. [ [...],yes,"curl Wayback raw capture (id_), tags stripped"
JPN-UTOKYO-P10-JPN-01,JPN-UTOKYO,tuition,https://web.archive.org/web/20251114161343/https://www.u-tokyo.ac.jp/ja/admissions/tuition-fees/e03.html,東京大学,入学料・授業料 (Wayback capture 2025-11-14),updated 2025-04-01; 令和7年度 (2025) entrants onward,2026-09-30,"fee table (1) 学部学生 column, 授業料（年額） rows","授業料、入学料、検定料の額 ※2025年4月1日更新 … 授業料（年額） 令和6年度以前入学者 535,800円 … 令和7年度以降入学者 642,960円",no,curl id_ capture; HTML stripped
JPN-UTOKYO-P10-JPN-02,JPN-UTOKYO,tuition,https://www.u-tokyo.ac.jp/ja/admissions/tuition-fees/e03.html,東京大学,入学料・授業料 (live page),updated 2025-04-01; 令和7年度 (2025) entrants onward,2026-09-30,"fee table (1), 授業料（年額） rows","入学料 282,000円 282,000円 282,000円 授業料（年額） 令和6年度以前入学者 535,800円 535,800円 520,800円 804,000円 令和7年度以降入学者 642,960円",no,curl; HTML stripped
JPN-UTOKYO-P10-JPN-03,JPN-UTOKYO,regime,https://www.u-tokyo.ac.jp/content/400247772.pdf,東京大学,授業料改定及び学生支援の拡充について (2024年9月24日),"decision of 2024-09-24, applies to April 2025 bachelor's entrants onward",2026-09-30,section 2 ①授業料改定 【学士課程】; section 1 on the legal ceiling,"2025 年 4 月入学者より、年額 642,960 円に改定する（現行 535,800 円） / 法令に規定された範囲（上限：標準額の 120％）において改定するものである。",no,pdftotext
JPN-UTOKYO-P10-JPN-04,JPN-UTOKYO,regime,https://www.u-tokyo.ac.jp/content/400247772.pdf,東京大学,授業料改定及び学生支援の拡充について (2024年9月24日),April 2025 bachelor's entrants onward,2026-09-30,section 2 ②学生支援の拡充 【学士課程】 (aid context only; not recoded),2025 年 4 月入学者より、世帯収入 600 万円以下の日本人学生は全額授業料免除（現行：世帯収入 400 万円以下の者は全額授業料免除）,no,pdftotext
JPN-KYOTO-P10-JPN-01,JPN-KYOTO,tuition,https://web.archive.org/web/20250812100014/https://www.kyoto-u.ac.jp/ja/education-campus/contact/fees/jugyo,京都大学,学納金の額一覧 (Wayback capture 2025-08-12),2025年度 (as headed on the page),2026-09-30,"heading and fee table, 学部 row","2025年度 授業料等の額について 区分 授業料年額 授業料半期額 入学料 検定料 学部 535,800円 267,900円 282,000円 17,000円",no,curl id_ capture; HTML stripped
JPN-KYOTO-P10-JPN-02,JPN-KYOTO,tuition,https://www.kyoto-u.ac.jp/ja/education-campus/contact/fees/jugyo,京都大学,学納金の額一覧 (live page),2026年度 (as headed on the page); corroborates continuity only,2026-09-30,"heading, 学部 row and payment timing","2026年度 授業料等の額について 区分 授業料年額 授業料半期額 入学料 検定料 学部 535,800円 267,900円 282,000円 17,000円 … 授業料 原則として、5月、11月の2回に分けて納入します。",no,curl; HTML stripped
JPN-OSAKA-P10-JPN-01,JPN-OSAKA,tuition,https://web.archive.org/web/20250717090537/https://www.osaka-u.ac.jp/ja/campus/tuition/tuition_info,大阪大学,授業料・入学料 (Wayback capture 2025-07-17),FY2025 (Wayback capture 2025-07-17; page refers to 2025年度前期 registration),2026-09-30,"授業料等の額について table, 学部 row","授業料等の額について 区 分 授業料年額 授業料半額 入学料 検定料 学部 535,800円 267,900円 282,000円 17,000円",no,curl id_ capture; HTML stripped
JPN-OSAKA-P10-JPN-02,JPN-OSAKA,tuition,https://web.archive.org/web/20250717090537/https://www.osaka-u.ac.jp/ja/campus/tuition/tuition_info,大阪大学,授業料・入学料 (Wayback capture 2025-07-17),FY2025 (Wayback capture 2025-07-17),2026-09-30,payment section; registration notice dating the page,・授業料は、前期（５月）、後期（１１月）の２期に分けて納入していただきます。 … ※2025年度前期における登録期間は終了しました。,no,curl id_ capture; HTML stripped
JPN-OSAKA-P10-JPN-03,JPN-OSAKA,tuition,https://www.osaka-u.ac.jp/ja/campus/tuition/tuition_info,大阪大学,授業料・入学料 (live page),FY2026 (registration period 2026年4月1日～4月19日 shown); corroborates continuity only,2026-09-30,"≪ 授業料等の額 ≫ table, 学部 row","≪ 授業料等の額 ≫ 区 分 授業料年額 授業料半額 入学料 検定料 学部 535,800円 267,900円 282,000円 17,000円",no,curl; HTML stripped
JPN-TITECH-P10-JPN-01,JPN-TITECH,tuition,https://www.somuka.titech.ac.jp/reiki_int/reiki_honbun/x385RG00001976.html,東京科学大学,東京科学大学における授業料、入学料及び検定料等に関する規則 (令和6年10月1日 規則第75号; version 令和7年3月7日施行),"in force from 2024-10-01; amended version applied from 2025-03-07, no later amendment listed (covers FY2025)",2026-09-30,"第2条第1項 table (区分 | 授業料 年額 | 入学料 | 検定料), bachelor's rows","区分 授業料 入学料 検定料 学院 (大学院の各課程) 年額 円 635,400 円 282,000 円 30,000 研究科 (大学院の各課程) 535,800 282,000 36,000 学院 (学士課程) 635,400 282,000 17,000 学部 (学士課程) 642,960 282,000 17,000",no,curl; HTML stripped
JPN-TITECH-P10-JPN-02,JPN-TITECH,regime,https://www.somuka.titech.ac.jp/reiki_int/reiki_honbun/x385RG00001976.html,東京科学大学,東京科学大学における授業料、入学料及び検定料等に関する規則 (令和6年10月1日 規則第75号; version 令和7年3月7日施行),from 2024-10-01 (merger),2026-09-30,"附則 1, 2 and 4","附 則 1 この規則は、令和6年10月1日から施行する。 2 次に掲げる規則は、廃止する。 一 東京工業大学における授業料、入学料、検定料、公開講座講習料及び寄宿料に関する規則 (平成16年規則第18号) 二 東京医科歯科大学における授業料、入学料及び検定料等に関する規則 … 4 平成31年3月31日に東京工業大学の学院の学士課程に在学する学生 … 並びに令和2年3月31日に東京医科歯科大学の医学部又は歯学部に在学する学生であって、施行日以降、引き続き東京科学大学の当該課程に在学する学生に係る授業料の額については、当該学生が東京科学大学に在学しなくなるまでの間、この規則にかかわらず、535,800円とする。",no,curl; HTML stripped
JPN-TITECH-P10-JPN-03,JPN-TITECH,tuition,https://www.isct.ac.jp/plugins/cms/component_download_file.php?type=2&pageId=&contentsId=1&contentsDataId=2364&prevId=&key=dad214a5fa686f99430532f906224137.pdf,国立大学法人東京科学大学,"令和７年度後期分授業料の納付について (令和７年９月２９日, 理工学系学生各位)",令和７年度 (FY2025) second half,2026-09-30,"後期分授業料額 table, 学士課程 row",後期分授業料額 課 程 授業料（半期分） 2019 年 3 月以前の入学者 2019 年 4 月以降の入学者 学士課程 ２６７，９００円 ３１７，７００円,no,pdftotext (PDF linked from https://www.isct.ac.jp/ja/news/pbongypvfxuv)
JPN-TOHOKU-P10-JPN-01,JPN-TOHOKU,tuition,https://web.archive.org/web/20250717084916/https://www.tohoku.ac.jp/japanese/studentinfo/studentlife/04/studentlife0401/,東北大学,入学料及び授業料等納付額・納付方法 (Wayback capture 2025-07-17),2025年度 (as stated on the page),2026-09-30,"入学料及び授業料等の金額について; table 1 正規学生, 学部学生 row","東北大学における2025年度の入学料、授業料及び検定料の額は、次のとおりです。 … 区分 授業料(年額) 授業料(半期) 入学料 検定料 学部学生 535,800 267,900 282,000 入学17,000",no,curl id_ capture; HTML stripped
JPN-TOHOKU-P10-JPN-02,JPN-TOHOKU,tuition,https://www.tohoku.ac.jp/japanese/studentinfo/studentlife/04/studentlife0401/,東北大学,入学料及び授業料等納付額・納付方法 (live page),2026年度 (as stated on the page); corroborates continuity only,2026-09-30,"table 1 正規学生, 学部学生 row","東北大学における2026年度の入学料、授業料及び検定料の額は、次のとおりです。 … 学部学生 535,800 267,900 282,000 入学17,000",no,curl; HTML stripped
KOR-S-P10-KOR-01,KOR-S,tuition,https://www.snu.ac.kr/webdata/uploads/kor/file/2025/03/2025_tuition.pdf,Seoul National University,2025학년도 제 1학기 등록금 일람표 (□대학),2025 academic year (1st semester),2026-09-30,p.1 신입생·1학년 table (unit 원); pp.1-2 same rates for 2nd-4th year,"2025학년도 제 1학기 등록금 일람표 □대학 (단위: 원) … 인 문 대 2,442,000 … 자 연 대 자연계 2,975,000 … 경 영 대 2,442,000 공    대 2,998,000 … 미    대 3,653,000 법    대 2,442,000 … 약 학 대 통합6년제 4,481,000 음    대 3,916,000 수 의 대 수의예과 3,072,000 본과 1년 4,645,000 의    대 의예과 3,072,000 본과 1년 5,038,000 자유전공학부 2,975,000 첨단융합학부 3,700,000",no,curl + pymupdf text (line breaks rendered as spaces)
KOR-S-P10-KOR-02,KOR-S,compulsory_fees,https://econ.snu.ac.kr/announcement/notice?bm=v&bbsidx=10182,SNU Department of Economics (relaying SNU registration notice),[학적] 2025학년도 1학기 재학생 등록 안내,2025-1,2026-09-30,2 등록금 납부 방법 > 2. 학생회비 납부 방법,"◾ 학생회비 납부여부는 선택사항이며 납부 희망 시 등록금과 합산하여 납부 (예: 총 등록금액이 2,442,000원인 경우 학생회비 10,000원 포함한 2,452,000원 납부)",no,curl + html strip
KOR-KKAST-P10-KOR-01,KOR-KKAST,tuition,https://kaist.ac.kr/kr/html/footer/0802.html?mode=D&no=7d70be52a6d6808211e4774fec39f128&file_id=63429,KAIST 교무처,"2025학년도 가을학기(재학/복학생/학사과정 신입생) 등록금 납부안내, [붙임1] 학사과정 재학생 납입금 등 책정표(연차이내)",2025 fall semester (2025 academic year),2026-09-30,"PDF p.7 (printed '- 5 -'), [붙임1] table (단위: 천원/학기)","‘16-’25 입학생 3,433 3,433 - ▪1년차: 전액 장학금 ▪2년차 이상: 평점 2.7 이상 3,433 1,743 1,690 ▪2년차 이상: 평점 2.7 미만 … 의료상조회비 48 신규가입자 45 기존가입자",no,curl + pymupdf text (table cells joined)
KOR-KKAST-P10-KOR-02,KOR-KKAST,compulsory_fees,https://kaist.ac.kr/kr/html/footer/0802.html?mode=V&no=7d70be52a6d6808211e4774fec39f128&GotoPage=2,KAIST,2025학년도 가을 학기 등록금 납부 안내(재학/복학생/학사과정 신입생) (posted 2025.07.09),2025 fall semester,2026-09-30,"notice body, first paragraph",( 기간내 등록금 미납자는 KAIST관련규정에 의거 “ 제적 ” 처리됨. (의료상조회비 및 학생회비 미납자는 해당사항 없음.) ),no,curl + html strip
KOR-Y-P10-KOR-01,KOR-Y,tuition,https://www.yonsei.ac.kr/sites/sc/down/2025_fee1.pdf,Yonsei University,연세대학교 2025학년도 학부 등록금 명세표,2025 academic year,2026-09-30,p.1 table 학기당 수업료 (단위: 원),"연세대학교 2025학년도 학부 등록금 명세표 (단위 : 원) 인문,사회 문과대학, 신과대학, 사회과학대학, 교육과학대학(교육) 1학년 1학기 3,908,000 1학년 2학기 ~ 4학년 3,713,000 … 공학 인공지능융합대학(첨단융합공학부) 1학년 1학기 7,536,000 1학년 2학기 ~ 3학년 7,341,000 … 언더우드국제대학 1학년 1학기 7,406,000 1학년 2학기 ~ 4학년 7,211,000 … 의·치의학 의과대학, 치과대학 1학년~4학년 6,353,000 … ※ 편입학 및 재입학은 등록금심의위원회 의결에 따라 입학 실비가 첫학기 수업료에 편입됨",no,curl + pymupdf text (cells joined)
KOR-Y-P10-KOR-02,KOR-Y,compulsory_fees,https://www.yonsei.ac.kr/sc/393/subview.do,Yonsei University,등록금납부 (tuition payment),"current page (2026; nearest year, flagged)",2026-09-30,section 자율경비 선택,자율경비 선택 학사포탈시스템( https://portal.yonsei.ac.kr )을 통하여 자율경비선택기간에 선택 '자율경비확정' 버튼을 눌러야 추후 등록금 고지서 출력기간에 자율경비가 반영된 등록고지서 출력 가능 (자율경비확정 이후에는 변경이 불가함) 등록기간에 납부한 자율경비에 한해 휴학이나 자원퇴학의 경우 외의 선택적 경비 반환 불가,no,curl + html strip
KOR-K-P10-KOR-01,KOR-K,tuition,https://www.korea.ac.kr/sites/ko/files/2025_Registration_fee(univ).pdf,Korea University,2025학년도 대학 등록금 일람표 (서울) (단위: 천원),2025 academic year,2026-09-30,"bottom block, row 수업료, columns 인문·사회 / 이학·체육 / 이학·체육(심리) / 간호 / 공통 / 공학 / 예능(미술) / 보건·의학 (의예과, 의학과), each 신(편)입생 then 1~4; visually checked on a rendered page image","2025학년도 대학 등록금 일람표 (서울) 단위: 천원 … 수업료 3,945 3,738 4,618 4,411 4,442 4,235 4,711 4,505 5,289 5,082 5,289 5,082 5,336 5,129 6,724 6,517 6,517 … * 신입생 및 편입학은 등록금심의위원회 의결에 따라 입학 실비가 첫 학기 수업료에 산입됨.",no,curl + pymupdf text + visual check of rendered page
KOR-K-P10-KOR-02,KOR-K,compulsory_fees,https://registrar.korea.ac.kr/eduinfo/enrollment/regular.do,Korea University (registrar),정규학기등록,"current page (2026; nearest year, flagged)",2026-09-30,고지서 출력방법,"기타납입금 내역을 필히 확인하고, 본인이 납부하고자 하는 선택납부항목에 체크(또는 해제) 후 출력",no,curl + html strip
KOR-K-P10-KOR-03,KOR-K,compulsory_fees,https://registrar.korea.ac.kr/eduinfo/enrollment/etc.do,Korea University (registrar),기타납입금,"current page (2026; nearest year, flagged)",2026-09-30,보건비 / 의료제공비 / 교우회비 / 학생회비·교지대 sections,"보건비 구분 신입생 재학생 학부 7,000원 7,000원 … 의료제공비 구분 신입생 재학생 학부 13,500원 10,500원 … 교우회비 교우회 입회비는 매년 졸업생들이 납부하는 교우회비와 함께 장학금 지급, 교우회보 제작 및 발송, 모교 후원사업 50,000원 … 학생회비/교지대 구분 학생회비 교지대(본교) 교지대(세종) 학부 8,000원 3,000원 1,900원",no,curl + html strip
KOR-POSTECH-P10-KOR-01,KOR-POSTECH,tuition,https://www.postech.ac.kr/kor/newscenter/budget-settlement-notice.do?mode=download&articleNo=15653&attachNo=8812,POSTECH (학교법인 포항공과대학교),"2025 교비회계 자금예산서, 등록금명세서 [별지 제1호의 5 서식]",2025 (fiscal year 2025.3.1-2026.2.28),2026-09-30,"PDF p.15, 학부 rows (unit 천원; cells joined with ' | ')","학부 공학 (신입생 1학기) | 1 | 340 | - | - | 2,924 | 994,160 | 994,160 | 교육부 안내에 따른 입학금 폐지 ; 공학 (신입생 2학기) | 1 | 340 | 2,790 | 948,600 ; 이학 | 2 | 100 | 2,790 | 558,000 ; 이학초과자 | 2 | 11 | 1,395 | 30,690 ; 공학 | 2 | 803 | 2,790 | 4,480,740 ; 공학초과자 | 2 | 87 | 1,395 | 242,730 ; 계절학기수강료 44,580 ; 학부합계 1,681.0 | 7,299,500",no,curl + pymupdf text
KOR-POSTECH-P10-KOR-02,KOR-POSTECH,regime,https://www.postech.ac.kr/kor/college-life/scholarship_types.do,POSTECH,장학금 종류 및 기준 (학부 장학제도),"current page (2026; undated, nearest year, flagged)",2026-09-30,1. 등록금 지원 장학금 - 국가장학금 and 교내장학금 tables,"대통령과학장학금 국가우수장학금(이공계) 등록금 전액 12학점 이상 이수 백분위 87점(3.0) 이상 학업장려비, 생활비 별도 … 지곡장학금 등록금 전액 12학점 이상 이수 백분위 87점(3.0) 이상 면학장학금 등록금 전액 혹은 일부 학자금지원구간 8구간 이내 10학점 이상 이수 백분위 77점(2.0) 이상 계속지원 기준에 처음으로 미달된 학생 중 선발",no,curl + html strip
KOR-POSTECH-P10-KOR-03,KOR-POSTECH,regime,https://adm-u.postech.ac.kr/admission-helper/faq/,POSTECH Undergraduate Admissions,FAQ: 입학 후 학비 및 장학제도에 대해 알고 싶어요,"answer dated 2020-07-01, still online 2026 (flagged)",2026-09-30,FAQ answer [UPDATED : 2020-07-01],"단, 최초 학기 등록금은 ‘신입생 전원 전액 장학혜택’ 을 제공하고 있기 때문에 실제 납부하는 비용은 생활관 사용료(필수), 학생회비(선택) 및 의료공제회비(선택) 뿐입니다. … 최초 학기 이후에는 학기별 성적에 따라 다음 학기의 등록금이 면제되며 졸업 전 모든 학기(8학기 기준)에 해당됩니다.",no,curl + html strip
KOR-SKKU-P10-KOR-01,KOR-SKKU,tuition,https://www.nextplay.kr/news/articleView.html?idxno=8254,괜찮은 뉴스 (nextplay.kr) (secondary; data from 대학알리미),2025 대학별 등록금 총정리 (강석의 데이터박스),2025 column,2026-09-30,"table images 8254_26224_846.jpg (공학계열, 자연과학계열), 8254_26225_858.jpg (인문사회계열, 예체능계열), 8254_26223_834.jpg (의학계열); row 성균관대학교, column 2025","성균관대학교 대학교 사립 서울 | 공학계열 2025 ₩9,603,818.6 | 자연과학계열 2025 ₩9,544,152.0 | 인문사회계열 2025 ₩8,107,272.1 | 예체능계열 2025 ₩9,326,137.3 | 의학계열 2025 ₩11,892,000.0",no,curl + images read visually (secondary source; not an official fee table)
KOR-SKKU-P10-KOR-02,KOR-SKKU,tuition,https://www.skku.edu/skku/about/status/tuition_2018.do?mode=download&articleNo=124786&attachNo=102204,Sungkyunkwan University (등록금심의위원회),2025 등록금심의위원회 제5차 회의록 (2025. 01. 20.),2025,2026-09-30,"p.7 (7/7), 의결 사항 table; download link listed on the 등록금심의위원회 회의록 page as 2025 5차 회의록 (2025.01.30 공개); URL = page URL plus its relative download href",❍ 의결 사항 구 분 적정 내국인 등록금 비고 대 학 학부 수업료 인상 4.9% 대학원 입학금 동결 일반원 수업료 인상* 2%,no,curl + pymupdf text
KOR-SKKU-P10-KOR-03,KOR-SKKU,compulsory_fees,https://fmb.skku.edu/fmb/notice.do?mode=download&articleNo=186127&attachNo=158675,"Sungkyunkwan University, 총무처",2025학년도 1학기 재학생 등록 안내,2025-1,2026-09-30,"p.9 (printed '- 8 -'), 8 기타 (선택)경비 안내","기타 선택경비 종류 1. 학생회비 2. 동문회비 (재학 중 1회 고지 – 학부: 1학년 2학기, 대학원: 4기) ... 기간 내에 신청하지 않은 경우, 등록금 납부 시 납부여부 선택 가능 - 납부 : 등록금과 전체경비금액 합산하여 입금 - 제외 : 등록금만 입금",no,curl + pymupdf text (fragmented) checked against the rendered page
TWN-NTU-P10-TWN-01,TWN-NTU,tuition,https://ntuinfo.ntu.edu.tw/pdf/01_fee_total114.pdf,National Taiwan University,國立臺灣大學114學年度學生繳費標準一覽表 (114年6月10日第3194次行政會議通過),academic year 114 (2025/26),2026-09-30,"p.1, 一、學士班每學期收費標準, block 學士班本地生、僑生(含港澳生)...; columns 文學院/社會科學院/法律學院 (min) and 醫學院醫學系 (max)","一、 學士班每學期收費標準 [...] 學士班本地生、僑生(含港澳生) [...] 學 費 17,850 17,990 17,990 17,990 24,030 21,920 17,850 17,990 18,000 / 雜 費 7,380 11,270 11,480 13,060 15,530 14,250 7,760 12,270 12,000 / 學雜費合計 25,230 29,260 29,470 31,050 39,560 36,170 25,610 30,260 30,000 (單位：新臺幣/元)",no,curl + pdftotext; values checked on rendered page image (pymupdf)
TWN-NTU-P10-TWN-02,TWN-NTU,compulsory_fees,https://ntuinfo.ntu.edu.tw/pdf/01_fee_total114.pdf,National Taiwan University,國立臺灣大學114學年度學生繳費標準一覽表,academic year 114 (2025/26),2026-09-30,"p.1 雜費 row (see -01); p.11, 八、其他費用, first item",八、 其他費用 項 目 電腦及網路通訊使用費 [...] 金 額 住宿生 600，通學生 400,no,curl + pdftotext (layout table; item-amount pairing read from text order)
TWN-YMCT-P10-TWN-01,TWN-YMCT,tuition,https://aa.nycu.edu.tw/aa/ch/app/data/doc?module=nycu0038&detailNo=1400018172681129984&type=s,"National Yang Ming Chiao Tung University (Office of Academic Affairs, Registration Section 1)",114 學年度國立陽明交通大學學雜費收費標準,academic year 114 (2025/26),2026-09-30,"p.1, 一、學士班每學期收費標準, rows 本地生、僑生","一、學士班每學期收費標準(單位：新台幣/元) [...] 醫學院 牙醫學院 [...] 人文藝術與社會學院、客家文化學院、百川學士學位學程 / 學費 23,310 21,260 17,460 17,680 17,680 17,510 / 本地生、僑生 雜費 15,070 13,820 12,650 11,310 11,060 7,260 / 學雜費合計 38,380 35,080 30,110 28,990 28,740 24,770",no,curl + pdftotext
TWN-YMCT-P10-TWN-02,TWN-YMCT,compulsory_fees,https://aa.nycu.edu.tw/aa/ch/app/data/doc?module=nycu0038&detailNo=1400018172681129984&type=s,"National Yang Ming Chiao Tung University (Office of Academic Affairs, Registration Section 1)",114 學年度國立陽明交通大學學雜費收費標準,academic year 114 (2025/26),2026-09-30,"p.1, 雜費 row (see -01); 【備註】",醫學系一般公費生一到六年級免繳費（學雜費及學生團體保險費全免）。,no,curl + pdftotext
TWN-NCKU-P10-TWN-01,TWN-NCKU,tuition,https://reg-acad.ncku.edu.tw/var/file/41/1041/img/3026/114b_fee.pdf,National Cheng Kung University (Registration Division),國立成功大學114學年度學士班學雜費收費標準表 (114.6.23臺教高(一)字第1140063490號函備查),academic year 114 (2025/26),2026-09-30,single page; columns 文學院/社會科學院/全校不分系學士學位學程 (min) and 醫學院醫學系 (max),"學費 17,830 17,990 17,990 122,500 17,830 17,990 24,030 21,920 / 雜費 7,380 11,260 11,500 11,500 7,770 13,050 15,520 14,240 / 總計 25,210 29,250 29,490 134,000 25,600 31,040 39,550 36,160",no,curl + pdftotext; values checked on rendered page image (pymupdf)
TWN-NCKU-P10-TWN-02,TWN-NCKU,compulsory_fees,https://reg-acad.ncku.edu.tw/var/file/41/1041/img/3026/114b_fee.pdf,National Cheng Kung University (Registration Division),國立成功大學114學年度學士班學雜費收費標準表,academic year 114 (2025/26),2026-09-30,table 雜費 row (see -01) and footnotes,"※ 機械、電機、資工3系普渡雙聯組，學費122,500元、雜費11,500元。 ※ 新生(含轉學生)第一學期需繳交新生網路使用費1,200元及語言教學使用費600元(語言教學使用費上、下學期共計1,200元)。",no,curl + pdftotext; checked on rendered page image
TWN-TH-P10-TWN-01,TWN-TH,tuition,"https://udb.moe.edu.tw/udata/DetailReport/SirdSchoolFeesChargesStandards/TourFilter/Parameter?Parameter=%7B%22Year%22:%5B%22114%22%5D,%22AreaId%22:%22N%22,%22AreaName%22:%22N%22,%22UniversityKey%22:%22000012CE619E%22,%22UniversityId%22:%220002%22,%22UniversityList%22:null,%22UniversityName%22:%22%E5%9C%8B%E7%AB%8B%E6%B8%85%E8%8F%AF%E5%A4%A7%E5%AD%B8%22,%22IscedId%22:%22N%22,%22IscedName%22:%22N%22,%22EduSystemId%22:%22N%22,%22EduSystemName%22:%22N%22,%22PageSize%22:100,%22PageNumber%22:1,%22ExportType%22:null,%22AuditStatus%22:null%7D","Ministry of Education, 大專校院校務資訊公開平臺 (data from the MOE higher-education institutional database, reference date 15 October)",國立清華大學-校1-1.本國籍日間學士班以下學費、雜費收費基準-以「系(所)」統計 (114學年度),academic year 114 (2025/26),2026-09-30,"query result, 40 rows; columns 學費收費基準 / 雜費收費基準",114 公立 一般大學 國立清華大學 人文社會學院學士班 學士班(日間) 17500 6870 [...] 114 公立 一般大學 國立清華大學 電機工程學系 學士班(日間) 17500 11130 [...] 114 公立 一般大學 國立清華大學 學士後醫學系 學士班(日間) 52521 18638,no,curl + html strip (python)
TWN-TH-P10-TWN-02,TWN-TH,tuition,"https://udb.moe.edu.tw/udata/DetailReport/SirdSchoolFeesChargesStandards/TourFilter/Parameter?Parameter=%7B%22Year%22:%5B%22112%22%5D,%22AreaId%22:%22N%22,%22AreaName%22:%22N%22,%22UniversityKey%22:%22000012CE619E%22,%22UniversityId%22:%220002%22,%22UniversityList%22:null,%22UniversityName%22:%22%E5%9C%8B%E7%AB%8B%E6%B8%85%E8%8F%AF%E5%A4%A7%E5%AD%B8%22,%22IscedId%22:%22N%22,%22IscedName%22:%22N%22,%22EduSystemId%22:%22N%22,%22EduSystemName%22:%22N%22,%22PageSize%22:100,%22PageNumber%22:1,%22ExportType%22:null,%22AuditStatus%22:null%7D","Ministry of Education, 大專校院校務資訊公開平臺",國立清華大學-校1-1.本國籍日間學士班以下學費、雜費收費基準-以「系(所)」統計 (112學年度),academic year 112 (2023/24); comparison only,2026-09-30,"query result, 41 rows",112 公立 一般大學 國立清華大學 人文社會學院學士班 學士班(日間) 17500 6870 [...] 112 公立 一般大學 國立清華大學 電機工程學系 學士班(日間) 17500 11130,no,curl + html strip (python)
TWN-TH-P10-TWN-03,TWN-TH,tuition,https://dgaa.site.nthu.edu.tw/var/file/209/1209/img/310/617308677.pdf,National Tsing Hua University (Office of Academic Affairs),國立清華大學115學年度各系所學位學程學費及雜費(學雜費基數)、學分費收費基準 (115年6月9日臺教高(一)字第1150058274號函備查),academic year 115 (2026/27); used to bracket 114 and to confirm the per-semester unit,2026-09-30,"p.1 preamble; p.2 表1：學士班每學期收費標準, 本地生及僑生","114學年度以前入學學生其收費標準及方式依其入學時之收費規定辦理至畢業止 [...] 表1：學士班每學期收費標準 [...] 本地生及僑生 學費 17,500 | 17,500 雜費 11,130 | 6,870 合計 28,630 | 24,370",no,curl + pdftotext (layout garbled; column pairing as in the 112 schedule)
TWN-TH-P10-TWN-04,TWN-TH,compulsory_fees,https://ccc.site.nthu.edu.tw/p/412-1285-10090.php?Lang=zh-tw,"National Tsing Hua University, Computer and Communication Center",電腦及網路通訊使用費說明(原網路與軟體收費),"charge in place from 103-2 onward; current page (accessed 2026-09-30), covers 2025/26",2026-09-30,網路與軟體使用費說明,於103學年第2學期開始非住宿生收取600元，住宿生收取 800 元,no,curl + html strip (python); re-opened this run
TWN-TST-P10-TWN-01,TWN-TST,tuition,"https://udb.moe.edu.tw/udata/DetailReport/SirdSchoolFeesChargesStandards/TourFilter/Parameter?Parameter=%7B%22Year%22:%5B%22114%22%5D,%22AreaId%22:%22N%22,%22AreaName%22:%22N%22,%22UniversityKey%22:%22000012CE61ED%22,%22UniversityId%22:%220022%22,%22UniversityList%22:null,%22UniversityName%22:%22%E5%9C%8B%E7%AB%8B%E8%87%BA%E7%81%A3%E7%A7%91%E6%8A%80%E5%A4%A7%E5%AD%B8%22,%22IscedId%22:%22N%22,%22IscedName%22:%22N%22,%22EduSystemId%22:%22N%22,%22EduSystemName%22:%22N%22,%22PageSize%22:100,%22PageNumber%22:1,%22ExportType%22:null,%22AuditStatus%22:null%7D","Ministry of Education, 大專校院校務資訊公開平臺 (data from the MOE institutional databases, reference date 15 October)",國立臺灣科技大學-校1-1.本國籍日間學士班以下學費、雜費收費基準-以「系(所)」統計 (114學年度),academic year 114 (2025/26),2026-09-30,"query result, 23 rows; columns 學費收費基準 / 雜費收費基準",114 公立 技專校院 國立臺灣科技大學 應用外語系 學士班(日間) 17220 7120 [...] 企業管理系 學士班(日間) 17220 7480 [...] 電機工程系 學士班(日間) 17320 11070 [...] 資通科技國際學士學位學程 學士班(日間) 17320 11010,no,curl + html strip (python); quote condensed with [...] (repeated row prefixes omitted)
TWN-TST-P10-TWN-02,TWN-TST,tuition,https://www.ntust.edu.tw/var/file/0/1000/img/3423/564646718.pdf,National Taiwan University of Science and Technology,國立臺灣科技大學115學年度學雜費標準 (115年7月1日臺教技(四)字第1150065359號函備查),academic year 115 (2026/27); used to bracket 114,2026-09-30,"p.1, 壹、大學部, 日間部","壹、大學部 [...] 工程、電資、設計等學院及資管系 管理學院（不含資管系）及不分系學士班 人文社會學院 / 學費 17,320 17,220 17,220 / 日間部 雜費 11,070 7,480 7,120 / 合計 28,390 24,700 24,340",no,curl + pdftotext
TWN-NTNU-P10-TWN-01,TWN-NTNU,tuition,https://www.aa.ntnu.edu.tw/uploads/bulletin_file/file/684be013843f752c06c965db/114%E5%AD%B8%E5%B9%B4%E5%AD%B8%E7%94%9F%E6%94%B6%E8%B2%BB%E6%A8%99%E6%BA%96_%E5%A4%A7%E5%AD%B8%E9%83%A8.pdf,"National Taiwan Normal University, Office of Academic Affairs",國立臺灣師範大學114學年度 學士班 學生收費標準,academic year 114 (2025/26),2026-09-30,"p.1 table, 本國生、僑生收費標準 columns 學費/雜費/合計; rows 1 教育學系 (文), 2 教育心理與輔導學系 (理), 21 資訊工程學系 (工); 說明 七","1 教育學系 16,690 6,900 23,590 ... 文 | 2 教育心理與輔導學系 16,850 10,530 27,380 ... 理 | 21 資訊工程學系 16,850 10,750 27,600 ... 工 | 七、以上費用皆以一學期計。",no,curl (file linked from announcement page 114學年度學士班學生收費標準表) + pymupdf render (visual reading)
TWN-NTNU-P10-TWN-02,TWN-NTNU,compulsory_fees,https://www.aa.ntnu.edu.tw/uploads/bulletin_file/file/684be013843f752c06c965db/114%E5%AD%B8%E5%B9%B4%E5%AD%B8%E7%94%9F%E6%94%B6%E8%B2%BB%E6%A8%99%E6%BA%96_%E5%A4%A7%E5%AD%B8%E9%83%A8.pdf,"National Taiwan Normal University, Office of Academic Affairs",國立臺灣師範大學114學年度 學士班 學生收費標準,academic year 114 (2025/26),2026-09-30,說明 一、二,一、全校學生均需繳納電腦及網路通訊使用費500元、學生團體保險費205元。二、英語學系一、二、三年級學生繳納語言教學實習費250元；音樂系全部學生（含輔系/雙主修）繳納鍵盤器材維護費590元。,no,curl + pymupdf render at 200 dpi (visual reading)
TWN-NTNU-P10-TWN-03,TWN-NTNU,tuition,"https://udb.moe.edu.tw/udata/DetailReport/SirdSchoolFeesChargesStandards/TourFilter/Parameter?Parameter=%7B%22Year%22:%5B%22112%22%5D,%22AreaId%22:%22N%22,%22AreaName%22:%22N%22,%22UniversityKey%22:%22000012CE61A0%22,%22UniversityId%22:%220004%22,%22UniversityList%22:null,%22UniversityName%22:%22%E5%9C%8B%E7%AB%8B%E8%87%BA%E7%81%A3%E5%B8%AB%E7%AF%84%E5%A4%A7%E5%AD%B8%22,%22IscedId%22:%22N%22,%22IscedName%22:%22N%22,%22EduSystemId%22:%22N%22,%22EduSystemName%22:%22N%22,%22PageSize%22:100,%22PageNumber%22:1,%22ExportType%22:null,%22AuditStatus%22:null%7D","Ministry of Education, 大專校院校務資訊公開平臺",國立臺灣師範大學-校1-1.本國籍日間學士班以下學費、雜費收費基準-以「系(所)」統計 (112學年度),academic year 112 (2023/24); supports the 2023/24 row,2026-09-30,"query result, 39 rows; distinct pairs 16690/6900 (9 rows), 16850/10530 (21), 16850/10750 (9)",112 公立 一般大學 國立臺灣師範大學 教育學系 學士班(日間) 16690 6900 [...] 112 公立 一般大學 國立臺灣師範大學 教育心理與輔導學系 學士班(日間) 16850 10530 [...] 112 公立 一般大學 國立臺灣師範大學 資訊工程學系 學士班(日間) 16850 10750,no,curl + html strip (python)
TWN-P10-TWN-01,TWN,gdp,https://ws.dgbas.gov.tw/001/Upload/461/relfile/11525/230514/na8101a1a.xml,"行政院主計總處 (DGBAS), open data listed on data.gov.tw dataset 44218 (metadata modifiedDate 2026-05-29)",國民所得統計常用資料-年 (na8101a1a.xml),calendar 2025,2026-09-30,"Obs Item 國內生產毛額GDP(名目值，百萬元), TIME_PERIOD 2025, TYPE 原始值",<Obs><Item>國內生產毛額GDP(名目值，百萬元)</Item><TIME_PERIOD>2025</TIME_PERIOD><FREQ>Y</FREQ><TYPE>原始值</TYPE> <Item_VALUE>28715120</Item_VALUE></Obs>,no,curl + python regex on raw XML (sha256 01d200adbde5ecceeb54098b74045b142ab0336ec4a759b305288ea922ca8a23)
TWN-P10-TWN-02,TWN,gdp,https://ws.dgbas.gov.tw/001/Upload/461/relfile/11525/230514/na8101a1a.xml,"行政院主計總處 (DGBAS), open data listed on data.gov.tw dataset 44218",國民所得統計常用資料-年 (na8101a1a.xml),calendar 2025,2026-09-30,"Obs Item 期中人口(人), TIME_PERIOD 2025, TYPE 原始值; also Item 平均每人GDP(名目值，元) 2025",<Obs><Item>期中人口(人)</Item><TIME_PERIOD>2025</TIME_PERIOD><FREQ>Y</FREQ><TYPE>原始值</TYPE> <Item_VALUE>23349676</Item_VALUE></Obs> | <Obs><Item>平均每人GDP(名目值，元)</Item><TIME_PERIOD>2025</TIME_PERIOD><FREQ>Y</FREQ><TYPE>原始值</TYPE> <Item_VALUE>1230035</Item_VALUE></Obs>,no,curl + python regex on raw XML
TWN-P10-TWN-03,TWN,gdp,https://ws.dgbas.gov.tw/001/Upload/464/relfile/10854/236587/enewstotal11508.pdf,"DGBAS (English statistical release attached to 'GDP: Preliminary Estimate for 2026Q2 and Outlook for 2026-27', eng.stat.gov.tw News_Content.aspx?n=2337&s=236587)",Table 1-1 Gross Domestic Product and Economic Growth Rate,calendar 2025 (August 2026 vintage),2026-09-30,"p.1, Table 1-1, row 2025, column Nominal GDP (At Current Prices) Original Series (Million NT$)","Period Original Series (Million NT$) [...] 2023 23,598,348 [...] 2025 28,715,120 6,797,499 25,873,537 6,133,883 5.54 0.92 3.73",no,curl + pdftotext -layout (the 2025 annual row's trailing growth columns in the layout belong to the adjacent quarter; only the first figure is used)
AUS-TUM-P11-AUS-01,AUS-TUM,tuition,https://web.archive.org/web/20250317013324id_/https://study.unimelb.edu.au/how-to-apply/fees/student-contribution-amounts,The University of Melbourne,Student contribution amounts,2025,2026-09-30,"Heading '2025 Student contribution amounts', band table","2025 Student contribution amounts The following student contribution amounts are for both undergraduate and graduate studies. Band Discipline Annual student contribution amount for 1 EFTSL (Equivalent Full-Time Student Load) = 100 credit points 1 Agriculture, Education, Clinical Psychology, English, Indigenous and Foreign Languages, Mathematics, Nursing, Statistics Band 1 - $4,627 per 1 EFTSL or $ [...]",yes,"curl Wayback raw capture (id_), HTML text; live site returns 403 (anti-bot)"
AUS-TUM-P11-AUS-02,AUS-TUM,compulsory_fees,https://web.archive.org/web/20250321044432id_/https://study.unimelb.edu.au/how-to-apply/fees/student-services-and-amenities-fee,The University of Melbourne,Student services and amenities fee,2025,2026-09-30,Table 'Type of student / Annual fee to be paid',"Type of student Annual fee to be paid Note Commonwealth Supported students (including University of Melbourne students on outbound exchange) $365 for full-time students $273 for part-time students A government-funded loan scheme, SA-HELP, is available enabling eligible students in this cohort to defer payment of the SSAF.",no,"curl Wayback raw capture (id_), HTML text; live site returns 403 (anti-bot)"
AUS-TUM-P11-AUS-03,AUS-TUM,tuition,https://web.archive.org/web/20250717161616id_/https://www.education.gov.au/download/18362/2025-indexed-rates/38318/document/pdf,Australian Government Department of Education,Indexed rates – amounts for 2025,calendar 2025,2026-09-30,"Table 1 and Table 2 (non-grandfathered), column 'Maximum student contribution amounts' (pypdf text layer, pages 1-2)","The tables below table show Government contributions under the Commonwealth Grant Scheme and maximum student contribution amounts for a non-grandfathered student place (equivalent full-time student load). … Law, Accounting, Administration, Economics, Commerce, Communications, Society and Culture $16,992 $1,286 $18,278 … Education, Postgraduate Clinical Psychology3, English, Mathematics or Statisti [...]",yes,"curl Wayback raw capture (id_), pypdf text (live education.gov.au timed out)"
AUS-TUM-P11-AUS-04,AUS-TUM,compulsory_fees,https://web.archive.org/web/20250717161616id_/https://www.education.gov.au/download/18362/2025-indexed-rates/38318/document/pdf,Australian Government Department of Education,Indexed rates – amounts for 2025,calendar 2025,2026-09-30,Section 'Maximum SA-HELP fee',The maximum Student Services and Amenities Fee for 2025 is $365.,no,"curl Wayback raw capture (id_), pypdf text (live education.gov.au timed out)"
AUS-TUNSW-P11-AUS-01,AUS-TUNSW,tuition,https://www.unsw.edu.au/student/managing-your-studies/fees/archive/2025,UNSW Sydney,UNSW tuition fees: 2025,2025,2026-09-30,"Section 'Commonwealth supported place (CSP) costs', 'Students who commenced in or after 2021', table '2025 student contribution bands'","The 2025 CSP costs for each group are outlined below. … These amounts are shown per Equivalent Full-Time Study Load (EFTSL), which is one year of standard full-time study (i.e. 48 units of credit) … 2025 student contribution bands Amount per EFTSL Amount per 6 units of credit (0.125 EFTSL) Band 4: Law, Accounting, Administration, Economics, Commerce, Society and Culture or Communications $16,992 $ [...]",yes,"curl live page, HTML text"
AUS-TUNSW-P11-AUS-02,AUS-TUNSW,compulsory_fees,https://www.unsw.edu.au/content/dam/pdfs/student-communications/student-services-amenities-fee/2025-unsw-ssaf-allocation-report.pdf,UNSW Sydney,UNSW Student Services and Amenities Fee (SSAF) 2025 Allocation Report,2025,2026-09-30,Section 'SSAF Charge Summary' (pypdf text layer),"In 2025 the maximum SSAF was $365. Student Status 2025 SSAF charged $2 Number of students charged in 20253 Full-time1 (> 0.75 EFTSL) $121.66 per term ($365 per annum) 71,035",no,"curl live PDF, pypdf text"
AUS-TUNSW-P11-AUS-03,AUS-TUNSW,tuition,https://web.archive.org/web/20250717161616id_/https://www.education.gov.au/download/18362/2025-indexed-rates/38318/document/pdf,Australian Government Department of Education,Indexed rates – amounts for 2025,calendar 2025,2026-09-30,"Table 1 and Table 2 (non-grandfathered), column 'Maximum student contribution amounts' (pypdf text layer, pages 1-2)","The tables below table show Government contributions under the Commonwealth Grant Scheme and maximum student contribution amounts for a non-grandfathered student place (equivalent full-time student load). … Law, Accounting, Administration, Economics, Commerce, Communications, Society and Culture $16,992 $1,286 $18,278 … Education, Postgraduate Clinical Psychology3, English, Mathematics or Statisti [...]",yes,"curl Wayback raw capture (id_), pypdf text (live education.gov.au timed out)"
AUS-TUNSW-P11-AUS-04,AUS-TUNSW,compulsory_fees,https://web.archive.org/web/20250717161616id_/https://www.education.gov.au/download/18362/2025-indexed-rates/38318/document/pdf,Australian Government Department of Education,Indexed rates – amounts for 2025,calendar 2025,2026-09-30,Section 'Maximum SA-HELP fee',The maximum Student Services and Amenities Fee for 2025 is $365.,no,"curl Wayback raw capture (id_), pypdf text (live education.gov.au timed out)"
AUS-TUS-P11-AUS-01,AUS-TUS,tuition,https://web.archive.org/web/20250415233208id_/https://www.sydney.edu.au/students/understanding-fees/commonwealth-supported-places.html,The University of Sydney,Commonwealth supported places,2025,2026-09-30,Table '2025 student contribution amounts',"2025 student contribution amounts Area of study 2025 Student Contribution Amount (per EFTSL) Band 1 Education, Postgraduate Clinical Psychology, English, Mathematics, Statistics, Nursing, Foreign Languages, Agriculture $4,627 Band 2 Allied Health, Other Health, Built Environment, Computing, Visual and Performing Arts, Professional Pathway Psychology, Professional Pathway Social Work, Engineering, [...]",yes,"curl Wayback raw capture (id_), HTML text"
AUS-TUS-P11-AUS-02,AUS-TUS,compulsory_fees,https://web.archive.org/web/20250430103252id_/https://www.sydney.edu.au/students/ssaf.html,The University of Sydney,Student services and amenities fee (SSAF),2025,2026-09-30,Table 'Rates per semester',Rates per semester Full time (Semester study load of 0.375 equivalent full-time student load or more) Part time (Semester study load of 0.374 equivalent full-time student load or less) 2025 $182.50 $136.87,no,"curl Wayback raw capture (id_), HTML text"
AUS-TUS-P11-AUS-03,AUS-TUS,compulsory_fees,https://www.sydney.edu.au/content/dam/students/documents/fees/ssaf-allocation-report-2025.pdf,The University of Sydney,University of Sydney Student Services and Amenities Fee (SSAF) 2025 Allocation Report,2025,2026-09-30,Section 'SSAF Charge Summary' (pypdf text layer),"In 2025, the maximum SSAF was $365. Student Status 2025 SSAF charged $2 Number of students charged in 20253 Full-time1 (> 0.75 EFTSL) $365 55,799",no,"curl live PDF, pypdf text"
AUS-TUS-P11-AUS-04,AUS-TUS,tuition,https://web.archive.org/web/20250717161616id_/https://www.education.gov.au/download/18362/2025-indexed-rates/38318/document/pdf,Australian Government Department of Education,Indexed rates – amounts for 2025,calendar 2025,2026-09-30,"Table 1 and Table 2 (non-grandfathered), column 'Maximum student contribution amounts' (pypdf text layer, pages 1-2)","The tables below table show Government contributions under the Commonwealth Grant Scheme and maximum student contribution amounts for a non-grandfathered student place (equivalent full-time student load). … Law, Accounting, Administration, Economics, Commerce, Communications, Society and Culture $16,992 $1,286 $18,278 … Education, Postgraduate Clinical Psychology3, English, Mathematics or Statisti [...]",yes,"curl Wayback raw capture (id_), pypdf text (live education.gov.au timed out)"
AUS-TUS-P11-AUS-05,AUS-TUS,compulsory_fees,https://web.archive.org/web/20250717161616id_/https://www.education.gov.au/download/18362/2025-indexed-rates/38318/document/pdf,Australian Government Department of Education,Indexed rates – amounts for 2025,calendar 2025,2026-09-30,Section 'Maximum SA-HELP fee',The maximum Student Services and Amenities Fee for 2025 is $365.,no,"curl Wayback raw capture (id_), pypdf text (live education.gov.au timed out)"
AUS-ANU-P11-AUS-01,AUS-ANU,tuition,https://web.archive.org/web/20250304231921id_/https://www.anu.edu.au/students/program-administration/fees-payments/student-contributions,Australian National University,Student contributions,2025,2026-09-30,Table 'Student Contribution Band Code ... 2025 HECS Band (Commencers after 2021) Rates for 1 EFTSL (48 units ANU)',"Student Contribution Band Code (Displayed on P&C) 2025 HECS Band (Commencers after 2021) Rates for 1 EFTSL (48 units ANU) Pre-2021 HECS Band (Commencers in 2020 or earlier) Rates for 1 EFTSL (48 units ANU) Discipline 1 Band 1 $4,627 Band 1 $4,627 All students same charge Agriculture, Forestry, English, mathematics, education, clinical psychology, languages … 3 Band 3 $13,241 Band 3 $13,241 All Stu [...]",yes,"curl Wayback raw capture (id_), HTML text"
AUS-ANU-P11-AUS-02,AUS-ANU,compulsory_fees,https://d1zkbwgd2iyy9p.cloudfront.net/files/2026-06/2025%20SSAF%20Allocation%20Report%20(1).pdf,Australian National University,Australian National University Student Services and Amenities Fee (SSAF) 2025 Allocation Report,2025,2026-09-30,Section 'SSAF Charge Summary' (pypdf text layer),"In 2025 the maximum SSAF was $365.00. … Student Status 2025 SSAF charged $2 Number of students charged in 20253 Full-time1 (> 0.75 EFTSL) $365.00 31,896",no,"curl live PDF (ANU file host, same host as ANU fee schedules), pypdf text"
AUS-ANU-P11-AUS-03,AUS-ANU,tuition,https://web.archive.org/web/20250717161616id_/https://www.education.gov.au/download/18362/2025-indexed-rates/38318/document/pdf,Australian Government Department of Education,Indexed rates – amounts for 2025,calendar 2025,2026-09-30,"Table 1 and Table 2 (non-grandfathered), column 'Maximum student contribution amounts' (pypdf text layer, pages 1-2)","The tables below table show Government contributions under the Commonwealth Grant Scheme and maximum student contribution amounts for a non-grandfathered student place (equivalent full-time student load). … Law, Accounting, Administration, Economics, Commerce, Communications, Society and Culture $16,992 $1,286 $18,278 … Education, Postgraduate Clinical Psychology3, English, Mathematics or Statisti [...]",yes,"curl Wayback raw capture (id_), pypdf text (live education.gov.au timed out)"
AUS-ANU-P11-AUS-04,AUS-ANU,compulsory_fees,https://web.archive.org/web/20250717161616id_/https://www.education.gov.au/download/18362/2025-indexed-rates/38318/document/pdf,Australian Government Department of Education,Indexed rates – amounts for 2025,calendar 2025,2026-09-30,Section 'Maximum SA-HELP fee',The maximum Student Services and Amenities Fee for 2025 is $365.,no,"curl Wayback raw capture (id_), pypdf text (live education.gov.au timed out)"
AUS-MU-P11-AUS-01,AUS-MU,tuition,https://web.archive.org/web/20250116060200id_/https://www.monash.edu/students/admin/fees/course/domestic-fee/2025-student-contribution-amount-calculator,Monash University,2025 student contribution amount calculator,2025,2026-09-30,"Calculator table 'Students starting a new course from 1 January 2021', General column, 48 credit point = 1.0000 EFTSL rows","1 Education, English, Mathematics or Statistics, Nursing, Indigenous and Foreign Languages, Agriculture 48 1.0000 $4,627 $4,627 $4,627 $4,627 … 3 Medicine, Dentistry or Veterinary Science 48 1.0000 $13,241 $13,241 $13,241 $13,241 … 4 Law, Accounting, Administration, Economics, Commerce, Communications, Society and Culture (excluding Psychology, Behavioural Science and Human Welfare Studies and Ser [...]",yes,"curl Wayback raw capture (id_), HTML text; live site returns 403 (anti-bot)"
AUS-MU-P11-AUS-02,AUS-MU,compulsory_fees,https://web.archive.org/web/20250815070825id_/https://www.monash.edu/students/admin/fees/other-costs/amenities/2025,Monash University,2025 Student Services and Amenities Fee (SSAF),2025,2026-09-30,"Section 'Fee amount for 2025', table by calendar-year EFTSL","Fee amount for 2025 The maximum amount charged to any student enrolled in 2025 is $365 and may be less, depending on your enrolment load. … Study load per calendar year ( EFTSL ) Amount On and off-campus and multi-modal enrolment Less than 0.125 $0 0.125 to less than 0.750 $273 0.750 and above $365",no,"curl Wayback raw capture (id_), HTML text; live site returns 403 (anti-bot)"
AUS-MU-P11-AUS-03,AUS-MU,tuition,https://web.archive.org/web/20250717161616id_/https://www.education.gov.au/download/18362/2025-indexed-rates/38318/document/pdf,Australian Government Department of Education,Indexed rates – amounts for 2025,calendar 2025,2026-09-30,"Table 1 and Table 2 (non-grandfathered), column 'Maximum student contribution amounts' (pypdf text layer, pages 1-2)","The tables below table show Government contributions under the Commonwealth Grant Scheme and maximum student contribution amounts for a non-grandfathered student place (equivalent full-time student load). … Law, Accounting, Administration, Economics, Commerce, Communications, Society and Culture $16,992 $1,286 $18,278 … Education, Postgraduate Clinical Psychology3, English, Mathematics or Statisti [...]",yes,"curl Wayback raw capture (id_), pypdf text (live education.gov.au timed out)"
AUS-MU-P11-AUS-04,AUS-MU,compulsory_fees,https://web.archive.org/web/20250717161616id_/https://www.education.gov.au/download/18362/2025-indexed-rates/38318/document/pdf,Australian Government Department of Education,Indexed rates – amounts for 2025,calendar 2025,2026-09-30,Section 'Maximum SA-HELP fee',The maximum Student Services and Amenities Fee for 2025 is $365.,no,"curl Wayback raw capture (id_), pypdf text (live education.gov.au timed out)"
IDN-UI-P11-IDN-01,IDN-UI,tuition,https://www.ui.ac.id/wp-content/uploads/2025/04/SK-Tarif-UKT-Jalur-SNBP-_SNBT-.pdf,Universitas Indonesia,Keputusan Rektor Universitas Indonesia Nomor 681/SK/R/UI/2025 tentang Tarif Uang Kuliah Tunggal bagi Mahasiswa Program Sarjana dan Program Pendidikan Vokasi Jalur Seleksi Nasional Berbasis Prestasi dan Jalur Seleksi Nasional Berbasis Tes Tahun Akademik 2025/2026,2025/26,2026-09-30,"Diktum KESATU, KEDUA, KEEMPAT (pp.5-6); Lampiran A Program Sarjana pp.1-5, rows 1 Pendidikan Dokter, 33 Ilmu Hukum, 58 Ilmu Politik, 61 Sosiologi","KESATU : Menetapkan tarif Uang Kuliah Tunggal bagi Mahasiswa Program Sarjana dan Program Pendidikan Vokasi Jalur Seleksi Nasional Berbasis Prestasi dan Jalur Seleksi Nasional Berbasis Tes Tahun Akademik 2025/2026, sebagaimana tercantum dalam Lampiran ... KEDUA : Mahasiswa yang menjalani perkuliahan di perguruan tinggi mitra Universitas Indonesia di dalam maupun luar negeri dan terdaftar dengan sta [...]",yes,curl of Wayback raw capture 20250514040732id_; scanned PDF (no text layer) rendered with pymupdf and read visually
IDN-UI-P11-IDN-02,IDN-UI,compulsory_fees,https://www.ui.ac.id/wp-content/uploads/2025/04/SK-Tarif-UKT-Jalur-SNBP-_SNBT-.pdf,Universitas Indonesia,Keputusan Rektor Universitas Indonesia Nomor 681/SK/R/UI/2025 (as above),2025/26,2026-09-30,Diktum KETIGA (p.5),"KETIGA : Mahasiswa yang terdaftar dengan status overseas harus membayar biaya registrasi status kuliah di luar negeri sebesar Rp1.000.000,00 (satu juta rupiah) per semester/term.",no,curl of Wayback raw capture 20250514040732id_; scanned PDF rendered with pymupdf and read visually
IDN-UI-P11-IDN-03,IDN-UI,regime,https://www.ui.ac.id/wp-content/uploads/2025/04/SK-Tarif-UKT-Jalur-SNBP-_SNBT-.pdf,Universitas Indonesia,Keputusan Rektor Universitas Indonesia Nomor 681/SK/R/UI/2025 (as above),2025/26,2026-09-30,Menimbang b (p.1),"bahwa berdasarkan Pasal 5 ayat (1) huruf a dan ayat (3) Peraturan Menteri Pendidikan, Kebudayaan, Riset, dan Teknologi Nomor 2 Tahun 2024 tentang Standar Satuan Biaya Operasional Pendidikan Tinggi Pada Perguruan Tinggi Negeri di Lingkungan Kementerian Pendidikan, Kebudayaan, Riset dan Teknologi, Biaya Kuliah Tunggal yang ditetapkan oleh direktorat jenderal yang mempunyai tugas dan fungsi di bidang [...]",yes,curl of Wayback raw capture 20250514040732id_; scanned PDF rendered with pymupdf and read visually
IDN-UGM-P11-IDN-01,IDN-UGM,tuition,https://admissions.ugm.ac.id/v26/pendaftaran-mahasiswa-baru-wni/sarjana-sarjana-terapan/uang-kuliah-tunggal-dan-ipi-2025/,"Universitas Gadjah Mada, Direktorat Pendidikan dan Pengajaran",Uang Kuliah Tunggal dan IPI 2025,2025/26,2026-09-30,"Tab 'SNBP dan SNBT TA 2025/2026', table B. SARJANA (S1), rows 1 Kedokteran, 47 Hukum, 70 Sosiologi, 71 Filsafat",UANG KULIAH TUNGGAL PROGRAM SARJANA DAN SARJANA TERAPAN JALUR SELEKSI NASIONAL BERDASARKAN PRESTASI (SNBP) DAN SELEKSI NASIONAL BERDASARKAN TES (SNBT) UNIVERSITAS GADJAH MADA TAHUN AKADEMIK 2025/2026 ... B. SARJANA (S1) NO | PROGRAM | NAMA PROGRAM STUDI | BKT PER SEMESTER | UKT KELOMPOK 1 | UKT KELOMPOK 2 | UKT KELOMPOK 3 | UKT KELOMPOK 4 | UKT KELOMPOK 5 | UKT KELOMPOK 6 | UKT PENDIDIKAN UNGGUL B [...],yes,curl of live page; HTML tables flattened in python
IDN-UGM-P11-IDN-02,IDN-UGM,compulsory_fees,https://admissions.ugm.ac.id/v26/pendaftaran-mahasiswa-baru-wni/sarjana-sarjana-terapan/uang-kuliah-tunggal-dan-ipi-2025/,"Universitas Gadjah Mada, Direktorat Pendidikan dan Pengajaran",Uang Kuliah Tunggal dan IPI 2025,2025/26,2026-09-30,"Tab 'UM UGM (PBU dan CBT) TA 2025/2026', introductory provisions","Pembayaran Uang Kuliah Tunggal dilakukan setiap semester; Iuran Pengembangan Institusi dikenakan sekali selama masa kuliah yang dibayarkan bersamaan Uang Kuliah Tunggal ... Iuran Pengembangan Institusi sebesar Rp30.000.000,00 (tiga puluh juta rupiah) untuk bidang ilmu sains, teknologi, dan kesehatan serta sebesar Rp20.000.000,00 (dua puluh juta rupiah) untuk bidang ilmu sosial dan humaniora, hanya [...]",yes,curl of live page; HTML flattened in python
IDN-ITB-P11-IDN-01,IDN-ITB,tuition,https://admission.itb.ac.id/info/petunjuk-pendaftaran-ulang-mahasiswa-baru-itb-seleksi-nasional-berdasarkan-prestasi-snbp-2025/,"Institut Teknologi Bandung, Admission",Petunjuk Pendaftaran Ulang Mahasiswa Baru ITB Seleksi Nasional Berdasarkan Prestasi (SNBP) 2025,2025/26,2026-09-30,"Section D. UANG KULIAH TUNGGAL (UKT) DAN JADWAL PEMBAYARAN, table UKT 7",Pada seleksi penerimaan mahasiswa baru ITB sepenuhnya berdasarkan pada hasil akademik dan tidak menjadikan dokumen ekonomi sebagai penentu kelulusan sehingga seluruh mahasiswa baru yang diterima akan dikenakan UKT 7 dengan rincian sebagai berikut: No | Fakultas/Sekolah | UKT 7 | 1 | FMIPA-M | Rp12.250.000 | 2 | SBM tidak termasuk SBM-C | Rp14.500.000 | 3 | Selain no 1 dan 2 | Rp12.500.000 | ITB me [...],yes,curl of Wayback raw capture 20250604075750id_; HTML flattened in python
IDN-ITB-P11-IDN-02,IDN-ITB,tuition,https://publik.akademik.itb.ac.id/2024/PER_BPP_26_2024.pdf,Institut Teknologi Bandung,Peraturan Rektor Institut Teknologi Bandung Nomor 26/IT1.A/PER/2024 tentang Biaya Penyelenggaraan Pendidikan Institut Teknologi Bandung,from 2024/25 intake (applied to 2025/26 intake per IDN-ITB-P11-IDN-01),2026-09-30,Pasal 3; Pasal 4(1); Pasal 20(1); Lampiran I table 1 (p.17 of PDF),Tarif UKT per semester untuk mahasiswa Program Sarjana dan Program Sarjana Internasional pada prinsipnya adalah sebesar tarif UKT-7 sebagaimana tercantum pada Lampiran I Peraturan ini. ... IPI dikenakan kepada mahasiswa Program Sarjana yang diterima melalui jalur penerimaan Seleksi Mandiri dan Program Sarjana Internasional. ... Ketentuan Biaya Penyelenggaraan Pendidikan dalam Peraturan ini mulai b [...],yes,curl (URL reached via redirect from https://akademik.itb.ac.id/-PeraturanBPP); pdftotext for articles; Lampiran I page rendered with pymupdf and read visually
IDN-ITB-P11-IDN-03,IDN-ITB,compulsory_fees,https://admission.itb.ac.id/info/petunjuk-pendaftaran-ulang-mahasiswa-baru-itb-seleksi-nasional-berdasarkan-prestasi-snbp-2025/,"Institut Teknologi Bandung, Admission",Petunjuk Pendaftaran Ulang Mahasiswa Baru ITB SNBP 2025,2025/26,2026-09-30,"Section C, 'Bukti Kepemilikan Asuransi Kesehatan'",ITB mewajibkan seluruh mahasiswa memiliki Asuransi Kesehatan selama menempuh pendidikannya di ITB. Asuransi BPJS adalah asuransi yang minimal harus dimiliki oleh calon mahasiswa.,no,curl of Wayback raw capture 20250604075750id_; HTML flattened in python
IDN-UNAIR-P11-IDN-01,IDN-UNAIR,tuition,https://ppmb.unair.ac.id/id/page1/biaya-studi-sarjana-snbp?tabmenu=front-tab-menu-studi-fee-s1,"Universitas Airlangga, Pusat Penerimaan Mahasiswa Baru (PPMB)",Satuan Biaya Pendidikan SNBP Tahun Akademik 2025/2026,2025/26,2026-09-30,"Table 'SATUAN BIAYA PENDIDIKAN SNBP Tahun Akademik 2025/2026', rows 1 Kedokteran, Ilmu Hukum, Ilmu Sejarah; footnote 'Keterangan'",SATUAN BIAYA PENDIDIKAN SNBP Tahun Akademik 2025/2026 No | Program Studi | UKT | I | II | III | IV | V | VI | VII | 1 | Kedokteran | 500.000 | 1.000.000 | 2.400.000 | 10.000.000 | 15.000.000 | 22.500.000 | 25.000.000 | ... Ilmu Hukum | 500.000 | 1.000.000 | 2.400.000 | 6.000.000 | 7.500.000 | 9.000.000 | 10.000.000 | ... Ilmu Sejarah | 500.000 | 1.000.000 | 2.400.000 | 5.000.000 | 6.000.000 | 7.00 [...],yes,curl of Wayback raw capture 20250521052917id_; HTML table parsed in python
IDN-IPB-P11-IDN-01,IDN-IPB,tuition,https://admisi.ipb.ac.id/biaya-pendidikan-ipb/,"IPB University, Direktorat Administrasi Pendidikan dan Penerimaan Mahasiswa Baru (admisi.ipb.ac.id)","Biaya Pendidikan - Tarif UKT (Rp/Semester) Program Sarjana Jalur SNBP, SNBT, dan Seleksi Mandiri Tahun 2025",2025/26 (2025 intake),2026-09-30,"Section 'Uang Kuliah Tunggal (UKT) Program Sarjana Jalur SNBP, SNBT, dan Seleksi Mandiri', rows 1, 25, 33, 41","Tarif UKT (Rp/Semester) Program Sarjana Jalur SNBP, SNBT, dan Seleksi Mandiri Tahun 2025 Tarif Uang Kuliah Tungal (UKT) Program Sarjana Tahun 2025 adalah sebagai berikut: No | Program Studi | Uang Kuliah Tunggal (Rp/semester) | | I | II | III | IV | V | VI | VII | VIII | 1 | Manajemen Sumberdaya Lahan | 500.000 | 1.000.000 | 2.400.000 | 4.000.000 | 7.000.000 | 9.000.000 | 11.000.000 | | ... 25 | T [...]",yes,curl of Wayback raw capture 20250814092800id_; HTML table flattened in python
IDN-IPB-P11-IDN-02,IDN-IPB,compulsory_fees,https://admisi.ipb.ac.id/biaya-pendidikan-ipb/,IPB University (admisi.ipb.ac.id),Biaya Pendidikan - BPIF Program Sarjana Jalur SM-IPB Tahun 2025,2025/26 (2025 intake),2026-09-30,"Section 'BPIF Program Sarjana Jalur SM-IPB', row 1",Tarif Biaya Pengembangan Institusi dan Fasilitas (BPIF) Program Sarjana Jalur Seleksi Mandiri Masuk IPB (SM-IPB) Tahun 2025 adalah sebagai berikut : No | Program Studi | BPIF I (Rp) | BPIF II (Rp) | BPIF III (Rp) | 1 | Manajemen Sumberdaya Lahan | 45.000.000 | 47.500.000 | 50.000.000 |,no,curl of Wayback raw capture 20250814092800id_; HTML flattened in python
IDN-UB-P11-IDN-01,IDN-UB,regime,https://divisihukum.ub.ac.id/storage/file/0DH3bhwS0yPer-118-2025-Tarif%20Layanan%20Pendidikan%20Program%20Diploma%20dan%20Program%20Sarjana.pdf,"Universitas Brawijaya, Divisi Hukum",Peraturan Rektor Universitas Brawijaya Nomor 118 Tahun 2025 tentang Tarif Layanan Pendidikan Program Diploma dan Program Sarjana,in force from 31 Dec 2025 (used only to date the end of Per. 44/2023),2026-09-30,"Menimbang a (p.1); Pasal 9, Pasal 10 and signature block (pp.4-5)","bahwa ketentuan dalam Peraturan Rektor Universitas Brawijaya Nomor 44 Tahun 2023 tentang Tarif Layanan Pendidikan Program Diploma dan Program Sarjana tidak sesuai dengan kebutuhan dan penyelenggaraan Universitas Brawijaya sehingga perlu dicabut; ... Pasal 9 Pada saat berlakunya Peraturan Rektor ini, Peraturan Rektor Universitas Brawijaya Nomor 44 Tahun 2023 tentang Tarif Layanan Pendidikan Program [...]",yes,curl; pdftotext
IDN-UB-P11-IDN-02,IDN-UB,tuition,https://www.detik.com/edu/perguruan-tinggi/d-8246798/prodi-universitas-brawijaya-dengan-ukt-termurah-pada-snbp-2025-jurusan-apa-saja,detikEdu (secondary news),"Prodi Universitas Brawijaya dengan UKT Termurah pada SNBP 2025, Jurusan Apa Saja?",2025/26 (SNBP 2025 intake),2026-09-30,"Section '10 Prodi Universitas Brawijaya dengan UKT Termurah pada SNBP 2025', item 1 (article dated 2025-12-07 per page metadata)","10 Prodi Universitas Brawijaya dengan UKT Termurah pada SNBP 2025 UKT UB ditetapkan melalui Peraturan Rektor UB No. 44 Tahun 2023. Dalam aturan tersebut tertera bila UKT dibagi dalam 8 kelompok dengan batas terbawah sebesar Rp 500 ribu dan Rp 1 juta. ... 1. Bahasa dan Sastra Prancis Kelompok I: Rp 500 ribu Kelompok II: Rp 1 juta Kelompok III: Rp 3,744 juta Kelompok IV: Rp 3,978 juta Kelompok V: Rp [...]",yes,curl of live page; article body extracted in python
IDN-UB-P11-IDN-03,IDN-UB,tuition,https://selma.ub.ac.id/pengumuman-penetapan-uang-kuliah-tunggal-ukt-jalur-seleksi-nasional-berdasarkan-prestasi-snbp-2025-2026/,"Universitas Brawijaya, SELMA",Pengumuman Penetapan Uang Kuliah Tunggal (UKT) Jalur Seleksi Nasional Berdasarkan Prestasi (SNBP) 2025/2026 (Nomor 01414/UN10/B/TM.00/2025),2025/26,2026-09-30,"Announcement body, first paragraphs (posted 2 May 2025)",Dengan ini diumumkan penetapan Uang Kuliah Tunggal (UKT) bagi calon mahasiswa baru jalur SNBP Universitas Brawijaya Tahun Akademik 2025/2026 yang telah melakukan pemberkasan secara daring: Uang Kuliah Tunggal (UKT) mahasiswa dibayarkan tiap semester. Pembayaran UKT pada periode ini adalah untuk pembayaran periode semester Ganjil Tahun Akademik 2025/2026.,no,curl of Wayback raw capture 20250615083800id_; HTML flattened in python
NZL-TUA-P11-NZL-01,NZL-TUA,tuition,https://www.auckland.ac.nz/assets/about-us/about-the-university/the-university/official-publications/university-calendar/archive/2020-2029/2025-calendar.pdf,The University of Auckland,"2025 Calendar - Fees Statute and Schedule, Schedule - Part B - Domestic Students",2025,2026-09-30,"Calendar p. 63 (PDF p. 67), Schedule Part B: intro; Arts; Education; Engineering; Medical and Health Sciences","The 2025 schedule of tuition, examination and research fees (inclusive of GST) for New Zealand citizens and Permanent Residents of Australia and New Zealand. [...] A full-time course of study is 120 points. [...] Undergraduate Arts courses except Performance and Science-based courses $59.88 per point [...] Engineering Undergraduate courses $79.86 per point [...] Bachelor of Medicine and Bachelor o [...]",yes,curl + pymupdf text extraction (layout checked with pdftotext -layout)
NZL-TUA-P11-NZL-02,NZL-TUA,compulsory_fees,https://www.auckland.ac.nz/assets/about-us/about-the-university/the-university/official-publications/university-calendar/archive/2020-2029/2025-calendar.pdf,The University of Auckland,2025 Calendar - Fees Statute and Schedule (Parts A and B),2025,2026-09-30,"Calendar p. 63, Part B 'Other fees for all courses'; Part A 'Student Services Fee' (campus rates)","Other fees for all courses Student Services $9.24 per point [Part A:] Student Services Fee Charged based on campus as follows: Students studying on City, Grafton, Newmarket campuses $9.24 per point Students studying on South Auckland and Tai Tokerau campuses $4.62 per point",no,curl + pymupdf / pdftotext -layout
NZL-TUA-P11-NZL-03,NZL-TUA,regime,https://www.ird.govt.nz/fees-free,Inland Revenue - Te Tari Taake,Fees Free (redirect target of https://www.feesfree.govt.nz/),"final years starting on or after 1 Jan 2025 (current page, Sep 2026)",2026-09-30,'New to Fees Free' section and 'Updates' (17 Sep 2026),"Fees Free helps with the cost of your study or work-based learning by paying back some of your fees. This is only paid after you finish your qualification or programme. You will have to pay your fees when you enrol for your study or work-based learning. [...] Fees Free covers fees for the final year of tertiary study or final 2 years of work-based learning. To get Fees Free, you must start your fi [...]",yes,curl + HTML-to-text
NZL-UO-P11-NZL-01,NZL-UO,tuition,https://web.archive.org/web/20250325224032id_/https://www.otago.ac.nz/study/fees/domestic-tuition-fees,University of Otago,Domestic student tuition fees,2025 (capture 2025-03-25; page references the 2025 paper fees document),2026-09-30,"'Annual tuition fees by subject area' > 'Undergraduate tuition fees' table, Undergraduate (excl. Honours)","The fees listed in the table show the cost of a normal full-time course made up entirely of subjects from one area. [...] Undergraduate (excl. Honours) | Arts, Languages, Theology, Mathematics, Education | $6,938.00 | Commerce, Teaching | $6,625.00 | Law (excluding Honours) | $7,740.00 | Computer Science, Design, Geography, Information Science, Music, Science | $8,291.00 | Physical Education | $8, [...]",yes,curl (Wayback id_ raw capture) + HTML-to-text
NZL-UO-P11-NZL-02,NZL-UO,compulsory_fees,https://web.archive.org/web/20250325224013id_/https://www.otago.ac.nz/study/fees/student-services-fee,University of Otago,Student Services Fee,2025,2026-09-30,'If you are studying at the Dunedin campus' paragraph; Wayback capture 2025-03-25,"This fee is compulsory; however, certain exemptions may apply. [...] The Student Services Fee for students at the Dunedin campus is calculated based on the number of EFTS (Equivalent Full-Time Student) a student is enrolled in for the academic year. The fee is set at $11.52 per 0.01 EFTS , which amounts to $1,152.00 for 1 EFTS . This fee is capped at 1.05 EFTS of on-campus study per academic year. [...]",yes,curl (Wayback id_ raw capture) + HTML-to-text
NZL-UO-P11-NZL-03,NZL-UO,regime,https://web.archive.org/web/20250325224032id_/https://www.otago.ac.nz/study/fees/domestic-tuition-fees,University of Otago,Domestic student tuition fees,2025,2026-09-30,'Fees Free study – what you need to know',"If you are a domestic student new to tertiary education in 2025 you may be eligible for Fees Free for your final year of study or training. If you qualify for the final-year Fees Free scheme, you must pay your fees to the University of Otago. You can apply for your entitlement through the IRD after completing your qualification from 2026 onwards.",no,curl (Wayback id_ raw capture) + HTML-to-text
NZL-MU-P11-NZL-01,NZL-MU,tuition,https://web.archive.org/web/20250328104949id_/https://www.massey.ac.nz/study/fees-and-funding/tuition-fees-for-domestic-and-international-students/tuition-fees-for-domestic-students/,Massey University,Tuition fees for domestic students,2025,2026-09-30,'2025' undergraduate bachelor's degree table; Wayback capture 2025-03-28,"This table shows the estimated 2025 undergraduate tuition fees for domestic students in different subject areas by course and year. [...] Aviation (Air Transport Pilot – first year 180 credits) | Estimate of tuition fees for each course (based on standard 15-credit courses) $1,079.80 to $11,920.60 | Estimate of fees 2025 (based on 120 credits) $58,472.10 [...] Construction/Technology | [...] $8,63 [...]",yes,"curl (Wayback id_ raw capture, gzip) + HTML-to-text"
NZL-MU-P11-NZL-02,NZL-MU,tuition,https://web.archive.org/web/20250328104949id_/https://www.massey.ac.nz/study/fees-and-funding/tuition-fees-for-domestic-and-international-students/tuition-fees-for-domestic-students/,Massey University,Tuition fees for domestic students,2025,2026-09-30,'About the tuition fees estimates',The fees stated are estimates only and include GST (New Zealand Goods and Services Tax). The full year fees are based on 120 credits – which is one year of full-time study for a standard qualification or 8 courses at a standard 15 credits each.,no,"curl (Wayback id_ raw capture, gzip) + HTML-to-text"
NZL-MU-P11-NZL-03,NZL-MU,compulsory_fees,https://web.archive.org/web/20250328093947id_/https://www.massey.ac.nz/study/fees-and-funding/non-tuition-fees/,Massey University,Non-tuition fees,2025,2026-09-30,'2025 non-tuition fees' > 'Student services fee' table; Wayback capture 2025-03-28,Student services fee A single compulsory student services fee will be charged. This includes a fee for each credit you are enrolled in. The maximum number of credits you can be charged for in an academic year is 120. [...] Location and mode of study On-campus and block students | Fee per credit $9.40 | Covered by StudyLink Yes | Covered by Fees Free Yes | Location and mode of study Distance | Fee [...],yes,"curl (Wayback id_ raw capture, gzip) + HTML-to-text"
NZL-VUW-P11-NZL-01,NZL-VUW,tuition,https://web.archive.org/web/20250328095621id_/https://www.wgtn.ac.nz/students/money/fees/domestic,Te Herenga Waka - Victoria University of Wellington,Fees for domestic students,2025,2026-09-30,'Estimated domestic tuition fees for 2025' undergraduate table; Wayback capture 2025-03-28,"Estimated domestic tuition fees for 2025 For each subject area, the following tables show the cost per point and the average tuition fee for a year’s full-time study. All costs include GST. Undergraduate-level study [...] Humanities and Social Sciences | 54.53 | 6,543.60 | Education | 54.53 | 6,543.60 | [...] Midwifery | 75.90 | 9,108.00 | [...] Architecture | 75.83 | 9,099.60 | [...] Engineering [...]",yes,"curl (Wayback id_ raw capture, gzip) + HTML-to-text"
NZL-VUW-P11-NZL-02,NZL-VUW,compulsory_fees,https://web.archive.org/web/20250328110450id_/https://www.wgtn.ac.nz/students/money/fees/student-services-fee,Te Herenga Waka - Victoria University of Wellington,Student Services Fee,2025,2026-09-30,'What you'll pay in 2025' - 2025 studying in Wellington rate; Student Hardship Fee paragraph; Wayback capture 2025-03-28,"If you're studying from within the Wellington region, either on-campus or online, your Student Services Fee rate is calculated at $9.94 per point. [...] If you enrol in 120 points' (1EFTS) worth of courses—an average workload—you'll pay $1,192.80. [...] In 2025, the Student Hardship Fee is $32 (GST included) for all students.",no,"curl (Wayback id_ raw capture, gzip) + HTML-to-text"
NZL-VUW-P11-NZL-03,NZL-VUW,compulsory_fees,https://web.archive.org/web/20250328095621id_/https://www.wgtn.ac.nz/students/money/fees/domestic,Te Herenga Waka - Victoria University of Wellington,Fees for domestic students,2025,2026-09-30,'Other costs and student fees'; Wayback capture 2025-03-28,The Student Services Fee and the Student Hardship Fee are compulsory fees for all students. They fund services for students that are not covered by tuition fees and assist students suffering exceptional financial hardship,no,"curl (Wayback id_ raw capture, gzip) + HTML-to-text"
NZL-UW-P11-NZL-01,NZL-UW,tuition,https://web.archive.org/web/20250514105837id_/https://www.waikato.ac.nz/study/qualifications/bachelor-of-engineering-with-honours/,University of Waikato,Bachelor of Engineering with Honours (qualification page),2025 entry (estimate 'Relevant as of 30 October 2024'; capture 2025-05-14),2026-09-30,'Fees and scholarships' > domestic 'Estimated fees' box,"Fees and scholarships Estimated fees $8,903 per year Domestic tuition fees Approximate annual tuition fees and costs for domestic students enrolled in one year of full-time study. [...] Relevant as of 30 October 2024. All amounts are in New Zealand Dollars (NZD). Tuition fees shown are indicative only and may change. There are additional fees and charges related to enrolment.",no,"curl (Wayback id_ raw capture, gzip) + HTML-to-text"
NZL-UW-P11-NZL-02,NZL-UW,tuition,https://web.archive.org/web/20250530040311id_/https://www.waikato.ac.nz/study/qualifications/bachelor-of-arts/,University of Waikato,Bachelor of Arts (qualification page),2025 entry (estimate 'Relevant as of 30 October 2024'; capture 2025-05-30),2026-09-30,'Fees and scholarships' > domestic 'Estimated fees' box,"Estimated fees $7,183 - $8,290 per year [...] Relevant as of 30 October 2024.",no,"curl (Wayback id_ raw capture, gzip) + HTML-to-text"
NZL-UW-P11-NZL-03,NZL-UW,tuition,https://web.archive.org/web/20250615062210id_/https://www.waikato.ac.nz/study/qualifications/bachelor-of-teaching/,University of Waikato,Bachelor of Teaching (qualification page),2025 entry (estimate 'Relevant as of 30 October 2024'; capture 2025-06-15),2026-09-30,'Fees and scholarships' > domestic 'Estimated fees' box,"Estimated fees $7,183 per year [...] Relevant as of 30 October 2024.",no,"curl (Wayback id_ raw capture, gzip) + HTML-to-text"
NZL-UW-P11-NZL-04,NZL-UW,compulsory_fees,https://web.archive.org/web/20250516000422id_/https://www.waikato.ac.nz/study/fees-costs/student-services/,University of Waikato,Waikato Student Services Fee,2025,2026-09-30,'Student fee calculation' and example table; Wayback capture 2025-05-16,"The Waikato Student Services Fee (formerly the Student Services Levy) is a compulsory fee which funds a range of student services for students both on campus and online. [...] In 2025, students are charged a levy of $9.00 per credit point. Example study period | Calculated levy | Full-time student studying 120 credits | $1,080",no,"curl (Wayback id_ raw capture, gzip) + HTML-to-text"
NZL-UC-P11-NZL-01,NZL-UC,tuition,https://web.archive.org/web/20250418192703id_/https://www.canterbury.ac.nz/study/getting-started/study-and-living-costs/study-costs/domestic-tuition-fees,University of Canterbury,Domestic tuition fees,2025 (estimates listed alongside 2024; capture 2025-04-18),2026-09-30,'Bachelor's degrees' section,"Ako: Bachelor of Teaching and Learning (BTchLn) - 360 points 2024 tuition fee estimate: $6,748 per 120 points 2025 tuition fee estimate: $7,153 per 120 points [...] Bachelor of Digital Screen with Honours (BDigiScreen (Hons)) - 480 points 2024 tuition fee estimate: $8,004 per 120 points 2025 tuition fee estimate: $8,484 per 120 points Bachelor of Engineering with Honours (BE(Hons)) - 480 points Fi [...]",yes,"curl (Wayback id_ raw capture, gzip) + HTML-to-text"
NZL-UC-P11-NZL-02,NZL-UC,compulsory_fees,https://web.archive.org/web/20250328023944id_/https://www.canterbury.ac.nz/study/getting-started/study-and-living-costs/study-costs/student-services-levy,University of Canterbury,Student Services Levy,2025,2026-09-30,"'Student Services Levy costs' table, row 120 points; Wayback capture 2025-03-28","The SSL is automatically calculated on how many points you enrol in per academic year, capped at a maximum of 150 points. POINTS | 2025 SSL $9.72 per point | 2024 SSL $9.17 PER POINT | 2023 SSL $8.27 PER POINT | [...] 120 | $1,166.40 | $1,100.40 | $992.40",no,"curl (Wayback id_ raw capture, gzip) + HTML-to-text"
NZL-UC-P11-NZL-03,NZL-UC,tuition,https://web.archive.org/web/20231129050523id_/https://www.canterbury.ac.nz/study/getting-started/study-and-living-costs/study-costs/domestic-tuition-fees,University of Canterbury,"Domestic tuition fees (2023 capture, re-opened to check the 2023 range endpoint)",2023,2026-09-30,Bachelor of Digital Screen with Honours row,"Bachelor of Digital Screen with Honours 2024 Tuition Fee estimate: $7,589 per 120 points 2023 Tuition Fee estimate: $7,383 per 120 points",no,"curl (Wayback id_ raw capture, gzip) + HTML-to-text"
SGP-NUS-P11-SGP-01,SGP-NUS,tuition,https://web.archive.org/web/20250512025908id_/https://www.nus.edu.sg/registrar/docs/info/administrative-policies-procedures/ugtuitioncurrent.pdf,NUS Registrar (Wayback capture 2025-05-12),"Undergraduate Students Tuition Fees Per Annum (applicable for Academic Year 2025/2026), February 2025 UGTuition",AY2025/2026 new intake (cohort fee for candidature),2026-09-30,"Page 2, section A table, Singapore Citizens (Tier A) column; table checked visually on pymupdf-rendered page","A) For new students admitted in AY2025/2026 ... Tuition Fees (covering Semesters 1 and 2 of the Academic Year) ... Business 9,650 ... Computing 8,250 ... Dentistry 32,200 ... Design and Engineering (Built Environment) 8,250 ... Design and Engineering (Architecture, Landscape Architecture) 8,900 ... Humanities and Sciences 8,250 ... Law 12,700 ... Medicine (Nursing) 9,050 ... Medicine (except Nursi [...]",yes,curl (Wayback id_) + pymupdf text + pymupdf render (visual table read)
SGP-NUS-P11-SGP-02,SGP-NUS,compulsory_fees,https://web.archive.org/web/20250428192314id_/https://www.nus.edu.sg/registrar/docs/info/administrative-policies-procedures/ug-msf.pdf,NUS Registrar (Wayback capture 2025-04-28),"Undergraduate Students Miscellaneous Student Fees (applicable for Academic Year 2025/2026), February 2025 UGMisc",AY2025/2026 new intake,2026-09-30,"Page 2, section (A), Full-time column; notes 2 and 7 on page 5",(A) For new students admitted in AY2025/2026 The table below shows the miscellaneous student fees payable per semester1 by the undergraduate intake of AY2025/2026 except for the Health Service Fee which may be subject to change in each new academic year. ... Student Services Fee (SSF) (Lab-based) ... 112.50 ... Student Services Fee (SSF) (Non lab-based) For students in Business/ Design & Engineeri [...],yes,curl (Wayback id_) + pymupdf text
SGP-NTUS-P11-SGP-01,SGP-NTUS,tuition,https://www.ntu.edu.sg/admissions/undergraduate/financial-matters/tuition-fees/accepted-programme-offer-in-2025,NTU,Accepted Programme Offer in 2025 (Tuition Fees - Full Time Programme),2025 intake (fixed at the 2025 rate for the duration); current page,2026-09-30,"Fee table, Singapore Citizens column","Annual tuition fee is fixed at the 2025 rate for the duration of the degree programme. ... All Programmes (except for those listed below) | $ 8, 250 | $ 11, 550 | $ 17, 950 | $ 20, 000 | $ 40, 500 | $ 36, 250 | Accountancy | Accountancy (Sustainability Management and Analytics) | Business | Accountancy & Business | Business & Computing | Business & Computer Engineering | $ 9, 450 | ... Medicine | [...]",yes,curl + html-to-text
SGP-NTUS-P11-SGP-02,SGP-NTUS,compulsory_fees,https://www.ntu.edu.sg/docs/default-source/undergraduate-admissions/fees/ft_miscfees_ay2025.pdf?sfvrsn=4a698fa6_1,NTU,"UG AY2025 Miscellaneous Fees (inclusive of prevailing GST) - List of Undergraduate Programmes & Codes, Full Time",AY2025 (linked as 'Miscellaneous Fees AY2025-26'); period (semester/year) not stated in the document,2026-09-30,"Single page table, Singapore Citizen column; checked visually on pymupdf-rendered page",UG AY2025 Miscellaneous Fees (inclusive of prevailing GST) ... Nanyang Business School | BUSINESS | BUS | $330.00 | $435.00 | $455.00 ... College of Computing & Data Science | COMPUTER SCIENCE | CSC | $367.00 | $470.00 | $490.00 ... School of Humanities | HISTORY | HIST | $330 | $435.00 | $455.00 ... Lee Kong Chian School of Medicine | MEDICINE | MED | $505.00 | $505.00 | $505.00,no,curl (live) + pymupdf text + pymupdf render (visual table read)
SGP-NTUS-P11-SGP-03,SGP-NTUS,compulsory_fees,https://web.archive.org/web/20250920012623id_/https://www.ntu.edu.sg/admissions/undergraduate/financial-matters/miscellaneous-fees,NTU (Wayback capture 2025-09-20),Miscellaneous Fees,AY2025-26,2026-09-30,Body text and link label,"Miscellaneous student fees help to meet part of the costs of providing insurance, student programmes and amenities, IT services, and academic-related services that are not covered by the tuition fee and grant. The fees are payable in each semester. | For full-time programme, please refer below for details: | Miscellaneous Fees AY2025-26",no,curl (Wayback id_) + gunzip + html-to-text
SGP-NTUS-P11-SGP-04,SGP-NTUS,compulsory_fees,https://www3.ntu.edu.sg/oad2/website_files/FinAid/FT_MiscFees_AY2024.pdf,NTU,"List of Undergraduate Programmes & Codes (as at 30 April 2024) - AY2024 misc fees, Full-Time",AY2024 (used only as a continuity check on the period of the AY2025 amounts),2026-09-30,Singapore Citizen column,Nanyang Business School Business BUS $311 $434.20 ... College of Engineering 1st Year Common Engineering ENG $346.10 $469.20,no,curl (live) + pymupdf text
SGP-SUTD-P11-SGP-01,SGP-SUTD,tuition,https://www.sutd.edu.sg/admissions/undergraduate/education-expenses/fees/tuition-fees/,SUTD,Tuition fees,AY2025 intake (cohort-fixed); current page,2026-09-30,"Academic Year 2025 table, Singapore Citizens (SC) column","Academic Year 2025 | Tuition fees for | existing | students admitted in AY2025 are as follows: | ... Singapore Citizens | (SC) | ... Per academic year | S$13,500 | S$19,350 | S$30,200 | S$31,400 | S$62,076 | Per term | S$6,750 | S$9,675 | S$15,100 | S$15,700 | S$31,038",no,curl + html-to-text
SGP-SUTD-P11-SGP-02,SGP-SUTD,compulsory_fees,https://www.sutd.edu.sg/admissions/undergraduate/education-expenses/financial-estimates/,SUTD,Financial estimates,AY2025 (Term 1),2026-09-30,"Estimate table, SC column, and footnote","Due to the unique SUTD curriculum, this table is a rough estimate on expenses to be incurred in Term 1 (AY2025): | ... Subsidised Tuition Fee | S$6,750.00 | S$9,675.00 | S$15,700.00 | Compulsory Miscellaneous Fees* | S$165.00 | S$165.00 | S$232.00 | ... *Estimates are based on AY2025.",no,curl + html-to-text
SGP-SUTD-P11-SGP-03,SGP-SUTD,compulsory_fees,https://www.sutd.edu.sg/admissions/undergraduate/education-expenses/fees/tuition-fees/,SUTD,Tuition fees - Compulsory Miscellaneous Fees,AY2026 (used for the one-time 10 fee and the term-basis rule; no AY2025-specific statement found),2026-09-30,Compulsory Miscellaneous Fees section,"These compulsory annual miscellaneous fees are charged for registration to student council, students' activities, insurance**, sport facilities, IT facilities and academic-related services. ... The Compulsory Miscellaneous Fees for AY2026 payable by all students charged on a term basis are as follows: | ... One-time enrolment fee to student activities & services (Student Council) | S$10.00 | S$10. [...]",yes,curl + html-to-text
SGP-SMU-P11-SGP-01,SGP-SMU,tuition,https://web.archive.org/web/20251010051504id_/https://admissions.smu.edu.sg/financial-matters/tuition-fees-grant,SMU Office of Admissions (Wayback capture 2025-10-10; live page behind anti-bot wall),Tuition Fees & Grant,AY 2025/26 entering freshmen (fixed for normal duration),2026-09-30,"Annual Tuition Fees for AY 2025/26 Entering Freshmen table, Singapore Citizens column","Annual Tuition Fees for AY 2025/26 Entering Freshmen (Regular Term 1 and Term 2) | ... Bachelor of Social Sciences | $ 11,500 | $ 16,050 | $ 25,100 | $ 26,100 | $ 47,700 | Bachelor of Laws | $ 12,700 | $ 17,750 | $ 27,650 | $ 29,300 | $ 52,800 | ... students enrolled in AY2025/26 will pay fixed fees throughout the normal duration of studies (4 years duration)",no,curl (Wayback id_) + html-to-text
SGP-SMU-P11-SGP-02,SGP-SMU,compulsory_fees,https://web.archive.org/web/20251010051504id_/https://admissions.smu.edu.sg/financial-matters/tuition-fees-grant,SMU Office of Admissions (Wayback capture 2025-10-10),Tuition Fees & Grant - Annual Miscellaneous Student Fees,2025,2026-09-30,2025 Annual Miscellaneous Student Fees table,"The fees are compulsory for all matriculated SMU students and will be charged in every Term 1 of each new Academic Year, together with the Term 1 tuition fees. | The table below shows the 2025 annual miscellaneous student fees. ... Singapore Citizens / Singapore Permanent Residents | International Students | Student Activities | Insurance (covering Hospitalisation, Medical, Personal Accident & Tra [...]",yes,curl (Wayback id_) + html-to-text
THA-CU-P11-THA-01,THA-CU,tuition,https://web.archive.org/web/20251009050018/https://www.reg.chula.ac.th/th/information/fee/,"Chulalongkorn University, Office of the Registrar (Wayback capture)",อัตราค่าเล่าเรียน และอัตราเงินเรียกเก็บประเภทอื่นๆ,capture 2025-10-09 (AY 2568 = 2025/26),2026-09-30,link list under 'ประกาศอัตราการเรียกเก็บเงินค่าเล่าเรียน และอัตราเงินเรียกเก็บประเภทอื่นๆ',ประกาศจุฬาฯ เรื่อง อัตราการเรียกเก็บเงินค่าเล่าเรียน พ.ศ. 2562 | ประกาศจุฬาฯ เรื่อง อัตราการเรียกเก็บเงินค่าเล่าเรียน (ฉบับที่ 2) พ.ศ. 2563 | ประกาศจุฬาฯ เรื่อง อัตราเงินเรียกเก็บประเภทอื่น ๆ สำหรับนิสิต พ.ศ. 2562,no,curl raw Wayback capture (id_) + HTML parse
THA-CU-P11-THA-02,THA-CU,tuition,https://web.reg.chula.ac.th/NewStudyFee_2563.pdf,"Chulalongkorn University, Office of the Registrar",ประกาศจุฬาลงกรณ์มหาวิทยาลัย เรื่อง อัตราการเรียกเก็บเงินค่าเล่าเรียน พ.ศ. ๒๕๖๒,"entrants from AY 2563 onward, incl. AY 2568 (2025/26)",2026-09-30,p.2 ข้อ ๕ (๑),"ข้อ ๕ อัตราค่าเล่าเรียนที่เรียกเก็บจากนิสิตระดับปริญญาตรี (๑) ภาคการศึกษาต้นและภาคการศึกษาปลาย (ก) นิสิตคณะกลุ่มวิทยาศาสตร์ชีวภาพ (๑) ภาคการศึกษาละ ๓๔,๐๐๐ บาท (ข) นิสิตคณะกลุ่มวิทยาศาสตร์ชีวภาพ (๒) ภาคการศึกษาละ ๒๖,๕๐๐ บาท (ค) นิสิตคณะกลุ่มวิทยาศาสตร์กายภาพ ภาคการศึกษาละ ๒๕,๕๐๐ บาท (ง) นิสิตคณะกลุ่มสังคมศาสตร์ ภาคการศึกษาละ ๒๑,๐๐๐ บาท (จ) นิสิตคณะกลุ่มมนุษยศาสตร์ ภาคการศึกษาละ ๒๑,๐๐๐ บาท",no,"curl PDF (scanned) + pymupdf render of p.2, visual reading"
THA-CU-P11-THA-03,THA-CU,tuition,https://www.thairath.co.th/news/society/2854681,"Thairath (secondary, news)","ค่าเทอม ""จุฬาลงกรณ์มหาวิทยาลัย"" ปี 2568 แต่ละคณะ จ่ายค่าธรรมเนียมการศึกษากี่บาท",AY 2568 (2025/26); published 2025-04-24,2026-09-30,list by faculty group,"อัตราค่าเล่าเรียน ""นิสิตชาวไทย"" ระดับปริญญาตรี คณะกลุ่มวิทยาศาสตร์ชีวภาพ กลุ่มที่ 1 คณะแพทยศาสตร์ ภาคการศึกษา ต้น/ปลาย : 34,000 บาท ... คณะกลุ่มสังคมศาสตร์ คณะครุศาสตร์ ภาคการศึกษา ต้น/ปลาย : 21,000 บาท",no,curl HTML + text extraction
THA-CU-P11-THA-04,THA-CU,compulsory_fees,https://web.reg.chula.ac.th/NewVariousFines.pdf,"Chulalongkorn University, Office of the Registrar",ประกาศจุฬาลงกรณ์มหาวิทยาลัย เรื่อง อัตราเงินเรียกเก็บประเภทอื่นๆ สำหรับนิสิต พ.ศ. ๒๕๖๒,2019-present; still listed in Oct 2025 capture,2026-09-30,"listed on the Registrar fee page (capture 2025-10-09); content per 2023/24 source row THA-CU-S05, not re-read",ประกาศจุฬาฯ เรื่อง อัตราเงินเรียกเก็บประเภทอื่น ๆ สำหรับนิสิต พ.ศ. 2562,no,link text from curl raw Wayback capture; PDF content not re-read in this run
THA-CMU-P11-THA-01,THA-CMU,tuition,https://admission.reg.cmu.ac.th/tcas/files_download/fee_68_23052568.pdf,"Chiang Mai University, Registration Office (TCAS admissions)",อัตราค่าธรรมเนียมการศึกษามหาวิทยาลัยเชียงใหม่ ระดับปริญญาตรี (บังคับใช้กับนักศึกษาที่เข้าศึกษาตั้งแต่ภาคการศึกษาที่ 1 ปีการศึกษา 2568 เป็นต้นไป),entrants from semester 1 AY 2568 (2025/26); updated 22 May 2568,2026-09-30,"p.1 header; Humanities rows (15,000); CAMT rows (Digital Game, Animation 38,000); p.6-7 year-based rows; p.9 note","อัตราค่าธรรมเนียมการศึกษามหาวิทยาลัยเชียงใหม่ ระดับปริญญาตรี (บังคับใช้กับนักศึกษาที่เข้าศึกษาตั้งแต่ภาคการศึกษาที่ 1 ปีการศึกษา 2568 เป็นต้นไป) ปรับปรุงข้อมูล ณ วันที่ 22 พฤษภาคม 2568 ... ภาษาอังกฤษ ไทย 4 15,000 ... ดิจิทัลเกม ไทย 4 38,000 แอนนิเมชันและวิชวลเอฟเฟกต์ ไทย 4 38,000 ... แพทยศาสตรบัณฑิต ไทย 6 ชั้นปีที่ 1 20,000 ... เภสัชศาสตรบัณฑิต ไทย 6 ชั้นปีที่ 1-5 30,000 ... ภาพยนตร์ดิจิทัล สองภาษ [...]",yes,curl PDF + pymupdf text layer
THA-CMU-P11-THA-02,THA-CMU,tuition,https://fis.oop.cmu.ac.th/load/finance_annouce/bachlor_fee_66.pdf,"Chiang Mai University, Finance Division",ระเบียบมหาวิทยาลัยเชียงใหม่ ว่าด้วยค่าธรรมเนียมการศึกษาระดับปริญญาตรี พ.ศ. ๒๕๖๖,"entrants from AY 2567 (2024/25) onward, incl. AY 2568",2026-09-30,p.1 ข้อ ๒-๓; p.2 ข้อ ๕,ข้อ ๒ ระเบียบนี้ให้ใช้บังคับกับนักศึกษาปริญญาตรีทุกหลักสูตร ที่เข้าศึกษาตั้งแต่ปีการศึกษา ๒๕๖๗ เป็นต้นไป ... ข้อ ๕ ค่าธรรมเนียมการศึกษาตามระเบียบนี้ ยังไม่รวมค่าธรรมเนียมการศึกษาอื่นที่เรียกเก็บตามรายการทุกครั้งที่มหาวิทยาลัยกำหนด,no,"curl PDF (scanned) + pymupdf render, visual reading"
THA-CMU-P11-THA-03,THA-CMU,compulsory_fees,https://fis.oop.cmu.ac.th/load/finance_annouce/bachlor_fee_66.pdf,"Chiang Mai University, Finance Division","บัญชีอัตราค่าธรรมเนียมการศึกษาแนบท้ายระเบียบมหาวิทยาลัยเชียงใหม่ ว่าด้วยค่าธรรมเนียมการศึกษาระดับปริญญาตรี พ.ศ. 2566, บัญชีที่ 1 (1) และ 1 (2)","entrants from AY 2567 onward, incl. AY 2568",2026-09-30,"pp.3-6, column headers and values (every row: 1,000 per regular semester; 1(2): 2,000 per year for year-based years)","ค่าลงทะเบียนเพื่อใช้บริการ ภาคการศึกษาปกติ (ภาคการศึกษาละ) 1,000 | ค่าลงทะเบียนเพื่อใช้บริการ ภาคฤดูร้อน (ภาคการศึกษาละ) 500 | ค่าลงทะเบียนเพื่อใช้บริการ ระบบชั้นปี (ชั้นปีละ) 2,000",no,"pymupdf render of scanned schedule pages, visual reading"
THA-CMU-P11-THA-04,THA-CMU,correction,https://www1.reg.cmu.ac.th/reg-ebook/fileupload/T29S152-20180906.pdf,"Chiang Mai University, Office of the Registrar (counter-service manual)",ค่าธรรมเนียมลงทะเบียนเพื่อใช้บริการของมหาวิทยาลัย สำหรับนักศึกษาระดับปริญญาตรี (รหัส 00014),manual file dated 2018-09-06 (per file name); shows the fee existed before AY 2567; amount not stated,2026-09-30,pp.1-2,ค่าธรรมเนียมลงทะเบียนเพื่อใช้บริการของมหาวิทยาลัย ส าหรับนักศึกษาระดับปริญญาตรี (รหัส 00014) ... ค่าปรับการลงทะเบียนช้าวันละเท่าไหร่ : ระดับปริญญาตรี วันละ 50 บาท แต่ไม่เกิน 500 บาท,no,curl PDF + pymupdf text layer (Thai glyphs partly garbled in extraction)
THA-TU-P11-THA-01,THA-TU,tuition,https://www.thebangkokinsight.com/news/politics-general/general/1490967/,"The Bangkok Insight (secondary, news)",เช็กคณะด่วน! ม.ธรรมศาสตร์ ประกาศขึ้นค่าเทอม ปี 2568,entrants from AY 2568 (2025/26); published 2025-05-14,2026-09-30,"article body, list of faculties","มหาวิทยาลัยธรรมศาสตร์ ได้ปรับอัตราค่าธรรมเนียมการศึกษาใหม่ สำหรับนักศึกษาใหม่ที่จะเข้าเรียนตั้งแต่ ปีการศึกษา 2568 เป็นต้นไป ... คณะนิติศาสตร์ (รังสิต) : 14,300 บาท จากเดิม 13,800 บาท ... คณะรัฐศาสตร์ : 13,500 บาท จากเดิม 13,000 บาท ... คณะสังคมวิทยาและมานุษย์วิทยา : 13,600 บาท จากเดิม 13,000 บาท ... คณะวิศวกรรมศาสตร์ : 18,900 บาท จากเดิม 18,200 บาท คณะแพทยศาสตร์ : 21,900 บาท จากเดิม 21,100 บาท .. [...]",yes,curl HTML + text extraction
THA-TU-P11-THA-02,THA-TU,tuition,https://db.legal.tu.ac.th/?s=%E0%B8%84%E0%B9%88%E0%B8%B2%E0%B8%98%E0%B8%A3%E0%B8%A3%E0%B8%A1%E0%B9%80%E0%B8%99%E0%B8%B5%E0%B8%A2%E0%B8%A1%E0%B8%81%E0%B8%B2%E0%B8%A3%E0%B8%A8%E0%B8%B6%E0%B8%81%E0%B8%A9%E0%B8%B2%E0%B8%8A%E0%B8%B1%E0%B9%89%E0%B8%99%E0%B8%9B%E0%B8%A3%E0%B8%B4%E0%B8%8D%E0%B8%8D%E0%B8%B2%E0%B8%95%E0%B8%A3%E0%B8%B5,"Thammasat University, Legal Division (legal database search)",search results for 'ค่าธรรมเนียมการศึกษาชั้นปริญญาตรี',database state on 2026-09-30,2026-09-30,result list (no regulation or amendment dated after 2559 found for the regular programme),ระเบียบมหาวิทยาลัยธรรมศาสตร์ว่าด้วยอัตราค่าธรรมเนียมการศึกษาชั้นปริญญาตรี โครงการปกติเหมาจ่าย พ.ศ. 2555 แก้ไขเพิ่มเติม ครั้งที่ 5 พ.ศ.2559,no,curl HTML + link parse
THA-KU-P11-THA-01,THA-KU,tuition,https://admission.ku.ac.th/media/announcements/2025/05/21/68-Education_fee_rates_major.pdf,"Kasetsart University, Office of Educational Affairs (admissions unit)",อัตราค่าธรรมเนียมการศึกษา (เหมาจ่าย) สำหรับนิสิตใหม่ ระดับปริญญาตรี มหาวิทยาลัยเกษตรศาสตร์ ภาคต้น ปีการศึกษา 2568,"new students, semester 1 of AY 2568 (2025/26)",2026-09-30,"p.1 (header; agriculture 17,800; medicine 50,000); p.3-4 (semiconductor engineering 40,000; Sriracha rows); p.7 (Liberal Arts and Management Sciences 11,600; note; date)","อัตราค่าธรรมเนียมการศึกษา (เหมาจ่าย/ภาคการศึกษา) หลักสูตรไทย ภาคปกติ ... คณะแพทยศาสตร์ พ.บ. (แพทยศาสตรบัณฑิต) 50,000 ... วศ.บ. สาขาวิชาวิศวกรรมเซมิคอนดักเตอร์ (เอกการผลิตเซมิคอนดักเตอร์) 40,000 ... คณะศิลปศาสตร์และวิทยาการจัดการ น.บ. (นิติศาสตรบัณฑิต) 11,600 ... หมายเหตุ : อัตราค่าธรรมเนียมการศึกษา (เหมาจ่าย) อาจมีการเปลี่ยนแปลง ... 1 เมษายน 2568",no,curl PDF + pymupdf text layer; pp.1 and 7 checked visually
THA-MU-P11-THA-01,THA-MU,tuition,https://www.thairath.co.th/news/society/2856310,"Thairath (secondary, news)","ค่าเทอม ""มหาวิทยาลัยมหิดล"" เข้าเรียนปี 2568 แต่ละคณะต้องจ่ายเงินกี่บาท","AY 2568 (2025/26), student IDs 68xxxxx; published 2025-05-07",2026-09-30,full list of programmes; link to official announcement at end,"ค่าเทอม ""มหาวิทยาลัยมหิดล"" ปีการศึกษา 2568 เปิดค่าธรรมเนียมการศึกษาหลักสูตรปกติ (ไทย) ระดับปริญญาตรี สำหรับนักศึกษารหัสประจำตัว 68 ... ยกเว้น วิทยาลัยนานาชาติ และวิทยาลัยดุริยางคศิลป์ ... คณะทันตแพทยศาสตร์ หลักสูตรทันตแพทยศาสตรบัณฑิต : ภาคการศึกษาละ 50,000 บาท ... คณะศิลปศาสตร์ หลักสูตรศิลปศาสตรบัณฑิต สาขาวิชาภาษาไทย : ภาคการศึกษาละ 17,000 บาท ... คณะเทคโนโลยีสารสนเทศและการสื่อสาร หลักสูตรวิทยาศาส [...]",yes,curl HTML + text extraction
THA-MU-P11-THA-02,THA-MU,tuition,https://op.mahidol.ac.th/ea/wp-content/uploads/MU-Annoucements/671213%20%E0%B8%9B%E0%B8%A3%E0%B8%B0%E0%B8%81%E0%B8%B2%E0%B8%A8%20%E0%B9%80%E0%B8%A3%E0%B8%B7%E0%B9%88%E0%B8%AD%E0%B8%87%20%E0%B8%AD%E0%B8%B1%E0%B8%95%E0%B8%A3%E0%B8%B2%E0%B8%84%E0%B9%88%E0%B8%B2%E0%B8%98%E0%B8%A3%E0%B8%A3%E0%B8%A1%E0%B9%80%E0%B8%99%E0%B8%B5%E0%B8%A2%E0%B8%A1%2068xxxxx%20-%202567.pdf,"Mahidol University, Office of Educational Affairs",ประกาศ เรื่อง อัตราค่าธรรมเนียม 68xxxxx - 2567 (file name),student IDs 68xxxxx (AY 2568 entrants),2026-09-30,inaccessible: HTTP 403; no Wayback capture found via CDX,,no,inaccessible (URL copied as linked in the Thairath article)
THA-MU-P11-THA-03,THA-MU,tuition,https://ns.mahidol.ac.th/division/educational/doc/regulations/%E0%B8%9B%E0%B8%A3%E0%B8%B0%E0%B8%81%E0%B8%B2%E0%B8%A8/2568/%E0%B8%9B%E0%B8%A3%E0%B8%B0%E0%B8%81%E0%B8%B2%E0%B8%A8%E0%B8%88%E0%B8%B1%E0%B8%94%E0%B9%80%E0%B8%81%E0%B9%87%E0%B8%9A%E0%B9%80%E0%B8%AB%E0%B8%A1%E0%B8%B2%E0%B8%88%E0%B9%88%E0%B8%B2%E0%B8%A2%20%E0%B9%84%E0%B8%97%E0%B8%A2%2069%2024%20%E0%B8%95.%E0%B8%84.%2068%20-%20Krissaramon%20Haudsri.pdf,Mahidol University,ประกาศมหาวิทยาลัยมหิดล เรื่อง อัตราค่าธรรมเนียมการศึกษาแบบเหมาจ่ายหลักสูตรปกติ (ไทย) ระดับปริญญาตรี สำหรับนักศึกษารหัสประจำตัว ๖๙xxxxx พ.ศ. ๒๕๖๘,"student IDs 69xxxxx (AY 2569 = 2026/27); corroborative only, does not state 2025/26 amounts",2026-09-30,"p.1 ข้อ ๑-๒, item ๓.๑","“ค่าธรรมเนียมการศึกษา” หมายความว่า ค่าธรรมเนียมการศึกษาที่เรียกเก็บจากนักศึกษาระดับปริญญาตรี หลักสูตรปกติ (ไทย) มหาวิทยาลัยมหิดล รหัสประจำตัว ๖๙xxxxx แต่ไม่รวมถึงนักศึกษาวิทยาลัยนานาชาติและวิทยาลัยดุริยางคศิลป์ ... ๓.๑ หลักสูตรทันตแพทยศาสตรบัณฑิต ๕๐,๐๐๐",no,"curl PDF + pymupdf render p.1, visual reading (text layer unusable)"
JPN-KYOTO-Q01-01,JPN-KYOTO,tuition,http://web.archive.org/web/20250812100014id_/https://www.kyoto-u.ac.jp/ja/education-campus/contact/fees/jugyo,Kyoto University,学納金の額一覧,2025年度 (as headed on the page; Wayback capture 2025-08-12),2026-09-30,"fee table, 学部 row","2025年度 授業料等の額について 区分 授業料年額 授業料半期額 入学料 検定料 学部 535,800円 267,900円 282,000円 17,000円",no,"curl (Wayback id_), HTML text extraction"
JPN-KYOTO-Q01-02,JPN-KYOTO,tuition,https://www.kyoto-u.ac.jp/ja/education-campus/contact/fees/jugyo,Kyoto University,学納金の額一覧,2026年度 (live page); continuity only,2026-09-30,"fee table, 学部 row","2026年度 授業料等の額について 区分 授業料年額 授業料半期額 入学料 検定料 学部 535,800円 267,900円 282,000円 17,000円",no,"curl live, HTML text extraction"
JPN-OSAKA-Q01-01,JPN-OSAKA,tuition,http://web.archive.org/web/20250717090537id_/https://www.osaka-u.ac.jp/ja/campus/tuition/tuition_info,Osaka University,授業料・入学料,FY2025 (Wayback capture 2025-07-17; page refers to 2025年度前期 registration),2026-09-30,授業料等の額について table; registration notice,"区 分 授業料年額 授業料半額 入学料 検定料 学部 535,800円 267,900円 282,000円 17,000円 [...] ※2025年度前期における登録期間は終了しました。",no,"curl (Wayback id_), HTML text extraction"
JPN-OSAKA-Q01-02,JPN-OSAKA,tuition,https://www.osaka-u.ac.jp/ja/campus/tuition/tuition_info,Osaka University,授業料・入学料,live page (2026); continuity only,2026-09-30,授業料等の額 table,"学部 535,800円 267,900円 282,000円 17,000円",no,"curl live, HTML text extraction"
JPN-TOHOKU-Q01-01,JPN-TOHOKU,tuition,http://web.archive.org/web/20250717084916id_/https://www.tohoku.ac.jp/japanese/studentinfo/studentlife/04/studentlife0401/,Tohoku University,入学料及び授業料等納付額・納付方法,2025年度 (as stated; Wayback capture 2025-07-17),2026-09-30,"入学料及び授業料等の金額について, table 1","東北大学における2025年度の入学料、授業料及び検定料の額は、次のとおりです。[...] 学部学生 535,800 267,900 282,000 入学17,000",no,"curl (Wayback id_), HTML text extraction"
JPN-TOHOKU-Q01-02,JPN-TOHOKU,tuition,https://www.tohoku.ac.jp/japanese/studentinfo/studentlife/04/studentlife0401/,Tohoku University,入学料及び授業料等納付額・納付方法,2026年度 (live page); continuity only,2026-09-30,table 1,"東北大学における2026年度の入学料、授業料及び検定料の額は、次のとおりです。[...] 学部学生 535,800 267,900 282,000 入学17,000",no,"curl live, HTML text extraction"
JPN-TITECH-Q01-01,JPN-TITECH,tuition,https://www.somuka.titech.ac.jp/reiki_int/reiki_honbun/x385RG00001976.html,Institute of Science Tokyo,東京科学大学における授業料、入学料及び検定料等に関する規則 (令和6年10月1日 規則第75号),in force from 2024-10-01; last amendment listed 令7.3.7 (applied from 2024-10-01); covers FY2025,2026-09-30,第2条 table,"学院 (学士課程) 635,400 282,000 17,000 学部 (学士課程) 642,960 282,000 17,000",no,"curl live, HTML text extraction"
JPN-TITECH-Q01-02,JPN-TITECH,regime,https://www.somuka.titech.ac.jp/reiki_int/reiki_honbun/x385RG00001976.html,Institute of Science Tokyo,東京科学大学における授業料、入学料及び検定料等に関する規則,transitional rule for pre-April-2019 (Tokyo Tech) / pre-April-2020 (TMDU) enrolees,2026-09-30,附則 4,"平成31年3月31日に東京工業大学の学院の学士課程に在学する学生[...]並びに令和2年3月31日に東京医科歯科大学の医学部又は歯学部に在学する学生であって、施行日以降、引き続き東京科学大学の当該課程に在学する学生に係る授業料の額については、当該学生が東京科学大学に在学しなくなるまでの間、この規則にかかわらず、535,800円とする。",no,"curl live, HTML text extraction"
TWN-TH-Q01-01,TWN-TH,tuition,"https://udb.moe.edu.tw/udata/DetailReport/SirdSchoolFeesChargesStandards/TourFilter/Parameter?Parameter=%7B%22Year%22:%5B%22114%22%5D,%22AreaId%22:%22N%22,%22AreaName%22:%22N%22,%22UniversityKey%22:%22000012CE619E%22,%22UniversityId%22:%220002%22,%22UniversityList%22:null,%22UniversityName%22:%22%E5%9C%8B%E7%AB%8B%E6%B8%85%E8%8F%AF%E5%A4%A7%E5%AD%B8%22,%22IscedId%22:%22N%22,%22IscedName%22:%22N%22,%22EduSystemId%22:%22N%22,%22EduSystemName%22:%22N%22,%22PageSize%22:100,%22PageNumber%22:1,%22ExportType%22:null,%22AuditStatus%22:null%7D","Ministry of Education (Taiwan), university information platform",校1-1.本國籍日間學士班以下學費、雜費收費基準-以「系(所)」統計 (國立清華大學),academic year 114 (2025/26),2026-09-30,"result table, first rows",114 公立 一般大學 國立清華大學 教育與學習科技學系 學士班(日間) 17500 6870 114 公立 一般大學 國立清華大學 竹師教育學院學士班 學士班(日間) 17500 11130,no,"curl live, HTML text extraction"
TWN-TH-Q01-02,TWN-TH,tuition,https://dgaa.site.nthu.edu.tw/var/file/209/1209/img/310/617308677.pdf,National Tsing Hua University,國立清華大學115學年度各系所學位學程學費及雜費(學雜費基數)、學分費收費基準,academic year 115 (2026/27); brackets 114 together with the 112 schedule and the MOE 114 listing,2026-09-30,p.1 header note; p.2 表1,"114學年度以前入學學生其收費標準及方式依其入學時之收費規定辦理至畢業止 [...] 表1：學士班每學期收費標準 [...] 本地生及僑生 學費 17,500 17,500 雜費 11,130 6,870 合計 28,630 24,370",no,"curl live, pymupdf text"
TWN-TH-Q01-03,TWN-TH,gdp_denominator,raw/macro/DGBAS_TWN_na8101a1a_2026-09-30.xml (project raw copy),DGBAS (Taiwan),國民所得統計常用資料-年 (na8101a1a),2023-2025,2026-09-30,平均每人GDP(名目值，元) rows,平均每人GDP(名目值，元) 2023 1010959; 2024 1099390; 2025 1230035,no,"local project file (saved 2026-09-30), parsed with Python"
TWN-TST-Q01-01,TWN-TST,tuition,http://web.archive.org/web/20260707175939id_/https://www.ntust.edu.tw/var/file/0/1000/img/3423/880332327.pdf,National Taiwan University of Science and Technology,國立臺灣科技大學114學年度學雜費標準 (114年7月2日臺教技(四)字第1140067697號函備查),academic year 114 (2025/26); Wayback capture 2026-07-07 of the official file,2026-09-30,p.1 壹、大學部,"日間部 學費 17,320 17,220 17,220 雜費 11,070 7,480 7,120 合計 28,390 24,700 24,340 [columns: 工程、電資、設計等學院及資管系 | 管理學院（不含資管系）及不分系學士班 | 人文社會學院]",no,"curl (Wayback id_; live URL redirects to the home page), pymupdf text"
TWN-NTNU-Q01-01,TWN-NTNU,tuition,https://www.aa.ntnu.edu.tw/uploads/bulletin_file/file/684be013843f752c06c965db/114%E5%AD%B8%E5%B9%B4%E5%AD%B8%E7%94%9F%E6%94%B6%E8%B2%BB%E6%A8%99%E6%BA%96_%E5%A4%A7%E5%AD%B8%E9%83%A8.pdf,National Taiwan Normal University,國立臺灣師範大學114學年度 學士班 學生收費標準,academic year 114 (2025/26),2026-09-30,"table rows 1, 2, 21; 說明 七","1 教育學系 16,690 6,900 23,590 [...] 文 | 2 教育心理與輔導學系 16,850 10,530 27,380 [...] 理 | 21 資訊工程學系 16,850 10,750 27,600 [...] 工 | 七、以上費用皆以一學期計。",no,"curl live, pymupdf text"
TWN-NTNU-Q01-02,TWN-NTNU,compulsory_fees,https://www.aa.ntnu.edu.tw/uploads/bulletin_file/file/684be013843f752c06c965db/114%E5%AD%B8%E5%B9%B4%E5%AD%B8%E7%94%9F%E6%94%B6%E8%B2%BB%E6%A8%99%E6%BA%96_%E5%A4%A7%E5%AD%B8%E9%83%A8.pdf,National Taiwan Normal University,國立臺灣師範大學114學年度 學士班 學生收費標準,academic year 114 (2025/26),2026-09-30,說明 一,一、全校學生均需繳納電腦及網路通訊使用費500元、學生團體保險費205元。,no,"curl live, pymupdf text"
SGP-SMU-Q01-01,SGP-SMU,tuition,http://web.archive.org/web/20251010051504id_/https://admissions.smu.edu.sg/financial-matters/tuition-fees-grant,Singapore Management University,Tuition Fees & Grant,AY 2025/26 entering freshmen (Wayback capture 2025-10-10),2026-09-30,Annual Tuition Fees for AY 2025/26 Entering Freshmen,"Annual Tuition Fees for AY 2025/26 Entering Freshmen (Regular Term 1 and Term 2) [...] Bachelor of Social Sciences $ 11,500 $ 16,050 $ 25,100 $ 26,100 $ 47,700 Bachelor of Laws $ 12,700 $ 17,750 $ 27,650 $ 29,300 $ 52,800",no,"curl (Wayback id_), HTML text extraction"
SGP-SMU-Q01-02,SGP-SMU,compulsory_fees,http://web.archive.org/web/20251010051504id_/https://admissions.smu.edu.sg/financial-matters/tuition-fees-grant,Singapore Management University,Tuition Fees & Grant,2025 (Wayback capture 2025-10-10),2026-09-30,Annual Miscellaneous Student Fees,"The fees are compulsory for all matriculated SMU students and will be charged in every Term 1 of each new Academic Year, together with the Term 1 tuition fees. The table below shows the 2025 annual miscellaneous student fees. [...] Student Activities Insurance (covering Hospitalisation, Medical, Personal Accident & Travel) IT Facilities S$80.00 S$129.00 S$18.00",no,"curl (Wayback id_), HTML text extraction"
SGP-NTUS-Q01-01,SGP-NTUS,tuition,http://web.archive.org/web/20260306024940id_/https://www.ntu.edu.sg/admissions/undergraduate/financial-matters/tuition-fees/accepted-programme-offer-in-2025,Nanyang Technological University,Accepted Programme Offer in 2025,"2025 intake, fee fixed at the 2025 rate (Wayback capture 2026-03-06)",2026-09-30,Tuition Fees - Full Time Programme,"Annual tuition fee is fixed at the 2025 rate for the duration of the degree programme. [...] All Programmes (except for those listed below) $ 8, 250 [...] Medicine $ 36, 100 [...] Renaissance Engineering Programme $ 13, 500",no,"curl (Wayback id_; live site returned a generic page), HTML text extraction"
SGP-NTUS-Q01-02,SGP-NTUS,compulsory_fees,https://www.ntu.edu.sg/docs/default-source/undergraduate-admissions/fees/ft_miscfees_ay2025.pdf?sfvrsn=4a698fa6_1,Nanyang Technological University,UG AY2025 Miscellaneous Fees (inclusive of prevailing GST),AY2025; period not stated in the document,2026-09-30,single page; Singapore Citizen column (visually checked on a rendered image),UG AY2025 Miscellaneous Fees (inclusive of prevailing GST) [...] Nanyang Business School | BUSINESS | BUS | $330.00 [...] College of Computing & Data Science | COMPUTER SCIENCE | CSC | $367.00 [...] Lee Kong Chian School of Medicine | MEDICINE | MED | $505.00,no,"curl live, pdftotext + rendered PNG"
SGP-NTUS-Q01-03,SGP-NTUS,compulsory_fees,http://web.archive.org/web/20250906110513id_/https://www.ntu.edu.sg/admissions/undergraduate/financial-matters/miscellaneous-fees,Nanyang Technological University,Miscellaneous Fees,AY2025-26 (Wayback capture 2025-09-06),2026-09-30,page body,"Miscellaneous student fees help to meet part of the costs of providing insurance, student programmes and amenities, IT services, and academic-related services that are not covered by the tuition fee and grant. The fees are payable in each semester. For full-time programme, please refer below for details: Miscellaneous Fees AY2025-26",no,"curl (Wayback id_), HTML text extraction"
SGP-NTUS-Q01-04,SGP-NTUS,compulsory_fees,https://www.ntu.edu.sg/media/docs/default-source/undergraduate-admissions/nss_fin/misc-fees/miscellaneous-fees-ay2023-24-(updated-27jun2023).pdf?sfvrsn=c20a663a_3,Nanyang Technological University,Miscellaneous Fees (Per Semester) for AY2023-24 (for Singapore Citizen Only),AY2023-24; continuity check on the period of the AY2025 amounts,2026-09-30,"Full Time Undergraduate, Semester 1, AY2023 cohort column",Miscellaneous Fees (Per Semester) for AY2023-24 [...] Semester 1 AY2023 cohort [...] 166.07 [...] Laboratory-Based 148.66 [...] Non Laboratory-Based 233.95 [...] Medicine,no,"curl live, pdftotext"
SGP-NTUS-Q01-05,SGP-NTUS,compulsory_fees,https://www3.ntu.edu.sg/oad2/website_files/FinAid/FT_MiscFees_AY2024.pdf,Nanyang Technological University,Undergraduate AY2024 Full-Time Miscellaneous Fees,AY2024; continuity check; period not stated,2026-09-30,header; Nanyang Business School and College of Computing rows,Undergraduate AY2024 Full-Time Miscellaneous Fees [...] Business & Computing [...] $346.10 [...] Accountancy [...] $311,no,"curl live, pdftotext"
THA-TU-Q01-01,THA-TU,tuition,https://www.thebangkokinsight.com/news/politics-general/general/1490967/,"The Bangkok Insight (secondary, news)",เช็กคณะด่วน! ม.ธรรมศาสตร์ ประกาศขึ้นค่าเทอม ปี 2568,entrants from AY 2568 (2025/26); published 14 May 2025,2026-09-30,"article body, faculty list","คณะรัฐศาสตร์ : 13,500 บาท จากเดิม 13,000 บาท [...] คณะแพทยศาสตร์ : 21,900 บาท จากเดิม 21,100 บาท [...] นักศึกษาใหม่ที่จะเข้าเรียนตั้งแต่ ปีการศึกษา 2568 เป็นต้นไป (quotes as returned by WebFetch; pharmacy given as 52,000 บาท with no prior rate; not verified against raw HTML)",no,WebFetch
THA-TU-Q01-02,THA-TU,tuition,https://www.smartmathpro.com/article/tu-tuition-fees/,"SmartMathPro (secondary, tutoring-school article)",มาแล้ว ค่าเทอม มธ. ฉบับอัปเดตล่าสุด เริ่มใช้ในปี 2568 ปีแรก,entrants from AY 2568; published 13 May 2025 (per WebFetch),2026-09-30,article body,"[WebFetch summary, not verbatim] Pharmacy 52,000 baht per semester unchanged; Dentistry 21,200 -> 50,000; Medicine 21,100 -> 21,900; Engineering 18,200 -> 18,900. Thai sentence returned: ล่าสุด ทาง ม.ธรรมศาสตร์ ได้ประกาศอัปเดตค่าเทอมที่จะเริ่มต้นใช้ในปี 2568 นี้ออกมาแล้ว",no,WebFetch
THA-CMU-Q01-01,THA-CMU,tuition,https://admission.reg.cmu.ac.th/tcas/files_download/fee_68_23052568.pdf,"Chiang Mai University, Registration Office",อัตราค่าธรรมเนียมการศึกษามหาวิทยาลัยเชียงใหม่ ระดับปริญญาตรี,entrants from semester 1 AY 2568; updated 22 May 2568,2026-09-30,"header p.1; all 103 rows typed ไทย parsed (per-semester values 15,000-38,000)","อัตราค่าธรรมเนียมการศึกษามหาวิทยาลัยเชียงใหม่ ระดับปริญญาตรี (บังคับใช้กับนักศึกษาที่เข้าศึกษาตั้งแต่ภาคการศึกษาที่ 1 ปีการศึกษา 2568 เป็นต้นไป) ปรับปรุงข้อมูล ณ วันที่ 22 พฤษภาคม 2568 [...] ภาษาอังกฤษ ไทย 4 15,000 [...] ดิจิทัลเกม ไทย 4 38,000 [...] แอนนิเมชันและวิชวลเอฟเฟกต์ ไทย 4 38,000",no,"curl live, pymupdf text"
THA-CMU-Q01-02,THA-CMU,compulsory_fees,https://fis.oop.cmu.ac.th/load/finance_annouce/bachlor_fee_66.pdf,Chiang Mai University,"บัญชีอัตราค่าธรรมเนียมการศึกษาแนบท้ายระเบียบมหาวิทยาลัยเชียงใหม่ ว่าด้วยค่าธรรมเนียมการศึกษาระดับปริญญาตรี พ.ศ. 2566, บัญชีที่ 1 (1)","entrants from AY 2567 onward, incl. AY 2568",2026-09-30,"p.3 (scan without text layer; read visually from a rendered image), column headers and rows","[visual reading of scan] ค่าลงทะเบียนเพื่อใช้บริการ ภาคการศึกษาปกติ (ภาคการศึกษาละ) | 1,000 on every row shown; e.g. ภาษาอังกฤษ ศิลปศาสตรบัณฑิต 15,000 7,500 1,000 500",no,"curl live, pymupdf render, visual check"
THA-CMU-Q01-03,THA-CMU,compulsory_fees,https://apps.cmubs.cmu.ac.th/academic/guidelines_cmubs.html,"Chiang Mai University, Faculty of Business Administration",คู่มือการลงทะเบียน สำหรับนักศึกษาระดับปริญญาตรี คณะบริหารธุรกิจ มหาวิทยาลัยเชียงใหม่,current page (accessed 2026-09-30); context only,2026-09-30,section คู่มือการลงทะเบียนเพื่อใช้บริการของมหาวิทยาลัยออนไลน์,2 ลงทะเบียนเพื่อใช้บริการของมหาวิทยาลัย เลือก University Services 3 การยกเลิกการลงทะเบียนเพื่อใช้บริการของมหาวิทยาลัย การยกเลิกการลงทะเบียนเมื่อไม่ต้องการใช้บริการ,no,"curl live, HTML text extraction"
IDN-IPB-Q01-01,IDN-IPB,tuition,http://web.archive.org/web/20250814092800id_/https://admisi.ipb.ac.id/biaya-pendidikan-ipb/,IPB University,Biaya Pendidikan - Admisi IPB University,2025 intake (Wayback capture 2025-08-14),2026-09-30,"section UKT Program Sarjana Jalur SNBP, SNBT, dan Seleksi Mandiri Tahun 2025; rows 24, 39, 41","Tarif UKT (Rp/Semester) Program Sarjana Jalur SNBP, SNBT, dan Seleksi Mandiri Tahun 2025 [...] 24 Teknik Mesin 500.000 1.000.000 2.500.000 5.000.000 7.500.000 10.000.000 12.500.000 [...] 39 Komunikasi Dan Pengembangan Masyarakat 500.000 1.000.000 2.400.000 3.000.000 6.000.000 8.000.000 10.000.000 [...] 41 Kedokteran 500.000 1.000.000 5.000.000 10.000.000 15.000.000 20.000.000",no,"curl (Wayback id_), HTML text extraction"
IDN-IPB-Q01-02,IDN-IPB,tuition,https://admisi.ipb.ac.id/biaya-pendidikan/,IPB University,Biaya Pendidikan - Admisi IPB University,2026 intake (live page); continuity only,2026-09-30,"UKT Program Sarjana Tahun 2026, row 40",40 Kedokteran 500.000 1.000.000 5.000.000 10.000.000 15.000.000 20.000.000,no,"curl live, HTML text extraction"
NZL-MU-Q01-01,NZL-MU,tuition,http://web.archive.org/web/20250328060015id_/https://www.massey.ac.nz/study/fees-and-funding/tuition-fees-for-domestic-and-international-students/tuition-fees-for-domestic-students/,Massey University,Tuition fees for domestic students,2025 (estimates; Wayback capture 2025-03-28),2026-09-30,undergraduate table,"This table shows the estimated 2025 undergraduate tuition fees for domestic students [...] Aviation (Air Transport Pilot – first year 180 credits) [...] $1,079.80 to $11,920.60 [...] $58,472.10 [...] Teacher Education [...] $806.30 [...] $6,450.70 [...] Veterinary Science [...] $1,806.30 [...] $14,451.10",no,"curl (Wayback id_), HTML text extraction"
NZL-MU-Q01-02,NZL-MU,compulsory_fees,http://web.archive.org/web/20250328093947id_/https://www.massey.ac.nz/study/fees-and-funding/non-tuition-fees/,Massey University,Non-tuition fees,2025 (Wayback capture 2025-03-28),2026-09-30,Student services fee table,A single compulsory student services fee will be charged. This includes a fee for each credit you are enrolled in. The maximum number of credits you can be charged for in an academic year is 120. [...] On-campus and block students Fee per credit $9.40,no,"curl (Wayback id_), HTML text extraction"
FRA-PSL-Q02-01,FRA-PSL,tuition,https://web.archive.org/web/20250920062500/https://dauphine.psl.eu/formations/scolarite/droits-et-tarifs,Université Paris Dauphine-PSL,Droits de scolarité - Formation initiale classique,2025/26 (page header 'Année universitaire 2025-2026'; capture 20 Sep 2025),2026-09-30,Licence > Tarifs modulés Licence Sciences des Organisations,"Pour l'année universitaire 2025-2026, le montant des droits de scolarité est calculé à partir du revenu brut global de 2023 [...] Se situe entre 160 000 et 179 999 € 3 450 € Se situe entre 180 000 et 199 999 € 4 140 € A partir de 200 000 € 4 800 €",no,"curl id_ capture, HTML to text"
FRA-PSL-Q02-02,FRA-PSL,tuition,https://web.archive.org/web/20250920062500/https://dauphine.psl.eu/formations/scolarite/droits-et-tarifs,Université Paris Dauphine-PSL,Droits de scolarité - Formation initiale classique,2025/26,2026-09-30,Tarifs modulés Licence Mathématiques Informatique; LSO Madrid row,Est inférieur ou égal à 34 999 € 0 € [...] A partir de 200 000 € 2 400 € | 1ère et 2e années de Licence (grade) Sciences des organisations (LSO) - Madrid 8 897 €,no,"curl id_ capture, HTML to text"
FRA-PSL-Q02-03,FRA-PSL,compulsory_fees,https://web.archive.org/web/20250920062500/https://dauphine.psl.eu/formations/scolarite/droits-et-tarifs,Université Paris Dauphine-PSL,Droits de scolarité - Formation initiale classique,2025/26,2026-09-30,Introductory paragraph,"Ces tarifs n’incluent pas la contribution vie étudiante et de campus (CVEC), obligatoire pour toute inscription en formation initiale classique ou apprentissage dans un établissement d’enseignement supérieur (tarif fixé par le CROUS, 105 € au titre de l’année universitaire 2025-2026).",no,"curl id_ capture, HTML to text"
FRA-PSL-Q02-04,FRA-PSL,tuition,https://www.universite-paris-saclay.fr/sites/default/files/2025-06/2025-2026_droits_inscription_2025-2026_tableau_1_1.pdf,"Université Paris-Saclay (reproducing national rates, arrêté du 19 avril 2019)",Montant des droits de scolarité au titre de l'année universitaire 2025-2026,2025/26,2026-09-30,"p.1, row 'Diplôme national relevant du cycle de licence / Licence'",Montant des droits de scolarité au titre de l'année universitaire 2025-2026 [...] Licence [...] 178 € 118 €,no,curl + pypdf
ROU-SCMS-Q02-01,ROU-SCMS,tuition,https://usv.ro/fisiere_utilizator/file/Acte%20oficiale/2025/2.%20Plan%20taxe%20si%20tarife%20aprobate%20Senat%2027.03.2025.pdf,"Universitatea Ștefan cel Mare din Suceava, Senat",Planul de taxe și tarife valabile în cadrul Universității Ștefan cel Mare din Suceava (Anexă la HS nr. 10/13.02.2025),2025/26 entrants (Anexa 1.A),2026-09-30,"Anexa 1.A (after Anexa 1), Licență rows; Medicine and Cinematography under their faculties","TAXE DE ŞCOLARIZARE - valabile pe durata normală a întregului ciclu de studii pentru studenții înmatriculați în anul I, începând cu anul universitar 2025 – 2026* [...] Administraţie publică IF 3700 [...] Cinematografie, fotografie, media (Comunicare audiovizuală: scenaristică, publicitate media, filmologie) 9000 [...] Medicină 9500 Asistență Medicală Generală 5000",no,curl + pypdf text extraction
ROU-SCMS-Q02-02,ROU-SCMS,tuition,https://usv.ro/fisiere_utilizator/file/Acte%20oficiale/2025/2.%20Plan%20taxe%20si%20tarife%20aprobate%20Senat%2027.03.2025.pdf,"Universitatea Ștefan cel Mare din Suceava, Senat",Planul de taxe și tarife (HS 10/13.02.2025),until 28.09.2025 (Anexa 1; i.e. 2024/25 rates),2026-09-30,"Anexa 1, Facultatea de Medicină și Științe Biologice",TAXE DE ŞCOLARIZARE – valabile până la data de 28.09.2025 – [...] Asistență medicală generală 4800 Tehnică dentară 4500 Biologie 3500 Biochimie 3500 Medicină 9000,no,curl + pypdf text extraction
HUN-BTE-Q02-01,HUN-BTE,tuition,https://www.kth.bme.hu/document/3163/original/onkoltsegi_dijak_osszesitett_2025_26.pdf,BME Központi Tanulmányi Hivatal,Önköltségi díjak összesített 2025/26 (base fee and per-credit fee by programme code and entry year),"2025/26, rows 'Beiratkozás éve 2025'",2026-09-30,"rows 9N-AM06 2025, 7N-AGM02 2025, 2N-AE0 2025, 1N-AEM 2025, 3N-A1 2025 (programme names not legible in text layer; code-to-programme mapping via 2023 rows matching V016)",9N-AM06 2025 240 000 Ft 12 000 Ft Kreditdíj az alapdíj felett fizetendő | 7N-AGM02 2025 120 000 Ft 6 000 Ft Kreditdíj az alapdíj felett fizetendő | 2N-AE0 2025 175 000 Ft 7 500 Ft Kreditdíj az alapdíj felett fizetendő,no,curl + pypdf text extraction
HUN-BTE-Q02-02,HUN-BTE,tuition,https://www.felvi.hu/felveteli/jelentkezes/korabbi_elj_archivum/felveteli_tajekoztatok/meghirdetesek_25a/!FftMegjelenitoArchivum/intezmenyek/7/kepzesek/14092.html,Oktatási Hivatal (felvi.hu),2025 általános felvételi eljárás archívum: BME matematika (A),2025 September intake (2025/26),2026-09-30,"programme page, 'Önköltség összege'",matematika (A) [...] Munkarend nappali [...] Nyelv magyar [...] Önköltség összege 600 000 Ft/félév,no,"curl, HTML to text"
HUN-BTE-Q02-03,HUN-BTE,tuition,https://www.felvi.hu/felveteli/jelentkezes/korabbi_elj_archivum/felveteli_tajekoztatok/meghirdetesek_25a/!FftMegjelenitoArchivum/intezmenyek/7/kepzesek/601.html,Oktatási Hivatal (felvi.hu),2025 általános felvételi eljárás archívum: BME GTK gazdálkodási és menedzsment (A),2025 September intake (2025/26),2026-09-30,"programme page, 'Önköltség összege'",gazdálkodási és menedzsment (A) [...] Munkarend nappali [...] Nyelv magyar [...] Önköltség összege 300 000 Ft/félév,no,"curl, HTML to text"
ITA-UNIMI-Q02-01,ITA-UNIMI,tuition,https://web.archive.org/web/20250922233440id_/https://www.unimi.it/sites/default/files/regolamenti/Regolamento_tasse_e_contributi_2025_2026.pdf,Università degli Studi di Milano,"Regolamento tasse, contributi, esoneri e borse di studio a.a. 2025/2026",2025/26,2026-09-30,"Seconda rata, parametri 1-6 and Tabella 1 (p.2); Allegato Area B lists Laurea triennale programmes","6. ISEE massimo pari a 80.000,00 euro oltre il quale è dovuto l’importo massimo di seconda rata come segue: [...] A In corso/fuori corso da un anno € 3.204,00 [...] B In corso/fuori da un anno € 4.101,12",no,"curl id_ capture (live unimi.it behind Cloudflare challenge, not bypassed) + pypdf"
ITA-UNIMI-Q02-02,ITA-UNIMI,compulsory_fees,https://web.archive.org/web/20250922233440id_/https://www.unimi.it/sites/default/files/regolamenti/Regolamento_tasse_e_contributi_2025_2026.pdf,Università degli Studi di Milano,"Regolamento tasse, contributi, esoneri e borse di studio a.a. 2025/2026",2025/26,2026-09-30,Prima rata (p.1),"La prima rata è pari a € 156,00 ed è composta dalle seguenti voci: -Tassa regionale per il diritto allo studio €. 140,00 -Imposta di bollo €. 16,00",no,curl id_ capture + pypdf
ITA-PT-Q02-01,ITA-PT,tuition,https://www.polito.it/sites/default/files/2025-10/Regolamento%20contribuzione%20studentesca%20a.a.%202025_2026%20per%20glile%20studenti%20immatricolati%20a%20partire%20dall%E2%80%99a.a.%202025_2026.pdf,Politecnico di Torino,Regolamento contribuzione studentesca a.a. 2025/2026 per gli/le studenti immatricolati a partire dall'a.a. 2025/2026 (DR 1190/2025 of 22/10/2025),2025/26 (first-time enrolments),2026-09-30,Art. 1 c.2; Art. 2 Tabella A; Appendice p.23,"Le disposizioni del presente Regolamento si applicano ai soggetti che nell’a.a. 2025/2026 si iscrivono al Politecnico di Torino per la prima volta a: o Corsi di Laurea; [...] ISEE > 100.000€ N.A.(*) Importo massimo (Tmax) indicato in Appendice [...] Tmax 3.600,00€ ARTT. 2 e 3",no,curl + pypdf
ITA-PT-Q02-02,ITA-PT,compulsory_fees,https://www.polito.it/sites/default/files/2025-10/Regolamento%20contribuzione%20studentesca%20a.a.%202025_2026%20per%20glile%20studenti%20immatricolati%20a%20partire%20dall%E2%80%99a.a.%202025_2026.pdf,Politecnico di Torino,Regolamento contribuzione studentesca a.a. 2025/2026 (entrants from 2025/26),2025/26,2026-09-30,Art. 1 c.3 b,i. Tassa regionale per il diritto allo studio universitario Edisu (d’ora in poi definita tassa regionale): 140 € (*). [...] ii. Imposta di bollo su iscrizione: 16 € (*). iii. Premio assicurazione infortuni: 5 € (*).,no,curl + pypdf
ITA-PT-Q02-03,ITA-PT,tuition,https://web.archive.org/web/20250727044901id_/https://www.polito.it/sites/default/files/2025-07/Regolamento%20contribuzione%20studentesca%20a.a.%202025_2026%20per%20glile%20studenti%20immatricolati%20a%20partire%20dalla.a.pdf,Politecnico di Torino,"Regolamento contribuzione studentesca a.a. 2025/2026 (entrants), DR 899/2025, in vigore dal 23/7/2025",2025/26 (capture 27 Jul 2025),2026-09-30,Appendice p.23,"Tmax 3.600,00€ ARTT. 2 e 3 Tmin 600,00 € ART. 3 Tfix 300,00€ ART. 2",no,curl id_ capture + pypdf
ESP-UB-Q02-01,ESP-UB,tuition,https://portaldogc.gencat.cat/utilsEADOP/AppJava/PdfProviderServlet?documentId=1017404&type=01&language=ca_ES,"Generalitat de Catalunya, DOGC núm. 9438 (20.6.2025)","Decret 125/2025, de 17 de juny, pel qual es fixen els preus dels serveis acadèmics a les universitats públiques de Catalunya i a la Universitat Oberta de Catalunya per al curs 2025-2026",2025/26,2026-09-30,Preamble p.1; Annex 1 point 1; Annex 1 7.1,"En conseqüència, en aquest Decret desapareixen les referències als coeficients d'estructura docent dels graus. [...] El preu per crèdit és de 17,69 euros. [...] 7.1 Gestió d'expedient acadèmic: [...] Matrícula quadrimestral: 54,54 euros. Matrícula anual: 69,80 euros.",no,curl + pypdf
ESP-UAB-Q02-01,ESP-UAB,tuition,https://portaldogc.gencat.cat/utilsEADOP/AppJava/PdfProviderServlet?documentId=1017404&type=01&language=ca_ES,"Generalitat de Catalunya, DOGC núm. 9438 (20.6.2025)","Decret 125/2025, de 17 de juny, pel qual es fixen els preus dels serveis acadèmics a les universitats públiques de Catalunya i a la Universitat Oberta de Catalunya per al curs 2025-2026",2025/26,2026-09-30,Preamble p.1; Annex 1 point 1; Annex 1 7.1,"En conseqüència, en aquest Decret desapareixen les referències als coeficients d'estructura docent dels graus. [...] El preu per crèdit és de 17,69 euros. [...] 7.1 Gestió d'expedient acadèmic: [...] Matrícula quadrimestral: 54,54 euros. Matrícula anual: 69,80 euros.",no,curl + pypdf
ESP-UPF-Q02-01,ESP-UPF,tuition,https://portaldogc.gencat.cat/utilsEADOP/AppJava/PdfProviderServlet?documentId=1017404&type=01&language=ca_ES,"Generalitat de Catalunya, DOGC núm. 9438 (20.6.2025)","Decret 125/2025, de 17 de juny, pel qual es fixen els preus dels serveis acadèmics a les universitats públiques de Catalunya i a la Universitat Oberta de Catalunya per al curs 2025-2026",2025/26,2026-09-30,Preamble p.1; Annex 1 point 1; Annex 1 7.1,"En conseqüència, en aquest Decret desapareixen les referències als coeficients d'estructura docent dels graus. [...] El preu per crèdit és de 17,69 euros. [...] 7.1 Gestió d'expedient acadèmic: [...] Matrícula quadrimestral: 54,54 euros. Matrícula anual: 69,80 euros.",no,curl + pypdf
ESP-UB-Q02-02,ESP-UB,compulsory_fees,https://web.archive.org/web/20251118082048id_/https://www.ub.edu/acad/matricula/preus.html,Universitat de Barcelona,Preu de la matrícula i d'altres serveis acadèmics (Curs 2025-2026),2025/26 (page heading; capture 18 Nov 2025),2026-09-30,"3- Preu d'altres serveis, Serveis de caràcter administratiu","A més del preu dels crèdits o del preu de la matrícula de doctorat, amb la matrícula s’ha d'abonar el preu dels serveis que s’especifiquen a continuació: Gestió de l’expedient acadèmic Matrícula quadrimestral Matrícula anual [...] 54,54€ 69,80€ [...] Serveis específics i de suport a l'aprenentatge (1) 70,00€ Assegurança escolar obligatòria (només menors de 28 anys) 1,12€",no,"curl id_ capture, HTML to text"
ESP-UAB-Q02-02,ESP-UAB,compulsory_fees,https://web.archive.org/web/20260101223018id_/https://www.uab.cat/web/estudis/grau/matricula/preus-dels-estudis-1345662202708.html,Universitat Autònoma de Barcelona,Preus dels estudis (grau),2025/26 (capture 1 Jan 2026; page links 'Preus [...] (Curs 2025-2026)' and gives SAF deadline 30/9/2026),2026-09-30,Informació específica graus; Altres conceptes que pot incloure la teva matrícula; Normatives,"El preu del crèdit és de 17,69 € [...] Gestió d'expedient acadèmic: 69,80 euros. Serveis específics i de suport a l'aprenentatge: 70 euros. Assegurança escolar: 1,12 euros (si ets menor de 28 anys). Assegurança complementària: 4,02 euros. [...] Preus per a la prestació de serveis acadèmics, administratius i d'altres conceptes (Curs 2025-2026)",no,"curl id_ capture, HTML to text"
ESP-UPF-Q02-02,ESP-UPF,tuition,https://web.archive.org/web/20260221133423id_/https://www.upf.edu/web/graus/preus,Universitat Pompeu Fabra,Preus (graus),2025/26 (stated; capture 21 Feb 2026),2026-09-30,"Table 'Graus', column 'Preu per a ciutadans de la UE (*)'","Els preus aproximats de la matrícula de primer curs dels graus del curs 2025-2026 a la UPF són els de la taula següent. [...] Administració i Direcció d'Empreses 1.202,32 € [...] Ciències Empresarials-Management 1.220,01 € [...] Comunicació Audiovisual 1.237,70 € [...] (*) Inclou el preu de gestió de la matrícula i de l'expedient, les publicacions i els impresos acadèmics i l'assegurança escolar.",no,"curl id_ capture, HTML to text (live upf.edu document link returned a Cloudflare challenge, not bypassed)"
ESP-UGR-Q02-01,ESP-UGR,compulsory_fees,https://www.juntadeandalucia.es/boja/2023/84/BOJA23-084-00020-7875-01_00282909.pdf,"Junta de Andalucía, BOJA núm. 84 (2023)","Decreto 98/2023, de 2 de mayo, por el que se determinan los precios públicos de las universidades públicas de Andalucía",2023/24 onwards,2026-09-30,"Anexo I, 2. Servicios administrativos, g) Secretaría (PDF page 13; rendered with pymupdf at 150 dpi and visually checked: amount column aligned row by row)","g) Secretaría 1.º Apertura de expediente académico 59,10 2.º Certificaciones académicas y traslados de expediente académico 26,30 3.º Mantenimiento de los datos y expedición de la tarjeta de identidad. 5,70",no,curl + pymupdf text and rendered image
ESP-UGR-Q02-02,ESP-UGR,compulsory_fees,https://www.juntadeandalucia.es/eboja/2025/172/BOJA25-172-00005-11889-01_00325486.pdf,"Junta de Andalucía, BOJA núm. 172 (8 Sep 2025)","Decreto 142/2025, de 2 de septiembre, por el que se modifica el Decreto 98/2023",2025/26 (Disposición final segunda),2026-09-30,"Artículo único, Cinco (disposición final primera) and Seis (Anexo I 2.h); Disposición final segunda","«El presente decreto permanecerá vigente en tanto no se aprueben nuevos precios públicos [...] Los precios públicos recogidos en el Anexo I del presente decreto se aplicarán a partir del curso académico 2023-2024.» [...] h) Secretaría 1.º Apertura de expediente académico 59,10 [...] Lo previsto en el presente decreto se aplicará a partir del curso académico 2025-2026.",no,curl + pymupdf
ESP-UGR-Q02-03,ESP-UGR,tuition,https://www.juntadeandalucia.es/boja/2025/172/21,Junta de Andalucía (BOJA HTML version),"Decreto 142/2025, de 2 de septiembre (HTML)",2025/26,2026-09-30,whole text (summary via WebFetch; no change to the grado credit price in Anexo I section 1),"(absence finding: the modifications listed are arts. 5, 6, 12.2, 14, the disposición final primera and Anexo I section 2; section 1 credit prices, incl. grado 12,62 in first enrolment, are not amended)",no,WebFetch (model summary) cross-checked against the PDF text
NOR-NULS-Q02-01,NOR-NULS,compulsory_fees,https://web.archive.org/web/20250718111830id_/https://www.nmbu.no/en/students/semester-fee-payment,Norwegian University of Life Sciences (NMBU),The semester fee and Kopinor fee payment,"autumn 2025 (capture 18 Jul 2025, before the 15 Sep autumn deadline)",2026-09-30,intro; 'What is the Kopinor fee?'; invoice paragraph,"At NMBU, the semester fee and the Kopinor fee are paid to the same invoice. Both are mandatory fees for students. [...] The fee is NOK 240 per semester and is paid at the same time as the semester fee, and will show on the same invoice. [...] The total invoice amount is NOK 750,- covering semester fee NOK 470,- Kopinor fee NOK 240,- and optional NOK 40,-",no,"curl id_ capture, HTML to text"
NOR-NULS-Q02-02,NOR-NULS,compulsory_fees,https://web.archive.org/web/20250614205035id_/https://www.nmbu.no/studenter/betaling-av-semesteravgift,NMBU,Betaling av semesteravgift,capture 14 Jun 2025 (before the Kopinor fee appears),2026-09-30,payment paragraph (no occurrence of 'Kopinor'),"Semesteravgiften kr 470,-. + valgfri kr 40 (til sammen 510,-) til Studentenes og Akademikernes Internasjonale Hjelpefond (",no,"curl id_ capture, HTML to text"
NOR-NULS-Q02-03,NOR-NULS,compulsory_fees,https://web.archive.org/web/20250806092802id_/https://www.nmbu.no/studenter/velkommen-som-ny-student,NMBU,Velkommen som ny student,autumn 2025 intake (capture 6 Aug 2025),2026-09-30,step '3. Betale semesteravgift og Kopinor-avgift',"Alle studenter som skal ta emner og avlegge eksamen må betale semesteravgift og Kopinor-avgift [...] Alle studenter som betaler semesteravgift, betaler samtidig Kopinor-avgiften til samme faktura.",no,"curl id_ capture, HTML to text"
NOR-NULS-Q02-04,NOR-NULS,compulsory_fees,https://web.archive.org/web/20260421233057id_/https://www.nmbu.no/studenter/betaling-av-semesteravgift,NMBU,Betaling av semesteravgift og Kopinoravgift,spring 2026 (capture 21 Apr 2026),2026-09-30,invoice paragraph,"Fakturaen er på til sammen kr 750,- og består av semesteravgift kr 470,- Kopinoravgift 240,- og valgfri kr 40,- til Studentenes og Akademikernes Internasjonale Hjelpefond (",no,"curl id_ capture, HTML to text"
UKR-TKP-Q02-01,UKR-TKP,tuition,http://blogs.kpi.kharkov.ua/v2/dogovor/wp-content/uploads/sites/37/2025/08/Vstupnyk_2025.pdf,"NTU 'KhPI', Навчально-методичний відділ договірної та практичної підготовки",Витяг з наказу №156 ОД від 20.05.2025 р.: Вартість навчання для здобувачів ... які вступають до НТУ «ХПІ» у 2025 році,2025 entrants (2025/26),2026-09-30,"single-page table, column 'денна форма - бакалавр'","Вартість навчання за семестр, грн [...] МІТ, Е, ХТ (крім І8 Промислова фармація), КН (G20 [...]), ІКМ (крім F3 [...], F1 [...]) 10920 13585 6470 8130 – БЕМ 25135 27705 8800 11435 8800 БЕМ (викладання анг. мовою) 27650 [...] СГТ (D4 Публ. управління та адм.) 25135 [...] * для здобувачів, які вступають на 4 курс у 2025/2026 н.р.",no,curl + pymupdf text
UKR-TKP-Q02-02,UKR-TKP,tuition,https://blogs.kpi.kharkov.ua/v2/dogovor/kontraktne-navchannya/vartist-navchannya/dlya-abituriyentiv/,"NTU 'KhPI', contract-education department",Для здобувачів (2025/2026 н.р.),2025/26 (contracts concluded in 2025/26),2026-09-30,page heading and table heading,"Вартість навчання для здобувачів першого (бакалаврського) та другого (магістерського) рівнів денної, заочної та дистанційної форм навчання, які укладали договори у 2025/2026 н. р. [...] Вартість навчання за семестр, грн",no,"curl, HTML to text"
UKR-TKP-Q02-03,UKR-TKP,averaging_rule,https://web.kpi.kharkov.ua/eee/vstupniku/vartist-navchannya/,"NTU 'KhPI', Institute of Energy, Electronics and Electromechanics",Вартість навчання,"page labelled 2024/2025 (annualisation evidence only, not a 2025/26 price)",2026-09-30,tuition table and payment options (read via WebFetch summary),"(WebFetch summary, not verbatim page text) per semester (грн/семестр): full-time bachelor 10920; payment 'за весь строк навчання', 'за кожен навчальний рік окремо', 'за кожен окремий семестр' or 'у формі розстрочки'",no,WebFetch (model summary; treat as corroboration only)
UKR-TKP-Q02-04,UKR-TKP,tuition,http://web.archive.org/web/2023id_/http://vstup.kpi.kharkov.ua/wp-content/uploads/2023/07/%D0%94%D0%BE%D0%B4%D0%B0%D1%82%D0%BE%D0%BA%201%20%D0%9F%D0%B5%D1%80%D0%B5%D0%BB%D1%96%D0%BA%20%D1%81%D0%BF%D0%B5%D1%86%D1%96%D0%B0%D0%BB%D1%8C%D0%BD%D0%BE%D1%81%D1%82%D0%B5%D0%B9%20%D1%82%D0%B0%20%D0%BA%D0%BE%D0%BD%D0%BA%D1%83%D1%80%D1%81%D0%BD%D0%B8%D1%85%20%D0%BF%D1%80%D0%BE%D0%BF%D0%BE%D0%B7%D0%B8%D1%86%D1%96%D0%B9%2C%20%D1%82%D0%B5%D1%80%D0%BC%D1%96%D0%BD%D1%96%D0%B2%20%D0%BD%D0%B0%D0%B2%D1%87%D0%B0%D0%BD%D0%BD%D1%8F%20%D1%82%D0%B0%20%D0%B2%D0%B0%D1%80%D1%82%D0%BE%D1%81%D1%82%D1%96%20%D0%BF%D0%BB%D0%B0%D1%82%D0%BD%D0%B8%D1%85%20%D0%BF%D0%BE%D1%81%D0%BB%D1%83%D0%B323.pdf,NTU 'KhPI' admissions (Додаток 1 до Правил прийому 2023),"Перелік спеціальностей та конкурсних пропозицій, термінів навчання та вартості платних послуг 2023",2023/24 (2023 intake),2026-09-30,"pp.6, 8 and 16 rendered as images (text layer lacks the price column); column 'Вартість навчання для укр. громадян, грн/рік, денна'",p.6: Фінанси і банківська справаᴬ 30470/ 33520 [...] Бізнес-адміністрування (англійською мовою навчання) 33520 [...] Маркетинг 30470; p.8: Прикладна математика [...] 19860; Інженерія програмного забезпечення (Інноваційний кампус)ᴬ 30470/ 33520; p.16 legend: ᴬ – можливе викладання англійською мовою,no,"curl Wayback id_ (live file returns HTML) + pymupdf render, visual reading"
ARG-UP-Q03-01,ARG-UP,tuition,https://chequeado.com/el-explicador/estudiar-en-una-universidad-privada-puede-costar-entre-140-mil-y-1-millon-por-mes-en-la-argentina/,Chequeado,Estudiar en una universidad privada puede costar entre $ 140 mil y $ 1 millón por mes en la Argentina,2024 (published 2024-09-06); not 2025,2026-09-30,paragraph on UP,"En la Universidad de Palermo, la cuota mensual varía entre $ 400 mil y $ 500 mil.",no,WebFetch (extracted by fetch model)
ARG-UP-Q03-02,ARG-UP,tuition,https://wwws.palermo.edu/Intranet/aranceles/pdf/Normas-Arancelarias.pdf,Universidad de Palermo,"Normas Arancelarias (live PDF, undated in text)",current (live 2026-09-30); structure only,2026-09-30,art. 6.4 (p.4),se deberán abonar en seis (6) cuotas mensuales totalizando doce (12) cuotas mensuales por año.,no,curl + pdftotext
ARG-UP-Q03-03,ARG-UP,compulsory_fees,https://wwws.palermo.edu/Intranet/aranceles/pdf/Normas-Arancelarias.pdf,Universidad de Palermo,Normas Arancelarias (live PDF),current (live 2026-09-30); structure only,2026-09-30,art. 5.1 (p.4),"Los estudiantes, una vez admitidos como tales conforme las reglas de ingreso y habiendo finalizado sus dos primeros Períodos Lectivos semestrales consecutivos, deberán abonar una ""Matrícula Anual"" en todo Ciclo lectivo posterior en que se inscriban, asistan o realicen cualquier actividad académica.",no,curl + pdftotext
ARG-UP-Q03-04,ARG-UP,tuition,https://portal.ejes.com/noticias/informacion-general/el-costo-educacion-universidades-privadas-argentina-alcanzan-cuotas-1060000-16195,Ejes (portal),El costo de la educación: las universidades privadas en Argentina alcanzan cuotas de hasta $1.060.000,2024 (published 2024-10-14; repeats the Chequeado figure),2026-09-30,paragraph on UP,La Universidad de Palermo tiene cuotas mensuales que varían entre $ 400.000 y $ 500.000,no,WebFetch (extracted by fetch model)
ARG-UCA-Q03-01,ARG-UCA,tuition,https://chequeado.com/el-explicador/estudiar-en-una-universidad-privada-puede-costar-entre-140-mil-y-1-millon-por-mes-en-la-argentina/,Chequeado,Estudiar en una universidad privada puede costar entre $ 140 mil y $ 1 millón por mes en la Argentina,2024 (published 2024-09-06); not 2025,2026-09-30,paragraph on UCA,"en la Universidad Católica Argentina (UCA), la cuota de las licenciaturas e ingenierías se ubica entre $ 141 mil y $ 575 mil en la sede de la Ciudad de Buenos Aires.",no,WebFetch (extracted by fetch model)
ARG-UCA-Q03-02,ARG-UCA,tuition,https://www.iprofesional.com/management/448026-revelan-el-ranking-de-universidades-mas-caras-de-argentina-y-el-valor-de-las-cuotas,iProfesional,Las universidades más caras de Argentina: así es el ranking 2026,January 2025 (one programme) and January 2026 (published 2026-02-15),2026-09-30,paragraph on UCA,"En el caso de la Licenciatura en Comunicación Publicitaria e Institucional, la cuota de enero de 2026 se ubicó en $751.000, mientras que hace un año era de $558.737.",no,WebFetch (extracted by fetch model)
ARG-UCA-Q03-03,ARG-UCA,tuition,https://www.cronista.com/negocios/cuotas-de-universidades-privadas-ya-superan-el-millon-de-pesos-mensual-en-argentina/,El Cronista,Cuotas de universidades privadas ya superan el millón de pesos mensual en Argentina,2024 (published 2024-10-14); within-2024 trajectory,2026-09-30,UCA paragraph,"Los aranceles de la Universidad Católica Argentina (UCA) subieron, en promedio un 134% respecto a enero.",no,WebFetch (extracted by fetch model)
ARG-UCA-Q03-04,ARG-UCA,tuition,https://wadmin.uca.edu.ar/api/fare/careers?region=buenos-aires,Pontificia Universidad Católica Argentina,"Aranceles por carrera, sede Buenos Aires (JSON API)","from 1 July 2026 (context only: relative position of Medicina, not a 2025 amount)",2026-09-30,"records 'Medicina' (share 1370000) and the highest licenciatura/ingenieria records (share 1062000, e.g. Arquitectura, Ingeniería Industrial)",Durante la carrera abonará 12 pagos anuales que corresponden a una matrícula y 11 cuotas. Los valores aquí informados rigen al 1/07/2026,no,curl (JSON)
PER-ULIMA-Q03-01,PER-ULIMA,tuition;compulsory_fees,https://www.ulima.edu.pe/sites/default/files/page/files/informacion_economica_2025-2.pdf,"Universidad de Lima, Dirección Universitaria de Administración y Finanzas",Información económica (boletas de pago 2025-2),Semester 2025-2,2026-09-30,"p.1, Derecho de matrícula and Categorías de pago tables",DERECHO DE MATRÍCULA S/ 270 [...] P S/ 960 [...] T S/ 449,no,curl + pdftotext
PER-ULIMA-Q03-02,PER-ULIMA,tuition;compulsory_fees,https://www.ulima.edu.pe/sites/default/files/page/files/2026-1_informacion_economica.pdf,"Universidad de Lima, DUAF",Información económica (boletas de pago 2026-1),Semester 2026-1,2026-09-30,"p.1, Derecho de matrícula and Categorías de pago tables",DERECHO DE MATRÍCULA S/ 270 [...] P S/ 979 [...] T S/ 460,no,curl + pdftotext
PER-ULIMA-Q03-03,PER-ULIMA,tuition,https://www.ulima.edu.pe/inversion,Universidad de Lima,Inversión,"live page, values 'vigente desde 2026-0'",2026-09-30,sections on categories and payment structure,"Los alumnos ingresantes deben matricularse en 20 créditos, excepto los alumnos que vayan a la Carrera de Arquitectura, quienes se matricularán en 22 créditos.",no,curl (HTML)
PER-ULIMA-Q03-04,PER-ULIMA,tuition;compulsory_fees,https://www.ulima.edu.pe/sites/default/files/page/files/duaf-informacioneconomica_2025-1.pdf,"Universidad de Lima, DUAF",Información económica (boletas de pago 2025-1),Semester 2025-1 (same calendar-year credit values as 2025-2),2026-09-30,p.1,DERECHO DE MATRÍCULA S/ 270 [...] P S/ 960,no,curl + pdftotext
PER-ULIMA-Q03-05,PER-ULIMA,compulsory_fees,https://web.archive.org/web/20240802134456id_/https://www.ulima.edu.pe/sites/default/files/duaf-informacioneconomica_2023-2_rev.19.7.2023.pdf,"Universidad de Lima, DUAF",Información económica (boletas de pago 2023-2),Semester 2023-2,2026-09-30,"p.1, Derecho de matrícula table; cuota 1.a",DERECHO DE MATRÍCULA S/ 250 [...] P S/ 928 [...] 1.a Del 27/07/2023 al 02/08/2023 4 Créditos + Derecho de Matrícula,no,curl (Wayback id_) + pdftotext
PER-ULIMA-Q03-06,PER-ULIMA,compulsory_fees,https://web.archive.org/web/20240920001714id_/https://www.ulima.edu.pe/sites/default/files/duaf-informacioneconomica_2024-2.pdf,"Universidad de Lima, DUAF",Información económica (boletas de pago 2024-2),Semester 2024-2 (proxy for 2024-1: same 2024 credit values),2026-09-30,"p.1, Derecho de matrícula table",DERECHO DE MATRÍCULA S/ 250 [...] P S/ 940 [...] T S/ 440,no,"curl (Wayback id_, gzip-decoded) + pdftotext"
MEX-ITAM-Q03-01,MEX-ITAM,tuition,https://web.archive.org/web/20251227202105/https://carreras.itam.mx/cuanto-cuesta-estudiar-en-el-itam/,ITAM,Calculadora de Inversión para mi Carrera,capture 27 Dec 2025 (2025/26),2026-09-30,"embedded JSON 'costos' and per-programme 'desglose' arrays (16 licenciaturas); first two semesters: min Dirección en Mercadotecnia [35,38]=73, max Contaduría Analítica y Finanzas Corporativas [43,44]=87","""costos"":{""CostoCredito"":4100,""CuotaNuevoIngreso"":21000}",no,curl (Wayback id_) + Python regex
MEX-ITAM-Q03-02,MEX-ITAM,tuition,https://www.generacionuniversitaria.com.mx/oferta-academica/cuanto-cuesta-estudiar-en-el-itam-en-2025/,Generación Universitaria (El Universal),¿Cuánto cuesta estudiar en el ITAM en 2025?,2025 (published 2025-09-19),2026-09-30,article body,"En 2025, el monto por crédito es de 4 mil 100 pesos.",no,WebFetch (extracted by fetch model)
MEX-ITAM-Q03-03,MEX-ITAM,tuition,http://finanzas.itam.mx/pagostdc/informacion/Cuotas%20Licenciatura.pdf,ITAM,Tabla de colegiaturas para el semestre enero-mayo 2025,Semester January-May 2025 (still the live file on 2026-09-30),2026-09-30,header and column 'Cuota por crédito',"TABLA DE COLEGIATURAS PARA EL SEMESTRE ENERO-MAYO 2025 [...] $4,020.00",no,curl + pdftotext
ZAF-UCT-Q03-01,ZAF-UCT,tuition,https://uct.ac.za/sites/default/files/media/documents/uct_ac_za/49/uct-handbook-12-fees-2025.pdf,University of Cape Town,Student Fees 2025 (Handbook 12),2025,2026-09-30,s.2.1 Typical 1st Year Tuition Fees (text lines 603-644 of pdftotext output); byte-identical to https://uct.ac.za/sites/default/files/media/documents/uct-handbook-12-2025-student-fees.pdf,BBusSc .....................................................R 51 690 to R 103 890 [...] MBChB.........................................................................R 108 800 [...] Bachelor of Social Work (BSW) .................................... R 66 100 [...] BSc - 1st year Extended Degree Programme .................. R 44 000,no,curl + pdftotext
ZAF-UCT-Q03-02,ZAF-UCT,tuition,https://uct.ac.za/sites/default/files/media/documents/uct_ac_za/49/uct-handbook-12-fees-2025.pdf,University of Cape Town,Student Fees 2025 (Handbook 12),2025,2026-09-30,"per-curriculum fee table, 'BBusSc specialising in Computer Science' (p. 43-44)",BBusSc specialising in Computer Science 1st Year .......................................................................... R 51 690 2nd Year........................................................................... R 96 470,no,curl + pdftotext
ZAF-UCT-Q03-03,ZAF-UCT,tuition,https://www.uct.ac.za/sites/default/files/media/documents/uct_ac_za/49/Fees_Handbook_2023.pdf,University of Cape Town,Fees Handbook 2023,2023 (comparison only),2026-09-30,"per-curriculum fee table, 'BBusSc specialising in Computer Science'",BBusSc specialising in Computer Science 1st Year........................................................................... R 74 720,no,curl + pdftotext
ZAF-UCT-Q03-04,ZAF-UCT,tuition,https://www.uct.ac.za/sites/default/files/media/documents/uct_ac_za/49/2026-fees-booklet.pdf,University of Cape Town,Student Fees 2026,2026 (comparison only),2026-09-30,s.2.1 and per-curriculum table 'BBusSc specialising in Computer Science',BBusSc .....................................................R 77 460 to R 110 580 [...] BBusSc specialising in Computer Science 1st Year .......................................................................... R 87 660,no,curl + pdftotext
ZAF-UCT-Q03-05,ZAF-UCT,compulsory_fees,https://uct.ac.za/sites/default/files/media/documents/uct_ac_za/49/uct-handbook-12-fees-2025.pdf,University of Cape Town,Student Fees 2025 (Handbook 12),2025,2026-09-30,"s.2 Academic fees, text lines 579-592",The sum of these costs will give you the total cost for the set of chosen courses as there are no levies or additional academic charges.,no,curl + pdftotext
ISR-HAIFA-Q03-01,ISR-HAIFA,tuition;compulsory_fees,https://web.archive.org/web/20250928142837/https://mt.haifa.ac.il/wp-content/uploads/2025/08/%D7%92%D7%95%D7%91%D7%94-%D7%A9%D7%9B%D7%A8-%D7%9C%D7%99%D7%9E%D7%95%D7%93-%D7%AA%D7%A9%D7%A4%D7%95.pdf,"University of Haifa - Student Administration Division, Department of Tuition Fees and Student Services","שכר לימוד לשנת הלימודים תשפ""ו (fee sheet, August 2025)",2025/26 (tashpav); Wayback capture 2025-09-28,2026-09-30,"p.1 (text extracted with PyMuPDF; RTL extraction splits some digits, e.g. '2 8 6' read as 682 against the stated total 1,163)","שכר לימוד בסיסי לתואר ראשון 100% 12,017 ש""ח [...] דמי רווחה 471 ש""ח [...] דמי אבטחה 682 ש""ח [...] דמי ארגון הסטודנטים הארצי היציג 10 ש""ח סה""כ 1,163 ש""ח",no,curl (Wayback id_) + PyMuPDF
ISR-HAIFA-Q03-02,ISR-HAIFA,tuition,https://web.archive.org/web/20250928142904/https://mt.haifa.ac.il/?p=5651,University of Haifa - Student Administration Division,"תקנון שכר-לימוד לשנת הלימודים תשפ""ו",2025/26 (tashpav); Wayback capture 2025-09-28,2026-09-30,first-degree calculation rules (credit loads by department) and minimum-tuition list,"בחוג לארכיטקטורה 274 נקודות על פני 5 שנות לימוד; בשלב הפרה-קליני בלימודי רפואה (.M.D) – 158 נ""ז על פני 3 שנים). — תלמיד הלומד תכנית לימודים בהיקף של 20 נקודות זכות ומעלה ישלם שכר לימוד יחסית להיקף לימודיו (2.5% משכר לימוד מלא לכל נקודת זכות). [...] בהתאם לכך, תלמיד הלומד למעלה מ־40 נקודות זכות בשנה ישלם למעלה מ־ 100% שכר לימוד באותה ש[נה] [...] מינימום שכר לימוד לתלמידי החוג לארכיטקטוריה (ללא תקור [...]",yes,curl (Wayback id_) + HTML strip
ISR-HAIFA-Q03-03,ISR-HAIFA,tuition,https://web.archive.org/web/20250623094135/https://mt.haifa.ac.il/?p=1929,University of Haifa - Student Administration Division,כללי חישוב שכר לימוד לתואר ראשון,2024/25 (tashpah); capture 2025-06-23,2026-09-30,credit loads by department; WIZO transfer paragraph,"בחוג לריפוי בעיסוק 152 נקודות על־פני 3.5 שנות לימוד; [...] בחוג להפרעות בתקשורת 153 נקודות זכות על פני 3.5 שנים; [...] בחוג לארכיטקטורה 274 נקודות על פני 5 שנות לימוד). [...] תלמידים שהחלו את לימודיהם במרכז האקדמי ויצ""ו עד לשנת הלימודים תשפ""ד (כולל), וממשיכים את לימודיהם באוניברסיטה בשנת הלימודים תשפ""ה [...] יחויבו מדי שנת לימודים בשכר-לימוד שנתי קבוע בגובה 100% שכר לימוד",no,curl (Wayback id_) + HTML strip
ISR-HAIFA-Q03-04,ISR-HAIFA,tuition,https://web.archive.org/web/20231003235842/https://mt.haifa.ac.il/?p=2762,University of Haifa - Student Administration Division,"תקנון שכר לימוד תשפ""ד",2023/24 (tashpad); capture 2023-10-03,2026-09-30,credit loads by department (no architecture entry),"בחוג לסיעוד ובחוג לפיזיותרפיה 160 נקודות על פני 4 שנות לימוד; בחוג לריפוי בעיסוק 152 נקודות על־פני 3.5 שנות לימוד; בחוג ריפוי בעיסוק בתכנית מבח""ר 147 נקודות על פני 3.5 שנות לימוד; בחוג להפרעות בתקשורת — 153 נקודות זכות על פני 3.5 שנות לימוד",no,curl (Wayback id_) + HTML strip
PAK-QIA-Q03-01,PAK-QIA,tuition,https://web.archive.org/web/20250913023220/https://qau.edu.pk/bachelor-fee-structure/,Quaid-i-Azam University,Bachelor (Fee Structure),w.e.f Fall 2025 (capture 13 Sep 2025),2026-09-30,"table 'Fee Structure: (QASMS Public Administratin and all Other Programmes) : w.e.f Fall 2025', Regular column","Category A – (At the time of Admission) | S.# | Fee Heads | B.S & B.S 5th Semester | Regular | S.F/Evening | Fall 25 | Fall 25 | (a) | Total (a) | 31,640 /- | 32,050 /- | Category B –  (Per Semester)  | (b) | Total (b) | 58,940 /- | 109,070 /-",no,curl (Wayback id_) + HTML strip
PAK-QIA-Q03-02,PAK-QIA,tuition,https://web.archive.org/web/20250913023220/https://qau.edu.pk/bachelor-fee-structure/,Quaid-i-Azam University,Bachelor (Fee Structure),w.e.f Fall 2025 (capture 13 Sep 2025),2026-09-30,"table 'Fee Structure for QASMS (Business Administration only), Computer Science, Information Technology, Pharmacy , School of Law, English and SP&IR Programs w.e.f Fall 2025', Regular column","Category A (At the time of Admission) [...] Total Except (Pharm-D, Comp. Sc., IT and Law) | 32,460 /- | 32,850 /- | (a) | Total (Law + Comp. Sc. + IT) | 35,460 /- | 35,850 /- | (a) | Total (Pharmacy) | 34,460 /- | 34,850 /- | Category B (Per Semester)  | (b) | Total (b) | 60,860 /- | 129,380 /-",no,curl (Wayback id_) + HTML strip
PAK-QIA-Q03-03,PAK-QIA,compulsory_fees,https://web.archive.org/web/20211004043131/https://qau.edu.pk/bachelor-fee-structure/,Quaid-i-Azam University,Bachelor (Fee Structure),"w.e.f Fall 2021 (capture 4 Oct 2021); nearest itemised year, context for Category A",2026-09-30,"first table (Management Sciences, CS, IT, Pharm-D, BA LLB), Category A and B heads","Category A (At the time of Admission) | 1 | Admission Fee | 13,970 | 14,550 | 2 | Securities(Deptt + Lib) | 15,120 | 15,120 | | Total A (1 & 2) | 29,090 | 29,670 | Category B Per Semester | 3 | Tuition Fee | 31,440 | 73,710 | 4 | Services Fee | 19,710 | 18,790 |",no,curl (Wayback id_) + HTML strip
PAK-QIA-Q03-04,PAK-QIA,compulsory_fees,https://web.archive.org/web/20191002023344/http://qau.edu.pk/bachelor-fee-structure/,Quaid-i-Azam University,Bachelor (Fee Structure),Fall 2019 (capture 2 Oct 2019); context for Category A,2026-09-30,"first table, Category A heads","Category A (At the time of Admission) | S.# | Description | Regular | Open Merit/S.F | Fall 19 | Fall 19 | 1 | Admission Fee | 5100 | 5100 | 2 | Registration Fee | 5100 | 5100 | 3 | Identity Card | 300 | 300 | 4 | Library Security (Refundable) | 5800 | 5800 | 5 | Documents Verfication fee | 2300 | 2300 | 6 | Departmental Security (Refundable) | NIL | NIL | | Total A: | 18,600 | 18600 |",no,curl (Wayback id_) + HTML strip
NGA-UNN-Q03-01,NGA-UNN,compulsory_fees,https://guardian.ng/news/unn-alleges-plot-to-cause-unrest-in-on-campus/,"The Guardian (Nigeria), quoting UNN acting PRO Inya Agha Egwu",UNN alleges plot to cause unrest in on campus,2025/26,2026-09-30,"INACCESSIBLE to this checker: Cloudflare challenge (HTTP 403) on direct fetch; no Wayback capture (CDX empty). Text below is from a WebSearch result summary only, not from the page; the 'other levels' amounts (172,200 / 156,200) quoted by the draft could not be confirmed","first-year students in the Faculties of Medicine and the Social Sciences will pay sundry charges of ₦189,240 and ₦173,640 instead of ₦243,900 and ₦225,900, respectively, earlier approved by the Council for the 2025/2026 academic session.",no,WebSearch snippet (unverified); page inaccessible
NGA-UNN-Q03-02,NGA-UNN,compulsory_fees,https://www.withinnigeria.com/2026/01/19/inside-story-parents-students-groan-as-unn-increases-tuition-fees-by-40/,Within Nigeria (quoting a UNN management statement),"INSIDE STORY: Parents, Students Groan As UNN Increases Tuition Fees By 60%",2025/26 (published 2026-01-19),2026-09-30,quoted university statement; paragraph on the 2022 increment,"Under the approved arrangement, both new and returning students will now pay increased 60 percent of the existing sundry charges for the 2025/2026 session , representing a 40 per cent reduction from the initial proposal 100 per cent Increment by the University Management. A comprehensive schedule of the revised charges, disaggregated by faculty and level, will be released to the University communi [...]",yes,curl + HTML strip
NGA-UNN-Q03-03,NGA-UNN,compulsory_fees,https://www.unn.edu.ng/wp-content/uploads/2022/12/Consolidated-Fees-min.pdf,"University of Nigeria, Nsukka (stamped Office of the Vice Chancellor, 09 Dec 2022)",Schedule of Undergraduate Consolidated Service Charges for 2021/2022 Session,2021/2022 (structure of first-year vs later-year charges; not a 2025/26 amount),2026-09-30,"pp.1-2 (rotated scan, visually read after rotation): FIRST YEAR row 1 Social Sciences; SECOND YEAR row 1 Social Sciences","FIRST YEAR [...] Social Sciences | 1,500.00 | 750.00 | 1,500.00 | 7,500.00 | 1,500.00 | 3,000.00 | 30,000.00 | 4,000.00 | 4,500.00 | 3,000.00 | 5,550.00 | 1,500.00 | - | - | 9,000.00 | 2,250.00 | 750.00 | 900.00 | 750.00 | 450.00 | 750.00 | 18,000.00 | 6,900.00 | 3,000.00 | 2,250.00 | 1,500.00 | 110,800.00 | 55,400.00 [...] SECOND YEAR [...] Social Sciences | 1,500.00 | 750.00 | 1,500.00 | 8,750.0 [...]",yes,"curl + PyMuPDF render + visual reading (manual transcription; first-year handbook 6,900 and second-year blank cells read from the image)"
PHL-ATENEO-V030-P01,PHL-ATENEO,tuition; compulsory_fees,https://philstarlife.com/self/471279-list-how-much-tuition-fees-top-philippine-universities,PhilSTAR Life,"LIST: How much are the tuition fees in top Philippine universities? (published Jul 04, 2025)",2025/26,2026-10-01,section 'Ateneo de Manila University',"For the academic year 2025-2026, each unit costs around P5,200, with the average tuition fee per semester at P104,420 for 20 units. Basic fees like registration fee, library fee, health and wellness fee, and student activities fee are at P16,574, while other fees such as ID fee, yearbook fee, NSTP tuition fee, and diploma/graduation fee cost P7,200.",no,curl (HTML to text); secondary source
PHL-ATENEO-V030-P02,PHL-ATENEO,tuition,https://www.ateneo.edu/college/tuition-fees,Ateneo de Manila University,Tuition and Fees | College (live page),2027/28 (estimate; not usable),2026-10-01,Body; 'Updated as of 17 June 2026',"For the School Year 2027-2028, you may find the estimated tuition and fees charged per semester, in Philippine Pesos, below: Tuition (20 units) 110,691 Basic Fees 17,394 Other Fees 8,524",no,curl (HTML to text)
ARE-ADU-V031-P01,ARE-ADU,tuition,https://web.archive.org/web/20250418063748/https://cdn.adu.ac.ae/images-container/docs/default-source/admissions-financials/all-tuition-fees-arabic.pdf,Abu Dhabi University,الرسوم الدراسية والرسوم في جامعة أبوظبي للعام الدراسي 2025-2024 (V: 092024),2024/25,2026-10-01,p.1 title; p.2 (Abu Dhabi campus) and p.3 (Al Ain campus) undergraduate tables and VAT note; p.3 rendered and read visually,الرسوم الدراسية والجامعية للبكالوريوس | الحرم الجامعي في مدينة العين 2025-2024 للعام الدراسي [...] كلية الآداب والعلوم 1230 [...] كلية العلوم الصحية 1985 [...] الخدمات الطلابية 350 175 [...] تخضع الرسوم أعلاه لضريبة القيمة المضافة بنسبة 5% باستثناء رسوم السكن والمواصلات. | Abu Dhabi campus (p.2): كلية الآداب والعلوم 1540 [...] كلية العلوم الصحية 1985 [...] كلية القانون 1540 [...] الخدمات الطلابية [...],yes,curl Wayback id_ capture + pymupdf text (RTL glyph order normalised) + visual check of p.3
OMN-SQU-V031-P01,OMN-SQU,tuition,https://alsahwa.om/?p=238296,"Al-Sahwa (alsahwa.om), citing Oman News Agency","لأول مرة.. فرص تعليمية بنظام الرسوم الدراسية في جامعة السلطان قابوس (مارس 17, 2025)",2025/26 (announced March 2025),2026-10-01,paragraphs 1 and 3,وبرسوم دون المساس بعدد المقاعد المخصصة التي يتنافس عليها الطلبة العُمانيون من خلال مركز القبول الموحد كل عام [...] البرنامج يستهدف قبول 300 طالب وطالبة – كحد أقصى – من الطلبة الدوليين والعُمانيين دون المساس بعدد المقاعد المخصصة التي يتنافس عليها الطلبة العُمانيون من خلال مركز القبول الموحد كل عام، وستوزع المقاعد الجديدة على مختلف الكليات والتخصصات، ماعدا كلية الطب والعلوم الصحية.,no,"curl + html-to-text (Arabic; press, secondary)"
KAZ-KAZNU-V032-P01,KAZ-KAZNU,tuition,https://www.lada.kz/kazakhstan-news/140497-stavki-sdelany-opublikovany-tseny-na-uchebu-v-kazakhstanskikh-vuzakh-na-2025-2026-uchebnyi-god.html,Lada.kz,Ставки сделаны: опубликованы цены на учебу в казахстанских вузах на 2025-2026 учебный год,2025/26,2026-10-01,section on KazNU,"Стоимость обучения в КазНУ — от 500 тысяч до 1,7 млн тенге, в зависимости от выбранной специальности. Самой бюджетной программой является «Сестринское дело», самой дорогой — «Юриспруденция».",no,curl (HTML to text)
KAZ-SATBAYEV-V032-P01,KAZ-SATBAYEV,tuition,https://www.lada.kz/kazakhstan-news/140497-stavki-sdelany-opublikovany-tseny-na-uchebu-v-kazakhstanskikh-vuzakh-na-2025-2026-uchebnyi-god.html,Lada.kz,Ставки сделаны: опубликованы цены на учебу в казахстанских вузах на 2025-2026 учебный год,2025/26,2026-10-01,section on Satbayev University,"Год обучения здесь стоит от 905 тысяч до 1,3 млн тенге. Один кредит — 15–21 тысяча тенге.",no,curl (HTML to text)
KAZ-KAZNARU-V032-P01,KAZ-KAZNARU,tuition,https://bes.media/news/skolko-stoit-obuchenie-v-natsionalnyh-vuzah-kazahstana/,BES.media,"Где дешевле, а где дороже: цены на обучение в национальных вузах Казахстана",2026/27 (context only; published 20 July 2026),2026-10-01,section on KazNARU,Обучение на всех специальностях бакалавриата составляет 880 тысяч тенге в год.,no,curl (HTML to text)
KAZ-SKU-V032-P01,KAZ-SKU,tuition,https://newtimes.kz/eksklyuziv/172144-deshevle-stolicy-v-tri-raza-obzor-universitetov-shymkenta-dlya-abiturientov,NewTimes.kz,Дешевле столицы в три раза: Обзор университетов Шымкента для абитуриентов,2023/24 (published 10 July 2023); bears on change_vs_2023_24 and corrected_2023_24_headline,2026-10-01,item 1,"Стоимость года обучения бакалавриата составляет 550 тыс тенге, но для поступления надо набрать на ЕНТ проходной балл 75 баллов.",no,curl (HTML to text)
KAZ-ABAI-V032-P01,KAZ-ABAI,tuition,https://bizmedia.kz/2023-07-04-skolko-stoit-obuchenie-v-vuzah-astany-i-almaty/,Bizmedia.kz,Как дорого обучение в вузах Алматы и Астаны?,2023/24 (published 4 July 2023); bears on change_vs_2023_24,2026-10-01,list of Almaty universities,КазНПУ имени Абая – от 816 656 тенге («Педагогика и психология») до 1 121 098 тенге («Филология»);,no,curl (HTML to text)
AZE-BSU-V034-P01,AZE-BSU,tuition,https://modern.az/az/tehsil/732871/pedaqoji-ixtisaslarin-plan-yerleri-ve-tehsil-haqlari-tam-siyahi/,Modern.az (news site),Pedaqoji ixtisasların plan yerləri və təhsil haqları - TAM SİYAHI (10 Avqust 2026),2026/27 (Qazax branch price level; brackets 2025/26 with the 2024/25 Banker.az figure),2026-10-01,article body,"BDU-nun Qazax filialında Riyaziyyat müəllimliyi və Riyaziyyat və informatika (rəqəmsal bacarıqlar) müəllimliyinin hər biri üzrə 20 plan yeri ayrılıb. Hər iki proqramda illik təhsil haqqı 1500 manatdır. ... Qazax filialında Məktəbəqədər təhsil üzrə 20 yer ayrılıb, illik təhsil haqqı 1600 manatdır.",no,curl (HTML to text)
