institution_id,checker_run,control_check,band_check,sources_opened,disagreement,resolution,notes
IRL-TCD,V001,agree,agree,4,,none_needed,"Control public confirmed by the CSO notice, which reads 'publicly controlled market producers' and is dated April 2018 (not 2013 as source row S05 says). Band low is robust: EUR 2,191.75 = 2.2% of GDP per capita; pre-reduction EUR 3,191.75 = 3.2%; even with GDP per capita halved (Irish GDP is inflated by multinational accounting) the ratio is 4.4% < 5%. The EUR 1,000 reduction is confirmed on the TCD Budget capture (Dec 2023). govt_need_aid targeted confirmed: 23% of TCD's Irish-domiciled undergraduates held any SUSI grant in 2022/23 (HEA). inst_need_aid stays unknown: the TAP Student Scholarship Fund (privately funded, EUR 1,000-5,000) is on a current page that states neither means-testing criteria nor a charge reduction."
IRL-UCD,V001,agree,agree,2,,none_needed,Control: the CSO notice covers the seven Universities Act universities (UCD is a constituent university). Band low is robust (2.3%; any plausible contribution level stays within 1-5%). govt_need_aid targeted: 21% of UCD's Irish-domiciled undergraduates held any SUSI grant in 2022/23 (HEA). inst_need_aid was not searched; left unknown.
IRL-GALWAY,V001,agree,agree,2,,none_needed,Control per the CSO notice. Band low is robust (2.2%). govt_need_aid targeted: the national SUSI grant share was 26% of full-time students in 2022/23 (HEA); no institution figure is given. inst_need_aid not searched; unknown.
IRL-UCC,V001,agree,agree,2,,none_needed,Control per the CSO notice. Band low is robust (2.2%). govt_need_aid targeted (HEA national share 26%). inst_need_aid not searched; unknown.
IRL-UL,V001,agree,agree,3,,none_needed,"Control per the CSO notice. The UL capture (20 Nov 2023) re-read: 'Rate AY 2023/24 = EUR 3,000', no reduction shown. The 2023/24 levy remains undocumented (the Wayback CDX index was offline). Band is low for any value between EUR 2,000 and EUR 3,200 (2.0%-3.2%). govt_need_aid targeted (HEA national share 26%). inst_need_aid unknown."
GBR-CAM,V001,agree,agree,4,,none_needed,"private_nonprofit with govt_dependent yes agreed. The ONS quote that had no URL is now sourced: the ONS statement of 31 Jan 2017 says universities 'will remain classified to the private sector', and the ONS updates page gives S.15 NPISH. Band moderate: 9,250 / 40,162 = 23.0%, 8% below the 25% cut; it would take >= GBP 791 of compulsory charges to reach high. The Kitchen Fixed Charge (max GBP 625, some Colleges only, treated as board) gives at most 24.6%, still moderate. 2023-24 fee PDF re-opened. govt_need_aid none: tuition support in England is the Tuition Fee Loan only (GOV.UK, current page). inst_need_aid targeted accepted (the bursary can go to fees or living costs). The Cambridge SU charge is still unverified."
GBR-OX,V001,agree,agree,3,,none_needed,"Control as GBR-CAM (ONS sources added). Band moderate at 23.0%; no compulsory charge beyond the single course fee was found, and the SU charge was not re-checked. govt none agreed (loans only). inst targeted accepted, but the Oxford Bursary and Crankstart are cash awards: a strict reading of the s.6 stipend exclusion would drop them (coordinator decision)."
GBR-ICL,V001,agree,agree,4,,none_needed,"Control as GBR-CAM. Band moderate at 23.0%; ICU membership is automatic and no fee was found. inst_need_aid targeted confirmed: the bursary can be converted into a tuition fee waiver (packet line 148), so it can reduce the charge. The Dec-2023 capture shows the 2024-entry scale (automatic below GBP 70,000). govt none agreed."
GBR-UCL,V001,agree,agree,3,,none_needed,"Control as GBR-CAM. Band moderate at 23.0%; free SU membership is evidenced for 2021/22 only. The UCL Bursary page URL was not recovered (two Wayback lookups returned 404), so targeted rests on the collector's quote. govt none agreed."
GBR-ED,V001,agree,agree,3,"aid: headline is free, so both aid fields should be not_applicable",correction_proposed,"Control as other UK institutions (ONS covers all UK countries; OSCR lists a statutory corporation). Band free agreed for the Scotland-resident baseline: the 2023 capture re-read says 'you will not be invoiced for fees' and SAAS pays the university. The band depends on the Free-Fees convention (tuition 0); the alternative headline GBP 1,820 = 4.5% (low). Aid recodes proposed: govt unknown -> not_applicable, inst targeted -> not_applicable."
USA-MIT,V001,agree,agree,2,,none_needed,"Control: Scorecard ownership 2 (private nonprofit). Band high (72.8%, far from any cut). The registrar's 2023-24 schedule was re-opened: tuition 29,875 per term; Student Life Fee 208 per term (= 416, vs 406 elsewhere; immaterial). govt targeted confirmed (Pell 19.3%, Scorecard). inst broad accepted (58% on need-based aid; tuition-free below $140,000)."
USA-HARVARD,V001,agree,agree,4,govt_need_aid unknown -> targeted,correction_proposed,"Control: CDS 'Private (nonprofit)'; Scorecard ownership 2. Band high: CDS 2022-23 G1 (2023-24 costs) re-read gives tuition $54,269 and required fees $4,807 (71.5%). govt_need_aid: Pell grants exist (CDS 2023-24 H1 federal need-based grants of $13.4m for 2022-23; Scorecard Pell rate 16.4%) -> targeted. inst broad accepted (54.3% on need-based grants; zero parent contribution below $85,000), but see the summary note on how 'broad' is read."
USA-STANFORD,V001,agree,agree,5,govt_need_aid unknown -> targeted,correction_proposed,"Control: Scorecard ownership 2. Band high: 2023-24 tuition $20,577 per quarter (student services page), and the Stanford Report capture (Feb 2023) gives '$61,731 for tuition ... $753 for the mandatory health fee' (75.7%). The 2023-24 announcement confirms no tuition below $150,000, and no tuition, room or board below $100,000, beginning in 2023-24. This resolves the packet's MISSING #12 concern about the year; inst broad accepted. govt: Pell rate 19.2% (Scorecard) -> targeted. The Stanford CDS page requires SSO and was not opened."
USA-UCB,V001,agree,agree,2,,none_needed,"Control public (Scorecard ownership 1; Cal. Const. art. IX s.9 in sources). Band moderate: the registrar's 2023-24 cohort per-semester resident charges were re-read (tuition 6,261; SSF 615; campus fee 820; transit 105; IREF 117.50; SHIP 1,929 waivable and excluded), giving 15,837 per year = 19.2%. The high cut (25%) is $20,647, so moderate is robust. govt targeted (Pell 28.6%, Scorecard) and inst targeted (Blue and Gold, 'over a third') accepted."
USA-UCHICAGO,V001,agree,agree,2,inst_need_aid broad -> targeted,correction_proposed,"Control: CDS 2023-24 'Private (nonprofit)'; Scorecard 2. Band high (79.5%). CDS 2023-24 G1 reports 2024-25 prices (tuition $67,446), so the bursar's 2023-24 figures used in the row are the right ones. govt targeted confirmed (CDS H1 federal need-based grants $10,148,184; Pell 15.3%). inst: only 33.7% received any need-based grant (CDS H2: 2,538/7,540), so a 'free below $125,000' guarantee reaches at most 33.7% -> targeted under the protocol's indicative 40% share. The alternative reading is noted in corrections."
NLD-TUD,V001,agree,agree,2,govt_need_aid targeted -> none,correction_proposed,"Control: WHW annex a lists Delft among the 'openbare universiteiten' (version in force 1 Sep 2023). Band low: the TU Delft 2023/24 regulation was re-read (2,314 full; 1,157 halved first-year fee) = 1.97%; the full rate (3.9%) is also low. Aid: the aanvullende beurs is part of living-cost financing under WSF 2000 art. 3.3/3.18, and tuition is financed only by the collegegeldkrediet (a loan) -> none. inst unknown retained."
NLD-UVA,V001,agree,agree,2,govt_need_aid targeted -> none,correction_proposed,"Control: WHW annex a (Amsterdam). Band low: ISB 2023-24 art. 14 re-read (reduced fee 1,157; AUC first-year 3,543); midpoint 2,350 = 4.0%. band_unstable (max 6.0%) is correctly flagged; the midpoint gives the two small art. 6.7 programmes the weight of an endpoint. govt -> none (see NLD-TUD)."
NLD-UU,V001,agree,agree,2,govt_need_aid targeted -> none,correction_proposed,"Control: WHW annex a (Utrecht). Band low: UU Reglement 4A(f) re-read confirms the UCU first-year fee of 3,645 (the halving applies to art. 6.7 programmes); midpoint 2,437.5 = 4.15%, 17% below the 5% cut. Sensitivity: the midpoint crosses 5% only if the max exceeds EUR 4,717; UCR's full EUR 4,135 without halving (not the legal rule) would give 4.5%, still low. govt -> none (see NLD-TUD). inst targeted (UCU scholarships) accepted, though weakly evidenced."
NLD-TUE,V001,agree,agree,1,govt_need_aid targeted -> none,correction_proposed,"Control: WHW annex a (Eindhoven). Band low: the halved statutory first-year fee of 1,157 (national rule; TU/e statute cited in sources) = 1.97%; any statutory rate stays low. The TU/e document itself was not re-opened. govt -> none (see NLD-TUD)."
NLD-LEI,V001,agree,agree,1,govt_need_aid targeted -> none,correction_proposed,"Control: WHW annex a (Leiden). Band low but fragile. The Leiden regulation PDFs returned an anti-bot HTML page to curl (not bypassed), so the LUC fee was not re-read. Rule check: Uitvoeringsbesluit art. 2.4b(2) (in sources) halves art. 6.7 fees for first-year students, so the LUC first-year figure of 3,767 is a lawful derivation; midpoint 2,462 = 4.19%. Adding the LUC campus fee (EUR 595, year unclear) gives 2,759.5 = 4.70%, still low. The midpoint reaches 5.7% (low_moderate) only if the halving did NOT apply AND the campus fee counted. govt -> none (see NLD-TUD)."
DEU-TUM,V002,agree,agree,"BayHIG Art.1 (gesetze-bayern, live); TUM fee page capture 2023-09-27",,correction_proposed,"Control: BayHIG Art.1(2) lists the Technische Universitaeten in Muenchen among the Staatliche Hochschulen (current text; 2023/24 wording not re-verified). Band: the capture confirms Grundbeitrag 85.00 EUR from WiSe 23/24 and ""Ausnahmen sind nicht moeglich"". 170 EUR/yr = 0.34% of GDP per capita; adding the former Solidarbeitrag (77.30/semester) would still stay under 1%, so free is robust. Aid: govt targeted accepted (BAfoeG half grant), but see the cross-country note on maintenance grants. Inst recoded to none (the only compulsory fee admits no exceptions)."
DEU-LMU,V002,agree,agree,BayHIG Art.1 (same text as TUM); LMU Studierendenwerksbeitraege capture 2024-06-15,,correction_proposed,"Control as for TUM (BayHIG Art.1(2): Universitaeten in Muenchen). Band: the capture confirms Grundbeitrag 85.00 EUR in WiSe 2023/24 and SoSe 2024, and that the Semesterticket Solidarbeitrag was suspended from WiSe 2023/24. 170 EUR = 0.34% of GDP per capita, robustly free. Inst aid recoded to none: the same Studierendenwerk Muenchen Oberbayern Grundbeitrag that TUM says admits no exceptions; the LMU page says all students must pay it every semester (a rule applied across institutions; flagged)."
DEU-UHD,V002,agree,agree,"Heidelberg semester-fee pages, captures 2023-10-02 (EN) and 2024-04-15 (DE)",,none_needed,"Band: 151.05 EUR/semester confirmed for WiSe 23/24 (payment reference 23W) and SoSe 2024 (70.00 admin + 66.00 Sozialbeitrag + ...). 302.10 EUR = 0.60% of GDP per capita. Adding the dropped 35.30 EUR ticket line twice (372.70) would still stay under 1%, so free is robust. Control not re-opened (cited LHG BW copy; public status of BW state universities is uncontroversial). Inst aid left unknown (Sozialbeitrag hardship rules not found)."
DEU-FUB,V002,agree,agree,FU fee page capture 2023-09-28,,none_needed,"Band: the capture confirms WiSe 2023/24 re-registration at 312.89 EUR (50.00 admin, 54.09 Sozialbeitrag, 10.00 student body, 198.80 Semesterticket + Sozialfond). 608.38 EUR/yr = 1.20% of GDP per capita, within about 20% of the 1% cut-off. The ticket is compulsory and counts under the protocol, so low stands. Control relies on the cited BerlHG PDF (not re-opened). Aid codes accepted."
DEU-RWTH,V002,agree,agree,"HG NRW historical text (recht.nrw.de); AStA WiSe 23/24 article, capture 2024-01-13",,none_needed,"Control: HG NRW s.1(2) lists ""die Technische Hochschule Aachen"", and s.2(1) says ""vom Land getragene, rechtsfaehige Koerperschaften des oeffentlichen Rechts"" (text amended only to 2017; later wording not verified). Band: 318.66 EUR for WiSe 23/24 confirmed. SoSe 2024 is 303.49 or 293.49 EUR (the source is inconsistent), giving 612-622 EUR = 1.21-1.23% of GDP per capita: low in both readings. Within about 20% of the 1% cut-off, but the mobility fee is compulsory. Aid codes accepted."
FRA-PSL,V002,agree,agree,Legifrance decree 2022-1475 (WebFetch summary); Dauphine droits-et-tarifs capture 2023-10-02,,correction_proposed,"Control: PSL is a grand etablissement (EPSCP); the decree lists Universite Paris-Dauphine among its etablissements-composantes, each with its own legal personality. Band: the LSO L1 scale is confirmed for 2023-2024 (<=34,999 Exoneration ... >=160,000 3,300 EUR). Midpoint (170+3,300)/2 + CVEC 100 = 1,835 = 4.44% of GDP per capita: low, but within about 11% of the 5% cut-off and band_unstable (max 3,400 = 8.2%). An LSO Frankfurt track (droits modules, same scale, taught abroad) is not mentioned in the row; it does not change the band. Aid: under v1.1 the Dauphine income scale is an income-scaled schedule at a PUBLIC institution, so it belongs to govt_need_aid (already targeted via the CROUS/boursier waiver). The row cites it as institutional aid, so inst_need_aid should revert to unknown."
FRA-IPP,V002,agree,agree,Legifrance decree 2019-549 v. 01/10/2023 (WebFetch summary); X Bachelor fee and aid captures 2023-08-16,,none_needed,"Control: ""etablissement public a caractere scientifique, culturel et professionnel experimental""; member schools X, ENSTA, GENES, IMT. Band: the capture confirms ""FRAIS DE SCOLARITE POUR L'ANNEE 2023 Ressortissant de l'UE et EEE EUR14,600 / an"". 14,700 = 35.6% of GDP per capita, high, far from any cut-off. The high band depends on the protocol choice that the Bachelor is the only ISCED-6 first-degree route (the salaried ingenieur polytechnicien cycle is post-CPGE); flag for the highlighted-cases note. Aid: govt none confirmed (""ne sont pas eligibles a une bourse sur criteres sociaux de la CROUS""). Inst targeted confirmed: partial social-criteria waivers ""reservees aux etudiants admis avec honneurs"", 1,000 to 11,000/14,100 EUR, with a 1,400 EUR minimum residual."
FRA-SU,V002,agree,agree,Legifrance decree 2017-596 (WebFetch summary),,none_needed,"Control confirmed (EPSCP constitue sous la forme d'une universite). Band: 270 EUR = 0.65% of GDP per capita, free; even a double licence (170+113+100 = 383 EUR) would stay under 1%. Fee source not re-opened (the national arrete rate is uniform). Aid codes accepted; inst unknown (exemptions arrete not opened)."
FRA-UPSACLAY,V002,agree,agree,Legifrance decree 2019-1131 (WebFetch summary),,none_needed,"Control: ""etablissement experimental public a caractere scientifique, culturel et professionnel"". Band: 270 EUR, free. The LDD alternative (440 EUR, 1.06%) would move into low only for double-licence students, who are not the baseline; conflict C4 stays open but does not affect the baseline band. Aid codes accepted."
FRA-ENSL,V002,agree,agree,Legifrance decree 2012-715 v. 01/10/2023 (WebFetch summary),"inst_need_aid evidence refers to the diplome route, not the baseline CPES route",correction_proposed,Control confirmed (EPSCP au sens de L.711-1). Band: 270 EUR free (CPES 170 + CVEC 100); the diplome route (213 + 100) would also be free. Inst aid: the only cited institution-funded measure (boursiers exempt from the diplome de l'ENS fee) applies to a route the row itself excludes from the baseline. On the CPES route the boursier exemption is the statutory national waiver (govt). Recode inst to unknown.
JPN-UTOKYO,V002,agree,agree,National University Corporation Act (e-Gov API asof 2023-06-01); UTokyo fee page capture 2023-05-16; MEXT support-scheme page capture 2023-04-27,,none_needed,"Control: Appended Table 1 lists the national university corporation for UTokyo. Band: 535,800 JPY confirmed for entrants from 1999 onward. 10.83% of GDP per capita, moderate, about 8% above the 10% cut-off (494,739 JPY); any omitted recurring fee would only raise it. Govt aid targeted confirmed (residence-tax-exempt and near-exempt households; full, 2/3 or 1/3 support). Inst targeted accepted from the cited 2023 guide."
JPN-KYOTO,V002,agree,agree,e-Gov NUC Act; Kyoto exemption page capture 2023-09-22,,none_needed,"Control confirmed. Band: 535,800 JPY, moderate (see UTokyo); fee capture not re-opened. Inst aid targeted confirmed: the 2023 page says the university scheme tops up national 1/3 and 2/3 awards to half or full exemption and covers students not eligible for the national scheme."
JPN-OSAKA,V002,agree,agree,"e-Gov NUC Act; Osaka fee page capture 2023-11-29; Osaka remission/system page (live, FY2026)",Inst aid still unestablished for 2023,unresolved,"Band: undergraduate 535,800 JPY confirmed on the FY2023 capture; moderate. Inst aid: 2023 criteria are still missing. The remission pages were not captured in 2023, the live detail page osaka-menjyo returned 401 to curl, and the Wayback CDX was temporarily offline. The live FY2026 page says Osaka's own scheme is in principle for students without national-scheme eligibility (graduate and international students), which suggests none for the baseline. It is not 2023 evidence, so the field is left unknown."
JPN-TITECH,V002,agree,agree,e-Gov NUC Act; Tokyo Tech fee page capture 2023-09-28; special-exemption page capture 2024-05-26; Ohsumi scholarship page capture 2023-09-26,,correction_proposed,"Control: the national university corporation Tokyo Institute of Technology is listed (merged October 2024). Band: 635,400 JPY for entrants from April 2019 confirmed; 12.84% of GDP per capita, moderate. Inst aid: the university special tuition-reduction scheme (covering the tuition increase) ended in FY2022 and applied only to pre-2020 entrants, so it does not reach 2023 entrants. However, the Ohsumi Yoshinori Memorial Scholarship is an institution-fund grant for students who need economic support (JPY 50,000/month, about 30 per intake). Recode inst from unknown to targeted, flagged: it is a cash grant not tied to fees (maintenance-stipend ambiguity), and the capture advertises the 2024 intake round, with earlier rounds described as held every year."
JPN-TOHOKU,V002,agree,agree,"e-Gov NUC Act; Tohoku fee page capture 2023-08-06; Tohoku exemption page capture 2023-03-21; Tohoku University Fund page (live, undated)","Inst aid: conflicting indications, year unverified",unresolved,"Band: undergraduate 535,800 JPY (FY2023) confirmed; moderate. Inst aid: the 2023 exemption page says Japanese undergraduates are in principle covered only by the national scheme, and the university's own exemption serves international and graduate students. That points to none for fee waivers. However, the Tohoku University Fund advertises an undated need-based study-support grant (JPY 30,000/month for 50 undergraduates a year; applicants must also have applied for a tuition exemption). Whether it operated in 2023 is not established, so the field is left unknown."
CHN-PKU,V002,agree,agree,PKU 2023 fee disclosure PDF capture 2023-09-25; MoF/MoE 2021 aid rule (xszz.edu.cn),,none_needed,"Band: the disclosure confirms actual charges of 5000 (general), 5000/5300 (science/engineering) and 5000/6000 (foreign languages/medicine), with no undergraduate arts row. Midpoint 5,500 = 6.0% of GDP per capita, low_moderate; min 5.45% and max 6.54% are both low_moderate. Control (MoE list) not re-opened; uncontested. Govt aid: the 2021 rule (Cai Jiao [2021] 310) funds need-based national grants for about 20% of undergraduates at 2000-4500 CNY/yr and does not earmark them to living costs in this text; targeted accepted."
CHN-THU,V002,agree,agree,Tsinghua 2023 admissions charter (eol.cn repost); MoE news item 2023-06-27 on Tsinghua aid,,none_needed,"Control: the charter repost says the university is state-run (guojia gongban). Band: 5,000, and 10,000 for fine arts and design, confirmed; midpoint 7,500 = 8.2% of GDP per capita, low_moderate; band_unstable is correctly flagged (max 10.9%). Inst aid targeted, now supported by a better source: a MoE article (2023-06-27) says Tsinghua covers the basic study costs of all needy students and helped about 2,500 needy students in 2022 at more than 9,500 CNY on average, funded by state appropriations, alumni and donors (mixed funding)."
CHN-ZJU,V002,agree,agree,ZJU 2023 admissions charter (second eol.cn repost t20230605_2430073); official zdzsc.zju.edu.cn page and chsi.com.cn attempted but blocked,,none_needed,"Control: the charter says full-time public undergraduate institution. Band: the charter confirms 6000/9000/5500/5300 and the +15% list. Industrial design on that list is an engineering major, so the arts max stays at 9,000 (10,350 only if an arts major is up-rated). Midpoint 7,150 (or 7,825) is low_moderate either way. Note: inst-aid source S14 (free tuition for Zhejiang-resident agriculture majors) is provincial, field-based and not means-tested, so it does not support inst aid; S13 (generic grants) supports it only weakly."
CHN-FDU,V002,agree,agree,Fudan autumn-2023 fee PDF; Fudan 2023 admissions charter page,,none_needed,"Band: the fee PDF shows the arts row (10,000) only under the pre-2023 regime; for 2023 entrants the rows are 6,500/7,000/7,400. The charter gives 6,500-8,140 and lists no arts-category majors (only a high-level art troupe). Midpoint 6,950 (fee table) or 7,320 (charter) = 7.6-8.0% of GDP per capita, low_moderate either way. Inst aid targeted confirmed from the charter text (grants, emergency aid, tuition reductions)."
CHN-SJTU,V002,agree,agree,SJTU fee schedule PDF (live file at the cited URL),cited PDF now contains post-2023 rows,none_needed,"Band: undergraduate rows for autumn-2023 entrants confirmed (6,500-7,150; 7,000-7,700; 7,400-8,140; arts 13,000-14,300). Midpoint 10,400 = 11.3% of GDP per capita, moderate. Including the clinical medicine English class (19,500) gives a midpoint of 13,000, still moderate. Only excluding arts would give 7,320 (low_moderate), and the averaging rule does not allow that. Caveat: the file served today at the cited 2023-09-15 URL contains rows labelled for the 2025 cohort, so it has been updated since 2023; the undergraduate rows still carry the 2023 regime label."
BRA-USP,V003,agree,agree,BRA-USP-S02 (live resolucao; autarquia quote found); BRA-USP-S03 (live USP graduacao page; quote found); BRA-USP-S04 (Unesp Guia 2024 PDF; quote found); BRA-USP-S05 (CF art. 206 IV; quote found),,none_needed,"Public autarquia, graduacao free: band free confirmed. Aid recoded to not_applicable under v1.1 (headline free for all); see corrections."
BRA-UNICAMP,V003,agree,agree,BRA-UNICAMP-S02 (Regimento Geral PDF; quote found); BRA-UNICAMP-S03/S04 (Wayback 20231206 International Office capture; quote found),,none_needed,Band free confirmed by 2023 capture. Aid recoded to not_applicable.
BRA-UFRJ,V003,agree,agree,BRA-UFRJ-S02 (Estatuto PDF; quote found); BRA-UFRJ-S03/S04 (CF art. 206 IV; quote found),,none_needed,"Zero rests on constitutional rule plus SV 12, as the row states; no contrary evidence found. Aid recoded to not_applicable."
BRA-UNESP,V003,agree,agree,BRA-UNESP-S02 (Estatuto PDF; quote found); BRA-UNESP-S03 (Guia 2024 PDF; quote found); BRA-UNESP-S04 (Franca FAQ PDF; quote found),,none_needed,Band free confirmed. Aid recoded to not_applicable.
BRA-PUCRIO,V003,agree,agree,"BRA-PUCRIO-S02 (live historia page; quote found); BRA-PUCRIO-S03/S04 (Wayback 20230520 mensalidades page: Econ./Ciclo Basico 26 cr row shows 68.040,00 annual / 5.670,00 monthly); BRA-PUCRIO-CV003-01 (ProUni page); BRA-PUCRIO-CV003-02 (PUC-Rio Digital 2011)",,none_needed,"Ratio 1.02 of GDP pc, far above the 25% cut-off; band high robust. Aid recoded: govt targeted (ProUni full scholarships, per-capita income <= 1.5 minimum wages; page is the 2026 cycle, 2023 participation inferred from continuity), inst targeted (own Acao Social bolsas; share evidence dated 2011)."
ARG-UBA,V003,agree,agree,ARG-UBA-S02 (Wayback 2017 Estatuto; quote found); ARG-UBA-S03 (InfoLEG Ley 24.521; quote found); ARG-UBA-S04/S06 (Wayback 20231001 FAQ; quote found); ARG-UBA-S05 (InfoLEG art. 2 bis; quote found),,none_needed,"Band free confirmed. Aid codes targeted/targeted referred to maintenance stipends (PROGRESAR, Beca Sarmiento), which v1.1 excludes; recoded to not_applicable."
ARG-UCA,V003,agree,agree,"ARG-UCA-S02 (InfoLEG Ley 24.521 art. 62; quote found); ARG-UCA-S03 (InfoLEG decree page returned 403 to curl, not reopened); ARG-UCA-CV003-01 (El Cronista 2023-08-04); ARG-UCA-CV003-02 (Periferia 2023-12-29)",,none_needed,"Band high (ratio 0.32 with May-2023 cuotas x12) confirmed as direction: August 2023 press gives Ciencias Politicas about ARS 120,000/month (vs ARS 80,533 early 2023) and December about ARS 208,000, so any within-2023 averaging of monthly cuotas raises, not lowers, the annual charge relative to the May snapshot. band_unstable yes stands (min moderate). Month of amounts: May 2023."
ARG-AUSTRAL,V003,agree,unresolved,"ARG-AUSTRAL-S02 (InfoLEG Ley 24.521; quote found); ARG-AUSTRAL-CV003-01 (La Nacion 2023-11-28); ARG-AUSTRAL-CV003-02 (Ambito 2023-11-29); ARG-UP-CV003-01 (Chequeado 2024-09-06, 2024 context only); Wayback CDX/official grado fee page not re-swept (collector swept ~8,000 URLs)",headline_charge missing,unresolved,"New 2023 datum (press, attributed to Austral admissions director): Psicologia cuota ARS 168,000/month in November 2023, ARS 198,000 from December 2023; Medicina matricula for 2024 ARS 385,000. Psicologia x 12 at the November 2023 rate = ARS 2,016,000 (47.7% of GDP pc), but number of cuotas per year, the programme range and a mid-year month are not documented, so no headline is proposed. In the 2024 Chequeado survey Psicologia (ARS 450,000) sits between Enfermeria/Nutricion (250,000) and Medicina (1,060,000), so the band is very likely high, but this is inference, not an observed 2023 midpoint."
ARG-UP,V003,agree,unresolved,"ARG-UP-S02 (InfoLEG Ley 24.521; quote found); ARG-UP-CV003-01 (Chequeado 2024-09-06); iProfesional 2023-06-17 overview (UP ""35.000 pesos en adelante"", no range; not added as a source); one WebSearch for 2023 UP cuotas returned only the packet articles",headline is a lower bound; moderate band not secure,unresolved,"Headline 794,400 (18.8%) is 12 x midpoint of four press cuotas that mix an early-2023 price (Marketing de Moda 36,000) with May-2023 prices (up to 96,400), and omits the matricula and other compulsory items, so it is biased downward. Crossing the 25% cut-off needs an average cuota of about ARS 88,000/month. Context only: in September 2024 Chequeado reports UP at ARS 400,000-500,000/month versus UCA at 141,000-575,000, i.e. UP priced at or above UCA, and UCA is coded high for 2023. Band moderate vs high cannot be settled from 2023 evidence; recommend band_unstable yes stays and the row be treated as unresolved in the price-type median check."
ARG-UNLP,V003,agree,agree,ARG-UNLP-S02 (InfoLEG Ley 24.521; quote found); ARG-UNLP-S04 (InfoLEG art. 2 bis; quote found),,none_needed,Band free confirmed. Aid recoded to not_applicable (codes referred to maintenance stipends).
CHL-PUC,V003,agree,agree,"CHL-PUC-S02 (SIES 2023 zip re-downloaded: Tipo Institucion 3 = Universidades Privadas CRUCH); CHL-PUC-S03 (DR 35/2023 PDF is a scan, no text; not readable without OCR); SIES 2023 arancel range 3,146,000-8,954,000 and matricula 167,500 re-derived; CHL-PUC-S04/S05 (Wayback captures; quotes found); CHL-PUC-CV003-01/02 (UC becas pages)",,none_needed,Band high (ratio 0.43) confirmed; band_unstable yes stands. inst_need_aid recoded unknown -> targeted (Beca Cardenal Raul Silva Henriquez for decile-7 Bicentenario holders; Beca UC Complementaria al Arancel de Referencia; budget-limited). Captures are dated Feb 2024 (admission 2024 cycle); the Silva Henriquez page states the scheme runs from 2019.
CHL-UCH,V003,agree,agree,"CHL-UCH-S02 (LeyChile DFL; quote found); CHL-UCH-S04/S05 (Wayback 20230324 capture; quotes found); SIES 2023 re-derived (Universidades Estatales CRUCH; matricula 177,300)",,none_needed,"Band high robust (my SIES filter gives min 3,780,900 vs the row 3,054,300 because of different programme filters; midpoint stays >40% of GDP pc). inst_need_aid left unknown: not searched in this check."
CHL-USACH,V003,agree,agree,"CHL-USACH-S02 (LeyChile; quote found); CHL-USACH-S03 (Wayback 20230130 aranceles page: Medicina $6,653,920, Tecnologia en Administracion de Personal $3,132,640); SIES 2023 re-derived (Estatales CRUCH; matricula 185,000)",,none_needed,Band high robust. inst_need_aid left unknown: not searched in this check.
CHL-UAI,V003,agree,agree,"CHL-UAI-S02 (live page; quote found); CHL-UAI-S04/S06 (Wayback 20230206 aranceles page: UF 35.232,98 at 15 Jan 2023; Penalolen matricula 23 UF, arancel 200-230 UF); SIES 2023 re-derived (Universidades Privadas); CHL-UAI-CV003-01 (Wayback 20230524 UAI beneficios estatales); CHL-UAI-CV003-02 (La Tercera 2023-10-11)",,none_needed,"Band high (0.56), not near a cut-off. govt_need_aid recoded unknown -> targeted: UAI students can hold Becas Mineduc (Beca Bicentenario: bottom 70% income plus PAES >=510, covers the arancel de referencia only; Beca Juan Gomez Millas)."
CHL-UDEC,V003,agree,agree,"CHL-UDEC-S02 (Estatutos 2020 PDF; quote found); CHL-UDEC-S04 (Wayback instructivo matricula 2023; quote found); SIES 2023 re-derived (Universidades Privadas CRUCH; Matricula Anual 150,000 on all 151 rows)",,none_needed,Band high robust. inst_need_aid left unknown: not searched in this check.
MEX-UNAM,V003,agree,agree,MEX-UNAM-S02 (Ley Organica PDF: corporacion publica -- organismo descentralizado del Estado; quote found); MEX-UNAM-S03/S08 (DGAE instructivo 2023; quote found); MEX-UNAM-S04/S05/S06/S09 (Reglamento General de Pagos; quotes found),,none_needed,Band free: even the contested nominal maximum (225) is <0.1% of GDP pc. Aid recoded to not_applicable (headline free; stipends excluded).
MEX-ITESM,V003,agree,agree,"MEX-ITESM-S02/S03 (Estatuto 2022 PDF; quotes found); MEX-ITESM-S04/S05/S06 (Wayback 20230812 colegiaturas: Aug-Dec 2023, Tec21 18 creditos, $109,584.00 and Medico Cirujano $160,542.00 confirmed); MEX-ITESM-CV003-01 (Acuerdo 17/11/17 extract)",,none_needed,"Band high (1.13), far from cut-off. govt_need_aid recoded unknown -> none: no government-funded tuition grant for private universities was found; the RVOE rule (Acuerdo 17/11/17) obliges private institutions to fund 5% becas themselves (institutional, not government); federal Benito Juarez / Jovenes Escribiendo el Futuro are stipends (excluded)."
MEX-ITAM,V003,agree,agree,"MEX-ITAM-S02/S03 (Estatuto DOF 2018 PDF; quotes found); MEX-ITAM-S04 (Reglamento de Pagos PDF; quote found); MEX-ITAM-S05 (live PDF now shows a later period; 4,020 no longer present); MEX-ITAM-CV003-01 (Radio Formula 2023-01-11, verified in Wayback capture 20230112042043); carreras.itam.mx cost page (2025-2026, calculator only, no 2023 figure); Wayback CDX for finanzas.itam.mx offline at time of attempt",headline_charge missing,correction_proposed,"Headline established at band level from a dated press source (no official 2023 per-credit table found): approx. MXN 3,350 per credit in January 2023, 30-35 credits per semester, two semesters -> MXN 201,000-234,500, midpoint 217,750 (88.7% of GDP pc) -> high, far from any cut-off. Low confidence on the figure, not on the band."
MEX-UPAN,V003,agree,agree,"MEX-UPAN-S02/S03 (live aviso de privacidad; quotes found); MEX-UPAN-S04/S05 (live conoce-tu-colegiatura; quotes found); MEX-UPAN-CV003-01..06 (official UP cost sheets on mkt.up.edu.mx, 6 programmes, ""Costos vigentes hasta junio 2023""); MEX-UPAN-CV003-07 (Radio Formula 2022-11-04, Wayback-verified, same Contaduria figures)",headline_charge missing,correction_proposed,"Headline established from official UP cost sheets for the 2022/23 year (valid to June 2023; nearest year, flagged; campus not stated on the sheets): annual = 2 x inscripcion semestral + 10 x colegiatura mensual + 2 x SEP incorporation + 2 x seguro de orfandad; range 288,724 (Enfermeria) - 333,008 (Medicina), midpoint 310,866 (126.6% of GDP pc) -> high, not near a cut-off. SGMM health insurance and English-course fees excluded. Only 6 programmes observed."
MEX-COLMEX,V003,agree,agree,MEX-COLMEX-S02/S03 (Estatuto 2025 PDF; quotes found); MEX-COLMEX-S04/S09 (live CEE FAQ; quote found); MEX-COLMEX-S05 (Cuenta Publica 2018; quote found); MEX-COLMEX-S06/S08 (quotes found; S07 wording no longer on the live page),,none_needed,control unresolved agreed (A.C./escuela libre with federal government as founding associate vs self-description as institucion publica). Band free agreed (automatic beca de colegiatura / no colegiatura for Mexican students). Aid recoded to not_applicable.
COL-UNIANDES,V004,agree,agree,4,,none_needed,"Control private non-profit (statute S02; Ley 30 Art. 98 requires non-profit form for all private IES). Band: re-opened the 2024 certification, 24.160.000 (all non-Medicine programmes) and 34.380.000 (Medicina) per semester, which confirms S06. Annual 46.0M-65.5M COP = 1.52-2.16 x GDP per capita, far above 25% -> high. Aid left unknown: Quiero Estudiar is need-scaled (up to 95% of matrícula) but carries a 'Compromiso de Reciprocidad' to repay 20% of income for twice the benefit period (income-contingent, loan-like; the page is from 2026). National Gratuidad is for public IES only. Generación E Excelencia's 2023 regulation covers only the 2019-2022 cohorts, so there were no new entrants in 2023/24. Bogotá's Atenea 'Jóvenes a la E' (non-repayable matrícula, Sisbén A-C scoring, names Andes) starts with an April 2024 call, after the reference year. Atenea's 2023 'Jóvenes a la U' private-IES list was not verified."
COL-UNAL,V004,agree,agree,4,govt_need_aid targeted->broad; inst_need_aid targeted->unknown (v1.1 reallocation),correction_proposed,"Control public (statute Art. 1, S02: ente universitario autónomo del orden nacional). Band: re-opened Acuerdo 100 (factor 9.879 x SMMLV at PBM 100; PBM <= 11 exempt), so full-pay 26.7M COP = 0.88 x GDP per capita -> high (band_unstable because the scale runs to near zero, as recorded). Art. 13 adds 'sistematización' at 8% SMMLV, which is not in compulsory fees and does not change the band. Aid recoded: most students are eligible for zero tuition through publicly funded means (89% of 2024-1 entrants are in estratos 1-3)."
COL-PUJ,V004,agree,agree,3,,none_needed,"Control: re-opened the MEN certificate, 'PRIVADA, de utilidad común, sin ánimo de lucro'. Band: from the cited Acuerdo figures (not re-opened visually), the minimum 12.76M COP = 0.42 x GDP per capita, so even the cheapest programme is high; a unit error of 2x would still leave it high. Aid unknown retained (same government-aid search as Uniandes; the Atenea 2024 list names Javeriana, but the call falls after 2023/24)."
COL-UDEA,V004,agree,agree,4,govt_need_aid targeted->broad; inst_need_aid targeted->unknown (v1.1 reallocation),correction_proposed,"Control public (Acuerdo Superior 1/1994 Art. 1, S02). Band: re-opened RR 47585, Art. 2 (maximum 11 SMMLV), Art. 9 Par. (applicants with no documents pay 11 SMMLV) and Art. 7 (no derechos complementarios). Full-pay 27.06M COP = 0.89 x GDP per capita -> high. Aid recoded to broad: 93.9% of undergraduates are in estratos 1-3 and 85% paid no matrícula (UdeA, Dec 2024; year caveat)."
COL-UROSARIO,V004,agree,agree,3,,none_needed,"Control: private (homepage) and non-profit by Ley 30 Art. 98, which requires private IES to be non-profit, so the mapping is legal, not inferred. Band: visually checked Acuerdo 300 p. 2 (new students 2024-1: e.g. Administración de Empresas 18.515.000 and Fisioterapia 9.967.000 per semester), consistent with S05; the lowest net value in the row (4.53M + 5.01M = 0.31 x GDP per capita) is still high. Aid unknown retained (see Uniandes note; decrees 1433/1434/1781 still not opened)."
PER-PUCP,V004,agree,agree,4,govt_need_aid unknown->targeted,correction_proposed,"Control: re-opened the 2019 statute, 'universidad privada asociativa ... asociación civil sin fines de lucro'; SUNEDU open data 'PRIVADO'. Band: re-opened the 2024-1 brochure, G9 1,118.80 per credit and matrícula 434.10, '5 cuotas académicas' per cycle; headline 44,257 PEN = 1.49 x GDP per capita -> high. inst_need_aid targeted confirmed (family-assessed scales G1-G8 are subsidised by the university). govt: Beca 18 eligibility (secondary sources)."
PER-UNMSM,V004,agree,agree,1,govt/inst_need_aid unknown->not_applicable,correction_proposed,Control: SUNEDU open-data row 'PÚBLICO' re-opened. Band free: 11.50 PEN = 0.04% of GDP per capita. Adding the 2008 TUPA bundle (S/ 66 a year) or insurance would keep it below 1% (the free band requires under about S/ 296 a year). Aid: headline free for all -> not_applicable under s.6.
PER-UNI,V004,agree,agree,1,govt/inst_need_aid unknown->not_applicable,correction_proposed,Control: SUNEDU open-data row 'PÚBLICO' re-opened. Band free: 11.50 PEN carné. Even adding the excluded autoseguro (S/ 55 per semester in TUPA-2008) gives 121.50 = 0.41% of GDP per capita -> still free. Aid -> not_applicable.
PER-UPCH,V004,agree,agree,10,"Missing headline supplied: 39,190 PEN (calendar 2024); pension table is per cuota, 5 cuotas per semester",correction_proposed,"Priority item resolved. UPCH's Directiva de matrícula y pensiones 2024-2 (RESOR-SEGEN-UPCH-2024-CU-0524, 17 Jul 2024) reproduces the 2024-entrant table (Medicina 6,200 / 5,700 / 5,300 / 4,900; TM 1,410 ... 1,200) under 'ANEXO I PENSIÓN POR CUOTA (5 CUOTAS)' and states 'Pago en 5 cuotas iguales para semestre regular'. The 2023-2 directive uses the same heading and rule, and UPCH's own 2026 blog calls these figures 'mensualidad'. La República (Jan 2024) reports 20,000 per semester for Medicine, which is inconsistent with 5 x 6,200 = 31,000; this is secondary and not adopted, and it is recorded here as a conflict. The 2024-1 entrant matrícula is inferred (715). Band high at any reading (the cheapest scale point is 0.45 x GDP per capita). Control agree: SUNEDU 'PRIVADO'; the Reglamento says 'derecho privado, sin fines de lucro' in Art. 1 (the row cites Art. 2; 'monto semestral' is Art. 5, not Art. 7)."
PER-UPC,V004,agree,agree,6,"Missing headline supplied: 51,946.50 PEN; 5 boletas per semester",correction_proposed,"Priority item resolved in part. UPC's official 'Calendario de Pagos 2024-1' lists cuotas 1-5 (a 6th only for students 'matriculados en esta modalidad'), so there are 5 boletas per semester; this is not documented for 2023-2 because the Wayback CDX was offline, and 5 was applied by extension. Re-opened the 2024 pension page (Q 4,388; Medicina A 6,156). Matrícula: the policy says 'las pensiones consideran el concepto de matrícula ... se hace efectivo solo en la primera boleta'. It is still ambiguous whether the S/ 350 is inside or on top of the published pensión, so it is added as an upper bound; the effect is at most 1.3% and the band is unchanged. Control agree: SUNEDU dataset name 'S.A.C.' and 'PRIVADO'; the SUNAT-registry aggregator sites (search results only) also list it as a Sociedad Anónima Cerrada."
PER-ULIMA,V004,agree,agree,3,govt_need_aid unknown->targeted,correction_proposed,"Control: statute cited (asociación civil sin fines de lucro, not re-opened); SUNEDU open data 'PRIVADO' re-opened. Band: the April 2024 prospectus (Wayback) confirms that payment categories are set by school with 'NO SE REALIZA EVALUACIÓN SOCIOECONÓMICA' and that entrants take 20 credits (22 in Arquitectura). Headline 39,228 = 1.32 x GDP per capita -> high; the missing matrícula cannot lower it. inst_need_aid targeted retained (non-repayable Becas-Crédito for family-budget shocks). Note: the SUNEDU row shows a licence end date of 20220711 while the status is 'LICENCIA OTORGADA' (renewal not checked)."
PER-UPACIFICO,V004,agree,agree,3,govt_need_aid unknown->targeted,correction_proposed,"Control: statute cited ('persona jurídica de Derecho Privado sin fines de lucro', 'forma asociativa'); SUNEDU 'PRIVADO' re-opened. Band: re-opened the 2024 pension page: scale 1 = S/ 1,311 per credit, 'Cuota promedio (mensual) para 20 créditos S/ 5,244' (= 5 cuotas per semester), matrícula S/ 311. Consistent with the row: 51,314 = 1.73 x GDP per capita -> high. inst_need_aid targeted retained. The SUNEDU licence end date is 20240726 (renewal not checked)."
CAN-UT,V005,agree,agree,4,,none_needed,"Control public (UofT Act 1971 s.2; LGIC appoints 16 of 50; S01). Band: re-opened the 2023-24 Tuition Fee Report Table B1 and rendered p.10 to check it visually: Engineering 14,180; A&S/Kinesiology/Architecture/Music Bachelors 6,100 (pdftotext misaligns Music with the TYP rows 5,170/2,570; TYP is not a degree, so it is correctly excluded). A&S UC schedule 6,100 + 1,824.75 confirmed. Headline 11,514 = 15.6% -> moderate. Range min 7,474 = 10.09%, only 0.9% above the 10% cut (7,404), so band_unstable 'no' holds by a hair; the headline itself is robust. Aid targeted/targeted accepted (CSG + OSAP grants; UTAPS/SAG)."
CAN-MU,V005,agree,agree,5,,none_needed,"Control: agree 'unresolved' (govt_dependent yes). New evidence points both ways. Quebec law lists 'l'Institution royale pour l'avancement des sciences (Universite McGill)' as a university-level establishment (E-14.1 art.1) and makes it an 'organisme public' for public procurement (C-65.1 art.4 para 5) and access to information (A-2.1 arts 3 and 6); tuition for Quebec residents is set by the government. But the Board is self-perpetuating (McGill Statutes art.1: 25 governors, 12 members-at-large elected by the Board itself, the rest elected by alumni/Senate/staff/students; no government appointees, unlike UT/UBC/UA/UW). The owner/controller is therefore not a public authority under the protocol definition. A 'public' code would need a rule that statutory 'public body' designation is enough; that is a coordinator decision. It does not change the CAN control type (4/5 public either way). Band: tuition 96.03 x 30 = 2,880.90 (CCAFE) accepted; fees 1,332.62 are a lower bound. Headline 4,213.52 = 5.69% (low_moderate) and robust: the 10% cut = 7,403.92, so omitted items would have to exceed 3,190; adding the maximum student-society fee (1,376) gives 5,589.52 = 7.55%. The 5% cut (3,701.96) is already passed. The 2023-24 General Administrative Charge and Copyright fee were not searched further (they could change the band only if together > ~1,800). Aid targeted/targeted accepted (Quebec Prets et bourses bursaries; McGill Entrance Bursary)."
CAN-UBC,V005,agree,agree,2,,none_needed,"Control public (University Act s.3; LGIC appoints 11 of 21). Band: re-opened the 2023/24 calendar capture. All year-1 direct-entry rates are 194.78/credit except International Economics 311.65 (direct entry from high school). Design in ALU 313.89 and Media Studies 259.23 are upper-year entry; their exclusion is accepted. Headline 8,500 = 11.48% moderate; robust to fees (with zero fees, 7,596.45 = 10.26%). OUTLIER FLAG: the moderate band rests entirely on the small BIE programme. Without it the headline is 6,746.93 = 9.11% (low_moderate). band_unstable yes is correctly set. AMS fee sub-total 255.44 not re-verified (band-irrelevant)."
CAN-UA,V005,agree,agree,2,,none_needed,"Control public (PSLA s.16). Band: re-opened the 2023/24 capture; 687.48 standard / 1,058.72 Engineering / 1,085.90 Business per 3-credit course confirmed. Even the min (8,425.70 = 11.4%) is moderate; headline 14.1% robust. Aid targeted/targeted accepted."
CAN-UW,V005,agree,agree,2,,none_needed,"Control public (UW Act 1972; LGIC appoints 7 of 36; Ontario lists it as public). Band: re-opened the Fall 2023 Ontario schedule; 3,064 (Arts etc.) and 6,985 (Engineering) per term confirmed. Headline 11,020 = 14.9% moderate; min 9.6% (band_unstable yes, correctly). Aid accepted."
AUS-TUM,V005,agree,agree,2,,none_needed,"Control public (University of Melbourne Act 2009 s.4). Band: re-opened the 2023 indexed-rates PDF; max student contributions 4,124 to 15,142; SSAF max 326. KNIFE-EDGE: midpoint tuition 9,633 alone = 9.97% (low_moderate). The SSAF (326) lifts it to 10.30%, so the band is decided by the compulsory SSAF (any SSAF > AUD 33 keeps it moderate). The SSAF is compulsory for CSP students (deferral via SA-HELP is a loan), so moderate is correct under the protocol. Aid: govt none accepted (only HECS-HELP/SA-HELP loans). inst unknown kept; see the protocol question on cash equity scholarships."
AUS-TUNSW,V005,agree,agree,2,,none_needed,"Control public (UNSW Act 1989 ss.4-5). Band: re-opened the SSAF page. 2023 3+ Calendar rates are full-time 108.50 / part-time 81.50 per term, charged per term by study load at the incurral date. The page does not define the per-term full-time threshold, so 3 x 108.50 = 325.50 is an assumption. Any realistic pattern (two full-time terms = 217; 2 FT + 1 PT = 298.50) keeps the headline >= 9,850 = 10.19% -> moderate. Same knife-edge note as Melbourne. Aid as Melbourne."
AUS-TUS,V005,agree,agree,1,,none_needed,"Control public (University of Sydney Act 1989). Band: statutory rates (indexed-rates PDF) and SSAF 163/semester full-time as cited. Headline 10.30% moderate, knife-edge like all AUS rows (the SSAF decides). MySydney is a cash stipend (area-based); inst unknown kept."
AUS-ANU,V005,agree,agree,1,,none_needed,"Control public (ANU Act 1991, corporate Commonwealth entity). Band as other AUS rows (statutory rates; SSAF 326 full-time); knife-edge moderate. Aid as other AUS rows."
AUS-MU,V005,agree,agree,3,,none_needed,"Control public (Monash University Act 2009 s.4). SSAF: the 2023 rate page is still unavailable (the Wayback 2022-12-22 capture redirects to a 403 capture; the live site shows a Cloudflare page). New nearest-year evidence: Monash's 2022 SSAF page tabulates the charge by calendar-year EFTSL ('less than 0.125' $0, '0.125 to less than 0.750' $236, '0.750 and above' $315 = the 2022 max), so a 1.0 EFTSL student paid the maximum in 2022. The 2023 page states 'The maximum amount charged for 2023 is $326'. Applying the same structure to 2023 supports 326 (still a nearest-year rule application, flagged). Band moderate (10.30%), knife-edge like the other AUS rows; the 2022 part-load tier would also keep it moderate."
NZL-TUA,V005,agree,agree,1,,none_needed,"Control public (Crown Entities Act s.7(1)(e); OAG list). Re-opened the Fees Free 2023 eligibility page: residency (NZ citizen, no duration test) AND prior study (school in/after 2021 OR <= 0.5 EFTS of prior level-3+ tertiary study). The course must be TEC-funded (the DQ7+ fund covers degrees). Every first-time, first-degree citizen therefore qualifies. Only students with > 0.5 EFTS of prior tertiary study are excluded, and they are not the baseline. Max year-1 tuition + SSF 10,627 < 12,000 cap -> 0; free; aid not_applicable. COMPARABILITY FLAG (all NZL): Fees Free covers only the first year ('one year's study'). The 'free' band comes from the protocol's first-year baseline; years 2-3 are charged the full pre-reduction amount (~8,100-9,100 = 10-11% of GDP pc, i.e. moderate)."
NZL-UO,V005,agree,agree,1,,none_needed,"Control public. Band free (max year-1 9,811 < cap; Medicine/Dentistry correctly excluded as not year-1 rates; Otago itself states most new domestic students are eligible). First-year-only flag as for Auckland."
NZL-MU,V005,agree,agree,4,Band depends on order of operations and on one outlier programme,unresolved,"Control public. Band: re-opened the capture of Massey's 2023 domestic fee page. Aviation (Air Transport Pilot - first year 180 credits) 53,660.00; the column is labelled 'based on 120 credits' but the row says 180 credits, so it is unclear whether 53,660 covers the 180-credit year (course fees 990.90-11,150). Teacher Education 5,919.90 (min), Vet 13,580.00; Arts on Massey's own page is 6,419.40 (UNZ 6,594). The ATP major page (2022 capture) confirms a first-degree, selected-entry programme open to school leavers with NCEA Level 3 ('In your first year you will take twelve 15-credit courses, making a total of 180 credits'), so the fixed rule puts it in the range. The rule as implemented (reduction applied per programme, midpoint of post-reduction min 0 / max 42,401) gives 21,200.50 = 26.41% -> high, matching the row. SENSITIVITY / FLAGS (rule not changed): (a) the literal reading 'midpoint of published tuition range, then subtract the all-student reduction' gives 29,789.95 + 741 - 12,000 = 18,530.95 = 23.08% -> moderate; (b) excluding the pilot major (a flight-training outlier, 4x any other year-1 charge) gives 1,160.50 = 1.45% -> low; (c) scaling the pilot year to 120 credits gives 12,257.17 = 15.27% -> moderate. 'high' is 5.6% above the 25% cut. The coordinator should decide the order-of-operations question explicitly (protocol ambiguity). The country price type is unaffected (NZL median is free). UNZ and Massey figures differ by < 3% outside aviation and do not matter. Aid: govt targeted accepted (Work and Income may pay compulsory course fees for beneficiaries; residual pilot fees above the cap are loan-financed only). inst unknown kept: one search found only Massey's Emergency Financial Support/Hardship grant (live page, seen in search results only, not opened), which covers 'urgent and essential expenses' and is not a charge reduction."
NZL-VUW,V005,agree,agree,1,,none_needed,"Control public. Band free (max tuition + levies 9,853.60 < cap). VUW says Fees Free covers 'compulsory student service fees', so the 28 Student Assistance Levy is probably covered; if not, 28 = 0.03% -> still free. First-year-only flag."
NZL-UW,V005,agree,agree,1,,none_needed,"Control public. Band free (UNZ 2023 max 7,800 + SSF 886.80 < cap). First-year-only flag."
ESP-UAB,V006,agree,agree,3,,none_needed,"Control public (Estatuts art.1 'institució de dret públic', re-read). Band: Decret 115/2023 credit 17.69/18.46 confirmed on UAB's Sep-2023 page. The EUR 70 'Serveis específics i de suport a l'aprenentatge' is compulsory: UAB's own grado FAQ (capture 25 Sep 2023) says large-family-special students pay only 'els 70 € que paguen tots els estudiants'. So compulsory_fees 140.92 is observed, not inferred. Headline 1,225.42 = 3.96% (low); 5% cut = 1,548.79; max 1,248.52 also low; the 70 cannot move the band. Aid: govt targeted (beca de matrícula + Equitat; 27.3% recipients nationally, below the 40% guide), inst targeted (capped emergency fund) - agree."
ESP-UB,V006,agree,agree,2,,none_needed,"Control public (Estatut art.1, BOE pdf re-read). Band: UB 2023-24 price page (capture May 2024) says 'amb la matrícula s’ha d'abonar' gestió 69.80 (annual) + serveis 70.00 + assegurança escolar obligatòria 1.12 = 140.92; tuition 17.69/18.46 x 60. Headline 1,225.42 = 3.96% low; robust. Aid targeted/targeted agreed."
ESP-CUM,V006,agree,agree,2,,none_needed,"Control public (Estatutos art.1 'universidad pública [...] institución de Derecho Público', re-read). Band: UCM page captured Dec 2023 headed 'CURSO 2023/2024 (BOCM nº 155, de 1/7/2022)': secretaría 6.11 + apertura 27.54 + seguro 1.12 = 34.77; Decreto 43/2022 credit 16.92-20.68. Headline 1,162.77 = 3.75% low; max 1,275.57 = 4.1%, below the 5% cut (1,548.79). Aid targeted/targeted agreed."
ESP-UAM,V006,agree,agree,2,,none_needed,"Control public (Estatutos art.1.1 'entidad de Derecho Público', BOE-A-2004-746 re-read). Band: UAM 'conceptos de pago' (capture 30 Sep 2023): 'Gastos de Secretaría: Lo deberán abonar todos los alumnos (6,11 euros)'; apertura 27.54, seguro 1.12; same Madrid decree prices as UCM. Headline 1,162.77 = 3.75% low. Aid targeted/targeted agreed (inst aid rests on the 2022/23 call, nearest year, as the row says)."
ESP-UN,V006,agree,agree,2,,none_needed,"Control private_nonprofit (statutes: 'No persigue fin de lucro', re-read). Band: 2023-24 first-year table (capture 30 Sep 2023) re-read in full: lowest degree price 10,800.00 (Educación Infantil/Primaria, Pedagogía), highest 18,300.00 (Medicina); double degrees and add-on programmes (e.g. Derecho+GLP 17,940.00; ADE/Economía bilingual 17,500.20) lie inside the range; the International Foundation Program (11,000.40) and semester programmes are non-degree and correctly excluded; plus 'derechos de secretaría' 95. Averaging: the Plan de Incentivación is an individual, unpublished reduction, so the programme midpoint (not a scale) is the right rule. Headline 14,645 = 47.3%; min 10,895 = 35.2%; both high; robust (25% cut = 7,743.97). Aid targeted/targeted agreed."
ITA-PM,V006,agree,agree,5,govt_need_aid broad -> targeted,correction_proposed,"Control public (Statute art.2 'istituzione universitaria pubblica', re-read). Band: 2023/24 regulation (issued after CdA 25 Jul 2023; 'si applicano a partire dall'anno accademico 2023/2024') Tabella 2 Contributo pieno 3,726; Art.2 c.2 regional tax + stamp due by all; headline 3,882 = 10.69% (moderate), 249 above the 10% cut (3,632.74); no all-student reduction found, so moderate holds. No-tax threshold in 2023/24: the regulation's Art.5 text still cites the L.232/2016 13,000 threshold, but PoliMi's No Tax Area page captured 6 Dec 2023 says the DM 1014/2021 exemption up to ISEE 22,000 applies and that 'The first instalment for the 2023/2024 academic year will be reduced for an ISEE [...] within € 27,740', so 22,000 is confirmed for 2023/24 (the two documents conflict; the later and more specific page is followed). Derived zero-contributo share at PoliMi 2022/23 about 24.5% (UDU table of USTAT averages). Aid: govt_need_aid recoded broad -> targeted (see corrections): income-based total exemptions were about 25-29% in the North/Centre in 2022/23 (USTAT Tavola 6), below the ~40% guide; inst_need_aid targeted agreed."
ITA-SUR,V006,agree,agree,4,govt_need_aid broad -> targeted,correction_proposed,"Control public (Statute art.1 'ordinata in forma di istituzione pubblica', re-read). Band: 2023/24 regulation Art.18 c.2: ordinary contributo 2,821 / 2,924 by faculty group; the Art.26 fixed-price courses are teledidattica (Unitelma/Nettuno) and the special-statute Ingegneria aerospaziale course, all at or below 1,600 (excluded as franchised; including them would only lower the midpoint). Headline 3,028.50 = 8.34% low_moderate; max 3,080 = 8.48%, below the 10% cut; robust. Aid: govt_need_aid recoded broad -> targeted (see corrections): income-based total exemptions were about 25-29% in the North/Centre in 2022/23 (USTAT Tavola 6), below the ~40% guide; inst_need_aid targeted agreed."
ITA-AMSUB,V006,agree,agree,5,govt_need_aid broad -> targeted; band rests on one 10-place programme,correction_proposed,"Control public (Statute art.1 'istituzione pubblica', re-read). Band: 'Importi massimi A.A. 2023/24' re-read in full. First-degree maxima: Laurea standard 2,040; Ciclo Unico standard 2,244; 0545/8059/0122 language courses 2,550; 9210 Medicine and Surgery (single-cycle) 3,315; Odontoiatria (single-cycle) 4,080; 8616 Conservazione e restauro 5,916; all other higher rows are second-cycle Laurea Magistrale, correctly excluded. 8616 IS a first degree: 'Laurea Magistrale a ciclo unico', LMR/02, 5 years, direct entry, 'Numero programmato locale (10 posti disponibili)' (2024 course page). The protocol's midpoint rule therefore gives 3,978 + 156 = 4,134 = 11.38% (moderate), as coded. The band depends on this single 10-place programme: without it (max Odontoiatria 4,080) the headline is 3,060 + 156 = 3,216 = 8.85% (low_moderate), and the standard Laurea rate gives 2,196 = 6.0%. I agree with the band under the rule, and flag it as rule-driven and fragile. The ITA median band is low_moderate either way. Aid: govt_need_aid recoded broad -> targeted (see corrections): income-based total exemptions were about 25-29% in the North/Centre in 2022/23 (USTAT Tavola 6), below the ~40% guide; inst_need_aid targeted agreed."
ITA-UP,V006,agree,agree,4,govt_need_aid broad -> targeted,correction_proposed,"Control public (Statute in force 29 Oct 2023, art.1 'istituzione pubblica', re-read). Band: 2023/24 bando Tabella 1: groups A 2,442 / B 2,539 / E 2,875 contributo + maximum regional tax 184 + stamp 16; only groups A, B and E exist in the table (E includes single-cycle Scienze della Formazione Primaria, a first degree). Headline 2,858.50 = 7.87%; max 3,075 = 8.46%; low_moderate robust. Aid: govt_need_aid recoded broad -> targeted (see corrections): income-based total exemptions were about 25-29% in the North/Centre in 2022/23 (USTAT Tavola 6), below the ~40% guide; inst_need_aid targeted agreed."
ITA-PT,V006,agree,agree,4,govt_need_aid broad -> targeted,correction_proposed,"Control public (Statute art.1 'personalità giuridica di diritto pubblico', re-read). Band: 2023/24 Guida Art.4: one maximum for all first-enrolment Laurea students (2,601 incl. 140 + 16 + insurance 5); level-75 contributo 2,440. Headline 2,596 = 7.15% low_moderate; uniform programme rate; robust. Aid: govt_need_aid recoded broad -> targeted (see corrections): income-based total exemptions were about 25-29% in the North/Centre in 2022/23 (USTAT Tavola 6), below the ~40% guide; inst_need_aid targeted agreed."
SGP-NUS,V006,agree,agree,3,,none_needed,"Control: agree public on the controller test, the test this project applies elsewhere (McGill unresolved and Aalto private because the state does not appoint their boards). The legal form is a company limited by guarantee (NUS Act s.2(1), 2023 capture), a private-law form. But the parallel AU Act text (SUTD/SMU Acts, with section headings identical to the NUS Act) gives the Minister power to appoint, remove and replace every trustee, a veto over the admission of company members and over constitutional changes, power to give binding policy directions, and funding voted by Parliament. NUS confirms 'Members of the Board of Trustees are appointed by the Minister for Education'. Band: AY2023/24-intake cohort schedule re-read (section B): citizen fees 8,250 to 30,200 (Medicine except Nursing; Dentistry); fees 302.80 = mean of lab/non-lab (SSF + HSF) x 2. Headline 19,527.80 = 16.8% moderate. Medicine and Dentistry are direct-entry first degrees and belong in the range under the protocol. Without them the max is Music 14,700 and the headline is 11,777.80 = 10.15%, still moderate (179 above the cut). So Med/Dent move charge_max (already band_unstable = yes) but not the headline band. Aid targeted/targeted agreed (top MOE bursary tier covers about 75% of subsidised fees; the NUS full-tuition top-up covers only PCI <= 1,000, about 3,300 students)."
SGP-NTUS,V006,agree,agree,3,,none_needed,"Control: agree public on the controller test (as for NUS). The NTU corporate governance report says it was corporatised 'from a statutory board to a not-for-profit company limited by guarantee' and 'The Board comprises 18 members appointed by the Minister for Education'; the parallel AU Act text (ss.6-8) is quoted in SGP-NTUS-CV006-01. Band: 'Accepted Programme Offer in 2023' page re-read: citizen 8,250 (all programmes except those listed), Business/Accountancy 9,450, REP (before AY2024) 17,950, Medicine 35,000; 'fixed at the 2023 rate'. Headline 22,007.61 = 19.0% moderate. Without Medicine: 8,250-17,950, midpoint 13,100 + 314.73 fees = 13,414.73 = 11.6%, still moderate. Aid targeted/targeted agreed."
SGP-SUTD,V006,agree,agree,3,,none_needed,"Control: agree public on the controller test. SUTD Act 2011 (capture 19 Jul 2024) s.6: 'The Board consists of such number of trustees as the Minister may appoint. (2) The Minister may, at any time, remove or replace any trustee'; s.7 requires ministerial consent to admit company members; s.8 provides funding voted by Parliament. Band: fees page (capture Jun 2023): 'Tuition fees for new students admitted in AY2023 [...] Singapore Citizens [...] Per academic year S$13,500 [...] Per term S$6,750'; CMF 157 x 2 terms + 10 one-time = 324 (the CMF bundles an insurance component that cannot be separated). Headline 13,824 = 11.9% moderate, 19% above the 10% cut (11,599); uniform price; no all-student reduction found; moderate holds. Aid targeted/targeted agreed."
SGP-SMU,V006,agree,agree,4,,none_needed,"Control: agree public on the controller test. SMU Act 2000 (capture 19 Jul 2024): s.3B binding ministerial policy directions, s.4 the Minister appoints and removes all trustees, s.5 ministerial consent for company members, s.6 funds voted by Parliament. Band: tuition page (capture Mar 2024) re-read: AY2023/24 entering freshmen, citizens 11,500 (all degrees except Law) and 12,700 (Law); 2023 misc fees 80 + 16 (+ insurance 129, excluded as hospitalisation/medical insurance per protocol). Headline 12,196 = 10.51% moderate; with insurance 12,325 = 10.6%. Fragile flag: charge_min 11,596 = 9.997% is 3 SGD below the 10% cut, so band_unstable = yes rests on excluding the insurance line (with it, min = 11,725 = 10.1% and the row would be band-stable moderate). The SGP rows are inconsistent: NTU and SUTD misc fees include an insurance component that cannot be separated, while SMU's insurance line is removed. Either treatment leaves all four headlines moderate. inst_need_aid unknown kept: SMU financial-aid pages (live and 2023-24 Wayback captures) return an Incapsula anti-bot page. The Wayback index lists many named SMU-administered bursaries in 2023-24, but their content could not be read. Govt aid targeted agreed."
FIN-AU,V007,agree,agree,4,compulsory_fees_std 63.00 excludes the healthcare fee that the headline 136.60 includes,correction_proposed,"Control private_nonprofit + govt_dependent yes upheld: Act 1 s.3 puts Aalto under the Foundations Act, separate from the 11 public-law universities; the foundation rules 6 s. bar ministry officials from the board and exclude the State from nominating members. Union fee 63 (AYY 2023-2024) accepted. FSHS/YTHS healthcare fee 73.60 accepted as compulsory (Act 695/2019 s.24-25: every student registered as attending pays it; same amount for all). compulsory_fees_std must be raised to include it (see corrections). Band free with or without it (max 147.60 = 0.30% of GDP pc). Aid: govt none accepted (no means-tested reduction of the union or healthcare fee; union hardship waivers are union-funded); inst unknown accepted (the university itself charges nothing)."
FIN-UH,V007,agree,agree,4,compulsory_fees_std 52.00 vs headline 125.60,correction_proposed,Public-law university (Act 1 s.3). HYY 52 EUR confirmed on the official HYY page (capture Mar 2024); nation fee and collection are optional. FSHS/YTHS healthcare fee 73.60 accepted as compulsory (Act 695/2019 s.24-25: every student registered as attending pays it; same amount for all). compulsory_fees_std must be raised to include it (see corrections). Band free with or without it (max 147.60 = 0.30% of GDP pc). Aid: govt none accepted (no means-tested reduction of the union or healthcare fee; union hardship waivers are union-funded); inst unknown accepted (the university itself charges nothing).
FIN-UO,V007,agree,agree,3,compulsory_fees_std 57.00 vs headline 130.60,correction_proposed,"Public-law university (Act 1 s.3, re-opened). OYY 57 EUR (capture Dec 2023) accepted as cited; not re-fetched. FSHS/YTHS healthcare fee 73.60 accepted as compulsory (Act 695/2019 s.24-25: every student registered as attending pays it; same amount for all). compulsory_fees_std must be raised to include it (see corrections). Band free with or without it (max 147.60 = 0.30% of GDP pc). Aid: govt none accepted (no means-tested reduction of the union or healthcare fee; union hardship waivers are union-funded); inst unknown accepted (the university itself charges nothing)."
FIN-UT,V007,agree,agree,3,compulsory_fees_std 55.00 vs headline 128.60,correction_proposed,Public-law university (Act 1 s.3). TYY 55 EUR for 2023-2024 (TYY 2023 annual report) accepted as cited; not re-fetched. FSHS/YTHS healthcare fee 73.60 accepted as compulsory (Act 695/2019 s.24-25: every student registered as attending pays it; same amount for all). compulsory_fees_std must be raised to include it (see corrections). Band free with or without it (max 147.60 = 0.30% of GDP pc). Aid: govt none accepted (no means-tested reduction of the union or healthcare fee; union hardship waivers are union-funded); inst unknown accepted (the university itself charges nothing).
FIN-LLUTL,V007,agree,agree,4,compulsory_fees_std 74.00 vs headline 147.60; year caveat resolved,correction_proposed,"Public-law university (Act 1 s.3). LTKY new-students page captured Oct 2023 in the 2023-2024 enrolment context states 74 EUR/yr (or 42+42) and that the fee is compulsory; year caveat resolved, confidence can rise to high. FSHS/YTHS healthcare fee 73.60 accepted as compulsory (Act 695/2019 s.24-25: every student registered as attending pays it; same amount for all). compulsory_fees_std must be raised to include it (see corrections). Band free with or without it (max 147.60 = 0.30% of GDP pc). Aid: govt none accepted (no means-tested reduction of the union or healthcare fee; union hardship waivers are union-funded); inst unknown accepted (the university itself charges nothing)."
DNK-UC,V007,agree,agree,3,,none_needed,Public: Act s.1(2) and KU statute s.1 (cited). Headline 0: Act s.26 and KU pages (non-EU only pay). Compulsory fees: no legal basis for charging grant-funded full-time degree students; Eurydice DK: home students pay no fees. The srku.dk (Studenterrådet) home page mentions no membership charge; no compulsory charge found. Aid not_applicable accepted.
DNK-TUD,V007,agree,agree,4,,none_needed,"Public (Act s.1(2); DTU Act s.1 selvejende universitet under the Ministry). Headline 0 (Act s.26; DTU fees page Apr 2023). PF (DTU student association) membership is opt-in via its member portal, not a university charge. No compulsory fee found. Aid not_applicable accepted."
DNK-AU,V007,agree,agree,2,,none_needed,"Public (AU by-laws s.1(1), Act s.1(2)). Headline 0 rests on Act s.26 (a uniform legal rule in force 2023/24) plus nearest-year (2022 guide) and current AU statements; a web search and Wayback CDX search for a 2023/24-dated AU fee page for EU/EEA students found nothing new. Year caveat remains but cannot change the band: tuition for Danish citizens is barred by law. No compulsory AU fee found; student-organisation terms not checked individually. Aid not_applicable accepted."
DNK-USD,V007,agree,agree,2,,none_needed,Public (SDU statute s.1). SDU fees page (Jun 2023): full-degree EU/EEA - No fees; accepted. Aid not_applicable accepted.
DNK-AU2,V007,agree,agree,3,,none_needed,"Public: status clause now located in the AAU statute (capture Apr 2024): statsfinansieret selvejende institution inden for den offentlige forvaltning. Headline 0 (Act s.26; AAU fees page Sep 2023, only non-EU/EEA pay). No compulsory fee found. Aid not_applicable accepted."
NOR-UO,V007,agree,agree,4,,none_needed,"Public (Sikt: forvaltningsorgan med særskilte fullmakter under Kunnskapsdepartementet, re-opened). Fees (690 SiO + 220 Kopinor) x 2 = 1,820: UiO says all active students must pay the Kopinor fee, so it is compulsory; SAIH 50 voluntary. No autumn-2023 UiO capture exists; SiO 690 for autumn 2023 relies on OsloMet and Khrono. 0.19% of GDP pc, free. Aid none/none accepted."
NOR-UB,V007,agree,agree,3,,none_needed,"Public (Sikt, Act). 550 autumn 2023 (UiB capture Nov 2023, re-opened) + 650 spring 2024 (Sammen official article, capture Feb 2024) = 1,200; SAIH 40 voluntary; no Kopinor/copy fee on the UiB page. Aid none/none accepted."
NOR-NUSAT,V007,agree,agree,2,,none_needed,"Public (Sikt, Act). Sit 600 per semester (NTNU capture Mar 2024, re-opened; no Kopinor/copy fee on the page) x 2 = 1,200. Aid none/none accepted."
NOR-UTTAUN,V007,agree,agree,4,Khrono/DBH table figure (620) conflicts with UiT/Samskipnaden pages (670 compulsory),none_needed,"Public (Sikt, Act). UiT capture Dec 2023 (re-opened) and Samskipnaden capture Aug 2024: 710 incl. 40 voluntary SAIH, so 670 compulsory; 670 x 2 = 1,340 stands. The Khrono row has misaligned columns; recorded as a dispute and left unresolved in the secondary source. No Kopinor fee on the UiT page. Aid none/none accepted."
NOR-NULS,V007,agree,agree,5,,correction_proposed,"Public (Sikt entry 57166, re-opened). Siås 470 x 2 = 940. The Kopinor fee (240/semester) on the current NMBU page is absent from captures of Nov 2023, Feb 2024, Jun 2024 and Jan 2025, so it was introduced after 2023/24; the conditional 1,420 caveat can be dropped (notes correction only). Aid none/none accepted."
IND-IITB,V008,agree,agree,4,,none_needed,"Control public confirmed in the IIT Act 1961 text (s.2 institution of national importance; s.4(1) body corporate; s.9(1) President is Visitor; s.21 Central Government grants). Band high confirmed: 2023 new-entrant circular p.2 Tuition 100000 per semester (Indian nationals); headline 213,400 = 105.9% of GDP pc, far above the 25% cut, so fee details cannot move the band. Aid: govt targeted upheld - PIB 24 Jun 2019 (Ministry of Education) re-read: full remission < Rs 1 lakh, 2/3 remission Rs 1-5 lakh; the Rs 1-5 lakh band still pays about 66,667 tuition + about 13,400 fees (about 40% of GDP pc), so the rule does not make the charge free or nearly free for a large share; recipient shares not found. SC/ST/PwD waiver is category-based. inst targeted upheld (MCM; not re-opened)."
IND-IITD,V008,agree,agree,4,,none_needed,"Control as IITB (IIT Act 1961 re-read). Band high confirmed: Instruction Sheet 3 (2023 entry, 1st semester 2023-24) re-read: tuition 1,00,000 for General/OBC income > Rs 5 lakh, 33,333 for Rs 1-5 lakh, nil < Rs 1 lakh; other charges 5,350 per semester; institute residence fee 13,250 correctly excluded as housing. Headline 211,500 = 104.9% of GDP pc. Aid govt targeted / inst targeted upheld (same reasoning as IITB; prospectus MCM not re-opened)."
IND-IIS,V008,agree,agree,5,band_unstable flag correct (BS-only would be low_moderate); headline band high under the fixed midpoint rule,none_needed,"Control public upheld. Scheme (substituted 22 May 1967 by the Central Government under the Charitable Endowments Act 1890; text amended to June 2016) re-read: 9.1 Council = GoI nominees 3, Karnataka 2, Tata Trusts 2, UGC 1, Parliament 3, Court 2, Indian universities 2, AICTE 1, CSIR 1, Director, Associate Director, 2 Deans (21 seats); government/state/public-body seats 3+2+1+3+1+1 = 11 of 21; President of India is Visitor (7.1); property held by the Treasurer of Charitable Endowments (2(j), 5.1); the Tata Trusts hold only 2 seats. A public charitable trust controlled by public bodies, not a private owner, so public is right (a strict legal-form sensitivity could label it 'public trust'). Band: both fee sources re-read (BS brochure 2023: tuition 10000; fees page Oct 2023 capture: B.Tech tuition 2,00,000; annual fees 1,200 + 3,700 + 300). Midpoint 110,200 = 54.7% of GDP pc (high); min 15,200 = 7.5% (low_moderate); max 205,200 high. The headline band follows from the protocol's midpoint rule but depends on it: an enrolment-weighted view (BS is the larger flagship programme; B.Tech M&C is new with a small intake) would give low_moderate. Recommend the paper flag IISc as rule-dependent. Aid govt none / inst none upheld for 2023/24: fees page shows only Gen/OBC/EWS vs SC/ST columns (category waiver); the IISc EWS tuition support notice applies from 2026-27. The Central Sector Scholarship (PIB 2019: family income < Rs 8 lakh, Rs 10,000/yr, merit-based) is a national cash scholarship, not a charge reduction; not coded under v1.1 (at most 'targeted' under a looser reading)."
IND-IITK,V008,agree,agree,4,,none_needed,"Control public upheld: IIT Act 1961 s.3(g), s.39 and Schedule continue the IIT (Kharagpur) Act 1956. Band high confirmed: UG Admission Manual 2023 p.12 rendered and visually checked; semester items (TFS 100, Registration 400, Examination 500, Student Amenities 800, Internet 600, Gymkhana 600, Medical Registration 200, Laboratory 800), Brotherhood Fund 200 once a year, insurance 2,500 once a year, one-time 5,700, caution money 6,000 all match the row. 'The fee structure shown here is tentative' is printed on p.13; tentative status cannot affect the band (headline 103.3% of GDP pc; tuition alone 99%). Aid: govt targeted upheld (manual repeats the 33,335 / NIL schedule); inst targeted upheld (manual s.9 'Scholarships funded by Institute and Alumni ... based on their performance and family income')."
IND-IITK2,V008,agree,agree,3,,none_needed,"Control as IITB (IIT Act s.2 names IIT Kanpur). Band high confirmed: scanned DOSA sheet dated 20 July 2023 rendered and read visually: Tuition 100000 (other category), items 2-9 as in the row, health insurance 1,685, seat rent 1250, water 25, mess establishment 12,520; total 117,530 per semester and 9,40,240 for 8 semesters reconcile. Column header 'Other Category (family Income <5 lacs)' is a misprint given the MEB/OEB notes. 'Tentatively' labels do not affect the band (headline 101.3% of GDP pc). Aid govt targeted upheld (sheet: MEB 100% waiver; OEB charged 1/3rd); inst targeted not re-opened (undated page, as the row notes)."
ZAF-UCT,V008,agree,agree,4,,none_needed,"Control public upheld (public university under the Higher Education Act 101 of 1997; statute and s.72(2) as cited). Band high confirmed: Fees Handbook 2023 s.2.1 re-read (BSW R 51 200 lowest standard first-year degree; BBusSc R 74 720 to R 102 470 highest; graduate LLB and Academic Development excluded). Even the minimum is 46% of GDP pc. Aid: govt broad upheld under the v1.1 entitlement clause (NSFAS: all SA citizens with household income <= R350,000). UCT news 17 Jan 2023: 'close to 50% of undergraduate and 30% of postgraduate students receive funding support' - this counts all funders, not NSFAS alone, so the NSFAS-funded share at UCT in 2023 remains unestablished. inst targeted upheld (GAP funding 'exclusively financed by UCT', household income R350k-R600k)."
ZAF-UW,V008,agree,agree,5,NSFAS recipients in 2023 were at most about 35% of undergraduates (below the indicative 40%); govt broad kept on the entitlement clause,correction_proposed,"Control public upheld (Wits Statute under the HE Act; s.72(2)). Band high confirmed: 2023 Fees Book Part 1B re-read: under 'Undergraduate - Average tuition fee for the first year of study (Excluding additional charges)' it lists 'LLB R41 820 - R73 000'; the graduate-entry stream is not separately identified, so whether R41 820 is a graduate-entry or other variant could not be established - unresolved but immaterial: 41,820 is 37.6% of GDP pc and the alternative midpoint 65,535 is also high. Aid: Wits news 22 Feb 2024: 'In 2023, Wits disbursed approximately R1.5 billion to 26 076 students of which R646 million was NSFAS funding for 9 004 students.' Wits Facts and Figures 2023/2024: 2023 undergraduate headcount 25 439 (total 42 189). NSFAS therefore reached at most 35.4% of undergraduates (21.3% of all students) in 2023, below the 40% indicative threshold. govt broad kept under the protocol's income-threshold clause, but this is a borderline, definition-dependent case (notes correction proposed). inst targeted upheld; the Hardship Fund helped 1 441 students in 2023 (R28m)."
ZAF-SU,V008,agree,agree,3,,none_needed,"Control public upheld (SU Statute 2019 under s.33(1) HE Act; juristic person per s.20(4)). Band high confirmed: 2023 Student Fees calendar part re-read: BA R49 773 and MBChB I R85 223 first-year estimates; the minimum (with the R80 card) is 44.8% of GDP pc. Aid govt broad upheld under the entitlement clause; SU's NSFAS-funded share for 2023 not found (a 2026 parliamentary reply lists 2 179 NSFAS students at 'University of Stellenbosch' for 2025 - out of year and implausibly low relative to others; not used). inst targeted upheld (2020 calendar evidence, nearest year)."
ZAF-UJ,V008,agree,agree,3,,none_needed,"Control public upheld (2004 merger notice under s.23(1) HE Act 'into a single public higher education institution'). Band high confirmed: 2023 fee booklet s.5.3 rendered and read visually: 'The average cost for degrees per year in the different faculties' - Humanities R43 483-R53 723, Specialised practical training R56 663-R72 781, CBE R24 341-R54 755, Science non-lab R45 536-R54 099 and lab R68 299-R75 976, Law R43 994-R50 516, Education R43 994-R58 721, Health Sciences non-lab R53 977-R55 252 and lab R51 416-R91 182, FEBE R51 416-R63 562, FADA R53 687-R65 966. These are faculty averages per year, not first-year specific (UJ gives a first-year table only for the extended programmes in s.5.8). The CBE lower bound R24 341 is the only value below the 25% cut (with fees 25,381 = 22.8%, moderate), hence band_unstable = yes; the midpoint (58,801.5; 52.8%) and the alternative without CBE's bound (67,332.5) are both high. Registration R610 + ICT levy R430 confirmed. Aid govt broad upheld under the entitlement clause; UJ's 2023 NSFAS-funded share not found (2025: 27 437 NSFAS students per a parliamentary reply; out of year, no denominator). inst targeted upheld (donor-funded missing-middle registration-fee campaign)."
ZAF-UP,V008,agree,agree,4,inst_need_aid unknown -> targeted,correction_proposed,"Control public upheld (UP Statute 2018: 'established in terms of the Act'). Band high confirmed: archived 2023 tuition page re-read: fees are 'based on the average cost of the study programme, excluding AIM modules'; lowest first-year degree range BA (Visual Studies) 37 000 - 54 000 (only Higher Certificate 25 000 and PGCE 36 000 are lower, both correctly excluded); BSc (Computer Science) 68 000 - 84 000 highest. AIM modules add cost, so omitting them can only understate the charge; the band (min 33% of GDP pc) cannot fall. Aid govt broad upheld under the entitlement clause; UP's 2023 NSFAS share not found. inst: UP news 4 Jul 2024 (archived): the Giving Matters campaign, launched July 2022, raises funds 'for undergraduate and postgraduate students in the 'missing middle' category' and has provided 'bursaries and scholarships to more than 407 students'; R35.9 million raised in 2023. Institution-run, donor-funded, need-targeted, small reach -> targeted (same basis as UJ)."
ECU-USFQU,V009,agree,agree,4,,none_needed,"Control: CES register lists USFQ (1038) under Particulares autofinanciadas. Band high is robust: re-parsed the on-campus rows of the new-cohort (from Aug 2023) table, annual matrícula+arancel 10,200 (music) to 13,900 (Medicina); midpoint 12,050 = 179% of GDP per capita, every programme > 150%. Two 1,394 rows are the Galápagos semipresencial/online modules, correctly excluded. Aid: inst targeted confirmed (need+merit partial grant; LOES Art. 77 obliges every IES to fund full grants or equivalent for >=10% of regular students). govt stays unknown: 2023 SENESCYT programmes found were TEC_ec (technical/technological only) or maintenance support at public IES; no 2023 government grant covering USFQ fees established (2 searches)."
ECU-PUCE,V009,agree,agree,4,,none_needed,"Control: CES register lists PUCE (1027) under Particular cofinanciada; private-law non-profit per the 2024 financial statements. Band high is robust: Anexo 5 read visually confirms matrícula 395 (ICAM 500), arancel 3,950 less beca directa 37/32/29/24% giving 2,500-3,000 (Medicina 4,500; Ingeniería Integral ICAM 4,500 on arancel 5,000); semipresencial rows at 1,250 correctly excluded; annual 5,790-10,000 = 86%-149% of GDP pc; the pre-discount range is higher still, so folding in the all-new-student discount cannot change the band. The annex footnote adds the FEUCE value and health insurance; insurance is voluntary and the FEUCE amount small, band unaffected. govt_dependent_flag yes is borderline: state aportes were 10.1m of 123.3m recognised income in 2023 (8.2%) and 13.8m of 128.9m in 2024 (10.7%), legally earmarked for need-based becas (LOES Art. 30). The flag matters for the ECU control-type sensitivity (5/7 = 0.71 public if PUCE is counted). Aid: govt targeted (LOES Art. 30 state-funded becas for low-income students, full-beca holders exempt from arancel and matrícula; state money is at most ~11% of income, so not broad); inst targeted (Beca Solidaridad 10-40%)."
ECU-EPN,V009,agree,agree,3,,none_needed,"Control: CES Públicas nacionales (1001). Band free confirmed: LOES Art. 80 (a, e, f) makes first matrícula and schooling free for regular students and prohibits lab/library/IT charges; the EPN 2023-B guide presents payments only as conditional ('Si tienes que hacer pagos') and the FEPON contribution as voluntary. No compulsory fee found for a regular first-year student; gratuidad also covers nivelación (Art. 80 b)."
ECU-ESPL,V009,agree,agree,3,,none_needed,"Control: CES Públicas nacionales (1021); ESPOL regulation calls it persona jurídica de derecho público. Band free confirmed: the 2024 regulation's object is fees for students who lose or are not subject to gratuidad; nivelación fees only for a second matrícula; grado matrícula USD 20 charged only on loss of gratuidad; otherwise only event-based items (certificates, homologation)."
ECU-UCE,V009,agree,agree,3,,none_needed,"Control: CES Públicas nacionales (1005). Band free confirmed: the 2024-2024 procedure registers regular students automatically with no payment; per-hour charges only for non-regular, repeating or second-degree students; nivelación first matrícula 0.00. The 2023-2024 period document was still not opened (same LOES regime; nearest-period evidence)."
ECU-ULAE,V009,agree,agree,4,,none_needed,"Control: CES Particulares autofinanciadas (1040). Band high is robust even without annualisation: one period alone is 2,548-5,233 (Enfermería-Medicina), >= 38% of GDP pc. Period labels checked visually: the '2023-20' header appears only on the first table; the page title says 'Año 2024' and the footer and side tables say 2024-10 (Sep 2023-Feb 2024); approval resolution 11-2022-V of 13-Sep-2022. The x2 annualisation is supported by the UDLA calendar: 2024-20 is a regular grado period (ordinary registration 4-17 Mar 2024, classes from 25 Mar 2024), so 2023/24 has two regular periods; that 2024-20 prices equal 2024-10 remains unverified. Aid: inst targeted (Beca Socioeconómica; LOES Art. 77 10% floor); govt unknown (see USFQ)."
ECU-UFAE,V009,agree,agree,3,,none_needed,"Control: CES Públicas nacionales (1079). Band free confirmed: the 2019 service-fee order states 'Se garantiza el principio de gratuidad a los estudiantes regulares' and lists only event-based items (certified copies, homologation, language sufficiency); its recitals quote CES gratuidad rules that put library, labs and life/accident insurance inside gratuidad."
PRY-UNA,V009,agree,agree,7,charge_min understated: Derecho per-subject final-exam fees omitted,correction_proposed,"Control public confirmed (Estatuto 2017 Art. 1 'de derecho público'). Band low is confirmed and robust at the 1%/5% cut-offs, but the min component is understated. The Derecho resolution lists 'DERECHO A EXAMEN POR CADA ASIGNATURA - Examen Final (Ordinario y Complementario) 20.000', a per-subject charge every student sitting final exams pays (compulsory in the same sense as FP-UNA's 50,000 per-subject exam registration, which the row includes). The 2023 first-semester Derecho timetable (Caaguazú section) lists 7 subjects; with 7 in the second semester (assumed, not found) Derecho = 450,000 + 14 x 20,000 = 730,000 (1.59%); with only the documented semester 1 it is 590,000 (1.28%). Either way Derecho moves from 0.98% (free) to low, so the documented range is entirely low (band_unstable -> no by the build rule). Proposed headline midpoint (730,000 + 1,800,000)/2 = 1,265,000 = 2.75% (with 590,000: 1,195,000 = 2.60%): still low, but it crosses the 2.5% sensitivity cut-off (current 2.45% gives alt band free; proposed gives low). Scenario checks: Medicina at its 2020 schedule (~230,000, 0.50%) as min gives midpoint 1,015,000 = 2.21% (low); Derecho preparatoria (980,000, an admission course, correctly excluded) would give at most 1.43m for Derecho, still low. Headline stays within 2.2%-2.8% in every scenario tried: low under the main bands, unstable under the 2.5% alternative. Medicina 2023 and Ciencias Económicas 2023 schedules NOT found: med.una.py returns HTTP 403 ('banned'), not bypassed; Wayback holds FCM 2023 exoneration/admission resolutions but no 2023 fee schedule; the eco.una.py Wayback index has no undergraduate fee file. Aid: govt targeted kept. Arancel Cero is mostly group-based (public/subsidised school); no UNA-wide share of entrants found (FACEN alone granted ~146 entrants in the 2nd period 2023; press: about 60,000 beneficiaries across all public HE in 2024, while UNA had 44,654 students); it could be broad if eligible entrants are >= 40%, unresolved. inst targeted kept: Art. 210 (cap 20%, needs prior-period grades, so not usable by first-period entrants) and Art. 211 (first-matrícula exemption for low-income entrants with >=80% admission score), both capped or merit-conditioned."
PAK-QIA,V010,agree,agree,"QAU Act 1973 (pakistancode PDF, s.9, s.12); QAU fee page Wayback 2 Oct 2023; QAU fee page Wayback 19 Aug 2019 (itemised Category A); web search for an itemised 2023 Category A (none found; qau.edu.pk/fees-structure returned 403)",,none_needed,"Control: statute confirms the President is Chancellor and the Chancellor appoints the VC; public. Band: Category B per-semester totals 48,000/49,650 confirmed in the 2 Oct 2023 capture. Flagged Category A: the 2023 page does not itemise it, but the Fall 2019 capture of the same page itemises Category A 'At the time of Admission' as Admission Fee, Registration Fee, Identity Card, Library Security (Refundable), Documents Verification fee - all one-off or refundable; no source shows any part recurring, so exclusion under 3b is supported (structural inference from an earlier year, flagged). Band is high either way (min 96,000 = 28.4% of GDP pc; the 25% line is 84,494; midpoint 15.6% above the line). Category B also contains per-semester transport, sports, lab and field-work charges (2019 itemisation) levied on all regular students; they are compulsory as published. Aid targeted/targeted accepted."
PAK-NUST,V010,agree,agree,"NUST Act 1997 (pakistancode PDF, s.8, s.12); NUST fee page Wayback 26 Sep 2023; NUST fee page Wayback 25 Jul 2024; Wayback CDX digest history 2023-2026",,none_needed,"Control: the PM is Chancellor; the Board is chaired by the Chief of the Army Staff and includes state officials; public. Dating: the CDX digest history shows the schedule changed between the 20 Mar 2023 and 26 Sep 2023 captures (124,200/148,400 -> 149,000/200,300) and again between 12 Apr 2024 and 25 Jul 2024 (-> 171,350/250,380, the Fall 2024 schedule), which brackets 149,000/200,300 as the Fall 2023 (2023/24) intake schedule. Band high regardless (even the pre-2023 rates exceed 70% of GDP pc)."
PAK-LUMS,V010,agree,agree,"HEC university record (Sector: Private); LUMS BSc (Hons) Economics fee tab, Wayback 3 Dec 2023",,none_needed,"HEC lists Sector 'Private', chartered by the Government of Pakistan; private_nonprofit; govt_dependent_flag no accepted (no per-student teaching transfer found; not contradicted). FY 2023-24 Economics table confirmed (tuition 1,050,560; semester registration 85,400; admission 134,370 one-off; security refundable). Band high by a wide margin. Aid targeted/targeted accepted."
PAK-PIEAS,V010,agree,agree,PIEAS BS Fee Structure 2023 PDF (Wayback 22 Apr 2024); PIEAS Ordinance as cited (unofficial compilation) not re-opened,,none_needed,"Transport (flagged): the PDF lists 'Transport Charges 15,000 Per regular semester' under 'Recurring Charges/Per Semester', and 'Total Recurring without Accommodation 90,000' equals 54,000 + 2,000 + 10,000 + 1,000 + 2,000 + 3,000 + 3,000 + 15,000, so PIEAS counts transport in its standard non-residential total; no opt-out is stated. Its compulsory status rests on the institution's own total, not an explicit rule. Band high either way (150,000 without transport = 44% of GDP pc). Control public (PAEC-controlled Board) accepted; official Pakistan Code copy of the Ordinance still not located."
PAK-CI,V010,agree,agree,"COMSATS University Islamabad Act 2018 (pakistancode PDF, s.8, s.18(3)); CUI Treasurer notification of 30 Nov 2023 (Spring 2024 fees, Wayback)",,none_needed,"Statute confirms the President is Chancellor and appoints all Senate members; public. Spring 2024 Fall-23 batch rows confirmed (111,000 other / 120,000 CS / 126,000 engineering / 139,000 architecture & design); admission 22,000 one-time. Band high by a wide margin."
NGA-I,V010,agree,agree,UI Act (placng view2.php?sn=534); Leadership.ng; Nigerianeye 30 Aug 2024; FIJ 15 Apr 2024; FIJ 30 Aug 2024; Blueprint 30 Aug 2024; UI Law Press 30 Aug 2024; Rockite Press 5 Sep 2023; TechCabal 14 Aug 2023 (fee images dead),Band agreed only at low confidence; amounts remain news-based and the reviewed Council schedule is still missing,unresolved,"Control: Act confirms the President is Visitor and appoints 9 Council members; public. 29 Aug 2024 Council review: reports of 30 Aug 2024 (Blueprint, UI Law Press, Nigerianeye, FIJ) quote only the approval of the 'reviewed schedule of levies for newly admitted and returning undergraduate students in the 2023/2024 academic session'; none gives amounts after review, and none reports a reduction (students protested the approved levies). Returning-student 2023/24 amounts reported by students: Human Nutrition 138,350 and Animal Science 150,000 (Leadership; Nigerianeye), 'almost N80,000' (FIJ 30 Aug 2024), i.e. about 6-11% of GDP pc. The Dean's 'only for freshers' reads as pricing for the new cohort, not as first-year-only items, so the freshers' portal amounts remain the relevant baseline; they still cannot be split into recurring and one-off items. Freshers' midpoint 22.3% (moderate; max 29.9% high); a returning-student basis would give about 6-11% (low_moderate/moderate). Moderate is the band at the midpoint on the freshers' basis and at the upper end on the returning basis; keep band_unstable=yes, confidence low. Session labels conflict: 2023 student press (Rockite Press 5 Sep 2023; TechCabal 14 Aug 2023) call the Aug 2023 fee release '2023/2024', while the official UI notice dates 2023/24 fee payment to June 2024; recorded, not resolved."
NGA-L,V010,agree,agree,UNILAG Revised Obligatory Charges 21 Sep 2023 (unilag.edu.ng/?p=26564); University of Lagos Act Cap U9 (placng PDF),,none_needed,"Control: Act s.16 the President is Visitor; 9 Council members appointed by the President; Pro-Chancellor appointed by the Visitor; public. Band: table re-read; returning totals 80,750/120,250/170,250 include TISHIP 5,000; utility 15,000 for all undergraduates; new-student-only rows (result verification, handbook, matriculation, toxicology) and the higher new-student registration/exam/library/medical rates are first-year-only and correctly excluded under D032. Headline 135,500 = 9.83% of GDP pc, 1.7% below the 10% cut-off; including TISHIP (health insurance, excluded by protocol) gives 140,500 = 10.2% (moderate). The band depends on the TISHIP exclusion and the medical-tier outlier (without it the midpoint is about 8%); flag as near-threshold. govt_need_aid unknown / inst_need_aid targeted accepted."
PRT-P,V010,agree,agree,"U.Porto 'funcionamento e propinas' page, Wayback 22 Feb 2024",,none_needed,2023/24 propina 697 + seguro escolar 2 confirmed verbatim. Public foundation instituted by the State with Government-appointed curadores (as cited); public. Aid targeted/targeted accepted (DGES bolsas 14.8% national < 40%).
PRT-L,V010,agree,agree,"FCUL Despacho D/56/2023 (2023/24 fee table); SASULisboa 'Candidaturas Abertas 2023' (13 Nov 2023); FLUL 'Bolsas e Financiamento' page (UL - Consciencia Social); SASULisboa 'outros apoios diretos' and 'consciencia social' pages (script-rendered, no content)",Headline includes the first-year-only taxa de matricula (EUR 40),correction_proposed,"The FCUL table header reads 'Taxa Matrícula (só 1.º ano/ 1ª vez)': the EUR 40 is first-year/first-time only and under D032 is excluded from the headline. Corrected compulsory_fees_std 25 (taxa de inscrição incl. seguro escolar), headline 722, ratio 0.0282; band low unchanged. Control public accepted (public-law legal person created by the State). inst_need_aid left unknown: the ULisboa 'Bolsas de Mérito Social' 2023 call is means-tested (<= 15 x IAS) but is for 3 master's students and activity-linked, so it is not first-degree aid; the university-wide 'UL - Consciência Social' emergency support for students in 'situação comprovável de carência económica' is described on an undated current page (2023/24 applicability not established); FLUL's variant pays per hour of activity (work-linked, not a grant)."
PRT-A,V010,agree,agree,UA Circular 01-REIT/2023 (ua.pt/file/72660); web search for SASUA means-tested support,,none_needed,The circular fixes the 2023/24 propina at 697 and an inscrição fee of 2% of the annual propina including seguro (charged per enrolment); headline 710.94 confirmed; band low. Control public accepted. inst_need_aid unknown kept: only the activity-linked Bolsa de Participação e Valorização Social was found; its 2023/24 terms were not read.
PRT-C,V010,agree,agree,"UC propina page Wayback 29 May 2023 (shows 'Propina 2022/2023' only); UC FAQ Wayback 18 Nov 2024; Wayback CDX for UC propina pages (no 2023/24 page captured); DR Despacho 3602/2024 (UC; international students only); live uc.pt (Bunny Shield challenge, not bypassed); Publico 4 Jul 2023 (HTTP 403, not read)",,none_needed,"No UC-specific 2023/24 propina document could be read. A Publico column of 4 Jul 2023 is described in search results as saying UC charges national students 697, but it returned 403 and is not used as evidence. Tuition 697 stays an inference from the national cap (flagged). Band low is robust: any tuition between about EUR 236 and the 697 cap gives 1%-5% with the 20 EUR fee. The 20 EUR 'taxa de matrícula ou de inscrição em frequência' is charged per enrolment year (2025 page: paid after enrolling in the academic year); not first-year-only. Control public accepted."
PRT-NL,V010,agree,agree,NMS Despacho 10/2023 (2023/24 propinas annex),,none_needed,"Annex confirms 697 + 35 inscrição + 14 seguro escolar = 746 for MI Medicina; the 35 is an inscrição charge at each enrolment, not a first-year-only matrícula fee. Band low. Control public (DL 20/2017 foundation; Government-appointed curadores) accepted."
EGY-C,V011,agree,agree,El Watan 7380334 (11 Jun 2024) re-read via curl (full article body); El Watan 6832201 (28 Sep 2023) on 2023/24 exemptions; Law 49/1972 quotes taken from drafter (scanned gazette not re-rendered),,none_needed,"Control: statutory public body (Law 49/1972 art. 7; president by presidential decree, art. 25); public. Band: the article first gives a general per-faculty list attributed to 'توصيات وقرارات المجلس الأعلى للجامعات' (Dentistry 1300, Arts 1200, Engineering 4850, Computers & AI 8660, Dar El-Ulum intizam 928.5, Econ. Arabic 1200, Law Arabic 1200), then a separate credit-hour list (Engineering 48,290/yr, Computers 860 per credit, Regional & Urban Planning 33,000/yr, Law 1163 intizam). The drafter's exclusion of Urban Planning 33,000 is therefore supported: it sits in the credit-hour paragraph. The first list does not label its track except Dar El-Ulum, so it remains unverified whether Engineering 4,850 and Computers & AI 8,660 are regular-track fees. Midpoint 4,794 (5.4% of GDP pc) is 8% above the 5% cut-off; without the two technical faculties the band would be low. low_moderate with band_unstable=yes and low confidence is the correct application of the rule to this evidence; no better source found. Aid: govt targeted supported for 2023/24 by the SCU exemption list (category exemptions plus a social survey with the father's salary statement); inst unknown kept."
EGY-AC,V011,agree,agree,AUC tuition page Wayback 10 Jan 2024 (USD 667 per credit hour for Egyptian undergraduates re-read),,none_needed,"Control private_nonprofit accepted (Delaware-incorporated, board of trustees; no state appointment). Band high under any annualisation (24 or 30 credits) and any exchange rate: USD 16,008 x 30.63 = 553% of GDP pc. Aid: inst targeted and govt unknown accepted."
EGY-ASC,V011,agree,unresolved,"Ain Shams Faculty of Education fee notice (edu.asu.edu.eg news 73) and its PDF for 2022-2023 (rendered and read visually); ASU e-payment and special-programme pages via search; El Watan 7568400 (2024/25 payment procedure, no amounts); two web searches for 2023/24 faculty fees (results were snippets, Ahleya (private) university or credit-hour programmes)",,unresolved,"Headline still cannot be established for 2023/24. Best official nearest-year evidence: Faculty of Education 2022/23 general (regular) programmes, level-1 annual total 2,156 (humanities) and 2,413 (sciences/special education); levels 2-3 2,005/2,285. These are 2.3%-2.7% of 2023 GDP pc (low). One faculty only and one year earlier, so no headline is entered. Special paid programmes in the same PDF (8,910-11,231 per autumn term) are parallel tracks and excluded. Aid: govt targeted and inst targeted (ASU Takaful fund with family-income social survey) accepted."
EGY-A,V011,agree,agree,"El Watan 7580364 (drafter's quote, not re-opened); web search for a 2023/24 Alexandria council decision (only undated snippets: 600-1,200 per faculty)",,none_needed,"Control public (Law 49/1972). Band low accepted as nearest-year: 2024/25 2,500 = 2.8% of GDP pc. Undated snippets of 600-1,500 would put it free-to-low, so the free/low line (887 EGP) cannot be excluded for 2023/24; low confidence is correct. No correction."
EGY-AASTMT,V011,agree,agree,"AASTMT 2024/25 bulletin (aast.edu Fees-2023-2024.pdf, text-extracted)",,none_needed,"Control public per D037 (not re-litigated). Charge: bulletin confirms USD per-term prices (e.g. Fisheries Technology A 3165; Medicine Alamein 8000) and implies EGP 16.30 per USD (refund rule 'A sum of 16,300 Egyptian Pounds or 1,000 US Dollars'). Band high under any rate (minimum USD 6,330/yr x 16.30 = EGP 103,179 = 116% of GDP pc). Aid: inst none accepted (listed scholarships are merit or status based); govt unknown accepted."
EGY-A2,V011,agree,unresolved,aun.edu.eg (connection failure again from this network); Wayback CDX search for aun.edu.eg fee URLs (none); web search for Assiut regular-track 2023 fees (only Assiut National (Ahleya) University results),,unresolved,Headline could not be established; nothing found for the regular track of the public university. Control public accepted (Law 49/1972 art. 2(d)). Aid: govt targeted accepted (national SCU exemptions).
EGY-FE,V011,agree,agree,FUE 'Tuition Fees 2023/2024' Wayback 1 Aug 2023 (page re-opened); decree text from drafter (scanned gazette not re-rendered),,none_needed,"Band high: minimum 60,000 + USD 1,700 + 12,000 admin fee = about EGP 124,000 = 140% of GDP pc. Control: private_forprofit accepted as a reading of the decree. The decree says the main purpose is not profit, but it provides for distributing a share of the net surplus to the founders, which breaks the non-distribution constraint. If the coordinator reads 'not primarily for profit' as enough it would be private_nonprofit; either way it is not public. Aid codes accepted."
EGY-M,V011,agree,unresolved,El Watan 6793291 (9 Sep 2023) re-read via curl; Mansoura faculty site edufac.mans.edu.eg (no response); Wayback CDX for mans.edu.eg fee pages (none); web search for the 2023/24 council decision (none),,unresolved,"Headline not established. The only 2023/24 source (El Watan, 9 Sep 2023) is vague: 'كلية التمريض: تصل إلى 1000 جنيه فقط', 'كلية الهندسة: بين 500 جنيه إلى 1500 جنيه', Arts intizam 282, Law intizam 257, Computers general programme 430, Veterinary 800-1500, Education 500-1800, Science 850-1500. Mechanically the rule would give 257-1,800, midpoint 1,028.5 = 1.16% (low, band_unstable with min free), but the ranges mix unnamed programmes and the 282/257 values may exclude service fees (the 2024 report gives Arts 1,562). I agree with leaving it empty. All figures are below 2.1% of GDP pc, so the band is free or low, not higher."
TUR-MET,V011,agree,agree,"Presidential Decision 7384 (RG 15 Jul 2023), page rendered and read; GSB Burs Yönetmeliği, RG 3 Nov 2023 (new source)",,correction_proposed,"Free confirmed: art. 1(3) '2023-2024 Eğitim-Öğretim Yılında ... birinci öğretim ... öğrencilerinden ... öğrenci katkı payı alınmaz'. Aid correction to the source basis only: the 2004 KYK Burs-Kredi Yönetmeliği cited by the drafter was repealed on 3 Nov 2023 and replaced by the Gençlik ve Spor Bakanlığı Burs Yönetmeliği (RG 32358), in force from publication, before the 2023/24 allocations announced 13 Nov 2023. The means test is the same in substance (art. 11(2): student's and family's social and economic situation together with the placement score), with an annual quota (art. 6), so targeted stands."
TUR-IT,V011,agree,agree,Presidential Decision 7384 (as TUR-MET); GSB Burs Yönetmeliği 2023,,correction_proposed,As TUR-MET: free confirmed by the national rule; govt aid source update (2023 regulation). Inst unknown accepted (the need-based schemes found are run by legally separate foundations).
TUR-K,V011,agree,agree,Koç 'Burslar ve Eğitim Ücretleri' Wayback 20 Aug 2023 (re-opened); GSB Burs Yönetmeliği 2023,,correction_proposed,"Band high under any reading (lowest paid price 358,000 = 113% of GDP pc). Payment basis: the page says 'eğitim ücretleri yarıyıl bazında belirlenir': fall 260,000; if only fall is paid at registration, spring is 300,000 (560,000/yr); if the annual amount is paid at registration, spring is charged at the fall rate (520,000). The drafter's 520,000 is the pay-upfront option and 560,000 is the pay-per-semester price; immaterial to the band. Medicine: under D038(1) (headline = price actually paid on fee-paying places), medicine's paid seats cost 358,000 ('Tıp Fakültesi için yarı burslu KDV dâhil 358.000 TL'). I propose keeping medicine in the range (358,000-520,000, midpoint 439,000) rather than excluding it; coordinator's choice, band unchanged. govt aid source update as TUR-MET."
TUR-B,V011,agree,agree,Bilkent 'Eğitim Ücreti' Wayback 5 Dec 2023 (re-opened); GSB Burs Yönetmeliği 2023,,correction_proposed,"300,000 TL for all programmes in 2023-24 (94% of GDP pc), paid upfront; the spring part can be deferred with an inflation uplift. High. Control private_nonprofit accepted. govt aid source update as TUR-MET."
TUR-BU,V011,agree,agree,Presidential Decision 7384 (as TUR-MET); GSB Burs Yönetmeliği 2023,,correction_proposed,"Free by the national rule for daytime students within normal duration. The nearest-year university page only confirms there is no other fee, which is acceptable because the national decision binds all state universities. govt aid source update as TUR-MET."
KOR-S,V011,agree,agree,"Act on the Establishment and Operation of SNU (law.go.kr lsiSeq 210137, retrieved by lsInfoR.do POST)",,none_needed,"Control, strict test: public. The state created the corporation by statute and transferred national property free of charge; there is no private founder or owner. The Act's addendum amends Higher Education Act art. 3 to read '국가가 설립ㆍ경영하거나 국가가 국립대학법인으로 설립하는 국립학교', so SNU is a national school the state establishes as a national university corporation. The president is '이사회가 선출하여 교육부장관의 제청으로 대통령이 임명한다' (art. 7(1)); two vice-ministers sit ex officio (art. 9(1) items 3-4); the other directors are chosen by the board but '교육부장관의 취임 승인을 받아야 한다' (art. 9(2)). The state does not directly name a board majority, but it appoints the head and approves every non-ex-officio director, and no private body has any appointment right. Band moderate (7.48m = 16%) holds under any averaging. Aid targeted/targeted accepted (see KOR note in summary)."
KOR-KKAST,V011,agree,agree,"KAIST Act (law.go.kr lsiSeq 276251, lsInfoR.do POST); KAIST 2023 fall tuition notice PDF (file_id 45829) re-opened",,correction_proposed,"Control public: a statutory juridical person created by the KAIST Act (art. 1 '...한국과학기술원을 설립함을 목적으로 한다'); directors and president are chosen by the board subject to Minister of Science and ICT approval with the Education Minister's consent (arts. 6(2)-(3), 7); at founding the Minister appointed the directors and head (1980 addendum 제8조③). No private owner. D038 check for 2023: the 2023 fall notice table for '16-'23 entrants shows 수업료 3,433 / 장학금 3,433 / 납부액 - with '1년차: 전액 장학금' and '2년차 이상: 평점 2.7 이상', and for GPA below 2.7: 3,433 / 1,743 / 1,690 (thousand KRW per semester). Headline 0 (free) is consistent with D038. Only a note addition is proposed."
KOR-Y,V011,agree,agree,No new source opened; band arithmetic re-checked against the drafter's table quote,,none_needed,"Control private_nonprofit (school corporation). Band: midpoint 10.53m = 22.6%, 10% below the 25% cut-off. To reach 'high' the maximum annual rate would have to exceed 16.2m (8.1m per semester), far above the highest listed programme (6.993m per semester). The band holds against realistic table errors. The table is a third-party-hosted copy; not replaced. Aid accepted."
KOR-K,V011,agree,agree,Wayback CDX of korea.ac.kr registration-fee PDFs (a 2022 capture is listed but did not load; no 2023 capture); drafter's KU News freeze quote,,none_needed,"The 2023 table was not recovered. The 2024 rates stand for 2023 because KU News says '학부 등록금은 15년째 동결됐지만' (domestic undergraduate tuition frozen for 15 years up to 2024), which covers 2023. Midpoint 9.767m = 21%, moderate. Control private_nonprofit accepted. Aid accepted."
KOR-POSTECH,V011,agree,agree,POSTECH admissions FAQ Wayback 31 May 2023 (re-opened); POSTECH 2024 admissions guide (issued May 2023) p.38,,correction_proposed,"D038 check for 2023: the FAQ as shown on 31 May 2023 reads '최초 학기 등록금은 ‘신입생 전원 전액 장학혜택’ 을 제공 ... 최초 학기 이후에는 학기별 성적에 따라 다음 학기의 등록금이 면제되며 졸업 전 모든 학기(8학기 기준)에 해당됩니다'; the 2024 guide (issued May 2023) repeats that first-semester fees are waived for all and later semesters depend on the previous semester's grades. Headline 0 (free) is consistent with D038. POSTECH's 2023 tuition amount was not pursued (coordinator instruction). Proposed year_observed 2023, since the waiver regime is shown on a 2023 capture and the 2020 date applies only to the conditional rate in notes. Control private_nonprofit accepted (school corporation founded as 학교법인 제철학원)."
POL-W,V012,agree,agree,"PSWN 2023 consolidated PDF (arts 13, 19, 35, 36, 420, 423); UW fee order Zarz. 62/2023 (monitor.uw.edu.pl); UW 2025 news page on benefits; web search for UW own means-tested schemes (none found)",,none_needed,"Control: PSWN art. 13(1)(1) and 35(1) (public = created by a state organ; public academic universities created by statute) confirmed in the 2023 consolidated text; art. 19(1) confirmed: the council is appointed by the senate, not the state. Ownership supports public: art. 423(2) subjects disposal of a public university's fixed assets to the State Property Management Act 2016 and consent of the President of the Prokuratoria Generalna; on liquidation a minister-appointed liquidator takes over the organs' powers (art. 36). No private owner/founder exists (contrast art. 13(1)(2) 'założyciel' for non-public). Strict test met on creation/ownership; the council appointment is internal (senate), not private. Band: free confirmed; the 2023/24 rector's fee regulation sets fees only for part-time, foreign-language, repeated/extra classes (and foreigners). Treating fee-paying full-time foreign-language programmes as a separate track mirrors the EGY parallel-track treatment, but no decision-log entry covers it - flagged for the coordinator. Aid: govt targeted accepted (stypendium socjalne, per-person family income). Inst: UW page says socjalne/rektora/zapomoga are paid from the ministry-funded Fundusz Stypendialny; art. 420 limits a university's own fund to merit awards; no UW-run household-means-tested scheme found in a second search; keep unknown (faculty-level donor funds, like the one found at UJ, were not searched exhaustively)."
POL-J,V012,agree,agree,PSWN 2023 (as POL-W); UJ fee order Zarz. 8/2023; June 2024 Wayback capture of the UJ own-funds list; Zarz. 42/2022 (Fundusz wsparcia regulation); 2026 Fundusz wsparcia page and 2026 regulation; Zaleski fund regulation (WPiA UJ),inst_need_aid basis: Fundusz wsparcia is not a household means test (code unchanged),correction_proposed,"Control: PSWN art. 13(1)(1) and 35(1) (public = created by a state organ; public academic universities created by statute) confirmed in the 2023 consolidated text; art. 19(1) confirmed: the council is appointed by the senate, not the state. Ownership supports public: art. 423(2) subjects disposal of a public university's fixed assets to the State Property Management Act 2016 and consent of the President of the Prokuratoria Generalna; on liquidation a minister-appointed liquidator takes over the organs' powers (art. 36). No private owner/founder exists (contrast art. 13(1)(2) 'założyciel' for non-public). Strict test met on creation/ownership; the council appointment is internal (senate), not private. Band: free confirmed; the 2023/24 rector's fee regulation sets fees only for part-time, foreign-language, repeated/extra classes (and foreigners). Treating fee-paying full-time foreign-language programmes as a separate track mirrors the EGY parallel-track treatment, but no decision-log entry covers it - flagged for the coordinator. Aid: govt targeted accepted. Inst: the drafter's basis (Fundusz wsparcia, Zarz. 42/2022, in force in 2023/24, UJ own funds or donations) is a one-off emergency grant (max 1,500/2,500 zł) for a temporary hardship caused by specified events (epidemic, higher rent, armed conflict), assessed on the applicant's material situation with no income threshold, and available only to students not eligible for the statutory zapomoga; in my reading it is emergency hardship aid, not a household means test, so it should not carry the code alone. Targeted is nevertheless supported by the Fundusz Stypendialny im. Pawła Zaleskiego (listed as a UJ own fund in the June 2024 capture): run by a UJ council chaired by the Dean of Law, donor-financed (counts under D036), for high-achieving full-time students from backgrounds with limited access to funding, requiring documents on the material situation of the candidate and household members incl. tax-office income certificates. Limits: Faculty of Law only, from 2nd year, awards depend on funds; regulation undated. Keep targeted; replace the basis in notes."
POL-WT,V012,agree,agree,PSWN 2023 (as POL-W); PW fee decision 118/2023 (is.pw.edu.pl copy); Dec 2023 Wayback capture of the Król scholarship page; Król regulation PDF,,none_needed,"Control: PSWN art. 13(1)(1) and 35(1) (public = created by a state organ; public academic universities created by statute) confirmed in the 2023 consolidated text; art. 19(1) confirmed: the council is appointed by the senate, not the state. Ownership supports public: art. 423(2) subjects disposal of a public university's fixed assets to the State Property Management Act 2016 and consent of the President of the Prokuratoria Generalna; on liquidation a minister-appointed liquidator takes over the organs' powers (art. 36). No private owner/founder exists (contrast art. 13(1)(2) 'założyciel' for non-public). Strict test met on creation/ownership; the council appointment is internal (senate), not private. Band: free confirmed; the 2023/24 rector's fee regulation sets fees only for part-time, foreign-language, repeated/extra classes (and foreigners). Treating fee-paying full-time foreign-language programmes as a separate track mirrors the EGY parallel-track treatment, but no decision-log entry covers it - flagged for the coordinator. Decision 118/2023 is dated 16 May 2023 and titled for 2023/24; the hosted file name contains 'projekt' (as the drafter flagged). Aid: govt targeted accepted. Inst targeted accepted under D036: the Król scholarship is awarded by a PW Kapituła (vice-rector for student affairs, one foundation representative, the vice-rector's assistant as secretary) to students with very good grades who meet the social-scholarship (household income) conditions; foundation-financed but institution-administered; listed under PW's Własny Fundusz Stypendialny in the Dec 2023 capture. Minor: the regulation lists the vice-rector first but does not say 'chaired'; the foundation can suspend the programme (§ 6); regulation undated."
POL-AMP,V012,agree,agree,PSWN 2023 (as POL-W); UAM fee order Zarz. 309/2022/2023; web search for UAM own means-tested schemes (only statutory socjalne found),,none_needed,"Control: PSWN art. 13(1)(1) and 35(1) (public = created by a state organ; public academic universities created by statute) confirmed in the 2023 consolidated text; art. 19(1) confirmed: the council is appointed by the senate, not the state. Ownership supports public: art. 423(2) subjects disposal of a public university's fixed assets to the State Property Management Act 2016 and consent of the President of the Prokuratoria Generalna; on liquidation a minister-appointed liquidator takes over the organs' powers (art. 36). No private owner/founder exists (contrast art. 13(1)(2) 'założyciel' for non-public). Strict test met on creation/ownership; the council appointment is internal (senate), not private. Band: free confirmed; the 2023/24 rector's fee regulation sets fees only for part-time, foreign-language, repeated/extra classes (and foreigners). Treating fee-paying full-time foreign-language programmes as a separate track mirrors the EGY parallel-track treatment, but no decision-log entry covers it - flagged for the coordinator. Aid: govt targeted accepted; inst unknown kept (second search found only the statutory Fundusz Stypendialny benefits; Fundacja UAM is a separate body, D036)."
POL-PLS,V012,agree,agree,PSWN 2023 (as POL-W); UPP fee order Zarz. 18/2023 (bip.up.poznan.pl); poznan.pl 2018 news on the Horticulture friends' association scholarship; WOAK faculty page,,correction_proposed,"Control: PSWN art. 13(1)(1) and 35(1) (public = created by a state organ; public academic universities created by statute) confirmed in the 2023 consolidated text; art. 19(1) confirmed: the council is appointed by the senate, not the state. Ownership supports public: art. 423(2) subjects disposal of a public university's fixed assets to the State Property Management Act 2016 and consent of the President of the Prokuratoria Generalna; on liquidation a minister-appointed liquidator takes over the organs' powers (art. 36). No private owner/founder exists (contrast art. 13(1)(2) 'założyciel' for non-public). Strict test met on creation/ownership; the council appointment is internal (senate), not private. Band: free confirmed; the 2023/24 rector's fee regulation sets fees only for part-time, foreign-language, repeated/extra classes (and foreigners). Treating fee-paying full-time foreign-language programmes as a separate track mirrors the EGY parallel-track treatment, but no decision-log entry covers it - flagged for the coordinator. The order text shows only part-time, repeat and English-taught charges; header date '24 marca 2022' vs reference RP-0211-18/2023 confirmed as the drafter noted. Aid: govt targeted accepted. Inst: the candidate scheme is financed and run by the association 'Przyjaciele Wydziału Ogrodnictwa i Architektury Krajobrazu UPP' (poznan.pl, 2018: merit plus low family income, 1,000 zł/month, first-year students); an association is a separate legal body, so under D036 it does not count as institutional; its operation in 2023/24 not established. inst stays unknown; notes update proposed."
UKR-TSK,V012,agree,agree,"EDEBO API 2023 (KNU id 41, qf 1 and 2, and national); KNU 2023/24 fee PDF (scanned; pp.6 and 28 rendered and read); CMU Resolution 1045 (zakon.rada.gov.ua print); web search for KNU fee discounts",,correction_proposed,"Control: EDEBO record 'Форма власності: Державна', 'Підпорядкування: Міністерство освіти і науки України'; statute п.1.3 and Law 1556-VII art.15(2) as cited; public agreed. Band: p.6 confirms '051 Економіка | Економіка (мова навчання англійська/українська) / Economics | Денна | 25 | 4 роки | 70 000' (max). Also found: 222 Медицина (integrated 6-year first degree, Денна, 1st year 51,900) on the last page - not mentioned by the drafter but inside the range, so no change. High is robust: midpoint 51,700 vs the 25% cut-off 46,994; with the next-highest max 62,800 the midpoint is 48,100 (still high); only a min below about 23,990 would move it. band_unstable yes correct (min 17.8%, max 37.2%). Context (new, official): EDEBO open data for the 2023 intake give 2792 full-time first-year bachelor entrants (after complete secondary) on budget places and 2000 on contract, i.e. 58.3% state-funded (derived); integrated first degree(s) (222 Медицина) budget/contract 55/6. National comparator 33.9% (state-owned institutions 36.2%). The contract headline applies to a minority or a large minority of entrants; this does not change the band under the protocol but belongs in the notes and the paper. Aid: govt targeted accepted (CMU 1045 p.4(11) verified: social scholarship for students from families receiving the state low-income family assistance; restricted to state-funded full-time students). Inst: searched (KPI, KNU, Karazin, Lviv Polytechnic, Sumy via web search; Karazin contract-department and FAQ pages; Lviv Polytechnic contract-student page and scholarship regulation of 2018 as amended 11.01.2023): no institution-funded means-tested fee reduction or bursary found; Lviv Polytechnic's regulation (p.2.12) allows material assistance only to state-funded students from the state scholarship budget. Keep unknown (not none: individual universities' fee-discount orders could not be searched exhaustively)."
UKR-VNKK,V012,agree,agree,"EDEBO API 2023 (id 62, qf 1 and 2); Karazin 2023/24 fee PDF (p.3 rendered); CMU 1045; Karazin contract department page and FAQ; web search",,correction_proposed,"Control: EDEBO record 'Державна', MON. Band: p.3 confirms '222 Медицина | 1-4 курс | 35000' (the max, Магістр column). Moderate robust: 24,400 = 13.0% (cut-offs 18,797 / 46,994); bachelor-only midpoint 21,850 also moderate. Context (new, official): EDEBO open data for the 2023 intake give 1054 full-time first-year bachelor entrants (after complete secondary) on budget places and 1106 on contract, i.e. 48.8% state-funded (derived); integrated first degree(s) (222 Медицина) budget/contract 88/16. National comparator 33.9% (state-owned institutions 36.2%). The contract headline applies to a minority or a large minority of entrants; this does not change the band under the protocol but belongs in the notes and the paper. Aid: govt targeted accepted (CMU 1045 p.4(11) verified: social scholarship for students from families receiving the state low-income family assistance; restricted to state-funded full-time students). Inst: searched (KPI, KNU, Karazin, Lviv Polytechnic, Sumy via web search; Karazin contract-department and FAQ pages; Lviv Polytechnic contract-student page and scholarship regulation of 2018 as amended 11.01.2023): no institution-funded means-tested fee reduction or bursary found; Lviv Polytechnic's regulation (p.2.12) allows material assistance only to state-funded students from the state scholarship budget. Keep unknown (not none: individual universities' fee-discount orders could not be searched exhaustively)."
UKR-TUISKP,V012,agree,agree,EDEBO API 2023 (id 174; qf 2 returns no results); KPI annex 1 to order НГФ/73/2023 (p.1 rendered); CMU 1045; web search,,correction_proposed,"Control: EDEBO record 'Державна', MON; statute as cited. Band: p.1 confirms 'Очна (денна) форма, навчання одного року' 24 900 (e.g. 101 Екологія) and 49 900 (121 Інженерія програмного забезпечення); the total column '3 роки 10 міс' = 4x annual. Moderate: 37,400 = 19.9%, 20.4% below the 25% cut-off. Context (new, official): EDEBO open data for the 2023 intake give 3501 full-time first-year bachelor entrants (after complete secondary) on budget places and 1338 on contract, i.e. 72.3% state-funded (derived). National comparator 33.9% (state-owned institutions 36.2%). The contract headline applies to a minority or a large minority of entrants; this does not change the band under the protocol but belongs in the notes and the paper. Aid: govt targeted accepted (CMU 1045 p.4(11) verified: social scholarship for students from families receiving the state low-income family assistance; restricted to state-funded full-time students). Inst: searched (KPI, KNU, Karazin, Lviv Polytechnic, Sumy via web search; Karazin contract-department and FAQ pages; Lviv Polytechnic contract-student page and scholarship regulation of 2018 as amended 11.01.2023): no institution-funded means-tested fee reduction or bursary found; Lviv Polytechnic's regulation (p.2.12) allows material assistance only to state-funded students from the state scholarship budget. Keep unknown (not none: individual universities' fee-discount orders could not be searched exhaustively)."
UKR-TKP,V012,agree,agree,"EDEBO API 2023 (id 104, qf 1 and 2); KhPI annex 1 (Wayback 2023 capture; p.1 rendered); CMU 1045; web search",,correction_proposed,"Control: EDEBO record 'Державна', MON. Band: p.1 confirms 'Вартість навчання для укр. громадян, грн/рік' денна 19860 (131 Прикладна механіка); max 33,520 not re-read. Moderate robust (14.2%; min 10.6% and max 17.8% both moderate). Context (new, official): EDEBO open data for the 2023 intake give 1074 full-time first-year bachelor entrants (after complete secondary) on budget places and 662 on contract, i.e. 61.9% state-funded (derived); integrated first degree(s) (226 Фармація, промислова фармація) budget/contract 2/1. National comparator 33.9% (state-owned institutions 36.2%). The contract headline applies to a minority or a large minority of entrants; this does not change the band under the protocol but belongs in the notes and the paper. Aid: govt targeted accepted (CMU 1045 p.4(11) verified: social scholarship for students from families receiving the state low-income family assistance; restricted to state-funded full-time students). Inst: searched (KPI, KNU, Karazin, Lviv Polytechnic, Sumy via web search; Karazin contract-department and FAQ pages; Lviv Polytechnic contract-student page and scholarship regulation of 2018 as amended 11.01.2023): no institution-funded means-tested fee reduction or bursary found; Lviv Polytechnic's regulation (p.2.12) allows material assistance only to state-funded students from the state scholarship budget. Keep unknown (not none: individual universities' fee-discount orders could not be searched exhaustively)."
UKR-LP,V012,agree,agree,"EDEBO API 2023 (id 97, qf 1 and 2); LP 2023 full-time fee PDF (Wayback 2023-07 capture, gzip; p.4 rendered); LP fee and contract-student pages; LP scholarship regulation; CMU 1045",,correction_proposed,"Control: EDEBO record 'Державна', MON. Band: p.4 confirms 'Інженерія програмного забезпечення | 50 000 | 200 000' and 'Комп'ютерні науки/Системи штучного інтелекту | 50 000 | 200 000' (annual | total). Moderate: 37,500 = 19.9%, 20.2% below the 25% cut-off. Context (new, official): EDEBO open data for the 2023 intake give 2846 full-time first-year bachelor entrants (after complete secondary) on budget places and 3244 on contract, i.e. 46.7% state-funded (derived); integrated first degree(s) (226 Фармація, промислова фармація) budget/contract 18/8. National comparator 33.9% (state-owned institutions 36.2%). The contract headline applies to a minority or a large minority of entrants; this does not change the band under the protocol but belongs in the notes and the paper. Aid: govt targeted accepted (CMU 1045 p.4(11) verified: social scholarship for students from families receiving the state low-income family assistance; restricted to state-funded full-time students). Inst: searched (KPI, KNU, Karazin, Lviv Polytechnic, Sumy via web search; Karazin contract-department and FAQ pages; Lviv Polytechnic contract-student page and scholarship regulation of 2018 as amended 11.01.2023): no institution-funded means-tested fee reduction or bursary found; Lviv Polytechnic's regulation (p.2.12) allows material assistance only to state-funded students from the state scholarship budget. Keep unknown (not none: individual universities' fee-discount orders could not be searched exhaustively)."
UKR-SS,V012,agree,agree,"EDEBO API 2023 (id 168, qf 1 and 2); Sumy order 0333-I annex 1 (Wayback capture; rendered); CMU 1045; web search",,correction_proposed,"Control: EDEBO record 'Державна', MON. Band: annex 1 confirms per-semester 1st-year prices 102 Хімія 9700, 221 Стоматологія 26800, 035 Філологія 18000; 'Всього' equals 2x the sum of per-course semester prices (e.g. 017: 2x(14500+17000+19500+22000)=146000), confirming the per-semester reading. Spring indexation (order 0025-I) not re-read; without it the midpoint is 36,500, still moderate. Moderate robust (bachelor-only midpoint 28,400 also moderate). The dentistry max rests on a programme with 23 entrants, 19 on contract. Context (new, official): EDEBO open data for the 2023 intake give 554 full-time first-year bachelor entrants (after complete secondary) on budget places and 329 on contract, i.e. 62.7% state-funded (derived); integrated first degree(s) (221 Стоматологія 4/19 and 222 Медицина 113/4) budget/contract 117/23. National comparator 33.9% (state-owned institutions 36.2%). The contract headline applies to a minority or a large minority of entrants; this does not change the band under the protocol but belongs in the notes and the paper. Aid: govt targeted accepted (CMU 1045 p.4(11) verified: social scholarship for students from families receiving the state low-income family assistance; restricted to state-funded full-time students). Inst: searched (KPI, KNU, Karazin, Lviv Polytechnic, Sumy via web search; Karazin contract-department and FAQ pages; Lviv Polytechnic contract-student page and scholarship regulation of 2018 as amended 11.01.2023): no institution-funded means-tested fee reduction or bursary found; Lviv Polytechnic's regulation (p.2.12) allows material assistance only to state-funded students from the state scholarship budget. Keep unknown (not none: individual universities' fee-discount orders could not be searched exhaustively)."
HRV-Z,V013,agree,agree,ZVOZD NN 119/2022 (cited); FFZG decision 2023/24 (cited); EFZG autumn 2023 procedure (cited); FPZG autumn 2023 enrolment notice (new); FOI troškovnik 2023/24 (new); web search for other faculties,,correction_proposed,"Control public (state founder; founder appoints half of council) - agree. Band free robust: two more 2023/24 faculty first-enrolment charges found, FPZG 39.82 EUR and FOI 60.00 EUR (FOI package includes insurance, student card, promo pack), both inside the drafted 35.84-66.36 range, so min/max/midpoint unchanged; 4 of ~30 faculties now observed. A midpoint would need ~205 EUR (1% of GDP pc 20,516) to leave 'free', i.e. a faculty maximum near 374 EUR; nothing observed approaches that. Note inconsistency with HRV-R/JJSO: at EFZG and FOI accident insurance is bundled in the enrolment package and not separable, so it stays in the Zagreb figure; immaterial to the band. Aid: govt targeted (SES state scholarship, household income test, 12,000 capped) agree; inst targeted (category D lower-SES, 46 awards) accepted; income criterion for 2023/24 still not read."
HRV-JJSO,V013,agree,agree,"ZVOZD (cited); adopted Osijek statute March 2023 (new, efos.unios.hr); 2023/24 admissions call (cited); 2023/24 scholarship call page (cited)",,correction_proposed,"Control: the adopted statute (Senate 28 Feb 2023) art. 3(1)-(2) states the university is a javna ustanova and its founder is the Republic of Croatia - replaces the draft-statute citation. Band free (47-67 EUR, midpoint 57; 0.28% of GDP pc) agree; accident-insurance exclusion (3.98 EUR) immaterial. Aid: govt targeted, inst targeted (C1: family income per member <= 70% of budget base, 20 awards) agree."
HRV-R,V013,agree,agree,"Rijeka statute 2023 (cited); 2023/24 call (cited); uniri scholarships page (cited); Pravilnik Fonda Aleksandar Abramov p.t. 2017 (new, scanned, read visually)",,correction_proposed,"Control public (statute art. 2(4)-(5)) agree. Band free (upisnina 50.43 EUR, Senate decision) agree; accident insurance excluded consistently with protocol (insurance). Aid: inst targeted now has its means test read: the Abramov fund rules art. 8(2) set a household income-per-member census for the 'Solidarnost' programme (HRK thresholds in the 2017 consolidated text; the Dec 2020 amendment was not read) - household means test confirmed, D036 (fund administered by the University, Senate award)."
HRV-S,V013,agree,agree,"Split statute 15 Mar 2023 (new copy on data.fesb.unist.hr, scanned, read visually); 2023/24 admissions call (cited); FFST enrolment page (cited); Split scholarship call 2023/24 (cited, re-read visually); web search for the Split scholarship Pravilnik (not found)",,correction_proposed,"Control: statute art. 10(2) 'Osnivačka prava nad Sveučilištem u Splitu obavlja Republika Hrvatska' and 10(4) public-institution status - control evidence is now direct. Band free (53.09 EUR admin costs; tuition 0 by rule, FFST page consistent) agree. inst_need_aid unknown kept: the 2023/24 call has K1 (first-time first-years) and K2 (>=60 ECTS and GPA >=3.5) only, with 'druge eventualne potvrde u smislu članka 3. stavka 2. Pravilnika' - the Pravilnik (possible social ranking criteria) was not found; unresolved."
SWE-KRT,V013,agree,agree,Högskoleförordningen Bilaga 1 and Högskolelagen (cited); prop. 2008/09:154 (cited); Studiestödslag (cited); KTH anknutna stiftelser capture 2023-10-03 (new); web search KTH need-based scholarships,,none_needed,"Control public, band free (tuition 0 for EEA by HL 4:4; compulsory union/nation membership abolished 1 July 2010) agree; no compulsory fee at state HEIs found. govt none under D037(2) agree. inst_need_aid unknown kept: KTH administers ~90 donation foundations (~50 for undergraduate study grants), several for 'behövande'/'mindre bemedlade' students (e.g. Hoffmans stiftelse, 'allmänna studerandestipendierna'). Under D036 these are institution-administered, but whether need is assessed on household/parental means or on the student's own economy (excluded by D037(2)) was not established; coordinator decision needed before recoding."
SWE-L,V013,agree,agree,"Högskoleförordningen Bilaga 1 and Högskolelagen (cited); prop. 2008/09:154 (cited); Studiestödslag (cited); web search Lund scholarships (LU stiftelseförvaltning, ~250 scholarships via one application)",,none_needed,"Control public, band free agree (nations at Lund voluntary since 2010, HL 4:15 gives only status). govt none agree. inst unknown kept: Lund administers affiliated foundations (single application for ~250 scholarships); no household means test documented in what was opened (search results only; no page opened)."
SWE-U,V013,agree,agree,Högskoleförordningen Bilaga 1 and Högskolelagen (cited); prop. 2008/09:154 (cited); Studiestödslag (cited); Uppsala scholarships page (new); web search,,none_needed,"Control public, band free agree. govt none agree. inst unknown kept: Uppsala's university-administered scholarship system has a general eligibility ceiling on the student's own income (SEK 237,000/yr excl. study loans, live page) - an own-income test excluded by D037(2); some individual scholarships are described (search result, not verified) as considering financial situation; household test not documented."
SWE-S,V013,agree,agree,Högskoleförordningen Bilaga 1 and Högskolelagen (cited); prop. 2008/09:154 (cited); Studiestödslag (cited),,none_needed,"Control public, band free agree. govt none agree. inst unknown kept (not separately searched beyond the pattern found at KTH/Uppsala/Lund)."
SWE-CT,V013,agree,agree,"Chalmers annual report 2023 (cited; p. 75 and p. 54 re-read); Chalmers studentkår FAQ captures 2023-11-30 and 2024-05-21 (cited, re-read)",,none_needed,"Control: confirmed with quotes. Annual report 2023 p. 75: 'Styrelsen bestod 2023 av tio ledamöter, varav en lärarrepresentant och en studeranderepresentant som utsetts av sina respektive organisationer samt Chalmers rektor som är självskriven ledamot enligt stadgarna. Resterande sju ledamöter, inklusive ordförande, är utsedda av regeringen.' p. 54: 'Styrelsen för Chalmers tekniska högskola AB tillsätts vid bolagsstämman av ägaren Stiftelsen Chalmers tekniska högskola.' The foundation (formed 1994 after the Government's 1993 decision) has no private owner and a Government-appointed majority on its board, which appoints the AB board -> public under the strict test; agree, keep as contested with private_nonprofit + govt_dependent yes as sensitivity (differs from FIN-AU Aalto, where the State may not nominate). Band: union fee 240 SEK/term confirmed for HT2023 (capture 2023-11-30) and VT2024 ('Grundutbildning och nationella studenter : 240 kr/termin', capture 2024-05-21); mandatory ('medlemsskapet är obligatoriskt och krävs för att få avlägga examen, göra tentor'); 480/583,031 = 0.08% -> free. govt none agree; inst unknown agree."
LTU-V,V013,agree,agree,"LT Law on HE and Research (e-seimas, arts 34(2), 82-1, 83(5)) re-read; VU 2023-2024 price PDF re-parsed (all rows); VU 450-mečio scholarship: vrsa.lt 2022 repost (new), kaisiadorys.lt 2024 repost (new), vu.lt 2026 news (read, not cited)",,correction_proposed,"Control public (state owner, art. 34(2)) agree. Band: re-parsed the 'VU metinė' column for all full-time first-cycle/integrated rows: min 2865 (e.g. Filosofija, Istorija, Kriminologija, Sociologija, Anglų ir kita užsienio (ispanų) kalba), max 9000 (Odontologija, integrated 300 ECTS, first degree; normative 8244). Business programmes are 3060 in the VU column (2865 is the normative price), so the drafted min examples are slightly wrong; the min value stands. Midpoint 5932.5 / 25,880 = 22.9% -> moderate (cut-off 25% = 6,470; would need max >= 10,075). Derived: min 11.1% moderate, max 34.8% high -> band_unstable should compute to yes. English-taught variants are priced like Lithuanian ones (no D039 track affecting the range). Aid: govt targeted (social scholarship tied to social-assistance entitlement) agree. inst targeted agree; evidence now brackets 2023/24: 2022/23 call (per-person family income <= 450 EUR, 130 awards) and 2024/25 call (<= 500 EUR, 100 x 3000 EUR); 2023/24 call itself still not read."
LTU-KT,V013,agree,agree,"LT law (as above); KTU Wayback 2023-03-28 admissions page (cited, re-read: prices and Privalomosios įmokos); KTU finance page Wayback 2023-09-30 (cited, re-read)",,none_needed,"Control public agree. Band: 2023-2024 annual VNF full-time 2865 / 3727 / 8244 (Muzikos studijų kryptis) / 5065 (Architektūra first 240 credits) confirmed; midpoint 5554.5 -> 21.5% moderate (within 20% of the 25% cut-off; max would need >= 10,075). Derived: max 31.9% high -> band_unstable yes. The 50 EUR 'Registracijos studijoms įmoka' is paid by invitees when signing the study contract ('moka pakviestieji studijuoti, pasirašydami studijų sutartis') and is non-refundable - one-off, excluded (D032/3b). Aid: govt targeted agree; inst targeted accepted but weak: the price reduction for 'sunki ekonominė (socialinė) padėtis' has no documented household income test, and the one-off social scholarships are hardship-event grants (illness, death, disaster)."
LTU-VGT,V013,agree,agree,"LT law (as above); VILNIUS TECH Senate decision 10.141-24 (Wayback PDF, cited) re-read, Table 1 pp. 2-3 checked visually; VILNIUS TECH programme list (new, live); web search",,correction_proposed,"Control public agree. Band: Table 1 confirmed visually - LT/EU full-time: 3727 (engineering, technology, maths, IT), 2865 (social sciences, business), 5065 (arts; architecture I-IV); 'Orlaivių pilotavimo studijų programa (I–IV kursai) 17 962,00' and '(V kursas) 19 392,00', no non-EU or part-time price. The piloting rows sit in the vientisosios (integrated) block after Architecture; the current programme list describes it as 5 years, full-time, Lithuanian and English, entrance tests, awarding Inžinerijos mokslų magistras - an integrated first degree, the only route to the field, not a D039 parallel track (no cheaper standard variant exists). So it stays in the range: midpoint 10,413.5 -> 40.2% high; band_unstable yes (min 11.1% moderate); without piloting midpoint 3,965 -> 15.3% moderate (sensitivity). 50 EUR registracijos įmoka (para. 17, 'stojant') is one-off - excluded. Aid: govt targeted, inst targeted (discounts for socialiai remtiniems within a 2% cap) agree."
LTU-VM,V013,agree,agree,"LT law (as above); VDU 2023/2024 price PDF (cited, re-parsed); VDU mokestinės lengvatos page Wayback 2023-09-29 (new); VDU 2021 call (cited)",,correction_proposed,"Control public agree (statute not opened; law art. 34(2) suffices). Band: full-time prices 2865-8244 (Atlikimo menas; Muzikos produkcija (anglų kalba) 8244 too), 5065 (Naujųjų medijų menas, Sporto studijos) confirmed; midpoint 5554.5 -> 21.5% moderate; derived band_unstable yes (max 31.9% high). Aid: inst targeted now documented for 2023 (capture 2023-09-29): competitive fee reduction for full-time students in 'sunki socialinė (materialinė) padėtis' with average >= 8, ranking includes 'šeimos pajamas, tenkančias vienam asmeniui' - NEAREST-YEAR flag can be removed. govt targeted agree."
LTU-MR,V013,agree,agree,"LT law (as above); MRU Wayback 2023-12-09 price page (cited, re-read); MRU finance page capture (cited, not re-read)",,none_needed,"Control public agree. Band: per-semester full-time 1352 (Viešasis administravimas ir lyderystė) to 1863 (languages, psychology, translation, social pedagogy) confirmed; x2 = 2704-3726, midpoint 3215 -> 12.4% moderate; both ends moderate (band_unstable no). Korean-semester USD billing correctly excluded. Aid: govt targeted, inst targeted (one-off social scholarship assessed on family insured income) accepted."
TWN-NTU,V014,agree,agree,"University Act (cited); NTU 112 fee schedule (cited, re-read p.1 and p.11); NTU computer/network fee regulation (new); NTU 111 and 113 undergraduate payment guides (Wayback, new); NTU 112 graduate payment guide (cited)",,correction_proposed,"Control public (MOE establishes national universities; MOE appoints the president): agree. Schedule p.1 heading '一、學士班每學期收費標準' confirms per-semester amounts from 25,230 (Liberal Arts/Social Sciences/Law) to 39,560 (Medicine MD); x2 = 50,460-79,120. Network fee: NTU's own regulation (國立臺灣大學學生電腦及網路通訊使用費收費辦法; art. 1 '本校學生均需使用本校網路骨幹'; art. 3: non-resident students pay NT$400 at registration each semester) shows the fee is charged every semester to all students, not only graduates. The drafter was right to include it (+800/yr). It matters only for band_min: charge_min is 51,260 against the 5% cut-off of 50,547 (without the fee, 50,460 would be 'low'). Headline 65,590 = 6.49% of GDP pc 1,010,939, so low_moderate is robust. Aid: govt targeted and inst targeted (Hope Grant, household income <= NT$800k) agree. Only a notes update is proposed."
TWN-YMCT,V014,agree,agree,"University Act (cited); NYCU 112 fee schedule via Wayback (cited, re-read); NYCU new-student fee page (cited, re-read); 2 web searches for network/stadium fee amounts",,none_needed,"Control public: agree. Schedule heading '學士班每學期收費標準' confirms per-semester values from 24,770 (Humanities/Hakka/Baichuan) to 38,380 (Medicine); annual 49,540-76,760, midpoint 63,150 = 6.25%, so low_moderate is robust. Unresolved gap: two searches did not find the amounts of the network usage fee and the Chiao Tung campus stadium fee that the new-student page lists on the bill. They can only raise the figures and matter only for band_unstable. charge_min 49,540 needs NT$1,007/yr or more of compulsory fees to reach the 5% cut-off (50,547). Comparable network fees are NT$800/yr (NTU commuters) and NT$1,200/yr (NTHU commuters), so band_unstable 'yes' may flip to 'no' once the amounts are found. Aid: govt targeted; inst targeted (挺竹專案, household income below the MOE loan threshold, university fund) agree."
TWN-NCKU,V014,agree,agree,"University Act (cited); NCKU 112 bachelor's fee sheet (cited, re-read); NCKU registrar fee-schedule page (new); NCKU cashier tuition Q&A (new); NTU 112 schedule for comparison; NCKU 安心就學濟助 capture (cited, re-read)",,correction_proposed,"Control public: agree. Values confirmed (25,210-39,550). The Purdue dual-degree track (134,000) is correctly excluded under D039. The sheet does not label its amounts, but three pieces of evidence support the per-semester reading. (i) The rates are almost identical to NTU's, whose sheet is labelled per semester (17,830 vs 17,850 tuition; 7,380 misc at both). (ii) The sheet's own rule that over-time students taking 10+ credits pay the full 學雜費 only makes sense for a per-semester amount. (iii) NCKU's cashier Q&A describes separate first- and second-semester 學雜費 bills and payment 'every semester'. The assumption is band-critical in principle: a per-year reading would halve the headline to 32,380 = 3.2% ('low'). The evidence supports the drafted reading. Headline 64,760 = 6.41%. The new-student network fee (1,200) and the language fee are first-year only (D032): correctly excluded. Aid: inst targeted rests on 亞德客有美助學金 (donor money in the university fund, administered by NCKU; D036): agree. On 安心就學濟助: the 'return' clause asks for a later donation at unspecified times and amounts ('不定期與不定額指定捐款'). There is no fixed repayment obligation, so it is not a loan under the protocol; the coding does not depend on it."
TWN-TH,V014,agree,agree,"University Act (cited); NTHU 112 fee schedule (cited, re-read); NTHU Computer and Communication Center network-fee page (new); web search",Compulsory per-semester network fee (NT$600 non-resident) omitted,correction_proposed,"Control public: agree. Schedule values confirmed (per semester, labelled '學士班每學期收費標準': 17,500 + 11,130 or 6,870). Gap closed: NTHU's Computer and Communication Center page says that since 103-2 the university charges all students a network and software fee each semester: NT$600 for non-resident students, NT$800 for residents, with a full waiver only for low- and mid-low-income students. Since 106-1 it has appeared on the registration bill as 電腦及網路通訊使用費. The page is current, not a 2023/24-dated document, but the charge has been in place continuously since 2015. Adding 1,200/yr gives a range of 49,940-58,460 and a midpoint of 54,200 = 5.36% (was 5.24%). The band stays low_moderate. charge_min is still below 50,547, so band_unstable stays 'yes'. Aid: govt targeted. inst targeted accepted: 旭日獎學金 requires household income and asset documentation and is administered by NTHU, donor-funded (counts under D036). The 還願承諾書 is a pledge; the amount is unverified."
TWN-TST,V014,agree,agree,"University Act (cited); Taiwan Tech 112 fee schedule (cited, re-read); Taiwan Tech 115 schedule (new, for the per-semester rule); Taiwan Tech tuition-payment page (new); Taiwan Tech 生活助學金作業要點 as revised 112.05 (new); web search x2",inst_need_aid unknown -> targeted,correction_proposed,"Control public: agree. Values confirmed (24,340 / 24,700 / 28,390). Two pieces of evidence support the per-semester reading. First, the schedule's own rule for over-time students (9 credits or fewer: credit fee + 1/2 雜費; 10 or more: full 學雜費) only fits a per-semester amount. Second, the payment page bills 學雜費 separately each semester. The amounts are not labelled, so medium confidence is appropriate. Headline 52,730 = 5.22%: low_moderate. A per-year reading would make it 'low', so the per-semester assumption is band-critical; the evidence supports it. Gap: no network fee was found on the bill; it would raise the figures. Aid: the 生活助學金 rules were revised in 112.05, so they were in force in 2023/24. Point 二 reads '學務處依本校編列之年度預算或自籌款，辦理學生生活助學金相關事宜': the grant is paid from the university's own budget or self-raised funds. The university's scholarship committee awards it to students who meet the 弱勢助學金 household-income test or hold mid-low-income certification: NT$3,000/month, at most 40 students a year. This is an institution-funded, household-means-tested cash grant, so inst_need_aid is targeted. The draft treated it as part of the government scheme, but the MOE plan is only its framework. For consistency: NTU, NYCU, NCKU and NTHU run similar MOE-plan living grants; their inst codes are already targeted on other grounds."
ROU-BB,V014,agree,agree,"HG 367/2023 Annex 2 and Law 199/2023 (cited); UBB fee regulation HS 32/2023 (cited, re-read Art. 9 and Annex 3 pp.35,37); web search for UBB institutional aid",inst_need_aid targeted -> unknown (D037),correction_proposed,"Control public: agree. Band: 2023/24 IF bachelor range 2,200 (Greco-Catholic Theology) to 8,000 (Cinematography, Photography, Media) confirmed. Midpoint 5,100 = 6.11%. The maximum would have to fall below 6,146 for the row to become 'low', so low_moderate stands (band_unstable yes). Aid: Art. 9 b/e waives 100% or 50% of tuition for orphans 'cu venit net mai mic decât salariul minim net pe economie'. The income condition attaches to the orphan student ('orfanii ... cu venit net'), not to per-member family income. The regulation does request income certificates for adult family members, but its examples concern the student's own sources ('proprietăților personale ale studentului'). The waiver is also at faculty discretion ('Facultățile au libertatea de a aplica, la cerere'). Under D037, tests on the student's own income do not count, so this is not established as household-means-tested. Recode to unknown, not none, because UBB's own-revenue bursaries were not examined. Govt targeted (bursa socială): agree."
ROU-B,V014,agree,agree,"HG 367/2023, Law 199/2023 (cited); UB 2023/24 tuition decision, scanned PDF p.1 rendered and read visually (cited)",,none_needed,"Control public: agree. Band: a visual reading confirms 'Taxele de școlarizare licență anul universitar 2023 – 2024', approved by the Administrative Council on 9-10.03.2023 and the Senate on 16.03.2023. Law (IF and ID) is 6000 lei in year I (5690/5610/5370 in later years). Roman-Catholic Theology is 2750 lei; other faculties charge 3400-4700. Psychology in English (4500) and Political Science in foreign languages (4780) are excluded under D039. Midpoint 4,375 = 5.24% against a cut-off of 4,173: low_moderate, band_unstable yes. The band depends on one faculty, Law in year I. Without Law the maximum is 4,700 (Computers and IT) and the midpoint of 3,725 would be 'low'. The outlier rule (D032) allows this, but the row should be flagged as fragile. Using a later Law year would also flip it (5,370 gives a midpoint of 4,060, 'low'), so the first-year baseline decides the band. Aid: govt targeted agree; inst unknown accepted (not searched further)."
ROU-LBS,V014,agree,agree,"HG 367/2023, Law 199/2023 (cited); ULBS Senate note on 2023/24 fees, Annex 1 p.3 rendered and read visually (cited); ULBS reductions document (cited, re-read)",,none_needed,"Control public: agree. Band: the column 'Cuantumul taxei de școlarizare propus pentru anul universitar 2023 – 2024' confirms Performing Arts 10,020, Medicine and Dental Medicine 8,100, Pharmacy 7,500 and social sciences 3,000. Law is 3,120, which does not affect the 3,000 minimum. Midpoint 6,510 = 7.80%. Without Performing Arts the maximum would be 8,100 and the midpoint 5,550 = 6.65%, so low_moderate does not depend on the arts faculty. The source is a Senate note of proposed fees; the draft says Senate decision 2481/26.05.2023 approved it, but that decision was not re-opened. Aid: inst targeted confirmed. ULBS gives a 50% tuition reduction to students under 26 whose family's average net monthly income per member over the prior 12 months did not exceed 1000 RON. This is a per-member family test, so it is household-based and satisfies D037."
ROU-AIC,V014,agree,agree,"HG 367/2023, Law 199/2023 (cited); UAIC admission pages via Wayback for Roman-Catholic Theology (2023-09-27 capture) and Economics (2023-03-27 capture) (cited, re-read)",,none_needed,"Control public: agree. Year check: both captures are from 2023 and state 'Taxa de școlarizare pentru seria 2023 -2026/2027' (2000 lei; 4.000 lei), i.e. the fee for the cohort entering in 2023/24. The undated-page concern therefore does not apply to these pages, and Law 199/2023 art. 9(5) keeps the fee fixed for the cohort. Midpoint 3,000 = 3.59%. The maximum would have to exceed 6,346 to leave 'low', so 'low' is robust. Aid: govt targeted agree; inst unknown (not searched) accepted."
ROU-SCMS,V014,agree,agree,"HG 367/2023, Law 199/2023 (cited); USV fee plan with Annex 1 as amended by HS 52/2023 (cited, re-read pp.1-3)",,none_needed,"Control public: agree. Band: Annex 1 ('modificată conform H.S. 75/2021, H.S.48/26.05.2022, H.S. 52/2023') lists annual IF bachelor fees from 3300 (Administrative Sciences, History, Philosophy, International Relations, Letters, Economics) to 4800 (Asistență medicală generală). No IF bachelor fee in the annex is above 4800; distance-learning (ID) fees of 3900-4200 are excluded. Midpoint 4,050 = 4.85% against a cut-off of 4,173, so 'low' holds. A maximum of at least 5,046 would be needed to flip the band, and no programme reaches it. Year: the annex does not print the academic year; the HS 52/2023 amendment dates it to 2023 (medium confidence, as drafted). Aid: govt targeted agree; inst unknown accepted."
ROU-TCN,V014,agree,agree,"HG 367/2023, Law 199/2023 (cited); UTCN Senate decision 1642 on 2023/24 fees: the cited www.utcluj.ro URL now redirects to a 404; the same PDF opened at old.utcluj.ro (new source row), p.2 read visually",,correction_proposed,"Control public: agree. Band: Annex 2, 'TAXE pentru anul universitar 2023/2024' (approved by the Administrative Council on 30.05.2023), Cap. I item 3 a). Architecture and Urbanism 4500; Romanian-taught engineering 3600; foreign-language engineering 3900 (excluded under D039); CUNBM Visual Arts 3000; Management/Economics 2700; Letters and other Sciences at CUNBM 2100. Midpoint 3,300 = 3.95%, so 'low' is robust. Note that item 3 a) covers licence and master programmes together. The source URL has moved; new row ROU-TCN-CV014-01 gives the old.utcluj.ro address. Aid: govt targeted agree; inst unknown accepted."
ROU-GATI,V014,agree,agree,"HG 367/2023, Law 199/2023 (cited); TUIASI fees page via Wayback 2023-06-06 capture (cited, re-read); Hydrotechnics faculty notice of 3 Oct 2023 (cited, re-read)",,none_needed,"Control public: agree. Year check: the June 2023 capture (the admission season for 2023/24) lists fees from 2.200 (Mechanical Engineering/Mechatronics) to 4.500 (Electronics/Telecom/IT; Architecture). The Hydrotechnics notice of 3 Oct 2023 says 'TAXA DE ȘCOLARIZARE PENTRU ANUL UNIVERSITAR 2023-2024 ESTE DE 3000 LEI', which matches the page's 3.000 for that faculty. Only that one faculty is cross-checked, not all. Midpoint 3,350 = 4.01%. The maximum would have to exceed 6,146 to flip the band, so 'low' is robust to plausible errors. The 30-lei enrolment fee is one-off and correctly excluded (D032). Aid: govt targeted agree; inst unknown (not searched) accepted."
ROU-TB,V014,agree,agree,"HG 367/2023, Law 199/2023 (cited); Senate decision 44/2023 Annex 8.2 p.46 rendered and read visually, and Annex 5 p.28 (cited, re-read); Faculty of Law notice on 2024/25 fee exemptions (new); Monitorul Expres article 6 Dec 2023 (new); web search",inst_need_aid targeted -> unknown,correction_proposed,"Control public: agree. Band: Annex 8.2, 'TAXE DE ŞCOLARIZARE valabile pentru anul universitar 2023-2024', confirms 3500 for all faculties except Music (Instruments 5500, Singing 5500) and Medicine (Medicine 7000; Nursing 4500; Physiotherapy 4500; Clinical Laboratory 3500). Midpoint 5,250 = 6.29%. Without Medicine the midpoint would be 4,500 = 5.39% (still low_moderate); without both Music and Medicine the fee would be a uniform 3,500 ('low'). Aid: the only evidence of a means-tested institutional fee reduction is one general sentence in the 2021/22 quality report. The nearest concrete decision found is Administrative Council decision 12/16.10.2024 for 2024/25. It grants 100% or 50% fee reductions only to categorical groups (children's homes, placement centres, full orphans, staff and their relatives), conditional on the 'Serviciul în folosul UnitBv' programme; none of this is means-tested. A Dec 2023 press report says part of the social-scholarship budget comes from own funds, but that scheme is the state bursa socială (govt) and the own-fund share is not quantified. Recode inst_need_aid to unknown."
ROU-VDTWT,V014,agree,agree,"HG 367/2023, Law 199/2023 (cited); UVT 'Taxe de studiu 2023-2024', approved by HS nr. 94 din 15.06.2023 (cited, re-read)",,none_needed,"Control public: agree. Band: the first-year bachelor column is confirmed: 3500 lei for most faculties, Law 4500, Arts and Design 3800, Music and Theatre 'Toate specializările, cu excepția' 10000, Music Pedagogy 6000; distance learning (ID, 3200) is excluded. Midpoint 6,750 = 8.09%. The band depends on the Music and Theatre faculty: without it the range would be 3,500-4,500 and the midpoint 4,000 = 4.79% ('low'). The outlier rule (D032) keeps the faculty in, so low_moderate stands, band_unstable yes. Flag this as a one-faculty case. Aid: govt targeted agree; inst unknown (not searched) accepted."
ROU-PB,V014,agree,disagree,"HG 367/2023, Law 199/2023 (cited); UNSTPB fee system for the Bucharest centre 2023/24 (cited, re-read); Law 186/2023 establishing UNSTPB (new, lege5.ro); University of Pitești fee table for 2023/24, revision 1 (new, upit.ro); web search x2","The 2023/24 institution includes the Pitești university centre, whose programmes widen the range; band low -> low_moderate",correction_proposed,"Control public: agree (Law 186/2023 art. 1(1) creates UNSTPB as a 'persoană juridică de drept public'). Band: Law 186/2023 merges UPB and the University of Pitești by consolidation (art. 1(1)). The Pitești university centre operates within the new university (art. 1(3)), students of both universities transfer to it (art. 3), and teaching under the new structure starts in 2023-2024 (art. 9). The institution in 2023/24 therefore includes the Pitești centre. Its standard full-time bachelor's programmes taught in Romanian are not a D039 parallel track. The Pitești licence fee table for 2023/24 is issued under the pre-merger name, 'valabile în anul universitar 2023 – 2024'. It gives annual IF fees from 3,400 (education sciences, social work, psychology, journalism, theology, letters, history) to 6,300 (Artele spectacolului - Actorie); nursing is 5,000 and engineering 3,900. The reduced-attendance (IFR) fee of 3,200 is excluded as not full-time, and the 1,300 theology add-on is not a programme. With Bucharest's uniform 4,000 (the foreign-language rate of 4,500 is excluded), the range is 3,400-6,300. The midpoint of 4,850 = 5.81%, so the band is low_moderate, band_unstable yes. Sensitivity: without Acting, the range is 3,400-5,000 and the midpoint 4,200 = 5.03% (still low_moderate, just above the cut-off); for the Bucharest centre alone, 4,000 = 4.79% (low). The coordinator needs to decide the scope: the QS 2024 entry reflects pre-merger UPB, but the protocol prices the institution as it exists in 2023/24. Aid: govt targeted agree; inst unknown accepted (the Bucharest fee exemptions are categorical)."
BEL-KL,V015,agree,agree,BEL-KL-CV015-01;BEL-KL-CV015-02,,correction_proposed,"Control private_nonprofit confirmed: under the organiek reglement, the Inrichtende Overheid (KU Leuven representatives, Associatie partner colleges, co-opted independents; bishops advisory) appoints the external-director majority of the Raad van Bestuur. No state appointments. govt_dependent yes: the Codex III.5 variable education part (VOWun) is an explicit per-student teaching component, so it meets the flag test (from the drafter's quote; not re-read). Band: 1,092.10/51,092 = 2.1%, low (2023/24 page re-opened; the higher Master-na-Master rates are not first degrees). Aid codes agree (not re-searched). Notes-only correction."
BEL-G,V015,agree,agree,BEL-G-CV015-01;BEL-A-CV015-05;BEL-A-CV015-03,,none_needed,"Control public: special decree 'als openbare instelling met rechtspersoonlijkheid' (drafter's quote). Codex III.58 also calls UGent a 'publiekrechtelijke instelling', and KBO lists its activity as 'Officieel hoger onderwijs' (UGent KBO page opened; not added as a separate source row). The board has no state-appointed majority (10 externals nominated by the Flemish Government but elected by the board), so public rests on public-law status. Band low (1,092.10; 2023/24 archive page re-opened). Aid codes agree (not re-searched)."
BEL-UCLOUVAIN,V015,agree,agree,BEL-UCLOUVAIN-CV015-01;BEL-UCLOUVAIN-CV015-02;BEL-UCLOUVAIN-CV015-03,,correction_proposed,"Control private_nonprofit: board members are 'nommés par le pouvoir organisateur' (the archbishop and French-speaking bishops) under RO 2016 art. 8. The 2023 version is on a login-only SharePoint and was not read. Government delegates attend but are not appointed members. govt_dependent yes: art. 25 of the Law of 27 July 1971 provides annual operating allocations with a variable part by number of regularly enrolled students. This is a per-student operating grant, accepted as teaching-linked, although it is not labelled 'teaching only' (drafter's quote; not re-read). Band: 835, low (Sept 2023 capture re-opened). inst_need_aid targeted: the 2023/24 capture shows a separate line 'TARIF SOCIAL UCLOUVAIN 374,00 EUR' next to the legal 'REVENUS MODESTES 374,00 EUR'. The 485 in the March 2023 capture is the 2022/23 social rate, so the rate was lowered to the legal intermediate level for 2023/24. It is still a university-granted reduction from the social budget after a Service d'aide assessment. No conflict."
BEL-LB,V015,agree,agree,BEL-LB-CV015-01,,none_needed,"Control private_nonprofit (drafter's statute quotes, not re-read): the board is made up of internally designated/elected and co-opted members, with no government-appointed seats (a French Community delegate attends). govt_dependent yes on the same art. 25 per-student operating allocation. Band low (835; Oct 2023 capture re-opened). Aid codes agree (not re-searched)."
BEL-A,V015,agree,agree,BEL-A-CV015-01;BEL-A-CV015-02;BEL-A-CV015-03;BEL-A-CV015-04;BEL-A-CV015-05;BEL-A-CV015-06,,correction_proposed,"Control public (medium) kept, but this row decides whether Belgium is mixed (2/5 public) or private (1/5). Under the strict test as briefed (state ownership or a state-appointed majority), there is no state-appointed majority: of 28 seats, 1 is named by the minister and 1 by the governor (plus 1 Jesuit). There is also no private owner or appointing body. The state created UA by decree, fixes its board in legislation and made it general legal successor of RUCA (state university centre) and UIA, with their assets transferred by law. KBO registers it as 'Officieel hoger onderwijs' / 'Hoger onderwijs ingericht door de Gemeenschappen', like UGent (KU Leuven: 'Vrij gesubsidieerd hoger onderwijs'). Against: Codex III.58 singles out UGent as the 'publiekrechtelijke instelling' and groups UA with the free universities for employer-cost compensation. The UA decree does not use the words 'openbare instelling'. KBO legal form 'Andere rechtsvorm' does not discriminate (UGent and KU Leuven have the same). Checker judgement: public, by state creation and official-network status, consistent with Ghent and the GRC/POL/ROU precedent. Recommend reporting Belgium's control type as sensitive to this row. Band low (2023/24 capture re-opened). Aid codes agree."
ISR-TA,V015,agree,agree,ISR-TA-CV015-01;ISR-TA-CV015-02,,correction_proposed,"Control private_nonprofit: TAU Constitution s.3 'corporate entity pursuant to the Council for Higher Education Law'. The Board of Governors is 'a self governing body' whose members are elected by the Board and the Senate. The 13-member Executive Council (chair, president, rector, 3 Senate appointees, 7 public representatives chosen by the BoG Standing Committee or elected by the Executive Council) has no government appointee. govt_dependent yes (PBC teaching component per student x tariff; government-funded tuition reduction) agrees (drafter's quotes). Band: 11,264 + 620 = 11,884 / 191,167 = 6.2%, low_moderate. The TAU figure is at the June-2023 index with a floor at the July-index amount (11,296); the difference is NIS 32. It would need to fall below NIS 9,558 to reach low, so the band is robust. Aid codes agree."
ISR-HJ,V015,agree,agree,ISR-HJ-CV015-01,,none_needed,"Control: the HUJI statute was not read (the TAU constitution was read as the illustrative case; same CHE s.14 incorporation per the Knesset RIC). No evidence of state appointment. Band: 11,296 + 697 + 10 = 12,003, 6.3%, low_moderate. The 2023/24 rates page lists 'תשלומי רשות' (optional payments) as the section for welfare and union fees and marks security as 'תשלום חובה', which supports excluding welfare and union fees (their amounts only appear in a 2024/25 capture). Even with them the band is unchanged. Aid codes agree."
ISR-TIT,V015,agree,agree,ISR-TIT-CV015-01,,none_needed,"Control: the Technion statute was not read; same CHE s.14 basis, and no state appointment found. Band: reduced rate 11,296 + security 450 + national union 10 = 11,756 (6.1%), low_moderate. The 2023/24 page was re-opened: 'תשלום דמי רווחה ודמי החבר לאגודה הינם תשלומים וולונטריים', which confirms excluding welfare (420) and union (171) fees. The insurance fee (40) is paid through union membership. With all optional items the total is 12,397 = 6.5%, band unchanged. Aid codes agree."
ISR-BGN,V015,agree,agree,ISR-BGN-S08;ISR-BGN-S09;ISR-BGN-S10;ISR-BGN-S11,,none_needed,"Not re-opened by this checker: judged on the drafter's quoted sources only. Control: the BGU statute was not read; same CHE s.14 basis. Band: 11,943 (6.2%), low_moderate, from the quotes of the 2023/24 accounts guide. inst_need_aid targeted: Dean's scholarships are 'distributed mainly on an economic basis' with a compulsory community-activity condition. A service condition does not make the award a loan, in-kind or merit-only, so it still counts; flag it as service-conditioned. Aid codes agree."
ISR-BI,V015,agree,agree,ISR-BI-CV015-01,,correction_proposed,"Control private_nonprofit: Bar-Ilan is a registered amuta (no. 580063683, status 'עמותה רשומה'; its purpose is to maintain and manage the university in the spirit of Torah and Jewish tradition). It is a private association with no state ownership. Its statutes on board appointment were not read. Band: 11,932 (6.2%), low_moderate, from the cited 2023/24 BIU source (not re-downloaded). Aid codes agree."
GRC-TA,V015,agree,agree,GRC-TA-CV015-01,,none_needed,"Control public: Constitution art. 16(5) and Law 4957/2022 art. 3 (NPDD under State supervision; drafter's quotes). The board is not state-appointed, so public rests on public-law status and state creation (precedent). Band free: Constitution 16(4) and Eurydice. The checker found no annual compulsory fee; the national first-year registration procedure is 'Παρέχεται χωρίς κόστος' (ΜΙΤΟΣ, current page; nearest-year). This is absence evidence only (no institutional page states a zero fee). govt targeted: the housing allowance is cash (EUR 1,500-2,500) under a household income ceiling (EUR 30,000 + 3,000 per extra child), so it counts under D033 (drafter's quotes). The recipient share is undocumented, so targeted, not broad. IKY EKO scholarships targeted. inst targeted (bequests) not re-verified by this checker."
GRC-KA,V015,agree,agree,GRC-KA-CV015-01,,none_needed,"Control public: Constitution art. 16(5) and Law 4957/2022 art. 3 (NPDD under State supervision; drafter's quotes). The board is not state-appointed, so public rests on public-law status and state creation (precedent). Band free: Constitution 16(4) and Eurydice. The checker found no annual compulsory fee; the national first-year registration procedure is 'Παρέχεται χωρίς κόστος' (ΜΙΤΟΣ, current page; nearest-year). This is absence evidence only (no institutional page states a zero fee). govt targeted: the housing allowance is cash (EUR 1,500-2,500) under a household income ceiling (EUR 30,000 + 3,000 per extra child), so it counts under D033 (drafter's quotes). The recipient share is undocumented, so targeted, not broad. IKY EKO scholarships targeted. inst targeted (bequests) not re-verified by this checker."
GRC-AT,V015,agree,agree,GRC-AT-CV015-01,,none_needed,"Control public: Constitution art. 16(5) and Law 4957/2022 art. 3 (NPDD under State supervision; drafter's quotes). The board is not state-appointed, so public rests on public-law status and state creation (precedent). Band free: Constitution 16(4) and Eurydice. The checker found no annual compulsory fee; the national first-year registration procedure is 'Παρέχεται χωρίς κόστος' (ΜΙΤΟΣ, current page; nearest-year). This is absence evidence only (no institutional page states a zero fee). govt targeted: the housing allowance is cash (EUR 1,500-2,500) under a household income ceiling (EUR 30,000 + 3,000 per extra child), so it counts under D033 (drafter's quotes). The recipient share is undocumented, so targeted, not broad. IKY EKO scholarships targeted. inst targeted (bequests) not re-verified by this checker."
GRC-C,V015,agree,agree,GRC-C-CV015-01;GRC-C-CV015-02,,none_needed,"Control and band as for the other Greek rows (public; free; no compulsory fee found). inst_need_aid targeted: the checker rendered the scanned Kalantzopoulou PDF and confirmed the quote. The call is dated 24 Aug 2026 for 2024-25 (retroactive): two needy students, EUR 1,000 one-off rent aid in cash, combined individual + family income ceiling EUR 10,000 +20% per spouse/child. The year is nearest-year (2024/25) under standing bequest terms. It is cash, so not in-kind despite the rent label."
GRC-P,V015,agree,agree,GRC-P-CV015-01;GRC-P-CV015-02;GRC-P-CV015-03,,correction_proposed,"Control and band as for the other Greek rows. inst_need_aid targeted is confirmed as institutional under D036. The University announces the Mentzelopoulos undergraduate scholarships, which the Mentzelopoulos family finances. Applications go to the University registry, and the committee (university professors plus a family representative) is renewed by the Rector's Council. The separate Andreas Mentzelopoulos Foundation funds named chairs, not this scheme. Financial need is an eligibility condition (criterion a), combined with a high entry score (b)."
URY-UM,V016,agree,unresolved,URY-UM-CV016-01,,unresolved,"Control private_nonprofit agreed: Decreto 104/014 art. 10 requires a non-profit civil association/foundation and art. 11 requires the statutes of universities to give the institution full autonomy to decide the composition and appointment of its governing bodies and to elect its authorities, so no state-appointed board under the 2023 regime; UM's own statutes/owning association were not found online (not read). govt_dependent no agreed. HEADLINE STILL NOT ESTABLISHED (item 4): tried the UM site, Wayback playback of 2023 URLs (um.edu.uy/datos-utiles-nuevos-alumnos, /admisiones, /aranceles: no 2023 capture served), the Wayback CDX index (offline, HTTP 503, so captures could not be listed), searches for 'valor del crédito', aranceles, reglamento and consumer-protection price surveys: no official amount. Only unsourced 2026 aggregator figures exist (not used). Aid: govt none (Fondo de Solidaridad limited by statute to Udelar/UTU/UTEC) and inst targeted agreed (not re-searched)."
URY-OU,V016,agree,unresolved,URY-OU-CV016-01;URY-OU-CV016-02,,unresolved,"Control private_nonprofit agreed (Decreto 104/014 arts. 10-11: non-profit civil association/foundation; statutes must leave the composition/appointment of governing bodies to the institution); ORT's 'Autoridades' page lists only rector and vice-rectors and does not name the owning association or board rules. HEADLINE STILL NOT ESTABLISHED: current 'Valor de las cuotas' page gives no amount (asks for an advisory meeting); Wayback 2023 capture of /inscripciones/modalidades-de-pago not served (nearest 2025, no amount); /aranceles not archived; CDX offline; no official 2023 amount in searches. Aggregator 2026 figures (unsourced) not used. Aid codes agreed (not re-searched)."
URY-UDELAR,V016,agree,agree,URY-UDELAR-CV016-01,,correction_proposed,"Control public (Ley 12.549 art. 1, drafter's quote) and headline 0 (art. 66) agreed; band free. govt_need_aid targeted AGREED. Reading on the Fondo de Solidaridad: government-funded. It is financed by a 'contribución especial (artículo 13 del Código Tributario)', i.e. a compulsory tax imposed by statute on graduates, and administered by a statutory public-law (non-state) body whose 8-member commission is chaired by the MEC delegate (casting vote) with a majority designated by state bodies (MEC, Udelar, ANEP, UTEC, BROU). It is not a voluntary alumni/foundation scheme (D036) and not Udelar-funded. 9,168 recipients in 2023 across three institutions is a small share of Udelar enrolment -> targeted. Notes addition proposed. inst_need_aid targeted agreed (not re-searched)."
URY-UCU,V016,agree,unresolved,URY-UCU-CV016-01;URY-UCU-CV016-02,,unresolved,"Control private_nonprofit agreed (institution of the Episcopal Conference entrusted to the Jesuits; Decreto 104/014 arts. 10-11); Church bodies, not the state, appoint the authorities. HEADLINE STILL NOT ESTABLISHED: the 2023 capture of the admissions page describes payment of the total career price in monthly consecutive cuotas and a 70% first-cuota early-enrolment discount (first-year-only; excluded by D032) but gives no amount; searches for UCU payment rules ('plan básico' cuotas) gave no amounts; CDX offline. The 2019 El Observador figures are not 2023 evidence and must not become the headline. For orientation only (not evidence): the 2019 nominal range x12 would already be 18.4%-39.3% of 2023 GDP pc (midpoint 28.8%), so the missing headline plausibly lies in moderate/high and the country price type must stay 'incomplete'. Aid codes agreed (not re-searched)."
AUT-V,V016,agree,agree,AUT-V-CV016-01,,none_needed,"Control public agreed. UG 2002 capture (27.09.2023) re-opened: § 4 public-law legal person; § 6 (2) created and abolished by federal statute; § 21 (6) Senate 2-4, Federal Government 2-4 in equal numbers, one member co-opted by consensus, so the state appoints a minority. Public under D041 on the ownership prong. Band free: 45.40/52,327 = 0.09%. Aid codes agreed (Studienbeihilfe 12.1% -> targeted; inst unknown)."
AUT-TW,V016,agree,agree,AUT-V-CV016-01;AUT-TW-CV016-01,,none_needed,"Control public agreed. Same statutory position (UG capture re-opened under AUT-V; TU Wien is § 6 (1) Z 8). ÖH fee: TU Wien's 2024 capture states no amount (only that the fee is compulsory every semester); the ÖH national page captured 05.10.2023 states 'EUR 22,70 Beitragsberechnung WS23/24', one nationwide rate, so 45.40 is right; even a several-fold error would leave the band free (0.09%). Aid codes agreed."
AUT-GT,V016,agree,agree,AUT-V-CV016-01,,none_needed,Control public agreed. Same statutory position (UG § 6 (1) Z 9). Band free (0.09%); TU Graz capture not re-opened (same national ÖH rate). Aid codes agreed.
AUT-JKL,V016,agree,agree,AUT-V-CV016-01,,none_needed,Control public agreed. Same statutory position (UG § 6 (1) Z 14 'Universität Linz'). Band free (0.09%). Aid codes agreed.
AUT-I,V016,agree,agree,AUT-V-CV016-01;AUT-I-CV016-01,,none_needed,"Control public agreed (UG § 4, § 6 (1) Z 3, § 6 (2); state appoints a minority of the Universitätsrat; public on ownership per D041). Band free: 45.40/52,327 = 0.09%. inst_need_aid targeted AGREED: the Sozialtopf guideline (re-opened) names the university as Träger ('weder ein Verein noch eine Stiftung'), tests need on 'Haushaltseinkommen (inkl. Einkommen der Eltern)', pays one-off cash, has limited funds and no entitlement, and also requires a hardship event within the last 6 months - household-tested and targeted. The file has no version date (nearest-year evidence, as drafted). govt_need_aid targeted agreed."
HUN-S,V016,agree,agree,HUN-S-CV016-01;HUN-S-CV016-02;HUN-S-CV016-03;HUN-S-CV016-04;HUN-S-CV016-05,,correction_proposed,"CONTROL (classification-critical) private_nonprofit AGREED under D041, with a flagged boundary. Ownership prong: the university is owned and maintained by the foundation (KEKVA Act 22. § (1)), a private-law foundation ('magánjogi szereplőként', preamble) that Nftv 4. § classes as a private HEI. The State was the founder (Act XXIII/2021 1. § (2): the minister acted for the State) but had to assign all founder's rights to the board (1. § (4)), irrevocably (KEKVA 7. § (1)). D041's ownership prong requires a public-law body or public institution; a Civil-Code foundation is neither. The State keeps only a residual claim on the assets if the foundation is wound up without successor (KEKVA 14. § (3)), which is not ownership. Appointment prong: in 2023/24 vacancies were filled by the board with the supervisory board (KEKVA 7. § (4)); Szeged365 (14 Apr 2023) reports that the foundation itself elected the replacement for the resigning minister Lantos Csaba. Caveat for a sensitivity: most members sitting in 2023/24 were named by the State as founder in 2021, and 7. § (5) allows a founding deed to give outside bodies nomination rights (Szeged's deed not read). Band: 1,465,000/7,841,616 = 18.7% moderate; min 230,000 = 2.9% (low), max 2,700,000 = 34.4% (high), so band_unstable yes. felvi max (fogorvos 1,350,000/sem) and min (germanisztika [német nemzetiségi] 115,000/sem) re-opened. No SZTE 2023 fee table was found (fees are in faculty guides, not found online). SZTE FOK fee rules (undated) add a 100,000 HUF/semester materials charge from the 5th semester for fee-paying dentistry; it does not apply in year 1. Aid codes and govt_dependent yes agreed."
HUN-D,V016,agree,agree,HUN-D-CV016-01;HUN-D-CV016-02;HUN-D-CV016-03;HUN-D-CV016-04,,correction_proposed,"Control private_nonprofit agreed; same KEKVA analysis as HUN-S (Act XIII/2021 1. § (2),(4); KEKVA 7. § (1),(4), 14. § (3), 22. § (1)); how Debrecen's board was renewed was not separately evidenced. Band: 1,510,000/7,841,616 = 19.3% moderate; min 4.1% low, max 34.4% high, so band_unstable yes. Spot-checks: the DE Faculty of Engineering table for 2023/24 entrants gives 325 thousand HUF/semester for Hungarian-language full-time BSc (inside the felvi range) and 4,575 for English-taught aircraft engineering (excluded per D039, matching the draft note); felvi fogorvos 1,350,000/sem re-opened. Aid codes and govt_dependent yes agreed."
HUN-P,V016,agree,agree,HUN-P-CV016-01;HUN-P-CV016-02;HUN-P-CV016-03;HUN-P-CV016-04,,correction_proposed,"Control private_nonprofit agreed; same KEKVA analysis as HUN-S (Act XXVI/2021 1. § (2),(4)). Band: 1,550,000/7,841,616 = 19.8% moderate; min 5.1% low_moderate, max 34.4% high, so band_unstable yes. Spot-checks: the PTE Faculty of Sciences 2023/24 table for entrants from 2023-01-01 gives Hungarian-language BSc 400,000 (agriculture), 325,000 (informatics), 225,000 (sport science), 500,000 (natural sciences) HUF/semester, all inside the felvi range; felvi fogorvos 1,350,000/sem re-opened. Aid codes and govt_dependent yes agreed."
HUN-EL,V016,agree,agree,HUN-EL-CV016-01;HUN-EL-CV016-02;HUN-EL-CV016-03,,none_needed,"Control public agreed (state budgetary institution with the ministry as maintainer; drafter's deed quote not re-opened). Band: 995,000/7,841,616 = 12.7% moderate; min 390,000 = 4.97% (low), max 1,600,000 = 20.4%, so band_unstable yes. Spot-checks against ELTE's own tables: the BTK fee table (column for entrants from 2021/22, covering 2023) gives Mozgókép (film- és televíziórendezés) nappali 800.000 (= felvi max) and other BA 300.000; the TáTK 2023 table gives szociológia 300 000 and szociális munka 225 000 per semester, consistent with felvi. Aid codes agreed."
HUN-BTE,V016,agree,agree,HUN-BTE-CV016-01;HUN-BTE-CV016-02;HUN-BTE-CV016-03,,correction_proposed,"Control public agreed. Band moderate agreed BUT near the cut-off: 800,000/7,841,616 = 10.20% (10% = 784,162; margin 2.0%); min 600,000 = 7.65% (low_moderate), max 1,000,000 = 12.75%, so band_unstable yes. BME's own fee table (2024/25 table with rows for 2023 entrants) shows a base fee plus a per-credit fee: matematika/fizika (9N-AM06/9N-AF06) 200 000 + 10 000 Ft/credit, gazdálkodási és menedzsment (7N-AGM02) 120 000 + 6 000, engineering (e.g. 3N-A1) 145 000 + 6 000. At the standard 30 credits/semester these equal the felvi values (500,000; 300,000; 325,000), so the range is confirmed, but it is a full-load rate, not a flat fee. Sensitivity: the modal programme price (325,000/sem, i.e. 650,000 = 8.3%), or a load below ~29 credits in the maximum programme, would put BME in low_moderate. Notes addition proposed; no value change."
CHE-EZ,V017,agree,agree,CHE-EZ-S02,,none_needed,"Control public (ETH Act: federal public-law institution; Federal Council elects the ETH Board and the president; ETH Act not re-read beyond the drafter's quotes, which also cover EPFL). Band low (1,608/93,847 = 1.7%; alt band free). The fee sheet could not be re-downloaded because the Wayback Machine was offline during this check (503 'Temporarily Offline'); the 730 + 74 figures agree with the swissuniversities table quoted by Basel-Stadt, so no doubt on the band. Aid codes agree (cantonal Stipendien targeted, parental means test, 7% recipient rate; ETH social scholarships targeted, subsidiary and tested on financial circumstances). Not re-searched."
CHE-E,V017,agree,agree,CHE-E-CV017-01;CHE-E-S02,,none_needed,"Control public (ETH Act, as for ETH Zurich). Band low: CHF 1,510 (730 tuition + 16 sports + 9 social fund, x2). Current EPFL fee page re-opened: same CHF 780 invoice and the explicit rule that the CHF 25 AGEPoly membership is refunded on request while 'the other fees are compulsory and may not be waived or refunded' - excluding AGEPoly is correct and consistent with Bern SUB and Basel skuba (sensitivity 1,610, still low). Aid codes agree (EPFL social scholarship considers the situation of the persons in charge of the applicant; subsidiary) - not re-searched."
CHE-Z,V017,agree,agree,CHE-Z-CV017-01,,none_needed,"Control public (UniG s.1; University Council elected on the cantonal government's proposal - drafter's quote). Band low (1,558). inst_need_aid targeted confirmed under D036: the Richtlinien are adopted by the UZH Universitaetsleitung under UniG s.31(4); applications are examined and decided by UZH's Fachstelle Studienfinanzierung; the money sits in the 'Stipendienfonds der UZH' sub-foundation of the UZH Foundation, but the university runs the scheme and makes the decisions, which is the D036 'administered by the institution' case; applicants document income and assets of persons liable for maintenance (household means test); cash for study and living costs. Text read is 'Stand 17 Dec 2024' (only the maximum amount amended then, per footnote); adopted 31 May 2022, so it covered 2023/24."
CHE-B,V017,agree,agree,CHE-B-CV017-01;CHE-B-CV017-02;CHE-B-S03;CHE-B-S07,,correction_proposed,"Control public (bicantonal public-law institution; each government elects 4-5 voting University Council members - Staatsvertrag re-opened). Band low (1,700/93,847 = 1.8%; with skuba 1,720 = 1.8%). Skuba conflict resolved: the Universitaetsstatut in force 1 Jan 2023 - 8 Jun 2025, s.21, makes students skuba members automatically on matriculation but lets them leave by written notice to the Rektorat, and skuba is financed partly by members' contributions; the CHF 10/semester skuba fee cited in the 2018 motion is therefore a membership contribution with a statutory opt-out, excluded on the same rule as Bern SUB and EPFL AGEPoly. compulsory_fees 0 stands (consistent with swissuniversities '-'). Remaining limitation: no 2023/24 capture of the Basel fee page could be checked - the Wayback CDX API returned 503 'Temporarily Offline' on every try; CHF 850 rests on the Gebuehrenordnung (effective 1 Aug 2014) plus the BS government's statement that fees were last raised in HS 2014, which is adequate for the band. Aid codes agree (not re-searched). Notes-only correction."
CHE-B2,V017,agree,agree,CHE-B2-CV017-01;CHE-B2-CV017-02;CHE-B2-S08,Borderline D036 case on inst_need_aid (Stiftung Sozialkasse); code kept,correction_proposed,"Control public (UniG art. 1; cantonal government elects the University Executive - re-opened). Band low (1,568; with SUB 1,610). SUB opt-out confirmed at statute level for 2023/24: UniG (Stand 1 Jan 2023) art. 31(1) 'Wer dieser Vereinigung nicht angehoeren will, teilt dies der Universitaetsleitung schriftlich mit', and art. 32(3) levies the fee on members only - exclusion correct (the drafter relied on a current page; the statute is better evidence). inst_need_aid none kept but flagged: the Stiftung Sozialkasse is a foundation (a separate legal person, so excluded by D036's 'legally separate foundations' clause), yet it is run from the University Executive's General Secretariat (letterhead 'Universitaetsleitung, Stiftung Sozialkasse'; applications go to a university staff member), and applicants must describe their parents' capacity to support them. It gives only one-off bridging help to students close to graduation in an acute, unforeseen emergency, and explicitly no scholarships. Contrast UZH, whose foundation-held fund is governed by university rules and decided by a university office (counted). If the coordinator reads D036 as 'run by university staff' rather than by legal entity, Bern would become targeted; recommend recording this as a sensitivity (the country aid marker uses only broad, so no country-level effect)."
SVN-L,V017,agree,agree,SVN-L-CV017-01;SVN-L-CV017-02;SVN-L-CV017-03;SVN-L-CV017-04;SVN-L-S01;SVN-L-S04,"Fee range minimum: TEOF 30.85, not FF 38.85; inst_need_aid unknown -> none proposed",correction_proposed,"Control public on ownership (founding decree art.1 re-opened: founder Republic of Slovenia, rights exercised by the Government) - D041. Band free under any reading. Fee range: two more members sampled for 2023/24. The TEOF price list (adopted by UO UL 26 Jan 2023) lists only the UL-wide ICT 13.50 + library 17.35 = 30.85 as study contributions (item 3, 6.70, is a replacement student card) - no student-council or other member item. MF 2023/24 enrolment instructions: Medicine and Dental Medicine year 1 pay 55.85 (30.85 + 25.00 'delovna oblacila', billed with the contributions; Dental years 3-6 add 100 for materials, not first year). EF's EUR 25 'nadomestilo za napredne studijske metode' is compulsory: the EF 2023/24 price list includes it inside '1. PRISPEVKI ZA STUDIJ 58,85', and the EF 2024/25 instructions say it 'je potrebno ob vpisu placati' (nearest-year wording). Range across 4 of ~23 members: 30.85 (TEOF) to 58.85 (EF); midpoint 44.85 (ratio 0.15%). Other members unsampled; member add-ons are tens of euros, so the band cannot move. Srcna UL: institution-run under D036 (UL issues the public call; the scoring commission has 4 UL members - 2 from the Student Affairs Commission, 1 UL Student Council, 1 rectorate staff member - and 1 ZPMS member; points for household income per member), but ZPMS pays the help as settlement of the student's bills (rent, food/clothing, study material, computers), and 'Student/-ka ne dobi nakazila financnih sredstev na transakcijski racun': third-party payment of specific consumption items, which falls under the in-kind exclusion (housing, meals, equipment) rather than being a cash grant. The 2023/24 edition (presumably 'Srcna UL 5', since 6 = 2024/25 and 7 = 2025/26) could not be located (URL pattern 404; Wayback offline). Fundacija Studentski tolar is a separate foundation (D036). Hence none; if the coordinator treats bill payment as cash-equivalent, the code would be targeted (small scale: UL news titles report 31 and 22 students helped in the 2025 and 2026 rounds)."
SVN-M,V017,agree,agree,SVN-M-CV017-01;SVN-M-S01,inst_need_aid unknown -> none proposed,correction_proposed,"Control public on ownership (founding decree art.1 re-opened) - D041. Band free: UM 2023/24 enrolment contributions 36.88, uniform across members, confirmed (price list re-opened). It is still unresolved whether member add-ons set 'po sklepu UO UM na predlog posameznih clanic' are compulsory: the largest, FL 'Prispevek za e-gradiva (na 1. in 2. stopnji studija)' EUR 100, would give a range of 36.88-136.88 (midpoint 86.88, ratio 0.29%), still free. FL's own pages only refer to the UM price list and a generic payment slip, so this is not established. Kept 36.88 uniform; the upper-bound sensitivity is already in notes. inst_need_aid: a second bounded web search again found only the SOUM Solidarity Fund (a student-organisation fund paying hall-of-residence rent for disadvantaged students - not institutional under D036 and in-kind anyway). Two independent bounded searches found no UM-run means-tested grant or waiver, so the protocol value is 'none' (searched, not found), not 'unknown'."
SVN-P,V017,agree,agree,SVN-P-CV017-01,,none_needed,"Control public on ownership (decree art.1 re-opened; government names 3 of 7 board members, a minority, so public rests on ownership under D041). Band free (38.80). Fees from FAMNIT only: tried to sample another UP member for 2023/24 - the UP FVZ 2023/24 file is a scanned tuition-only list (tuition for fee-paying cases, not enrolment contributions); UP FHS, UP FM and the UP central price-list page returned 404 or no PDF links; the Wayback Machine was offline. The component that varies (extracurricular activities, set by each member's student council) is 15 EUR at FAMNIT, so no plausible variation can move the band. inst_need_aid unknown kept: the session web-search cap was reached before an independent UP search could be done, so 'none' cannot be confirmed."
KOR-POSTECH,V018,agree,agree,"reg_2240 scholarship regulation (PDF); POSTECH Times 22918 (2024-02) and 22505 (2023-03); 2024 scholarship leaflet (PDF); 2023 FY supplementary budget (PDF p.4, p.9, p.16 rendered); scholarship_types page; Veritas Alpha 525123 (2023 대학알리미 per-student scholarships); Kyobit 3797 (2026, context only). Wayback CDX unavailable (Internet Archive offline); 2023 tuition-committee minutes URL returned 404.",,correction_proposed,"Control private_nonprofit agreed (school corporation; 2023 budget shows corporation transfers of 60.3bn KRW; 2023 board composition not re-checked because Wayback was offline). Band free agreed as the application of D038: first semester waived for all; later semesters waived at >=12 credits and GPA >=3.0 (the government S&E scholarship rule), with permanent loss after repeated misses. 2023 listed rate 2,790,000/semester (2,924,000 for 2023 entrants' first semester). Waiver co-funded by portable national scholarships (derived 2,724,359 of 6,716,965 KRW per student in 2023); not a tuition transfer to the institution, so govt_dependent_flag no. Share of students paying: not documented."
CZE-CU,V019,agree,agree,"CZE-CU-S01/S02/S04 (Act 111/1998, current text on zakonyprolidi.cz; Wayback offline so the 2023 capture was not re-opened); CZE-CU-S05 (CU fee schedule 2023/24, live); DSIA F21 xlsx (enrolment)",,none_needed,"Control agree: public by ownership (Act 111/1998 s.5(1) 'Veřejná vysoká škola se zřizuje a zrušuje zákonem'); the minister-appointed správní rada is supervisory while senate/rector are self-governing, so control_basis ownership (D041) is right. Band agree: free (0 CZK); s.58 permits only admission, over-duration (D038, not baseline) and foreign-language (D039) fees; no recurring compulsory fee found. Aid: govt_fee not_applicable (headline 0) agree; govt_cash yes agree - social scholarship s.91(2)(d)+(3) tied to household income <= 1.5x family subsistence minimum, paid from the state contribution (D036 government). CU increased accommodation scholarship: household-income categories, paid from the state contribution - government, consistent. inst_cash unknown agree. Enrolment spot-check: F21 sheet 2023 row 11 UK: 17984+15470+2249+324 = 36027 bachelor+long-cycle master headcount at 31.12.2023 - confirmed (file now stamped 'stav SIMSu k 20.1.2026')."
CZE-MU,V019,agree,agree,"CZE-MU-S01/S02 (Act); CZE-MU-S08/S10 (MU scholarship report 2023, live); DSIA F21 xlsx",,none_needed,"Control agree: public by ownership (Act 111/1998 s.5(1) 'Veřejná vysoká škola se zřizuje a zrušuje zákonem'); the minister-appointed správní rada is supervisory while senate/rector are self-governing, so control_basis ownership (D041) is right. Band agree: free (0 CZK); s.58 permits only admission, over-duration (D038, not baseline) and foreign-language (D039) fees; no recurring compulsory fee found. Aid: govt_fee not_applicable (headline 0) agree; govt_cash yes agree - social scholarship s.91(2)(d)+(3) tied to household income <= 1.5x family subsistence minimum, paid from the state contribution (D036 government). MU report confirms 'Tato stipendia jsou plně financována z příspěvku MŠMT' and 'V roce 2023 bylo 68 oprávněným žadatelům vyplaceno 1 972 795 Kč'; share 68/32768 = 0.21% reproduced (F21 row 47 total 32768; all levels; calendar-year recipients over year-end stock - derived). inst_cash no agree (rector's hardship programme financed from the MŠMT contribution residual and without an income threshold). Enrolment spot-check: 14150+6865+1872+227 = 23114 confirmed."
CZE-CTU,V019,agree,agree,CZE-CTU-S01/S02/S04 (Act); national statutory rule shared with CU/MU,,none_needed,"Control agree: public by ownership (Act 111/1998 s.5(1) 'Veřejná vysoká škola se zřizuje a zrušuje zákonem'); the minister-appointed správní rada is supervisory while senate/rector are self-governing, so control_basis ownership (D041) is right. Band agree: free (0 CZK); s.58 permits only admission, over-duration (D038, not baseline) and foreign-language (D039) fees; no recurring compulsory fee found. Aid: govt_fee not_applicable (headline 0) agree; govt_cash yes agree - social scholarship s.91(2)(d)+(3) tied to household income <= 1.5x family subsistence minimum, paid from the state contribution (D036 government). Institution-specific fee/aid pages not re-opened; the national rule applies uniformly to public universities listed in Annex 1."
CZE-UCT,V019,agree,agree,CZE-UCT-S01/S02/S04 (Act); national statutory rule shared with CU/MU,,none_needed,"Control agree: public by ownership (Act 111/1998 s.5(1) 'Veřejná vysoká škola se zřizuje a zrušuje zákonem'); the minister-appointed správní rada is supervisory while senate/rector are self-governing, so control_basis ownership (D041) is right. Band agree: free (0 CZK); s.58 permits only admission, over-duration (D038, not baseline) and foreign-language (D039) fees; no recurring compulsory fee found. Aid: govt_fee not_applicable (headline 0) agree; govt_cash yes agree - social scholarship s.91(2)(d)+(3) tied to household income <= 1.5x family subsistence minimum, paid from the state contribution (D036 government). Institution-specific fee/aid pages not re-opened."
CZE-BUT,V019,agree,agree,CZE-BUT-S01/S02/S04 (Act); national statutory rule shared with CU/MU,,none_needed,"Control agree: public by ownership (Act 111/1998 s.5(1) 'Veřejná vysoká škola se zřizuje a zrušuje zákonem'); the minister-appointed správní rada is supervisory while senate/rector are self-governing, so control_basis ownership (D041) is right. Band agree: free (0 CZK); s.58 permits only admission, over-duration (D038, not baseline) and foreign-language (D039) fees; no recurring compulsory fee found. Aid: govt_fee not_applicable (headline 0) agree; govt_cash yes agree - social scholarship s.91(2)(d)+(3) tied to household income <= 1.5x family subsistence minimum, paid from the state contribution (D036 government). Institution-specific fee/aid pages not re-opened."
HKG-HKU,V019,agree,agree,"HKG-HKU-S02 (HKU Schedule of Fees 2023-24, live); HKG-HKU-S05 (EDB press release); HKG-HKU-S06/S07 (TSFS guidance note); HKG-HKU-S08 (HKU handbook financial assistance, live); UGC CSDI geojson (enrolment)",,none_needed,"Control agree: statutory body continued by Cap. 1053 s.4 (ownership; Council not state-majority). Band agree: moderate. 42,100 / 395,590.56 = 10.64% of GDP per capita. The flagged 'close to 10%' point cannot move the band down: every compulsory fee only raises the ratio, and 'high' would need >= 98,898 HKD; the band depends only on the Government-set UGC rate (EDB press release 20 Jun 2024, re-opened: fees 'last adjusted in the 1997/98 academic year, when it was increased to the current level of $42,100'). HKU schedule confirms composition $42,100 p.a. (local); $100 student activity fee included (headline 42,200 = 10.67%); caution money and graduation fee correctly excluded. TSFS: grant for tuition, academic expenses and compulsory union fees under a household means test; the guidance note says the grant 'will be credited to your designated bank account by autopay' -> govt_fee yes and govt_cash yes agree (D047). inst_cash yes agree: HKUFresh$3000 paid to new local UGs 'in receipt of the HKSAR comprehensive social security assistance' (CSSA is household means-tested), HKU-run. inst_fee unknown agree. Enrolment spot-check: 2023/24 UG full-time F 9648 + M 8483 = 18131 confirmed."
HKG-CUHK,V019,agree,agree,"HKG-CUHK-S01 (LegCo 2015 annex, Statute 11); HKG-CUHK-S04 (EDB press release); TSFS guidance note; UGC CSDI geojson",,none_needed,"Control agree: statutory body, ownership; Statute 11 gives the Chancellor 6 nominees plus appointment of the Chairman on Council nomination - not a majority. Band agree: moderate. 42,100 / 395,590.56 = 10.64% of GDP per capita. The flagged 'close to 10%' point cannot move the band down: every compulsory fee only raises the ratio, and 'high' would need >= 98,898 HKD; the band depends only on the Government-set UGC rate (EDB press release 20 Jun 2024, re-opened: fees 'last adjusted in the 1997/98 academic year, when it was increased to the current level of $42,100'). Student union/college association fees remain unestablished but are band-irrelevant (they can only raise the ratio). TSFS: grant for tuition, academic expenses and compulsory union fees under a household means test; the guidance note says the grant 'will be credited to your designated bank account by autopay' -> govt_fee yes and govt_cash yes agree (D047). inst aid unknown agree. Enrolment spot-check: F 9153 + M 8591 = 17744 confirmed."
HKG-HKUST,V019,agree,agree,HKG-HKUST-S01 (ordinance text via collector quote); LegCo 2015 annex (Cap 1141 s.9(1)); EDB press release; TSFS guidance note,,none_needed,"Control agree: body corporate under Cap. 1141 s.3; s.9(1)(g) up to 17 lay members appointed by the Chancellor (the Chief Executive) in a Council of at most 27 -> ownership_and_appointment (majority when seats filled; current membership not counted). Band agree: moderate. 42,100 / 395,590.56 = 10.64% of GDP per capita. The flagged 'close to 10%' point cannot move the band down: every compulsory fee only raises the ratio, and 'high' would need >= 98,898 HKD; the band depends only on the Government-set UGC rate (EDB press release 20 Jun 2024, re-opened: fees 'last adjusted in the 1997/98 academic year, when it was increased to the current level of $42,100'). TSFS: grant for tuition, academic expenses and compulsory union fees under a household means test; the guidance note says the grant 'will be credited to your designated bank account by autopay' -> govt_fee yes and govt_cash yes agree (D047). inst_fee yes agree (bursary after a means-tested review of family financial condition, against study expenses, D047); inst_cash unknown agree."
HKG-POLYU,V019,agree,agree,"LegCo 2015 annex (Cap 1075 s.10(1), re-read; new source HKG-POLYU-CV019-01); EDB press release; TSFS guidance note",,none_needed,"Control agree: statutory body, ownership; s.10(1)(d): 9 of 17 lay members appointed by the Chief Executive, 8 by the Council, in a Council of about 25 -> no state majority; control_basis ownership correct. Band agree: moderate. 42,100 / 395,590.56 = 10.64% of GDP per capita. The flagged 'close to 10%' point cannot move the band down: every compulsory fee only raises the ratio, and 'high' would need >= 98,898 HKD; the band depends only on the Government-set UGC rate (EDB press release 20 Jun 2024, re-opened: fees 'last adjusted in the 1997/98 academic year, when it was increased to the current level of $42,100'). TSFS: grant for tuition, academic expenses and compulsory union fees under a household means test; the guidance note says the grant 'will be credited to your designated bank account by autopay' -> govt_fee yes and govt_cash yes agree (D047). inst_fee yes agree (bursary assessed on 'family income and assets', D047/D036); inst_cash unknown agree."
HKG-CITYU,V019,agree,agree,LegCo 2015 annex (Cap 1132 s.10(1)(f); new source HKG-CITYU-CV019-01); HKG-CITYU-S02 (CityU fee page 2023 via collector quote; Wayback offline); EDB press release; TSFS guidance note,,none_needed,"Control agree: s.10(1)(f): up to 15 of up to 23 members appointed by the Chief Executive (7 directly, up to 8 on Council recommendation) -> ownership_and_appointment when filled; composition as at 2015, not re-checked for 2023/24. Band agree: moderate. 42,100 / 395,590.56 = 10.64% of GDP per capita. The flagged 'close to 10%' point cannot move the band down: every compulsory fee only raises the ratio, and 'high' would need >= 98,898 HKD; the band depends only on the Government-set UGC rate (EDB press release 20 Jun 2024, re-opened: fees 'last adjusted in the 1997/98 academic year, when it was increased to the current level of $42,100'). Exclusion of the opt-out SU fee is band-irrelevant. TSFS: grant for tuition, academic expenses and compulsory union fees under a household means test; the guidance note says the grant 'will be credited to your designated bank account by autopay' -> govt_fee yes and govt_cash yes agree (D047). inst aid unknown agree."
MYS-UM,V019,agree,agree,"MYS-UM-S02/S03 (UUCA, live); MYS-UM-S04 (UM UG brochure 2023/2024, live, all table rows extracted); MYS-UM-S06 (MOHE SULUNG 2.0 page); Sinar Harian (new, MYS-UM-CV019-01); MOHE Statistik 2023 Bab 2 (enrolment)",,none_needed,"Control agree: UUCA 1971 (reprint 2012, re-opened) First Schedule para 14(1): 'The appointment of the members of the Board, except the Vice-Chancellor, shall be made by the Minister' -> public, ownership_and_appointment. Band agree: low_moderate. Brochure note 4 'Yuran di atas terpakai untuk pelajar sesi ambilan 2023 / 2024'; min 8,200/8 sem = 2,050/yr (TESL); max Data Science (industry mode) 20,500/7 sem = 5,857.14/yr; midpoint 3,953.57 = 7.61%. Robust: without the industry-mode outlier the midpoint is 2,696.43 = 5.19% (still low_moderate), and the unlisted 'lain-lain' fees (note 3) can only raise it; band_unstable yes (min 3.95% low, max 11.28% moderate). govt_fee yes agree: SULUNG 2.0 fee exemption for first-in-family B40 (household income) students at public universities (MOHE page re-opened); funder: the Minister's statement that the initiative 'akan memperuntukkan kira-kira sebanyak RM30 juta kepada semua universiti awam' reads as a government allocation to the universities, supporting the government coding (wording not conclusive). govt_cash unknown agree; inst_fee yes (zakat fund, household income < RM5,249, UM-run) accepted under D036/D047. Enrolment spot-check: Jadual 2.2(iv) p.21 UM 2023 enrolment 18,754 confirmed."
MYS-USM,V019,agree,agree,"MYS-USM-S06 (USM 2024/25 schedule, live; all 68 rows parsed; new source MYS-USM-CV019-01 for the NOTA); MYS-USM-S02/S03 (UUCA); MYS-USM-S04 2022/23 capture not re-opened (Wayback returned a 404 capture, then went offline)",,none_needed,"Control agree: UUCA 1971 (reprint 2012, re-opened) First Schedule para 14(1): 'The appointment of the members of the Board, except the Vice-Chancellor, shall be made by the Minister' -> public, ownership_and_appointment. Band agree but exactly at the cut-off: per-semester totals 1,060-1,530 in 2024/25 (identical to the collector's 2022/23 figures) x2 = 2,120-3,060, midpoint 2,590 = 4.99% -> low, only about RM6 below the 5% line (2,596.37). Sensitivities that flip it to low_moderate: annualising the RM200 final-year convocation fee (NOTA: 'akan dikenakan semasa tahun akhir'; correctly excluded as a one-off charge not paid by the first-year baseline student, consistent with graduation fees elsewhere) would give 2,640 = 5.08%; any unobserved 2023/24 difference. The 2023/24 schedule itself remains unfound (bracketing years only). Highlight as a threshold case. govt_fee yes agree: SULUNG 2.0 fee exemption for first-in-family B40 (household income) students at public universities (MOHE page re-opened); funder: the Minister's statement that the initiative 'akan memperuntukkan kira-kira sebanyak RM30 juta kepada semua universiti awam' reads as a government allocation to the universities, supporting the government coding (wording not conclusive). govt_cash and inst aid unknown agree."
MYS-UPM,V019,agree,agree,"MYS-UPM-S04 (Bursar breakdown, live); MYS-UPM-S06 (Bintulu 2023/24 breakdown, live); MYS-UPM-S07 (2022-23 brochure, live); UPM brochure 2023-2024 (new, MYS-UPM-CV019-01); Bintulu 2024/25 breakdown (new, MYS-UPM-CV019-02); Sinar Harian (new); MOHE Statistik 2023",govt_cash_aid yes -> unknown (see corrections),correction_proposed,"Control agree: UUCA 1971 (reprint 2012, re-opened) First Schedule para 14(1): 'The appointment of the members of the Board, except the Vice-Chancellor, shall be made by the Minister' -> public, ownership_and_appointment. Band agree (low; confidence low is right): the itemised Bursar schedule gives per semester service/activity 381 + tuition 550-850 (hostel 514 and one-off registration excluded) -> 1,862-2,462/yr, midpoint 2,162 = 4.16%; the Bintulu 2023/24 and 2024/25 itemised sheets carry the same component rates (305.50 recurring, 660 Sains Gunaan). The conflicting brochure figures (2023-2024 edition: 3,924-4,780 'Yuran Pengajian Setahun') are headed by residential college codes ('* (KTDI, KC, KOSASS, KPZ, K10, K12, KTAG, KMB)', '** (K14)'), i.e. they bundle accommodation, so they are not the protocol headline; dispute preserved. A brochure-net-of-hostel reading (~3,300, not reconcilable with the itemised rates) would give low_moderate. Aid: govt_fee yes agree; govt_cash yes -> unknown proposed; inst_fee/inst_cash yes (WAZAN aid to B40/asnaf; UPM unit acting as assistant amil of LZS) accepted under D036 but borderline, since LZS rules may govern eligibility. Enrolment spot-check: UPM 2023 enrolment 16,351 confirmed."
MYS-UKM,V019,agree,agree,"MYS-UKM-S04/S05 (UKM Kadar Yuran Pengajian, live; all local UG rows extracted by coordinates); MYS-UKM-S02/S03 (UUCA); Sinar Harian (new, MYS-UKM-CV019-01)",govt_cash_aid yes -> unknown (see corrections),correction_proposed,"Control agree: UUCA 1971 (reprint 2012, re-opened) First Schedule para 14(1): 'The appointment of the members of the Board, except the Vice-Chancellor, shall be made by the Minister' -> public, ownership_and_appointment. Band agree: low_moderate. Local UG per subsequent semester 890 (340+550) to 2,190 (340+1,850 dentistry; total 23,100 over 10 sem = 3,390 + 9x2,190 checked); rates marked 'KADAR BERMULA SEM 1 16/17 - SEHINGGA KINI'; x2 -> 1,780-4,380, midpoint 3,080 = 5.93%; band_unstable yes (min 3.43% low); without dentistry the midpoint would be 2,130 (low), so dentistry drives the band. Aid: govt_fee yes agree; govt_cash yes -> unknown proposed; inst zakat aid (had kifayah household test) accepted, from undated 2014 pages."
MYS-UTM,V019,agree,agree,"MYS-UTM-S04 (UTM Program Sarjana Muda 2023 brochure, live; fee table read); MYS-UTM-S02/S03 (UUCA); Sinar Harian (new, MYS-UTM-CV019-01)",govt_cash_aid yes -> unknown (see corrections),correction_proposed,"Control agree: UUCA 1971 (reprint 2012, re-opened) First Schedule para 14(1): 'The appointment of the members of the Board, except the Vice-Chancellor, shall be made by the Minister' -> public, ownership_and_appointment. Band agree but near the cut-off: semester-1 fee minus the recurring rate = RM1,200 in every field (one-off, D032); recurring 1,085-1,490/sem -> 2,170-2,980/yr, midpoint 2,575 = 4.96% (low; about RM21 below 5%). MJIIT exclusion under D039 agreed (same engineering fields offered at the standard rate); with MJIIT the midpoint would be 5,935 = 11.43%. Without the 2u2i Data Engineering programme the midpoint is 2,335 (still low). Year inferred from title/upload path (2023/09). Aid: govt_fee yes agree; govt_cash yes -> unknown proposed; inst zakat fee/cash aid (family income < RM3,000) accepted."
EST-UT,V020,agree,agree,"EST-UT-S01/S02 (Tartu University Act, Riigi Teataja API); EST-UT-S03/S04/S05 (KHaS 2023/24 version); EST-UT-S06/S08 (Study Allowances Act); EST-UT-S09 (UT fee page, Wayback 2024-03-29); UT annual report 2023 (enrolment); WebSearch on UT need-based scholarships",,none_needed,"Control agree: public by ownership (D041). Act s.2(2) 'Ülikool on avalik-õiguslik juriidiline isik'; KHaS s.22(2) 'Avalik-õigusliku ülikooli asutamise, ühinemise, jagunemise ja tegevuse lõpetamise otsustab Riigikogu'. Council of 11: senate 5, Academy of Sciences 1, minister 5; the Government order confirms the composition on the minister's proposal, which formalises other bodies' nominees, so a state-chosen majority is not shown; control_basis ownership is correct. Band agree: free (0). KHaS s.16(1) 'Eestikeelse õppekava alusel õppimine on üliõpilase jaoks tasuta juhul, kui ta õpib täiskoormusega ja täidab kumulatiivselt igal semestril nõutava õppe mahu'; the per-unmet-ECTS charge (lg 2) applies only to students who fall behind = D038 default waiver. UT 2023/24 capture confirms: no fee with 30 ECTS/semester, charge only for a cumulative shortfall > 6 ECTS; UT's 2023/24 per-credit price table not re-opened (does not affect the band). No compulsory fee found; KHaS s.16(5) bars admission charges for students studying free. Aid: govt_fee not_applicable agree; govt_cash yes agree (vajaduspõhine õppetoetus, family-income test; eritoetus paid from a state fund = government per D036); inst_fee not_applicable agree; inst_cash no agree - the need-related scholarship funds found are run by SA Tartu Ülikooli Sihtasutus (separate foundation, D036); none administered by UT itself found. Share blank agree (13% refers to spring 2023, not the reference year). Enrolment spot-check: UT annual report 2023 'Esimene aste (9327)', total 14 778 - confirmed (first cycle incl. integrated, 10 Nov 2023)."
EST-TALTECH,V020,agree,agree,EST-TALTECH-S01/S02 (TalTech Act); KHaS 2023/24 (EST-*-S03/S04); EST-TALTECH-S06/S08 (Study Allowances Act); TalTech 2023 annual report (enrolment),,none_needed,"Control agree: public-law legal person (Act s.2(2)); council 5 senate / 1 Academy / 5 minister; control_basis ownership correct (D041). Band agree: free by D038 (KHaS s.16(1)); the EUR 44 per unmet ECTS (Senate decision 29 of 15.11.2022, cited by collector) is conditional and belongs in notes; English-taught semester fees are a D039 parallel track. No recurring compulsory fee found. Aid: same national scheme as EST-UT - govt_cash yes agree; inst_cash no agree (Arengufond is a separate foundation; only merit awards run by TalTech). Enrolment spot-check: annual report 2023 table ÜLDNUMBRID 'Üliõpilasi' 2023 = 8 898 confirmed; it is an all-level total (flag correctly set; no first-degree split found)."
EST-TLU,V020,agree,agree,"EST-TLU-S01/S02 (Tallinn University Act, Riigi Teataja API); KHaS 2023/24; Study Allowances Act; TLU 2023 annual report (enrolment)",,none_needed,"Control agree: Act s.2(2) 'Ülikool on avalik-õiguslik juriidiline isik'; council 5 senate / 1 Academy / 5 minister; ownership basis correct. Band agree: free by D038; EUR 30 per unmet ECTS for 2017/18-2023/24 matriculants is conditional on a shortfall. The rate comes from a 14.04.2024 decision (nearest year), but the free-with-full-load rule is statutory (KHaS s.16(1), version in force 2023-08-01 to 2024-07-31), so the band does not depend on it. Aid: govt_cash yes / inst_cash no agree (no TLU-run means-tested grant found by the collector; not contradicted). Enrolment spot-check: TLU 2023 report table, 2023 column: 'sh RKH 388', 'sh BA 3 539' -> 3,927 confirmed (1 Nov 2023; integrated programmes counted under MA, as noted)."
IDN-UI,V020,agree,agree,"IDN-UI-S01 (PP 75/2021 statute, sai.ui.ac.id); IDN-UI-S02 (SK Rektor 402/2023, Wayback 20231211, Lampiran pp.6-7 rendered and read visually); IDN-UI-S07/S08 (KIP Kuliah 2023 guide); PDDikti API 20231 (enrolment)",,none_needed,"Control agree: PTN-BH; art.85(1) 'Kekayaan awal UI merupakan kekayaan negara yang dipisahkan'; art.25(3) 'Anggota MWA diangkat dan diberhentikan oleh Menteri berdasarkan usulan SA' - formal appointment of senate nominees, so control_basis ownership is correct. Band agree: high. Lampiran confirms K-11 '> 17.500 s.d. 20.000' (thousand IDR) for all Sains-Teknologi-Kesehatan faculties and '> 15.000 s.d. 17.500' for all Sosial-Humaniora faculties; per semester (Permendikbud 25/2020 art.9(1)); full-pay annual 35-40m, midpoint 37.5m = 50.5% of GDPpc 74.30m. Even using the K-11 floors (30-35m) the ratio is > 40%: robust. Averaging (full-pay rate, midpoint across programmes) follows protocol s.4. Aid: govt_fee yes and govt_cash yes agree (KIP Kuliah 2023 guide: 'Pembebasan biaya pendidikan atau biaya kuliah (UKT/ SPP) bagi seluruh penerima KIP Kuliah Merdeka'; living allowance 'ditransfer langsung ke rekening mahasiswa penerima'; economic test on parents' combined gross income). inst_fee yes accepted: statute art.13(5) 'Pembiayaan atas biaya pendidikan bagi Mahasiswa sebagaimana dimaksud pada ayat (4) dilakukan melalui pemberian beasiswa dari UI' (economically poor entrants) - an institutional means-tested scheme, although actual receipt is not documented. inst_cash unknown agree. Enrolment spot-check: PDDikti API 20231 S1 sum = 31,671 reproduced."
IDN-UGM,V020,agree,agree,"IDN-UGM-S02 (UKT 2023/2024 announcement PDF, Wayback 20230601); IDN-UGM-S01 (PP 67/2013 statute, jdih.kemenkeu); Kompas 26 Jan 2023 (UGM UKT reduction schemes); KIP Kuliah 2023 guide",,none_needed,"Control agree: PTN-BH, ownership basis (minister appoints MWA on the senate's proposal). Band agree: high. PDF confirms full-pay 'UKT Pendidikan Unggul' S1 from Rp7.600.000 (languages) to Rp24.700.000 (medicine, dentistry, veterinary), with a 100% subsidy for Permendikbud groups 1-2; the period is not printed, so the per-semester basis comes from Permendikbud art.9(1); annual 15.2-49.4m, midpoint 32.3m = 43.5%. The lowest programme's full-pay rate (15.2m = 20.5%) is moderate, so the band rests on the midpoint rule, which is applied correctly. SSPU (UM-CBT route, one-off) correctly excluded (D032/D039). Aid: govt_fee/govt_cash yes agree. inst_fee yes agree and strengthened: besides the UGM-set 25-100% subsidy by parents' economic capacity, UGM runs its own reduction scheme for students whose parents' economic situation changes (Kompas 26 Jan 2023, new source IDN-UGM-CV020-01: 'Setiap tahunnya ada lebih dari 7 ribu mahasiswa diberikan pengurangan UKT'); denominator and year not documented, so no share proposed. inst_cash unknown agree. Enrolment not spot-checked (UI and ITB checked)."
IDN-ITB,V020,agree,agree,"IDN-ITB-S03 (admission.itb.ac.id SNBT page, Wayback 20230130); IDN-ITB-S01/S10 (PP 65/2013 statute, cited); detik.com 19 Jan 2023 (ITB 2023 UKT); ppid.itb.ac.id UKT page (current); PDDikti API 20231 (enrolment)",,none_needed,"Control agree: PTN-BH, ownership basis. Band agree: high. Capture confirms 'Biaya pendidikan per semester bagi mahasiswa yang diterima di ITB melalui SNBT': UKT5 Rp. 12.500.000,- (non-SBM) and Rp. 20.000.000,- (SBM). Year: no rector's decree for 2023/24, but detik.com (19 Jan 2023, 'Biaya Kuliah ITB 2023 Jalur SNBP dan SNBT') reports the same five groups for the 2023 intake, citing the admissions site (new source IDN-ITB-CV020-01); the current PPID page also shows 'Rp500.000 s.d. Rp12.500.000', consistent. Annual full-pay 25m (33.6%) to 40m; even the lowest full-pay rate is high: robust. IPI on the SM-ITB route excluded (D032/D039) agree. Aid: govt_fee/govt_cash yes agree; inst_fee yes agree (beasiswa UKT on family economic documents; statute art.53(1) 'bantuan biaya pendidikan bagi Mahasiswa yang kurang mampu secara ekonomi'). The 222/2,093 KIP-K candidates is not a recipient share (correctly not coded). Enrolment spot-check: PDDikti API 20231 S1 sum = 22,344 reproduced."
IDN-UNAIR,V020,agree,agree,"IDN-UNAIR-S02 (PPMB SNBP 2023/2024 table, Wayback 20230608, raw HTML header inspected); IDN-UNAIR-S01 (PP 30/2014 via pasal.id); unair.ac.id news 26 Aug 2021; ditkeu.unair.ac.id post 16 Oct 2023 (Wayback)",,none_needed,"Control agree: PTN-BH, ownership basis (statute read from the pasal.id secondary reproduction; content consistent with other PTN-BH statutes; official copy still blocked). Band agree: high. The column misalignment is resolved by the raw HTML: header cell 'UKT I' has colspan=3 with sub-columns 'IA','IB','IC', followed by 'UKT II','UKT III','UKT IV' (rowspan 2), i.e. 6 value columns = IA 0-500.000 / IB 1.000.000 / IC 2.400.000 / UKT II / UKT III / UKT IV. The last column (UKT IV, e.g. Kedokteran 25.000.000, Ilmu Sejarah 7.500.000) is the full-pay rate, so the collector's figures stand; only the column labels in the notes need correcting (no value change). Annual full-pay 15-50m, midpoint 32.5m = 43.7%. SNBT schedule assumed equal to SNBP (Permendikbud art.7(4)) - accepted. Aid: govt_fee/govt_cash yes agree. inst_fee unknown agree: the UNAIR reduction policies found (2021 news; Oct 2023 Ditkeu post) describe the pandemic-period 2021/22 scheme ('keringanan pembayaran UKT semester gasal 2021/2022' for students 'tidak mampu secara ekonomi'), not 2023/24. inst_cash unknown agree. Enrolment not spot-checked (UI and ITB checked)."
IDN-IPB,V020,agree,agree,"IDN-IPB-S02 (admisi.ipb.ac.id Biaya Pendidikan, Wayback 20230128); Kompas 28 Mar 2023 (IPB SNBP 2023 UKT, opened); IPB news 12 Jul 2023 and Kompas 13 Jul 2023 (UKT review/reductions); IDN-IPB-S01 (statute, cited); KIP Kuliah 2023 guide",inst_fee_aid unknown -> yes,correction_proposed,"Control agree: PTN-BH, ownership basis. Band agree: high, near the threshold (25% of GDPpc = 18.57m). Capture confirms the 2019 decree table (Rp/Semester; Golongan V 10.000.000-12.000.000). The year is now supported by an opened source: Kompas 28 Mar 2023 quotes IPB's Director of Education Administration on the SNBP 2023 intake: 'UKT golongan 1: Rp 2,4 juta ... UKT golongan 5: Rp 11 juta' and 'besaran UKT program Sarjana paling tinggi sebesar Rp 12 juta' (new source IDN-IPB-CV020-01; replaces the unopened snippet S03). Annual full-pay 20-24m, midpoint 22m = 29.6%; lowest full-pay 20m = 26.9% - still high, so every programme's full-pay rate is high. National groups I-II (<=500k / <=1m) are not shown in IPB's table: Kompas says KIP Kuliah 2023 entrants 'tidak dikenakan biaya kuliah', so charge_min 4,800,000 is the lowest listed UKT, not the lowest price paid; recommend a note (charge_min could be 0 for KIP-K); band unaffected. BPIF (SM-IPB route, one-off) excluded agree. Aid: govt_fee/govt_cash yes agree. inst_fee: IPB runs its own UKT review/reduction ('peninjauan UKT') - 135 of 357 applying 2023/24 entrants approved, total reduction Rp 321.800.000 (IPB news 12 Jul 2023); Kompas headline 'IPB Turunkan UKT bagi Mahasiswa yang Tidak Mampu'. This is the same kind of instrument that supports UGM's inst_fee yes, so recode to yes for consistency (the IPB page itself does not spell out the economic test; the headline and UKT's socio-economic basis do). inst_cash unknown agree."
SAU-KAU,V021,agree,agree,"SAU-KAU-S02 (Universities Law, Wayback 2022-05-05, re-read incl. decree items); SAU-KAU-S04 (my.gov.sa Wayback 2023-11-12, re-read); SAU-KAU-S06 (seen via search snippet only); THE KAU profile (enrolment); WebSearch for a current KAU Student Fund source (none found; studentaffairs.kau.edu.sa and dsa.kau.edu.sa do not resolve); cua.gov.sa statistics page",,none_needed,"Control agree: public (ownership_and_appointment). Re-read the Universities Law: Art. 3 'الجامعة مؤسسة أكاديمية عامة'; Art. 11 has the board chair, deputy and members (except the president) appointed 'بأمر من رئيس مجلس الوزراء'. Royal Decree M/27 item ثالثاً applies the law to at most three universities first and to the others gradually; universities not yet covered stay under the 1414 AH Higher Education Council and Universities Law. Either way KAU is a state-created public university (my reading). Band agree: free. The my.gov.sa Nov 2023 capture has 'مرحلة البكالوريس، وتقدمها الجامعات الحكومية بشكل مجاني للمواطنين' (confirmed). No recurring compulsory fee found; I did not search at KAU level beyond the national statement. Aid: govt_fee and inst_fee not_applicable are correct (headline 0). govt_cash_aid no agreed: the universal monthly stipend is not means-tested and no national means-tested student grant was found. inst_cash_aid yes accepted with LOW confidence: the only evidence is from 2011 (Al-Madina 2012), and no 2023/24 KAU source was found. Supporting context: Universities Law Art. 7 makes the Council of University Affairs approve 'اللائحة المنظمة لصناديق الطلبة في الجامعات', so student funds are a regulated standing unit. Enrolment spot-check: I re-opened the THE profile and confirmed 'Student total 56251 ... World University Rankings 2026'. The page does not say FTE, so 'fte' is an interpretation. The secondary KAU headcount (about 117k, incl. distance learning) is roughly double, so the measure matters for weighting. No official per-university figure could be obtained: the Council of University Affairs statistics page (cua.gov.sa, 'إحصاءات الجامعات والطلاب') only embeds Power BI dashboards."
SAU-KFUPM,V021,agree,agree,"SAU-KFUPM-S02 (KFUPM About us, Wayback 2023-12-25, via collector quote); kfupm.edu.sa live about-us, leadership and history pages; SAU-KFUPM-CV021-01 (Al-Jazirah 3 Jan 2020); SAU-KFUPM-S04 (sustainability page, via collector quote); WebSearch x3 for the non-profit statute and board composition (not found); Wayback CDX for board pages (no result / CDX temporarily offline)",,none_needed,"Control agree: public on ownership (D041), control_basis ownership. KFUPM was created by Royal Decree (1963) and no private founder or owner was found. Its board is chaired by the Minister of Energy. The president was appointed by the Minister as board chair 'بناءً على موافقة المقام السامي الكريم' (Al-Jazirah/SPA, 3 Jan 2020); the same article mentions 'صدور النظام الجديد ... وتأسيس مجلس أمناء الجامعة برئاسة سموه'. The 'non-profit institute' status KFUPM describes does not by itself make it private under D041: it is a state-created non-profit with a minister-chaired board. By analogy, KSU's 2023 conversion into a non-profit academic institution came with a wholly state-appointed board. The statute and full board composition are still undocumented, so the board-majority sensitivity (D042) cannot be confirmed for KFUPM; keep basis = ownership. Band agree: free (KFUPM: 'All students ... on full scholarship ... free tuition'; national portal). Aid codes agreed. inst_cash_aid unknown is the right code: the donor fund is for 'families with limited income', but its instrument (cash or other) is not stated. Enrolment not spot-checked (THE value, low confidence)."
SAU-KSU,V021,agree,agree,"SAU-KSU-S02 (Universities Law); SAU-KSU-S04 (my.gov.sa 2023 capture); SAU-KSU-S06/S07 (Student Fund pages, via collector quotes); SAU-KSU-CV021-01 (RCRC news 25 Jul 2023); SAU-KSU-CV021-02 (Al-Eqtisadiah 25 Jul 2023); WebSearch x2; KSU open data page and CSV (enrolment)","The control justification cites an outdated instrument. A royal order converted KSU into an independent non-profit academic institution under the Royal Commission for Riyadh City, and its board was formed by order of the Crown Prince/Prime Minister in July 2023. Control stays public.",correction_proposed,"Control agree (public), but the legal justification needs updating. RCRC news of 25 Jul 2023: 'بناءً على الأمر الملكي الكريم القاضي بتحويل جامعة الملك سعود إلى مؤسسة أكاديمية مستقلة غير هادفة للربح، تحت مظلة الهيئة الملكية لمدينة الرياض ... أصدر سمو ولي العهد ... أمراً سامياً بتشكيل مجلس إدارة الجامعة برئاسة معالي الأستاذ يوسف بن عبدالله البنيان، ومعالي وزير الموارد البشرية والتنمية الاجتماعية نائباً للرئيس'. The other members are ministers, heads of state bodies, a PIF representative and three named individuals. My reading: the head of government appoints the whole board and a majority are ex officio ministers or heads of public bodies. KSU is therefore public by appointment, and also by ownership (state-created, under a state authority); control_basis ownership_and_appointment stays. The draft relies on the Universities Law and the 2020 order (KSU newspaper), which describe the pre-2023 regime. The date of the conversion royal order itself was not found; only the July 2023 news mentions it. Band agree: free for citizens (my.gov.sa Nov 2023). No evidence was found that the conversion introduced tuition for Saudi regular students in 2023/24, but I did not search specifically beyond the national statement (flagged). Aid agreed: the KSU Student Fund pays one-off grants to 'needy' students after a case study with documents proving need. Household income is not named, so this is borderline but acceptable as a means test. Enrolment spot-check CONFIRMED: I downloaded the CSV (90,160 rows) and counted الدرجة='البكالوريوس' = 61,973 (all nationalities, incl. the Applied Studies and Community Service colleges). The data page lists files by Hijri year up to 'العام الجامعي 1444', then 'العام 2024' and 'العام 2025'. 'العام 2024' most plausibly means 1445 AH, about 2023/24 (my inference)."
SAU-PMU,V021,agree,agree,"SAU-PMU-S08 (fee page Wayback 2023-09-21, re-read); SAU-PMU-S04 / SAU-PMU-CV021-01 (PMU Board of Trustees page, membership section); SAU-PMU-CV021-02 (PMU Types of Financial Aid overview, live); PMU Financial Aid pages (Wayback 2023-12-05, 2023-12-09) and Important Notes (live); SAU-PMU-S06 (my.gov.sa 2023, re-read); SAU-PMU-CV021-03 (grants.moe.gov.sa FAQ, Wayback 2023-09-28); SAU-PMU-CV021-04 (Al-Riyadh 18 Aug 2015); SAU-PMU-CV021-05 (CUA private universities list); PMU 2009-2011 annual report (searched for ownership wording, none found); WebSearch x5 on the owner and grant volume","inst_fee_aid yes is not supported for 2023/24: PMU says its scholarships are generally not need-based, and eligibility depends on placement-test level. govt_dependent_flag is unresolved.",correction_proposed,"Control agree: private. PMU Board of Trustees page (Membership): the board is 'established with a decree from the Minister'. Its members are the President, 'Five faculty members ... selected by the Minister', 'A representative from the Ministry of Higher Education' and 'Twelve members selected by the ""Educational Services Company"" in the Eastern Province'. The state selects 6 of 19 members and a private company selects 12 (a majority). CUA lists PMU among 'الجامعات الأهلية والكليات'. The owner appears to be the 'Educational Services Company', but whether it is nonprofit or for-profit was NOT established (no primary source; only Wikipedia's 'private non-profit'). So private_nonprofit vs private_forprofit stays provisional. control_basis legal_form is acceptable; it could also be recorded as appointment by a private body. govt_dependent_flag: UNRESOLVED (kept no). The Internal Grants Programme is a state payment of students' tuition to private universities and was live in 2023/24 (my.gov.sa Nov 2023: 'فإن الوزارة تتكفل بدفع الرسوم الدراسية المعتمدة'). The programme FAQ (Sep 2023 capture) says eligible applicants enter a competition 'وهي قبول افضل 50% من الطلاب المستجدين في الجامعة أو الكلية حسب المعدل التراكمي', i.e. up to half of new entrants per institution. In 2015 an investor put the programme's cost at about SAR 2 billion a year (Al-Riyadh), when its continuation was in doubt. No 2023/24 count of PMU grant students was found, so 'substantial' can be neither confirmed nor excluded. The coordinator should treat the flag as uncertain: yes if the 50%-of-entrants rule still applied. Band agree: high. Full-time undergraduates pay SAR 29,000 per semester (Saudis are exempt from VAT on tuition); x 2 = 58,000. 58,000 / 135,588.21 = 42.8% of GDP per capita, well above 25% (even a single semester would be 21.4%). Compulsory fees 0 agreed: the application fee is one-off and the other fees are optional. Aid: govt_fee_aid no agreed (Internal Grants are GPA-based with no household test). govt_cash_aid no agreed (FAQ: 'برنامج المنح الدراسية لا يوجد به مكافأة مالية'). inst_fee_aid: DISAGREE with yes. PMU's current Types of Financial Aid overview says 'Generally scholarships are not given based on financial needs, even though this issue is taken into consideration while assigning them', and eligibility requires 'Advanced level or above in the Admissions/Placement Test'. The parent interview and the father's-income fields on the 2008 form show that need is considered, but no source shows that eligibility depends on household means; the need-based mission statement dates from 2009-2011. Proposed: unknown. inst_cash_aid no agreed. Enrolment not spot-checked."
SAU-IAU,V021,agree,agree,"SAU-IAU-S02 (Universities Law); SAU-IAU-S03 (KSU newspaper, via collector quote); SAU-IAU-S04 (my.gov.sa 2023, re-read); SAU-IAU-S06 (IAU Student Fund capture, via collector quote); THE IAU profile (enrolment)",,none_needed,"Control agree: public, ownership_and_appointment, on the Universities Law (Art. 3, Art. 11). The law applies either directly (IAU is named among the first three universities by the 2020 order, per a secondary source) or, if not, IAU is a state-created university under the 1414 AH law. It is public either way (my reading). Band agree: free (national portal). Aid agreed: the IAU Student Fund sets grants by case study and requires the guardian's salary certificate (a household-means test). inst_cash_aid yes rests on a 2022 capture (nearest year, flagged). govt codes agreed. Enrolment spot-check: I re-opened the THE profile and confirmed 'Student total 25111 ... World University Rankings 2026' (89 F : 11 M). The page does not state that the figure is FTE. No official per-university figure was found (CUA publishes Power BI dashboards only)."
THA-CU,V022,agree,agree,"THA-CU-S01/S02 (CU Act s.5, s.19 via deka.in.th, re-read); THA-CU-S03 (CU fee announcement 2562, scanned PDF pp.1-2 rendered and read); MHESI enrolment xlsx 1/2566 (REORT sheet)",,none_needed,"Control agree: public by ownership (D041). Act s.5 makes the university a juristic person with the status of a state-supervised agency (หน่วยงานในกำกับของรัฐ) continued by statute, no private founder or owner. control_basis ownership agree: the chair and 15 external experts (16 of about 30 seats) are formally appointed by the King (ทรงพระกรุณาโปรดเกล้าฯ แต่งตั้ง), but the Act leaves qualifications and the nomination procedure to the university's own regulation (CU Act s.19 last para.: 'หลักเกณฑ์และวิธีการสรรหานายกสภามหาวิทยาลัย และกรรมการสภามหาวิทยาลัยผู้ทรงคุณวุฒิ... ให้เป็นไปตามข้อบังคับของมหาวิทยาลัย'), and only one expert must come from a list proposed by the Commission on Higher Education; the royal act formalises the council's own nominees, so a state-chosen majority is not shown. Same reading as V020 for EST-UT (government order formalising other bodies' nominees -> ownership). Consequence: under the D042 board-majority sensitivity all 5 THA rows count as not public; the coordinator may wish to log this whole-country effect explicitly. govt_dependent_flag no correct (public). Band agree: moderate. CU announcement 2562 ข้อ 5(1) read on the rendered scan: 34,000 / 26,500 / 25,500 / 21,000 / 21,000 THB per regular semester by faculty group (ข้อ 4 puts medicine, dentistry, veterinary science in bio-sciences (1)). Annualised 42,000-68,000, midpoint 55,000 = 21.92% of GDP pc 2023 (250,943 THB) -> moderate; min 16.74% moderate, max 27.10% high -> band_unstable yes (to be set when band fields are computed). Within 13% of the 25% cut-off, so looked harder: the group definitions cover all faculties, so no regular Thai programme lies outside 42,000-68,000; reaching high would need max >= 83,500/yr. Note ข้อ 4 includes one international programme (นวัตกรรมบูรณาการ (หลักสูตรนานาชาติ)) in the physical-sciences group at the same rate - not every international programme is separately priced; no effect on the range. Compulsory fees 0 agree (other-charges announcement: fines, status and document charges only). Aid: govt_fee/govt_cash no agree (no national household-income-tested grant found; กยศ. is a loan; Kru Rak Thin not at CU); inst_fee/inst_cash yes agree (CU subsidy scholarships types ก/ข(1)/ข(2) judged on parents' income vs family burden; 2025 article, nearest-year evidence, standing scheme). Shares blank agree. Enrolment spot-check: MHESI REORT row 'จุฬาลงกรณ์มหาวิทยาลัย' ป.ตรี 12092 + 9824 + 5728 = 27,644, total 39,030, report dated 1 Sep 2567, semester 1/2566 - confirmed."
THA-MU,V022,agree,agree,"THA-MU-S01/S02 (MU Act, as cited); THA-MU-S03 (MU 2566 flat-fee announcement, scanned PDF pp.1, 2, 4 rendered and read); WebSearch for College of Music fee (not found); MHESI enrolment xlsx",,none_needed,"Control agree: public by ownership (D041). Act s.5 makes the university a juristic person with the status of a state-supervised agency (หน่วยงานในกำกับของรัฐ) continued by statute, no private founder or owner. control_basis ownership agree: the chair and 15 external experts (16 of about 30 seats) are formally appointed by the King (ทรงพระกรุณาโปรดเกล้าฯ แต่งตั้ง), but the Act leaves qualifications and the nomination procedure to the university's own regulation (CU Act s.19 last para.: 'หลักเกณฑ์และวิธีการสรรหานายกสภามหาวิทยาลัย และกรรมการสภามหาวิทยาลัยผู้ทรงคุณวุฒิ... ให้เป็นไปตามข้อบังคับของมหาวิทยาลัย'), and only one expert must come from a list proposed by the Commission on Higher Education; the royal act formalises the council's own nominees, so a state-chosen majority is not shown. Same reading as V020 for EST-UT (government order formalising other bodies' nominees -> ownership). Consequence: under the D042 board-majority sensitivity all 5 THA rows count as not public; the coordinator may wish to log this whole-country effect explicitly. govt_dependent_flag no correct (public). Band agree: high (band-unstable, near threshold). Rendered scan p.1: announcement 2566 for student IDs 63xxxxx onward (covers 2566 entrants); ข้อ 2 'ยกเว้นวิทยาลัยดุริยางคศิลป์'; p.2 item 3 คณะทันตแพทยศาสตร์ หลักสูตรทันตแพทยศาสตรบัณฑิต 50,000 per semester, medicine 30,000, pharmacy 30,000; p.4 Kanchanaburi BBA/accounting 17,000. Range 34,000-100,000, midpoint 67,000 = 26.70% -> high; min 13.55% moderate, max 39.85% high -> band_unstable yes. Near the cut-off (6.8% above): the midpoint falls below 25% only if max < 91,472/yr (45,736/semester), i.e. only if both 50,000 programmes (DDS; ICT digital science) were dropped; both are standard Thai-track first degrees and stay in the range (protocol s.4). College of Music gap agree: excluded from the announcement, rate not found in one search; it could lower the band only if its Thai-programme rate were below 17,000/semester (lower min) - not verifiable here. Compulsory 0 agree (ข้อ 9: status, card, fines; ข้อ 8 health insurance for foreign students only). Aid: govt no/no agree; inst_fee yes accepted (undated faculty page, need wording 'ขาดแคลนทุนทรัพย์'; criteria page blocked) - weak but acceptable; inst_cash unknown agree. Enrolment spot-check: REORT row 'มหาวิทยาลัยมหิดล' ป.ตรี 6024 + 5440 + 9879 = 21,343, total 29,437 - confirmed."
THA-CMU,V022,agree,agree,"THA-CMU-S01 (CMU Act, as cited); THA-CMU-S02/S03 (checked for internal consistency, not re-rendered); THA-CMU-S09 (kruraktin.edu.cmu.ac.th qualification page, re-read via urllib); EEF news 22 Sep 2022 (WebFetch); MHESI enrolment xlsx",,correction_proposed,"Control agree: public by ownership (D041). Act s.5 makes the university a juristic person with the status of a state-supervised agency (หน่วยงานในกำกับของรัฐ) continued by statute, no private founder or owner. control_basis ownership agree: the chair and 15 external experts (16 of about 30 seats) are formally appointed by the King (ทรงพระกรุณาโปรดเกล้าฯ แต่งตั้ง), but the Act leaves qualifications and the nomination procedure to the university's own regulation (CU Act s.19 last para.: 'หลักเกณฑ์และวิธีการสรรหานายกสภามหาวิทยาลัย และกรรมการสภามหาวิทยาลัยผู้ทรงคุณวุฒิ... ให้เป็นไปตามข้อบังคับของมหาวิทยาลัย'), and only one expert must come from a list proposed by the Commission on Higher Education; the royal act formalises the council's own nominees, so a state-chosen majority is not shown. Same reading as V020 for EST-UT (government order formalising other bodies' nominees -> ownership). Consequence: under the D042 board-majority sensitivity all 5 THA rows count as not public; the coordinator may wish to log this whole-country effect explicitly. govt_dependent_flag no correct (public). Band agree: moderate, stable. 30,000-58,000, midpoint 44,000 = 17.53%; min 11.95% and max 23.11% both moderate -> band_unstable no. The six programmes under their own regulations (ข้อ 3) could change the band only if one charged >= 47,736/semester on the regular track; not checked, low risk. Compulsory 0 with the collector's caveat (ข้อ 6 'ยังไม่รวมค่าธรรมเนียมอื่น...') acceptable; the headline would need +18,700/yr to change band. Aid: govt_fee/govt_cash yes AGREE. The EEF (กสศ., a state fund) 'ครูรัก(ษ์)ถิ่น' scholarship fits the v1.4 definition: household test ('อาศัยอยู่ในครอบครัวที่มีรายได้เฉลี่ย ไม่ถึง 3,000 บาท/คน/เดือน', CMU page re-read); non-repayable except on dropping out without good cause (a clawback, not a loan or forgivable loan in the D037 sense: no debt is repaid by service; graduates are placed as teachers in their home area); government-funded (D036). CMU is one of 9 MOU institutions for cohort 4, AY 2566; EEF gives 327 awards for cohort 4 nationally (new source THA-CMU-CV022-01), so the scheme is programme-limited (teacher education) and tiny - that belongs in the share/notes, not in the yes/no code (v1.4 retired broad/targeted). Institutional share not documented; shares blank acceptable. The fee component (up to 30,000/yr) rests on a WebFetch summary of a secondary site (THA-CMU-S07); the cash component (6,000/month) is from EEF's own 2020 article, so govt_fee_aid is the weaker of the two codes. inst_fee yes agree (central scholarship allocated by financial need); inst_cash unknown agree. Enrolment: REORT row 'มหาวิทยาลัยเชียงใหม่' ป.ตรี 15886 + 11145 + 5252 = 32,283 - confirmed."
THA-TU,V022,agree,agree,"THA-TU-S01 (TU Act 2558, as cited); THA-TU-S02 (db.legal.tu.ac.th 080500-11 re-read, and the 2025 docx upload of the same 2555 text); db.legal.tu.ac.th site search (amendments 4/2558 and 5/2559 listed, their PDFs 404); db.legal 041105-19 PDF (scan of the 2555 original); TU TCAS64 pharmacy fee sheet (tuadmissions.in.th, official); Thairath 2569 fee article (WebFetch); THA-TU-S06 Chang Phuak 2566 announcement re-read; reg.tu.ac.th fee category (404 after redesign); Wayback CDX (Internet Archive offline)",confidence only (band agreed),correction_proposed,"Control agree: public by ownership (D041). Act s.5 makes the university a juristic person with the status of a state-supervised agency (หน่วยงานในกำกับของรัฐ) continued by statute, no private founder or owner. control_basis ownership agree: the chair and 15 external experts (16 of about 30 seats) are formally appointed by the King (ทรงพระกรุณาโปรดเกล้าฯ แต่งตั้ง), but the Act leaves qualifications and the nomination procedure to the university's own regulation (CU Act s.19 last para.: 'หลักเกณฑ์และวิธีการสรรหานายกสภามหาวิทยาลัย และกรรมการสภามหาวิทยาลัยผู้ทรงคุณวุฒิ... ให้เป็นไปตามข้อบังคับของมหาวิทยาลัย'), and only one expert must come from a list proposed by the Commission on Higher Education; the royal act formalises the council's own nominees, so a state-chosen majority is not shown. Same reading as V020 for EST-UT (government order formalising other bodies' nominees -> ownership). Consequence: under the D042 board-majority sensitivity all 5 THA rows count as not public; the coordinator may wish to log this whole-country effect explicitly. govt_dependent_flag no correct (public). Band agree: high, band-unstable and near threshold. The official 2566 consolidated schedule could not be read: the TU legal database lists 'แก้ไขเพิ่มเติม ครั้งที่ 4 พ.ศ.2558' and 'ครั้งที่ 5 พ.ศ.2559' but both PDFs return HTTP 404; the admissions site's fee-regulation pointer (reg.tu.ac.th/post/category/128) now returns 404; the 2566 Chang Phuak announcement item 16 only refers readers to www.reg.tu.ac.th; the Internet Archive returned 'Temporarily Offline'. The band-deciding maximum is now supported by an OFFICIAL TU source: the TU admissions 'TUITION FEES TCAS'64' sheet for คณะเภสัชศาสตร์ (Rangsit) states '52,000 บาท/ภาค', '624,000 บาท/หลักสูตร', 'โครงการปกติ (แบบเหมาจ่าย)', 'หลักสูตรจัดการศึกษาเป็นภาษาไทย', 'รับเฉพาะนักศึกษาไทย' (AY 2564 entrants) - the regular Thai track, a standard first degree, not a D039 track. The same 52,000 appears in the collector's 13 Sep 2023 secondary source and, per a WebFetch summary, in Thairath's list for 2569 entrants, so the rate bracketing 2566 is unchanged (inference, flagged). Range 26,000-104,000, midpoint 65,000 = 25.90% -> high; min 10.36% moderate; max 41.44% high -> band_unstable yes. With pharmacy in the range the midpoint drops below 25% only if min < 21,472/yr (10,736/semester); no regular programme below 13,000/semester is known, and unseen rates (post-2012 faculties, amended dentistry) can lower the band only by undercutting 10,736/semester. Without pharmacy/dentistry the midpoint would be ~34,200 (moderate), but the protocol keeps outlier programmes in the range (s.4, D032); collector applied the rule correctly. Proposed: confidence low -> medium. Compulsory 0 agree (ข้อ 7: status, reinstatement, transcript, late fines). Aid: govt no/no agree (Kru Rak Thin not at TU); inst_fee yes agree - Chang Phuak 2566 re-read: 150 scholarships (50 full, 100 partial), 'รายได้รวมของครอบครัวที่ยังไม่หักค่าใช้จ่ายไม่เกิน 300,000 บาท/ปี'; the announcement does not say whether payment is against fees or cash (payment per student-affairs rules), so fee yes rests on D047 and inst_cash unknown is correct. Enrolment spot-check: REORT row 'มหาวิทยาลัยธรรมศาสตร์' ป.ตรี 22872 + 10163 + 4384 = 37,419, total 42,568 - confirmed."
THA-KU,V022,agree,agree,"THA-KU-S01 (KU Act, as cited); THA-KU-S02 (KU 2566 new-student fee table PDF, text layer pp.1-7 + p.7 rendered); THA-KU-S03 (as cited); institution_classification.csv notes for multi-campus precedent (MEX-ITESM, HUN-EL, ECU rows, ROU-PB/D040); MHESI enrolment xlsx",,none_needed,"Control agree: public by ownership (D041). Act s.5 makes the university a juristic person with the status of a state-supervised agency (หน่วยงานในกำกับของรัฐ) continued by statute, no private founder or owner. control_basis ownership agree: the chair and 15 external experts (16 of about 30 seats) are formally appointed by the King (ทรงพระกรุณาโปรดเกล้าฯ แต่งตั้ง), but the Act leaves qualifications and the nomination procedure to the university's own regulation (CU Act s.19 last para.: 'หลักเกณฑ์และวิธีการสรรหานายกสภามหาวิทยาลัย และกรรมการสภามหาวิทยาลัยผู้ทรงคุณวุฒิ... ให้เป็นไปตามข้อบังคับของมหาวิทยาลัย'), and only one expert must come from a list proposed by the Commission on Higher Education; the royal act formalises the council's own nominees, so a state-chosen majority is not shown. Same reading as V020 for EST-UT (government order formalising other bodies' nominees -> ownership). Consequence: under the D042 board-majority sensitivity all 5 THA rows count as not public; the coordinator may wish to log this whole-country effect explicitly. govt_dependent_flag no correct (public). Band agree: moderate (band-unstable). Table p.7 (rendered): 'คณะศิลปศาสตร์และวิทยาการจัดการ' programmes (law, accounting, BBA, public administration, English) at 11,600 per semester in the 'หลักสูตรไทย ภาคปกติ' column; the page groups the Chalermphrakiat Sakon Nakhon faculties (natural resources & agro-industry, science & engineering, liberal arts & management sciences, public health). The table does not print a campus name for these faculties, so the campus attribution is an inference, but a sound one (this faculty exists only at Sakon Nakhon; Sriracha faculties are labelled 'ศรีราชา'). Max 36,100 (คณะพาณิชยนาวีนานาชาติ, nautical science / naval architecture, regular Thai column) confirmed in the text layer (p.6). Range 23,200-72,200, midpoint 47,700 = 19.01% -> moderate; min 9.25% low_moderate, max 28.77% high -> band_unstable yes. Averaging rule consistent with other multi-campus rows: MEX-ITESM (range across campuses and programmes), HUN-EL (minimum at the Szombathely campus), ECU rows (all on-campus programmes), ROU-PB (D040, all centres of the legal institution). D039 excludes separately priced tracks (ภาคพิเศษ, international, English-taught), not regional campuses of the same regular track, so the all-campus range is the correct application. The Bang Khen/Kamphaeng Saen-only sensitivity (25,800-34,600, midpoint 30,200 = 12.03%) is also moderate, so the choice does not affect the band. Compulsory 0 agree (flat 'เหมาจ่าย'; the 3,500 status fee applies only to students on leave). Aid: govt no/no agree; inst_fee yes accepted (donor-funded university scholarship allocated by the university to needy students, D036); inst_cash unknown agree. Enrolment spot-check: REORT row 'มหาวิทยาลัยเกษตรศาสตร์' ป.ตรี 28862 + 28016 + 3680 = 60,558, total 68,542 - confirmed."
ARG-UNC,V023,agree,agree,"ARG-UNC-S02/S03 (UNC Estatuto 2023 PDF, arts. 10, 82, re-read); ARG-UNC-S08 (Becas Ingresantes 2023 page); Anuario de Estadisticas Universitarias 2023 zip, file 2.1, sheet C2.1.1",,none_needed,"Control agree: public by ownership (national university, public-law person by Ley 24.521 art. 48); Consejo Superior (Estatuto art. 10: 'se compone del Rector, de los Decanos de las 15 (quince) facultades, de (15) quince delegados del claustro docente [...] de 10 (diez) delegados de los estudiantes [...]') has no state appointees; control_basis ownership agree; same treatment as ARG-UBA/ARG-UNLP. Band agree: free. Estatuto art. 82: 'El ingreso, como así también el desarrollo posterior de la enseñanza, serán completamente gratuitos.' plus Ley 24.521 art. 2 bis (national rule: no gravamen/tasa/arancel on grado). The Estatuto also lets the Consejo Superior 'Fijar aranceles, derechos o tasas a percibirse como retribución de los servicios que preste la Universidad' - service charges, not shown to be compulsory for all students; faculty-level items not checked one by one (medium confidence appropriate, as ARG-UBA). Aid agree: govt_cash yes (PROGRESAR, household income <= 3 SMVM, as ARG-UBA/UNLP); inst_cash yes (Becas Ingresantes 2023: 'ayuda económica mensual con vigencia en el período de febrero a diciembre', requirement 'Encontrarse en una situación socioeconómica que dificulte el acceso y la permanencia a los estudios', 250 awards; the page does not spell out a household test - acceptable, flagged); fee variables not_applicable correct at headline 0. Enrolment spot-check: C2.1.1 row 'Córdoba' 2023 = 158,625 confirmed (pregrado+grado, state-sector file)."
BRA-UFMG,V023,agree,agree,"BRA-UFMG-S01/S02 (UFMG Estatuto page, arts. 1, 8, 26, 30); BRA-UFMG-S07/S08 (Chamada PRAE/Fump 03/2023 PDF); gov.br service page (BRA-UFMG-CV023-01); one web search for UFMG fee statements",,none_needed,"Control agree: public by ownership; Estatuto art. 1 'pessoa jurídica de direito público, mantida pela União'; Conselho Universitário (art. 8) made of rector, vice-rector, unit directors and elected members; the rector and vice-rector are named by the President of the Republic from a list (arts. 26, 30), which is not a state-appointed majority; control_basis ownership agree (as BRA-UFRJ). Band agree: free. Tuition 0 by CF art. 206 IV (rule application). Fees 0: no UFMG 2023 statement found either, but the federal gov.br service card for UFMG undergraduate matrícula says 'Este serviço é gratuito para o cidadão.' (page updated 15/12/2025; nearest-year, weak) and STF Súmula Vinculante 12 (matrícula fees at public universities unconstitutional; seen only in secondary search results, not opened) - consistent with the BRA-UFRJ treatment; medium confidence right. Aid agree: Chamada 03/2023 'mobiliza recursos do Programa Nacional de Assistência Estudantil (PNAES) e recursos próprios da UFMG'; Auxílio Manutenção R$180-400/month; priority to 'estudantes com renda bruta per capita de até meio salário mínimo' and socio-economic levels I-III -> govt_cash yes (PNAES, as BRA-UFRJ under D036) and inst_cash yes (own resources, as BRA-USP/UNESP). Fee variables not_applicable correct. Enrolment: INEP microdata (large zip) not re-downloaded; 33,877 (CO_IES 575, TP_NIVEL_ACADEMICO=1) not spot-checked in this run; method matches E003."
CHL-PUCV,V023,agree,agree,"CHL-PUCV-S01 (Estatutos Generales PDF, arts. 1, 15, 25, 51); CHL-PUCV-S03 (Wayback 20240329 capture of PLANILLAS_PA_2023.pdf, all 3 pages); CHL-PUCV-S05 (Wayback 20230325 capture of estudiantespucv.cl/aranceles); CHL-PUCV-S08 (daepucv.cl arancel ajustado page)",,none_needed,"Control agree: private_nonprofit, control_basis legal_form, govt_dependent yes - identical treatment to CHL-PUC (private_nonprofit, legal_form, yes; SIES 'Universidades Privadas CRUCH'). Estatutos art. 1: 'fue creada por el Excelentísimo señor Obispo de Valparaíso [...] Sus inicios fueron posibles gracias a la generosidad de la Sra. Isabel Caces de Brown [...] La Universidad es una persona jurídica pública en Ia Iglesia Católica y es persona jurídica de derecho público en conformidad a la legislación chilena'; art. 15: the Gran Canciller 'debe ser el Obispo ""pro-tempore"" de la Diócesis de Valparaíso'; art. 25: Consejo Superior = Rector, 'tres Consejeros nominados por el Gran Canciller', deans, elected academics and two students; art. 51: on dissolution 'la Diócesis de Valparaíso adquirirá, de pleno derecho, todos sus bienes'. The public-law wording is Chilean legal recognition of a canonically erected Church person, not state creation: private founder, assets revert to the Church, no state appointees -> private under D041 (neither limb met). govt_dependent yes (CRUCH, adscrita a gratuidad 2023) consistent with CHL-PUC/CHL-UDEC. Band agree: high. PDF 'ARANCELES PRIMER AÑO 2023', VALOR ANUAL from Grupo X $3.109.000 to Grupo A (Ingeniería Civil de Minas) $5.791.000 (all rows checked: min 3,109,000, max 5,791,000; the 7%/4% columns are prompt-payment discounts); aranceles page: '$ 244.000. [...] como «Derecho Anual de Inscripción»', continuing students '$ 122.000.- [...] como Derecho Semestral de Inscripción por cada semestre' -> recurs. Headline 4,694,000 = 32.71% of GDP pc 2023 (14,349,612 CLP); min 3,353,000 = 23.37% (moderate), max 6,035,000 = 42.06% -> band_unstable should be yes when band fields are computed (as CHL-PUC). Headline is 31% above the 25% cut-off; it would drop below only if the midpoint were under 3,587,403, which the documented range excludes. Aid: govt_fee yes (gratuidad, bottom 60%, PUCV adscrita 2023) agree; govt_cash unknown consistent with the other CHL rows; inst_fee yes (Arancel Ajustado 'Asignación según Nivel Socioeconómico', 'hasta el decil 9', live undated page; funder not named on the page - a PUCV benefit, flagged) agree, as other CHL rows; inst_cash yes (PUCV becas de apoyo for 'situación socioeconómica', live page, nearest-year) agree. Enrolment: SIES zip not re-downloaded; not spot-checked."
COL-USABANA,V023,agree,agree,"COL-USABANA-S03/S04/S05 (Acuerdos 075/2022 and 076/2023: the cited unisabana.edu.co URL for 075 now returns HTTP 404; both read via Wayback captures, COL-USABANA-CV023-01/02); SNIES matriculados 2023 xlsx",,none_needed,"Control agree: private_nonprofit, legal_form (Fundación Universidad de La Sabana, personería jurídica MEN Res. 130/1980, printed in the Acuerdo header; Ley 30 art. 98). govt_dependent no agree. Band agree: high, robust. Acuerdo 075 ('Por el cual se fijan para el año de 2023 los valores de las matrículas'): Licenciaturas 'INGRESADOS EN 2023' 7.754.000 per semester (arts. 19-20); Medicina 26.461.000 for 2023 entrants (art. 15; the text layer is misaligned, the collector read it visually - not independently confirmed from the text layer; no band effect); Acuerdo 076: Medicina 29.234.000 and Licenciaturas 8.567.000 for 2024 entrants. Annualisation (2023-2 + 2024-1 new-entrant prices) follows the COL-UROSARIO convention; agree. Ratios: headline 36,008,000 = 118.7% of GDP pc 2023 (30,335,723 COP); min 16,321,000 = 53.8%; max 183.6% -> high under any annualisation (one semester of the cheapest programme alone = 25.6%). Fees 0: art. 34 lists only per-service derechos pecuniarios (certificates, grados, inscripción = application fee) - agree. Aid: govt fee/cash unknown consistent with COL-UROSARIO/COL-PUJ/COL-UNIANDES; inst_fee yes (Beca Sabana 'necesidades económicas comprobadas' / Beca Talento Sabana, 2024 capture) agree; inst_cash unknown agree. Enrolment spot-check: SNIES 2023 file, 'UNIVERSIDAD DE LA SABANA', NIVEL DE FORMACIÓN 'Universitario': 2023-2 = 9,746 and 2023-1 = 10,164 confirmed. Housekeeping: cited URL for S03/S05 is dead; the coordinator may add the Wayback URLs (CV023-01/02)."
ECU-UEES,V023,agree,unresolved,"ECU-UEES-S01 (CES register page, row 1037); UEES informacion-institucional page (ECU-UEES-CV023-01); Google Drive viewer for RENDICION-DE-CUENTAS-2023.pdf (download disabled by owner); El Universo sponsored article on UEES becas; 5 web searches",,unresolved,"Control agree: private_nonprofit, legal_form; CES register lists UEES under 'Particulares autofinanciadas' (code 1037); no state ownership/appointment evidence; govt_dependent no agree (autofinanciada, unlike PUCE 'cofinanciada'). Band unresolved: headline still not established. Tried: web searches for UEES arancel/colegiatura/costo por crédito/pensión 2023 (site:uees.edu.ec and press: El Universo, Expreso), aggregator sites (one search-engine summary attributed '$1.800-3.000 per semester' to UEES, but the page said to carry it was a casino page and the other domain did not resolve - not used); the UEES institutional-information page links an 'Accountability 2023' report (Drive file RENDICION-DE-CUENTAS-2023.pdf) and 'Audited Financial Statement 2023', but the owner has disabled download and the viewer exposes no text to automated fetch; not bypassed. A human reader could open the 2023 report in a browser for enrolment and possibly fees. For the coordinator: GDP pc 2023 is USD 6,718, so any annual charge >= USD 1,680 would be 'high'; the other ECU private rows (USFQ, PUCE, ULAE) are all high, but no UEES figure is documented, so the band stays missing. Aid: all unknown agree (UEES scholarship categories found: 'Excelencia Académica, Discapacidad, Movilidad, Solidaridad, Innovación e Internacionales'; 77% 'de sus estudiantes de grado y posgrado' benefited per an undated sponsored El Universo article - no household means test stated). Enrolment: not found either; ECU remains not_computable for the enrolment-weighted sensitivity."
PER-UCSUR,V023,agree,agree,PER-UCSUR-S03/S04 (Categorías de pago 2023-02 and 2024-01 PDFs); PER-UCSUR-S06 (matrícula table); PRONABEC beca-18 and normas-beneficiario pages; Reglamento del Pronabec DS 018-2020-MINEDU (PER-UCSUR-CV023-01); MATRICULADOS-PREGRADO-2023-2.pdf,govt_cash_aid: unknown -> yes,correction_proposed,"Control agree: private_forprofit, legal_form (S.A.C. in SUNEDU dataset; Ley 30220 art. 115 societaria) - same treatment as PER-UPC. govt_dependent no agree (as the other private PER rows). Band agree: high, robust. 2023-02 table: Medicina Humana Nivel 1 'S/ 24,077' Costo de Ciclo; Enfermería y Obstetricia 'S/ 6,125' at all levels; 2024-01: Medicina Nivel 1 'S/24,077', Enfermería Nivel 1 'S/1,348 S/6,740'; 'Matrícula Ingresante S/380.00 / Matrícula Regular S/350.00'. Headline 31,239.50 = 105.4% of GDP pc 2023 (29,647.53 PEN); min 12,980 = 43.8%; max 164.9%. Full-pay scale rule as PER-PUCP/PER-UPCH. CPE excluded under D039 agree. Aid: govt_fee yes (Beca 18, Sisfoh poverty, UCSUR on 2024 eligible list) agree; inst_fee yes (Beca Socioeconómica and recategorisation by family finances) agree; inst_cash unknown agree. govt_cash: the collector's unknown is a correct literal reading of D047 on the collector's sources, but the other Peruvian rows code Beca 18 cash yes (R203, flagged 'payment form not quoted'). Official basis found: Reglamento del Pronabec (DS 018-2020-MINEDU, in force 2023) art. 2 defines 'Subvención' as 'los costos académicos, no académicos y costos administrativos de las becas', non-academic costs being 'alojamiento; movilidad local y alimentación [...]', and art. 27 a) gives becarios the right to 'Recibir la subvención económica respectiva'; art. 33 refers to the 'abono de la primera subvención'. This states that the becario receives subsidy money, satisfying D047; propose yes, which also supports the flagged yes on PER-PUCP/UPCH/UPC/ULIMA/UPACIFICO/UNMSM/UNI (coordinator may add this source to those rows). Residual caveat: the Reglamento does not itemise which components are paid to the student rather than the institution (the 2023/24 Normas de subvenciones were not opened; only the 2026 version is linked). Enrolment spot-check: transparency PDF TOTAL row '11686 5759 17445' (2023-2) confirmed."
MEX-IPN,V024,agree,agree,"MEX-IPN-S06 (Gaceta 1810, reopened); MEX-IPN-CV024-01 (Gaceta 1737, 2023-24); MEX-IPN-S05 (DOF JEF 2023 RO, reopened); ANUIES Anuario 2023-2024 query; Elisa Acuña 2023 RO annex attempted (download >250 MB, not completed)",yes (inst_cash_aid funder),correction_proposed,"Control public (ownership_and_appointment) accepted from the cited Ley Orgánica (organ of SEP, Director General named by the President); the IPN convocatoria confirms SEP-programme operation. Headline 0 (Ley Orgánica art. 5 'será gratuita'); admission 'monto de recuperación' and suggested donations excluded; free band, not near a cut. JEF 2023 RO: population objetivo (iii) 'cualquier otra IPES [...] deberá tener bajos ingresos', monetary 2,575/month: govt cash yes confirmed. Point 4: the Beca Transporte is cash (single bank deposit), not in-kind, and a 2023-24 convocatoria exists (Gaceta 1737, income <= 4 minimum wages per capita per family). But all IPN becas are issued under the federal Elisa Acuña 2023 rules, so inst cash is proposed unknown for consistency with MEX-UAM (D036). Enrolment spot-check: ANUIES 2023-2024 licenciatura MAT_TOTAL summed over all IPN rows = 132,288 (matches draft)."
MEX-UAM,V024,agree,agree,MEX-UAM-S01/S02/S04 cited (not reopened: band far from any cut); DOF JEF 2023 RO; ANUIES Anuario 2023-2024 query,no,none_needed,"Band: 513.72 MXN = 0.21% of GDP per capita 2023 (245,618), free; even a several-fold error in the three-trimester annualisation would stay far below 1%, so the fee table was not reopened. Control public by ownership (organismo descentralizado del Estado; Junta Directiva designated by the Colegio Académico) accepted from the cited Ley Orgánica, consistent with UNAM. JEF 2023 govt cash yes confirmed on the RO. inst fee no / inst cash unknown accepted. Enrolment spot-check: ANUIES 2023-2024 licenciatura sum for UAM = 54,266 (matches draft)."
MEX-UDG,V024,agree,agree,MEX-UDG-S01/S02 cited; MEX-UDG-CV024-01 (PEEES 2023 convocatoria); DOF JEF 2023 RO; ANUIES Anuario 2023-2024 query,no,correction_proposed,"Band: 420 MXN = 0.17% of GDP per capita, free; programme-specific matrícula set by dictamen would have to exceed about 2,450 MXN per year to reach 1%, not plausible for the standard track. Control public by ownership (organismo público descentralizado del Gobierno del Estado de Jalisco) accepted. Point 4: inst_cash_aid yes confirmed on the official PEEES 2023 convocatoria (household means test via income of the person covering the student's expenses, plus a 90 average and service activities; about 507 licenciatura/TSU awards), replacing the WebFetch-only CUCEA source; notes correction proposed. Note the stipend is conditioned on activities (close to work-study); if the coordinator treats work-conditioned stipends as not grants, inst cash would become unknown. Enrolment spot-check: ANUIES 2023-2024 licenciatura sum for UDG = 136,980 (matches draft)."
CAN-UDEM,V024,agree,agree,"CAN-UDEM-S01 (Charte PDF, art. 8 and preamble reread); CAN-UDEM-S03 (Registraire Wayback 20231201163534); CAN-UDEM-S05 (autres frais exigibles Wayback 20240111030117); CAN-UDEM-S09 (bursary page, live); Universities Canada Fall 2023 table (Wayback 20240808173400)",no (flags: near 5% threshold; control by ownership only),none_needed,"Point 1: base rate 96.03 per credit for Quebec residents confirmed on the Dec 2023 capture; x 30 credits = 2,880.90 (CCAFE 2023/24 figure). Compulsory per-term maxima confirmed on the Jan 2024 capture: vie étudiante 149.70 + CEPSUM 83.25 + gestion 156.15 + droits d'auteur 2.55 + soutien aux bibliothèques 32.10 + technologies de l'enseignement 3.75 = 427.50 per term, each 'facturés selon le nombre de crédits [...] jusqu'à un maximum de 15 crédits', so 2 terms of 15 credits = 855.00; plus the 8.62 annual aide complémentaire (1 Sep 2023-31 Aug 2024) charged to all FAECUM/AGEEFEP students. CANO items are opt-out and correctly excluded; the 66.40 diplomation fee is one-off. 3,744.52 / 74,039.16 = 5.06%, low_moderate; without the 8.62 it is 5.05%; omitted association/federation fees only raise it; the headline would have to be overstated by about 42 CAD to fall below 5%. The main band stands (same band as CAN-MU at 5.69%), but the row is within the 20% margin of the 5% cut and should be listed as near-threshold. Point 2: Charter art. 8 confirms the government names only 2 independent members (para. f) of a council of up to 24; control rests on ownership (corporation constituted by statute in 1920 and continued by the 1950 and 1967 acts, no shareholders or members, listed in E-14.1). This matches the CAN-UW precedent (statutory corporation, LGIC appoints 7 of 36, public by ownership). It differs from CAN-MU, a Royal Charter corporation that holds the James McGill bequest as trustee and has no government appointees. The Catholic origin (canonical recognition 1927, preamble) is historical; the 1967 charter gives the Church no ownership or appointment rights. I agree with public/ownership. It becomes private under the D042 board-majority sensitivity, which control_basis already records. Aid codes are consistent with CAN-MU. inst fee yes rests on a 2026 page ('Démontrer un besoin financier', means test not specified), which is weak evidence for the year but acceptable. Enrolment spot-check: Universities Canada row 'Université de Montréal | 23,756 | 11,333 | 7,780 | 2,640 | Québec' gives 23,756 + 7,780 = 31,536 (matches)."
USA-UCLA,V024,agree,agree,"USA-UCLA-S05 (UCLA Admission Wayback 20230831145847, reopened); USA-PRINCETON-CV024-01 (IPEDS IC2023_AY, UCLA row); IPEDS DRVEF2023",no,none_needed,"Point 3: 'University Fees | $14,478' on the UCLA 2023-2024 estimated budget (last updated March 18, 2023) confirmed; IPEDS IC2023_AY gives in-state tuition 11,834 + required fees 1,913 (13,747; tuition apparently averaged across cohorts). Headline 14,478 = 17.5% of GDP per capita; the IPEDS total gives 16.6%: moderate either way, far from the 10% and 25% cuts. The derived fees 1,956 are within 2.3% of the IPEDS required fees 1,913, so the derivation is plausible and I would keep it. Control public (Regents; 18 appointive Regents named by the Governor), consistent with USA-UCB. Aid codes consistent with USA-UCB. Enrolment spot-check: DRVEF2023 UNITID 110662 EFUG = 33,040 (matches)."
USA-CALTECH,V024,agree,agree,"USA-PRINCETON-CV024-01 (IPEDS IC2023_AY, Caltech row); IPEDS DRVEF2023; USA-CALTECH-S03/S04 cited",no,none_needed,"IPEDS IC2023_AY: tuition 60,816, required fees 2,439 (matches the draft; the one-time 500 Orientation Fee for entrants is correctly excluded under D032). 63,255 = 76.6% of GDP per capita, high. Private nonprofit by legal form; no state appointment; flag no. Aid codes consistent with other US private rows. Enrolment spot-check: DRVEF2023 UNITID 110404 EFUG = 1,023 (matches)."
USA-PRINCETON,V024,agree,agree,USA-PRINCETON-CV024-01 (IPEDS IC2023_AY); IPEDS DRVEF2023,no,none_needed,"Point 5: IPEDS IC2023_AY reports required fees CHG2AF3 = 0 and tuition 59,710 for 2023-24, which independently confirms fees = 0. 59,710 = 72.3% of GDP per capita, high. Control private nonprofit (legal form). Aid: govt fee yes (Pell 18.7%) and inst fee yes (free tuition, room and board for most families up to 100,000) accepted. Enrolment: DRVEF2023 UNITID 186131 EFUG = 5,671 (matches)."
USA-UPENN,V024,agree,agree,"USA-UPENN-S04/S05 (SRFS Wayback 20231119190839, reopened); USA-UPENN-CV024-01 (Penn Almanac); IPEDS IC2023_AY; IPEDS DRVEF2023",no,none_needed,"Tuition 58,620 + General Fee 5,896 + Technology Fee 900 + Clinical Fee 688 = 66,104 confirmed on the SRFS capture and by IPEDS (required fees 7,484); the one-time 420 NSO fee is correctly excluded under D032. 80.0% of GDP per capita, high. Point 5: govt_dependent_flag no confirmed. The only Commonwealth appropriation goes to the School of Veterinary Medicine (not undergraduate teaching), and for FY2023-24 only 200,000 was made available (Penn Almanac, Sep 2024). The 4 Commonwealth Trustees plus the non-voting Governor are not a majority of a board of up to 40 voting trustees. Enrolment: DRVEF2023 UNITID 215062 EFUG = 11,611 (matches; includes 843 non-degree-seeking)."
USA-YALE,V024,agree,agree,"USA-YALE-S04/S05 (Student Accounts Wayback 20230908003348, reopened); USA-PRINCETON-CV024-01 (IPEDS IC2023_AY, Yale row); IPEDS DRVEF2023",no,none_needed,"Point 5: the capture lists Yale Health insurance 2,894, Student Activities Fee 125 and Senior Class Dues 124 under 'optional charges', each with a 'Deadline to waive'; IPEDS reports required fees 0 and tuition 64,700. Fees = 0 confirmed; adding the 125 fee would not matter (78.3% of GDP per capita, high). Control private nonprofit; the CT Governor and Lt Governor ex officio are 2 of 19. Enrolment: DRVEF2023 UNITID 130794 EFUG = 6,818 (matches)."
AUT-CEU,V025,agree,agree,"CEU BA fee page capture 29 Sep 2023; CEU financial-support capture 28 May 2023; RIS StudFG (FassungVom 2023-10-01) ss.3, 52c; RIS UG 2002 s.91 (FassungVom 2023-10-01); RIS Privathochschul-Studienfoerderungsverordnung PrivHStFV (FassungVom 2023-10-01); RIS OGD API search",notes only (section number and cap amount wrong; collector caveat resolved),correction_proposed,"Control: agree private_nonprofit (legal_form); PrivHG s.6(1) supports flag no (imprint not re-fetched). Band: capture confirms 'Tuition for each of CEU's bachelor's degree programs is EUR 7,000 per year' + Student Enrollment Fee 200/yr + OeH 45.40 = 7,245.40 = 13.85% of GDP per capita (52,327): moderate, far from the 10%/25% cut-offs. Aid: the ordinance the collector could not find exists: Privathochschul-Studienfoerderungsverordnung (PrivHStFV, BGBl. II Nr. 407/2022, applicable to applications from WS 2022/23; version at 1.10.2023) s.1 lists '15. Central European University Private University' among institutions whose accredited programmes receive StudFG support -> govt_cash_aid yes (Studienbeihilfe, parental-means tested) confirmed. govt_fee_aid yes confirmed, but the notes cite the wrong section: the Studienzuschuss is StudFG s.52c (s.52b = Studienabschluss-Stipendien), and its cap is the UG s.91(2) Studienbeitrag for two semesters = 2 x 726.72 = EUR 1,453.44 (not 726.72), i.e. about 20% of CEU tuition. Inst aid no confirmed: the 2023 financial-support page lists only merit/leadership/community-service awards (Partial Tuition Award 'merit-based', Presidential Scholar Award, Alumni Scholarship) and refugee/external schemes; none tested on household means. Enrolment: not re-opened (Taschenbuch PDF); accepted as flagged all-level headcount."
AUT-UNIGRAZ,V025,agree,agree,RIS UG 2002 s.91 (FassungVom 2023-10-01); unidata open-data CSV Studierende-oeffentliche-Universitaeten; collector's UG/Graz captures (not re-fetched),,none_needed,"Control: UG 2002 s.4/s.6 public-law university created by federal statute; ownership basis as for the other AUT rows. Band: OeH 22.70 x 2 = 45.40 = 0.09% of GDP per capita: free; UG s.91(1) Studienbeitrag only beyond the fee-free period (D038). Aid codes consistent with AUT-V/TW/GT/JKL (govt_fee unknown, govt_cash yes 12.1% national, inst unknown). Enrolment spot-check: unidata CSV rows 'Wintersemester 2023 (Stichtag: 28.02.2024);Universitaet Graz' Studierende (PU) sum = 14,698+8,888+2,062+1,241+1,119+571 = 28,579 (ord. 27,315): confirmed, total headcount measure, WS 2023."
DEU-HU,V025,agree,agree,"BerlHG consolidated PDF (Stand 11.07.2023) ss.1(2), 2(1), 18a(3)-(5); HU fee sheets WiSe 2023/24 (capture 3 Aug 2023) and SoSe 2024 (capture 12 Aug 2024); HU Sozialfonds-Satzung AMB 55/2017 (capture Jan 2022); AStA FU Semesterticketbuero page (for DEU-FUB consistency)","DEU-FUB inst_fee_aid inconsistent with DEU-HU (FUB yes, HU no); FUB is the wrong one",correction_proposed,"Control: BerlHG s.1(2) 'Staatliche Universitaeten sind die ... Humboldt-Universitaet zu Berlin'; ownership basis. Band: WiSe 2023/24 sheet 'Gesamtsumme: 315,64 EUR' (50.00 + 9.75 + 54.09 + 201.80 incl. 8.00 Sozialfonds) and SoSe 2024 'Gesamtsumme: 290,99 EUR' (50.00 + 10.50 + 54.09 + 176.40; the text layer of this capture does pair labels and amounts); 606.63 EUR = 1.20% of GDP per capita (50,660): low, within ~20% of the 1% cut-off but all items compulsory (Semesterticket exemption only for health/study absence, BerlHG s.18a(3)); same treatment as DEU-FUB (608.38, low). Aid: inst_fee_aid no upheld. BerlHG s.18a(5): 'Die Studierendenschaften koennen durch Satzung bestimmen, dass ... Studierenden bei Vorliegen einer besonderen sozialen Haerte ein Nachlass auf den Ticketpreis ... gewaehrt werden kann' - the hardship discount is a student-body (Studierendenschaft) scheme by statute at every Berlin university; HU Satzung s.1: 'Die Studierendenschaft richtet einen Fonds ein', funded by the 8.00 EUR student levy; s.2(1): eligible if 'ihr monatliches Einkommen den Bedarf ... nicht ueberschreitet' (student's own income; parental income not assessed) -> excluded by D036 and D037(2). The FU fund is the same statutory s.18a(5) scheme run by the FU student body (AStA FU Semesterticketbuero: 'Zuschuss aus dem Sozialfonds'); the coordinator already decided FUB/RWTH inst_fee yes->no in COORD-D046 (D036), but institution_classification.csv still shows DEU-FUB (and DEU-RWTH) inst_fee_aid = yes: correction proposed for DEU-FUB; DEU-RWTH (student-body Beitragsordnung waiver, same COORD-D046 decision) is outside this run but shows the same unapplied correction. govt_fee unknown / govt_cash yes consistent with other DEU rows. Enrolment: not re-opened (Destatis xlsx); accepted as flagged total headcount."
DEU-FUB,V025,agree,agree,BerlHG consolidated PDF s.18a(5); AStA FU Semesterticket page (current),inst_fee_aid yes should be no (D036; COORD-D046 not applied),correction_proposed,"Checked only for consistency with DEU-HU; control and band not re-examined (V002 agreed). inst_fee_aid: the only scheme cited (DEU-FUB-S11) is the BerlHG s.18a(5) Semesterticket Sozialfonds, which the statute assigns to the Studierendenschaft (student body), a separate body under D036; at HU the same scheme tests only the student's own income (D037(2)). The coordinator's COORD-D046 correction (yes->no) appears not to have been applied to institution_classification.csv. Propose inst_fee_aid = no and a notes append."
CHE-UNIGE,V025,agree,agree,"silgeneve LU rsGE C 1 30 (current text) arts. 1, 32, 34, 40; Basel-Stadt Regierungsrat answer of 4 Dec 2024 (swissuniversities comparison, state 15 Jul 2024), Tabelle 2; BFS PxWeb API px-x-1502040100_105",,none_needed,"Control: LU art. 1 'etablissement de droit public dote de la personnalite morale, place sous la surveillance du Conseil d'Etat'; art. 40: the Conseil d'Etat appoints the rector and the conseil d'orientation strategique, which is advisory (art. 34: it 'fait beneficier le rectorat d'une experience externe'); the rector is designated by the assemblee de l'universite (art. 32) for nomination by the Conseil d'Etat. No state-appointed governing-board majority, so ownership only is right. Band: 'Uni Geneve 435 435 65' per semester -> 2 x 500 = CHF 1,000 = 1.066% of GDP per capita (93,847): low, but within ~7% of the 1% cut-off - classification-sensitive; no evidence of a lower universal charge (the 435 exemption is means-tested aid, not universal). Aid codes accepted (inst fee and cash yes on family-group income tests; 2022-23 criteria / 2023-24 directive). Enrolment spot-check: BFS API returns key ['43','1','3'] = 8113 (2023/24, Bachelor, GE): confirmed."
CHE-UNIL,V025,agree,agree,"Basel-Stadt Regierungsrat answer of 4 Dec 2024, Tabelle 2; UNIL Directive 3.5 (2026 text, live PDF); Wayback attempts for the 2023/24 Directive 3.5 (CDX offline, id_ guesses 404); UNIL aid page capture (redirected to Jan 2025); BFS PxWeb API",,none_needed,"Control: accepted on the cited LUL art. 1 (cantonal public-law institution; rector designated by the Conseil d'Etat, no board majority), consistent with CHE-UNIGE; LUL not re-opened. Band: 'Uni Lausanne 500 500 80' -> 2 x 580 = CHF 1,160 = 1.24% of GDP per capita: low. Aid: inst_fee_aid and inst_cash_aid yes accepted with the collector's nearest-year flag. The 2026 Directive 3.5 art. 9 al. 2: the CAS 'prend en consideration l'ensemble des revenus et de la fortune de la cellule familiale (parents/partenaire/freres/soeurs/etc.)'; art. 21: adopted 14 Apr 2026, replaces the version of 21 Jan 2025. I could not retrieve the version in force in 2023/24 (Wayback CDX offline; guessed file names 404; the UNIL aid page is only captured from Jan 2025). The CAS fee dispensation existed in 2023/24 (Directive 3.2 art. 6, Dec 2023), so the yes codes rest on nearest-year evidence for the household test. This detail is unresolved; no code change. Enrolment spot-check: BFS API key ['43','1','5'] = 8324: confirmed."
FIN-TAU,V025,agree,agree,"Tampereen korkeakoulusaatio sr rules (22.6.2021) ss.1, 5, 6; Vipunen API opiskelijat_ja_tutkinnot 2023; Kela parental-income page (current)",,none_needed,"Control: agree private_nonprofit (legal_form), govt_dependent_flag yes, same as FIN-AU (V007). Rules s.6: 'Hallituksen jasen ei saa olla opetus- ja kulttuuriministerion virkamies' and 'Konsistori nimittaa saation hallituksen jasenet ... perustajia kuultuaan. Kolme (3) hallituksen jasenta nimitetaan henkiloista, jotka perustajat Suomen valtiota lukuun ottamatta ovat asettaneet ehdolle' - the state neither owns the institution (private-law foundation under the Foundations Act) nor appoints the board. Flag yes: state funding under Universities Act s.49 for statutory tasks incl. free degree teaching (s.8); 2023 financials not re-opened. Classification-critical: counting TAU as public remains a sensitivity case, as for Aalto. Band: 65.00 TREY + 73.60 healthcare = 138.60 = 0.28%: free under any reading (TREY capture not re-fetched). Aid: Kela increased study-grant rate for students living with parents whose income is <= EUR 41,100 (current page) - parental test, govt_cash yes as for other FIN rows. Enrolment spot-check: Vipunen 2023 bachelor-level sum for 'Tampereen yliopisto' = 10,966: confirmed."
FIN-JYU,V025,agree,agree,JYU vice-rector decision 24.2.2023 (296/12.00.00.02/2023) PDF; Vipunen API 2023; Kela page,,none_needed,"Control: public-law university listed in Universities Act 1 s. (accepted on the cited Finlex text; not re-opened). Band: decision: 'Jyvaskylan yliopiston ylioppilaskunnan jasenmaksun suuruus on lukuvuonna 2023-2024 koko lukuvuodelta 76,50 euroa' + FSHS healthcare fee 73.60 (compulsory, paid to Kela; included as in FIN-AU/UH/UO/UT/LLUTL) = 150.10 = 0.31%: free. Aid codes consistent with other FIN rows. Enrolment spot-check: Vipunen 2023 bachelor-level sum for 'Jyvaskylan yliopisto' = 7,202: confirmed."
NOR-UIS,V025,agree,agree,Sikt Forvaltningsdatabasen entry 25618; UiS 'entitlements and obligations' capture 5 Dec 2023,,none_needed,"Control: Sikt: 'Tilknytningsform Forvaltningsorgan med saerskilte fullmakter (fra 2002-01-01) ... Overordnet Kunnskapsdepartementet' - state university, ownership basis as other NOR rows. Band: capture: 'The student payment for the fall of 2023 is NOK 835,-. This includes: Kopinor fee of NOK 240,- ... Semester fee ... NOK 535,- ... Teaching materials fee of NOK 20,- ... The last 40 NOK is voluntary'; 'Failure to make the student payment can result in the withdrawal of study rights' -> the UiS-own Kopinor and materials fees are compulsory and correctly included, consistent with NOR-UO (Kopinor 220 included). 1,590 NOK = 0.17% of GDP per capita: free. Aid codes consistent with other NOR rows (D037). Enrolment: my DBH API query failed (response format); not re-checked."
SWE-GU,V025,agree,agree,"riksdagen.se Hogskoleforordningen Bilaga 1; Hogskolelagen 2 kap. 4 s.; UKA statistik-api indicator 25 (GU, HT2023)",,none_needed,"Control: HF Bilaga 1 'universitet och hogskolor som staten ar huvudman for ... Goteborgs universitet'; HL 2 kap. 4 s. 'Regeringen utser ordforanden ... Regeringen utser ovriga ledamoter' (Lag 2016:744) - ownership_and_appointment as for other SWE state universities. Band: 0 (HL 4 kap. 4 s.; compulsory union membership abolished 2010): free. Aid codes consistent with SWE-KRT/L/U/S. Enrolment spot-check: UKA API 'Grundniva' value 26098 for HT2023: confirmed (course-level measure, flagged medium)."
EST-EMU,V025,agree,agree,Riigi Teataja API: Eesti Maaulikooli seadus 114032019003 and 112072025011 (amendment marks); EMU 2023 annual report PDF p.10,,none_needed,"Control: s.2 lg 2 'Ulikool on avalik-oiguslik juriidiline isik'; s.4 lg 2 council of 7: 3 by the senate, 1 by the Academy of Sciences, 3 by the minister -> state minority, ownership basis, consistent with EST-UT/TALTECH/TLU. Act version: text 114032019003 (EST-EMU-S01) is the version valid 2019-09-01 to 2021-11-30, not the one in force in 2023/24; the amendment marks of 112072025011 show only RT I 17.11.2021 (in force 2021-12-01, s.8) and RT I 12.07.2025 (in force 2025-10-01), so ss.2 and 4 read the same in 2023/24, as the collector states. Band: 0 by D038 (KHaS s.16 lg 1): free. Aid: needs-based study allowance (family income per member) govt_cash yes; inst_cash no accepted. Enrolment spot-check: report 'bakalaureuseoppes ... (939 uliopilast), ehitusinsenerioppes ... (227), loomaarstioppes ... (375), rakenduskorgharidusoppes ... (129)' + session-study bachelor 171 = 1,841 at 31.12.2023: confirmed."
NLD-EUR,V026,agree,agree,"NLD-EUR-S01/S02 (WHW 2023-09-01 version: live wetten.overheid.nl not reachable by curl; read via web.archive.org capture, annex a and art. 9.7); NLD-EUR-S04/S05 (EUR tuition fee 2023-2024 archived page, re-read); NLD-EUR-S08 (EUC Scholarship 2023 capture, re-read); EUC Scholarship live page (2026-27 intake); DUO open-data CSV 01b (enrolment)",inst_fee_aid: yes -> unknown (means test not shown to be household-based; D037),correction_proposed,"Control agree: WHW annex a lists 'De openbare universiteiten te: [...] Rotterdam'; art. 9.7(2) 'De voorzitter en de andere leden worden door Onze Minister benoemd, geschorst en ontslagen.' -> public, ownership_and_appointment (as NLD-TUD). (A WebFetch summary of the live WHW page wrongly paraphrased art. 9.7 as appointment 'by the executive board'; the archived verbatim text was used instead.) Band agree: EUR 4,900 verified on the 2023-2024 EUR fee page, table 'institutional fees bachelor 2023-2024', section 'Liberal Arts EEA Non-EEA EUC €13.800 €13.800 Increased statutory fee €4.900 €4.900' (the increased statutory fee is the EUC rate for statutory-fee-eligible students; 13,800 is the institutional fee). 'The statutory tuition fee for 2023-2024 is € 2.314,-.' Midpoint (2,314+4,900)/2 = 3,607 = 6.14% of GDP pc 2023 (58,741.74) -> low_moderate; min 3.94% (low), max 8.34% -> band_unstable yes; same treatment as NLD-UVA/UU/LEI (midpoint set by one small art. 6.7 college). Regular bachelor's alone would be 2,314 = low. First-year halving excluded per D032: correct. Aid: govt_cash yes (DUO aanvullende beurs, parental income) and govt_fee no agree. inst_fee_aid: the EUC Scholarship is a tuition-fee waiver for 'highly qualified students from any country who can prove that they require financial aid'; criteria 'You lack sufficient financial means to fund your studies' and 'specific information regarding your financial situation' - whose means (student vs household) is not stated in the 2023 capture nor on the current page, and a merit element ('highly qualified') is attached; under D037 a yes needs a household/parental means test. Consistent with NLD-UU (UCU need-based scholarships) and NLD-LEI (LUC need-based support), both coded inst_fee unknown. Proposed unknown. inst_cash unknown agree (profileringsfonds not collected; ROTAS via separate foundation STORT, not institutional under D036). Enrolment spot-check: DUO CSV 01b, EUR bachelor rows, column 2023: 49 numeric cells sum to 20,179, 5 suppressed '<5' cells -> confirmed (first-degree headcount, 1 Oct 2023)."
NLD-RUG,V026,agree,agree,"NLD-RUG-S01/S02 (WHW, via web.archive.org capture of the 2023-09-01 version); NLD-RUG-S03/S04 (UG Regulations 2023-2024 PDF, arts. 11, 12a, re-read); DUO open-data CSV 01b (enrolment)",,none_needed,"Control agree: WHW annex a lists Groningen among 'De openbare universiteiten'; art. 9.7(2) ministerial appointment of the raad van toezicht -> public, ownership_and_appointment. Band agree: UG Regulations art. 11.1 'The statutory tuition fees for registration for a full-time degree programme are 2,314.'; art. 11.3 LAS (UCG) and GRL (Campus Fryslan) 'are 4,588.' Midpoint 3,451 = 5.87% of GDP pc -> low_moderate, within ~20% of the 5% cut-off by construction (regular programmes alone 2,314 = 3.94%, low); band_unstable yes; same rule as NLD-UVA/UU/LEI/EUR. Reduced first-year fee (1,157; 3,431 for the two colleges, art. 11.4/12a) correctly excluded per D032. Part-time 1,703 correctly excluded. Aid: govt_cash yes / govt_fee no agree; inst_fee and inst_cash unknown agree (no income-based waiver in the regulations; I did not open the Graduation Fund regulations). Enrolment spot-check: DUO CSV, RUG bachelor rows 2023: 119 numeric cells = 23,928, 17 suppressed -> confirmed."
FRA-P1,V026,agree,agree,"FRA-P1-S01 (Paris 1 statutes PDF, art. 1); FRA-P1-S02 (Paris 1 'frais d'inscription' 2023-24 archived page, re-read); MESR-SIES open-data API record 2023-24 (enrolment)",,none_needed,"Control agree: statutes 'est un établissement public à caractère scientifique, culturel et professionnel, créé conformément aux dispositions des articles L 711-1 et suivants du Code de l'éducation' -> public, control_basis ownership (elected/co-opted CA), as FRA-SU. Band agree: 'Montants des droits universitaires 2023-2024 [...] Licence 1ère, 2ème et 3ème année [...] : 170€'; Double-Licence 255 and 2ème diplôme 113 are not the baseline; + CVEC 100 = 270 = 0.65% of GDP pc (41,340.46) -> free (1% cut-off = 413). Aid agree: govt_fee yes (R719-49 exemption of boursiers + CVEC exemption), govt_cash yes (BCS paid by CROUS); 37.1% national share used for both, identical to FRA-SU/UPSACLAY/ENSL (not institution-specific; Paris academy lower, noted). inst_fee/inst_cash unknown agree (Paris 1 social aid exists but funding and means test not established; such funds are often CVEC-financed, so the funder would need checking). Enrolment spot-check: API record annee_universitaire 2023-24, etablissement_id_paysage 6G2TU: effectif 42019, effectif_sans_cpge 38922, cursus_lmdl 24537 -> confirmed (includes CPGE double enrolments, as flagged by the collector)."
ITA-UNIMI,V026,agree,agree,"ITA-UNIMI-S01 (Statute 2020, art. 1, archived PDF); ITA-UNIMI-S03/S04/S05/S06/S07/S12 (Regolamento tasse 2023-2024, archived PDF, full text read); ITA-UNIMI-S13/S14 (Bando Borse di Ateneo 2023-24, archived PDF, preamble and art. 5.2); USTAT file 13_IscrittiXCorso.csv (enrolment)",,none_needed,"Control agree: statute art. 1 'è un'istituzione pubblica di alta cultura [...] dotata di personalità giuridica' -> public, ownership (CdA not state-appointed). Band agree BUT ON THE CUT-OFF: regulation Tabella 1 'seconda rata massima' A 'In corso/fuori corso da un anno 3.050,00', B 'In corso/fuori da un anno 3.904,00' (= 3,050 x 1.28); first instalment 156 (regional tax 140 + bollo 16); first-cycle laurea programmes appear in both Allegato 1 areas. Midpoint of full-pay rates (3,050+3,904)/2 = 3,477 + 156 = 3,633 = 10.0007% of GDP pc 2023 (36,327.42; the 10% line is 3,632.74) -> moderate by EUR 0.26. The treatment matches ITA-SUR (midpoint of two group maxima) and the protocol, so the band stands, but Area A alone gives 3,206 = 8.83% (low_moderate) and Area B 4,060 = 11.18%; a EUR 1 change in any input would flip the band, so this row should be listed among the near-threshold cases with a written note. No further compulsory charge for degree students found (insurance premium specified only for doctorate and single courses; the 500 online-course contributo is programme-specific and correctly excluded under D039; joint degrees priced by agreement, excluded). band_unstable yes correct (min 156 = 0.43%). Aid agree: govt_fee yes (no-tax area ISEE <= 22,000; 'Esonero totale [...] beneficiari totali di borse per il diritto allo studio'); govt_cash yes (regional DSU borse); inst_fee yes (UNIMI's own ISEE formula 22k-75k, 100 EUR multi-sibling reduction for ISEE <= 40,000, exemption for Borsa di Ateneo holders); inst_cash yes: bando (DR 3621/2023, CdA 28 Mar 2023) art. 5.2 requires 'Indicatore di situazione economica equivalente (ISEE Università) superiore a 24.335,11 euro e fino ad un massimo di 40.000,00 euro' (household ISEE) plus merit requirements (arts. 3-4) - need+merit, institution-run (D036), funding source not stated in the bando; 1,800 EUR paid on the 'Carta La Statale'. Shares 30.5 / 13.7 (national MUR-USTAT 2022/23) consistent with the other ITA rows. Enrolment spot-check: USTAT file 13, AnnoA 2023/2024, AteneoCOD 1501: L-/L-SNT classes 33,956 + single-cycle classes 11,553 + old numeric laurea classes (~94) = 45,603 -> confirmed (2-year LM 11,544 excluded)."
ESP-UPF,V026,agree,agree,"ESP-UPF-S01 (BOE-A-2003-20419, statutes art. 1); ESP-UPF-S02/S03 (UPF graus/preus 2023-24 archived page, both tables re-read); ESP-UPF-S12 (Bases beques Santander-UPF Ajut Economic, archived PDF, full text); Generalitat SODA dataset 5kd9-2wex (enrolment)",,none_needed,"Control agree: 'La Universidad Pompeu Fabra es una universidad pública' (art. 1.1) -> public, ownership, as other ESP rows. Band agree: single grados 1,202.32 (coefficient A) to 1,285.44 (Comunicació Audiovisual, Llengües Aplicades, Periodisme, Publicitat; 62 first-year credits x 18.46 + 140.92); footnote '(*) Inclou el preu de gestió de la matrícula i de l'expedient, les publicacions i els impresos acadèmics i l'assegurança escolar.' Midpoint 1,243.88 = 4.02% of GDP pc (30,975.86), within ~20% of the 5% cut-off, so looked harder: the 5% line is 1,548.79 (+305 EUR); the listed prices already include the compulsory items and no other compulsory charge was found. Double degrees ('programes especials de grau': Dret+ADE and Dret+Economia 1,962.99; Criminologia+Dret 1,591.50; Traducció+Llengües 1,562.34) carry more than a standard annual load and are excluded, as for ESP-UAB/UB (whose ranges also stop at single grados); including them would give max 6.34% and midpoint (1,202.32+1,962.99)/2 = 1,582.66 = 5.11% (low_moderate) - a real sensitivity worth a note, but the baseline is a single first degree on a standard load, so exclusion is the right reading. Aid agree: govt_fee/govt_cash yes (RD 117/2023 beca de matrícula / cuantía fija 1,700; Equitat). inst_fee yes (Programa d'Ajuts a l'Estudi de la Comunitat UPF). inst_cash yes confirmed: bases (Consell de Govern 13 Oct 2021, modified 7 Jun 2023) Base 3 'un abonament únic de 1.000 euros [...] ingressat per la UPF al compte corrent'; Base 4.b 'Ser beneficiari d'una beca de caràcter general del Ministeri [...] durant el curs anterior' (household-income-tested) and 4.c 'Tenir un dels millors expedients acadèmics'; resolved by the rector on proposal of a UPF committee (Base 10), funded by Banco Santander under a convenio (Base 6) -> institution-run need+merit cash (D036). Caveat: the prior-year beca requirement largely excludes first-year entrants unless they held a beca in bachillerato. Enrolment spot-check: SODA query universitat=UPF, curs=2023, grau, tipus_de_centre Integrat: sum matr_cula = 10,138 -> confirmed."
ESP-UGR,V026,agree,agree,"ESP-UGR-S01 (BOE-A-2012-1134, statutes art. 1); ESP-UGR-S02/S05 (BOJA 84/2023, Decreto 98/2023, Anexo I); ESP-UGR-S10 (canal.ugr.es Ayudas de carácter social 2023-24); UGR analitica 'Estudiantes matriculados en Grado' (enrolment)",,none_needed,"Control agree: 'La Universidad de Granada es una Institución de Derecho Público, con personalidad jurídica y patrimonio propio' -> public, ownership. Band agree: Decreto 98/2023 Anexo I grado first-enrolment credit 12,62 for all groups 1-5 (e.g. 'Grupo 5 (Ciencias de la Salud) 12,62 25,25 54,71 75,75') -> 757.20 uniform; 'Apertura de expediente académico 26,30'; + seguro escolar 1.12 = 784.62 = 2.53% of GDP pc -> low, far from both cut-offs (1% = 310; 5% = 1,549); the unconfirmed 5.70 card fee would not matter. The 99% bonificación (art. 12) is independent of income and applies to credits passed the previous year: correctly neither in the headline nor aid. Aid agree: govt_fee/cash yes (RD 117/2023). inst_fee yes (Plan Propio ayudas de precios públicos, academic + economic requirements). inst_cash yes confirmed: 'Podrán participar todos los estudiantes matriculados en el curso 23/24 que no hayan obtenido beca [...] no debiendo sobrepasar además los criterios de renta o patrimonio exigibles para la concesión de la beca del Ministerio'; 'hasta un máximo de 1.500 € a percibir en un solo pago'; financed 'con cargo al centro de gasto 3020200000 [...] hasta un máximo de 600.000€' (UGR budget). Enrolment spot-check: UGR analytics table, 2023-24 rows sum 46,327, Centro de Magisterio la Inmaculada (Adscrito) 1,239 -> 45,088 confirmed."
PRT-UMINHO,V026,agree,agree,"PRT-UMINHO-S01 (UMinho statutes 2021, via web.archive.org capture of the DGES PDF; live dges.gov.pt not reachable by curl); PRT-UMINHO-S04 (UMinho emolument table 2023, archived page); PRT-UMINHO-S08/S09 (FAS regulation, Despacho 12194/2020, DR PDF); UMinho Relatório de Atividades e Contas 2023 PDF (enrolment)",,none_needed,"Control agree: statutes preamble records 'a transformação da Universidade do Minho em fundação pública de direito privado, através do Decreto-Lei n.º 4/2016'; RJIES art. 131 (curadores 'nomeados pelo Governo') as for PRT-P/PRT-A -> public, ownership_and_appointment (RJIES PDF not re-opened; same national rule already checked for PRT-P/A). Band agree: propina 697 (Despacho RT-40/2023, not re-opened; equals the national cap) + emolument 9.3 'Taxa de inscrição em ciclos de estudos e cursos e formações não conferentes de grau (Inclui o seguro escolar obrigatório - €2,50) €26,00'. The wording is ambiguous (it could be read as covering only non-degree courses), but it includes the compulsory annual school insurance, and the separate 9.2 'Taxa de matrícula em Cursos de 1º ciclo [...] €10,00' is the one-off registration; treating 26 as annual is consistent with PRT-L (taxa de inscrição 25 incl. seguro; matrícula excluded under D032) and PRT-C. Irrelevant to the band: 723 = 2.83% (733 incl. matrícula = 2.87%; 697 alone = 2.73%) of GDP pc (25,557.59) -> low in every reading. Aid agree: govt_fee/cash yes (RABEEES; 14.8% national, EDUSTAT). inst_fee/cash yes: FAS 'prestação de natureza financeira atribuída a fundo perdido', eligibility 'rendimento per capita do agregado familiar igual ou inferior a (N+2) × valor do Indexante dos Apoios Social (IAS) [...] acrescido do valor da propina', modalities include 'Comparticipação nas despesas com propinas' and one-off financial support; funded by 'apoios ou donativos de entidades públicas e privadas e a receitas próprias da Universidade do Minho' (institution-run, D036). Applicability to 2023/24 assumed from the 2020 regulation (no later version checked, as the collector flagged). Enrolment spot-check: report 'Em dezembro de 2023 frequentavam a UMinho 20 660 estudantes [...] 10 367 eram estudantes de licenciatura [...] 2 035 de mestrado integrado' -> 12,402 confirmed."
CZE-UPOL,V027,agree,agree,"CZE-UPOL-S04 (UP fee notice for 2023, docx, re-read); CZE-UPOL-S08/S10 (UP annual report 2023: Tab. 3.4 PDF p.183, text PDF p.109, basic data PDF p.90); CZE-UPOL-S12 (Stipendijní řád UP 2025 text: čl. 1 and čl. 8); PdF UP faculty social scholarship page (new, CV027-02); CZE-UPOL-S09 DSIA F21 xlsx (enrolment)",inst_cash_aid: yes -> unknown (household means test not documented; D037/D046; consistency with CZE-UCT/CTU/BUT/CU and V026 NLD-EUR),correction_proposed,"Control agree: institutional source UP annual report 2023, Textová příloha p.1 (PDF p.90): 'Univerzita Palackého v Olomouci (UP) ... veřejná vysoká škola obnovena zákonem č. 35/1946 Sb.' plus Act 111/1998 Annex 1 (S01) -> public, ownership. Band agree: UP fee notice (dated 24. 2. 2023) for 'akademický rok započatý v roce 2023' lists only the admission fee 790 Kč (excluded), the § 58(3) fee 20.000 Kč (over-duration; D038, notes) and foreign-language fees in a separate annex (D039) -> headline 0, free. Govt cash yes agrees (Tab. 3.4: 'v případě tíživé sociální situace studenta dle § 91 odst. 3' 74 students; share 74/22,888 = 0.32% agrees; same method as CZE-MU). Inst cash (collector point 1): the annual-report passage (PDF p.109) is verbatim as cited: 'Tito studenti také mohou být podporováni stipendiem vyhrazeným pro tyto účely ze stipendijního fondu fakulty. Většinou se v tomto případě jedná o studenty, kteří těsně nesplní zákonem o vysokých školách stanovené podmínky pro udělení sociálního stipendia. Fakulty v tomto případě zohledňují socioekonomické důvody a průběh studia žadatelů.' It is descriptive ('mohou', 'většinou'), gives no threshold, and mixes socio-economic grounds with study progress. The only faculty rule found (PdF 'Fakultní sociální stipendium', current page, not 2023/24) is a hardship award for a 'tíživé sociální situaci' documented e.g. by 'rozhodnutí orgánů veřejné správy, informace o příjmech studenta' - the student's own income; no household/parental test and no funder stated. Stipendijní řád čl. 1 names the state contribution as the basic source and the stipendijní fond as supplementary, so the funder of a given faculty award is not fixed either. Under D037 (household test required) and the treatment of discretionary hardship aid elsewhere (CZE-MU recorded, not coded; CZE-UCT/CTU/BUT/CU unknown; V026 NLD-EUR yes->unknown), proposed unknown; recode to yes if a 2023/24 faculty rule shows a household-income test funded from the faculty's own fund. Legacy inst_need_aid targeted -> unknown for the record. Enrolment spot-check: DSIA F21 sheet '2023', row 15000: '22888 | 17548 | 9387 | 4076 | 3147 | 1029 | 5449 | 2913 | 350 | 1936 | 276' -> 9,387+4,076+2,913+350 = 16,726 confirmed (first-degree headcount, 31.12.2023). Only one CZE institution in scope, so one CZE enrolment check."
POL-AGH,V027,agree,agree,"POL-AGH-S01 (RAD-on JSON, re-queried); POL-AGH-S06 (Zarządzenie 28/2023, re-read); Statut AGH 2025 text (new, CV027-01); GUS Tablica 13 xlsx (enrolment)",,none_needed,"Control agree: RAD-on JSON 'iKindName': 'Uczelnia publiczna', supervising 'Minister Nauki i Szkolnictwa Wyższego (poprzednio MEiN)'; institutional source Statut AGH § 1 ust. 1: 'Akademia Górniczo-Hutnicza im. Stanisława Staszica w Krakowie, zwana dalej Uczelnią lub AGH, jest akademicką uczelnią publiczną.' (2025 consolidated text, nearest-year; the 2023 fee order cites the statute adopted by Senate resolution 137/2019) -> public, ownership. Band agree: Zarządzenie 28/2023 (30 May 2023) for 2023/24 entrants, § 1 ust. 1: fees for Polish citizens only 'za kształcenie na studiach niestacjonarnych', repeats/extra classes (10 zł per hour on full-time) and 'za kształcenie na studiach stacjonarnych pierwszego i drugiego stopnia w języku obcym' (D039) -> full-time Polish-language headline 0, free. Aid agree: govt_cash yes (stypendium socjalne; national 4.2% share as other POL rows); inst_cash unknown consistent with POL-W/AMP/PLS (POL-J/WT yes rest on specific documented household-tested funds, none found for AGH). Enrolment spot-check: GUS Tablica 13 row 'Akademia Górniczo-Hutnicza im. Stanisława Staszica w Krakowie' / 'o': 18074 | 5897 | 15296 -> 15,296 confirmed (first-cycle + long-cycle, 31.12.2023)."
POL-UWR,V027,agree,agree,"POL-UWR-S01 (RAD-on JSON, re-queried); POL-UWR-S06/S08 (Zarządzenie 19/2023 incl. Załącznik Nr 8, re-read); Statut UWr 2019 text (new, CV027-01); GUS Tablica 13 xlsx (enrolment)",,none_needed,"Control agree: RAD-on 'Uczelnia publiczna'; institutional source Statut UWr § 3.1: 'Uniwersytet jest - w rozumieniu przepisów Ustawy - akademicką uczelnią publiczną posiadającą osobowość prawną.' (2019 statute; amended 2023, amendments not opened) -> public, ownership. Band agree: Zarządzenie 19/2023 § 1 lists fees only for part-time (niestacjonarne) studies, repeats/extra classes, foreigners on full-time Polish-language study and English-taught programmes (D039) -> headline 0, free. Collector point 5 (PE): Załącznik Nr 8 'Semestralne stawki opłat za zajęcia podstawowe z wychowania fizycznego' lists 'I. Zajęcia podstawowe dofinansowane przez Uniwersytet Wrocławski: 1. Pływanie - 210 lub 230* zł 2. Tenis - 230 zł 3. Squash - 210zł 4. Wioślarstwo - 140 zł 5. Wspinaczka - 220 zł' and 'II. Zajęcia w całości opłacane przez studenta'; the annex prices specific chosen activities, implying other basic PE classes carry no charge, but a free option was not verified (the UWr sports unit site was not found at the addresses tried). Immaterial: even if compulsory, at most 2 x 230 = 460 zł/yr = 0.49% of GDP pc 2023 (93,091) -> still free. Treating them as optional is accepted. Aid agree (as POL-AGH). Enrolment spot-check: GUS Tablica 13 row 'Uniwersytet Wrocławski' / 'o': 20293 | 13691 | 15628 -> 15,628 confirmed."
UKR-LNU,V027,agree,agree,"UKR-LNU-S01 (EDEBO card 282, re-read); UKR-LNU-S03/S04 (2023/24 bachelor fee table: all 7 scanned pages rendered and read visually); UKR-LNU-S09 (EDEBO entrant API, re-summed); EDEBO university-educators API 01.10.2023 (enrolment)",,none_needed,"Control agree: EDEBO card 282 'Форма власності | Державна'; 'Найменування органу, до сфери управління якого належить заклад освіти | Міністерство освіти і науки України' -> public, ownership. Band agree (collector point 4): all seven pages of the rector-approved table 'Вартість навчання студентів Львівського національного університету імені Івана Франка І-го курсу денної та заочної форм здобуття освіти за освітнім рівнем ""бакалавр"" на 2023-2024 н.р.' read visually, column 'Вартість одного року навчання, грн - Денна форма': minimum 27217 (014.04 Математика p.4; 014.08 Фізика та астрономія p.5; 014.06 Хімія p.7), maximum 46289 (121 Інженерія програмного забезпечення and Високопродуктивний комп'ютинг p.2; 112 Статистика and 293 Міжнародне право p.4; 125 Кібербезпека p.5; 081 Право p.7); no full-time value outside this range seen. Midpoint 36,753 = 19.6% of GDP pc 2023 (187,974.69) -> moderate; min 14.5%, max 24.6% (just under the 25% cut-off of 46,994) -> whole range moderate, band_unstable no correct (same convention as UKR-TKP). Contract price as headline per D038 agrees. Zero-pay share re-computed from the entrant API: 2,225 budget of 4,829 full-time entrants -> 46.1% confirmed. Aid codes consistent with the other UKR rows. Enrolment spot-check: EDEBO 01.10.2023, records with Код or Код головного закладу 282: Бакалавр all six form columns = 18,893, integrated Магістр from secondary = 0 -> 18,893 confirmed."
UKR-NAUKMA,V027,agree,agree,"UKR-NAUKMA-S01 (EDEBO card 79); UKR-NAUKMA-S03 (Annex 1 to order No. 159 of 19.05.2023, text layer read in full); UKR-NAUKMA-S04 (document repository listing, re-read); UKR-NAUKMA-S08 (EDEBO entrant API); EDEBO university-educators API 01.10.2023 (enrolment)",,none_needed,"Control agree: EDEBO card 79 'Форма власності | Державна', management body 'Міністерство освіти і науки України' -> public, ownership. Band agree (collector point 3): the repository listing entry reads 'Про вартість навчання за Договором про надання освітніх послуг для тих студентів, ... які будуть зараховані до НаУКМА на навчання за освітнім ступенем «бакалавр», «магістр» у 20 23 році' (Дата змін: 06/07/2023); Annex 1 'до наказу №159 від «19» травня 2023р.', bachelor table: 102 Хімія 35 000 and 104 Фізика та астрономія (Комп’ютерна фізика) 35 000 (minimum), 121 Інженерія програмного забезпечення 100 000 (maximum), 122 Комп’ютерні науки 95 000, 081 Право 85 000, humanities 47 000. Midpoint 67,500 = 35.9% of GDP pc -> high. The band does not hinge on one programme: dropping 121 gives midpoint 65,000 (34.6%), dropping the two 35,000 programmes gives 70,000 (37.2%); the range spans moderate (min 18.6%) to high, so band_unstable yes follows the UKR convention (UKR-TSK, UKR-LP flagged when the range spans bands). Zero-pay share: 551 / 1,124 = 49.0% confirmed. Aid codes consistent with the other UKR rows; the Об’єднаний студентський фонд was not re-opened (collector: no household test; not coded). Enrolment spot-check: EDEBO 01.10.2023 code 79: Бакалавр = 3,875, integrated Магістр = 0 -> confirmed."
UKR-ONU,V027,agree,agree,"UKR-ONU-S01 (EDEBO card 28); UKR-ONU-S03/S04 (May 2024 Wayback capture of the 2023 fee PDF, pages 3-5 rendered at 150 dpi and read visually); UKR-ONU-S09 (EDEBO entrant API); EDEBO university-educators API 01.10.2023 (enrolment)",,none_needed,"Control agree: EDEBO card 28 'Форма власності | Державна', management body MON -> public, ownership. Band agree (collector point 2): table 'ВАРТІСТЬ НАВЧАННЯ В ОНУ імені І.І.МЕЧНИКОВА в 2023 році', header 'Додаток до наказу від 22.06.2023 р. № 48-02' (date and number handwritten; read the same as the collector), bachelor column 'Денне - 1 курс': minimum 19998 (103 Науки про Землю, 106 Географія, 014.07, 174, 104 Фізика, астрономія, 111 Математика, 014.05, 206, 231 Соціальна робота, 102 Хімія and Фармацевтична хімія), maximum 34998 (061 Журналістика, 035.041/.043/.051/.055, 291, 292, 081 Право); 34048 for 242, 123, 122, 126, 073, 053 and 226 Фармація (магістратура, total 170240). The PDF's embedded OCR text layer misreads some cells (e.g. '19996', '34046'); the visual reading agrees with the collector's figures. Midpoint 27,498 = 14.6% of GDP pc -> moderate; min 10.6%, max 18.6% -> whole range moderate, band_unstable no correct. Zero-pay: bachelor 382 / 1,087 = 35.1% re-computed (the collector's 35.2% adds the 226 integrated entrants; that addition not re-checked; no band effect). Aid codes consistent with the other UKR rows. Enrolment spot-check: EDEBO 01.10.2023 code 28: Бакалавр = 5,672 plus integrated Магістр from secondary = 75 -> 5,747 confirmed."
ISR-HAIFA,V028,agree,agree,"ISR-HAIFA-S03 (BoG page, Dec 2023 capture, re-read); ISR-HAIFA-S04/S07/S09 (2023/24 tuition regulations, Oct 2023 capture, re-read); ISR-HAIFA-S06/S08 (Aug 2023 fee sheet PDF, rendered and read visually); ISR-HAIFA-S11 (Dean of Students aid scholarship, Nov 2023 capture, re-read); University of Haifa Constitution Oct 2022 PDF (new, ISR-HAIFA-CV028-01); CHE Table 2 xlsx (enrolment)",,none_needed,"Control agree (private_nonprofit, legal_form): I read the Constitution the collector could not. Preamble: an Ottoman-law association 'University of Haifa' maintains the University, which by recognition under the CHE Law 1958 was 'constituted a corporation ... with the liberty to conduct its own academic and administrative affairs'. Executive Committee (art. 7.1) = Chair of BoG, President, Rector, 4 Senate representatives, 12 public representatives resident in Israel, 1 student; public representatives 'shall be chosen by a Search Committee' drawn from the Executive Committee itself (art. 7.5). No government appointment anywhere; BoG self-appointing (S03). Same reading as ISR-TA/HJ/TIT/BGN/BI. govt_dependent_flag yes agree: the regulations state that the 26% reduction 'מבוססת על התחייבות הממשלה לממן ההפחתה' and that if the government does not cover it students pay full tuition (same basis as ISR peers). Band agree: fee sheet (Aug 2023) 'שכר לימוד בסיסי לתואר ראשון 100% 11,296'; security 591 (charged per semester; 100% for students registered for two or more semesters), national student organisation 10 -> 11,897 = 6.22% of GDP pc 2023 (191,167) -> low_moderate; with the waivable welfare fee 447 -> 12,344 = 6.46%; the 5% cut-off is 9,558, so not near a threshold. Welfare fee exclusion correct (regulations: 'ניתן לוותר על תשלום זה במלואו'). Field-trip fees only in named departments (not baseline). Aid agree: inst_fee_aid yes - Dean of Students aid scholarship scored on 'הכנסה ברוטו לנפש בהתאם למצבם הכלכלי והמשפחתי' and credited to the tuition account (2022/23 amount NIS 2,000-3,000 per the same page); inst_cash_aid unknown (bank transfer only if tuition already paid = refund, not a cash grant); govt_fee/govt_cash unknown as in ISR peers. Enrolment spot-check: CHE Table 2 (tashpah release), Bachelor's section, row 2023/24, column Haifa University = 9,219 -> confirmed (first-degree headcount 2023/24)."
TUR-SU,V028,agree,agree,"TUR-SU-S04/S05 (Sabanci fee and scholarship page, Sep 2023 capture, re-read); TUR-SU-S07 (Aylik Nakit Ihtiyac Bursu announcement 2024/25, live, re-read); TUR-SU-S08 (standing scholarships page, live, re-read); Wayback CDX for the standing scholarships page and for 2023 announcements (no capture found)",,none_needed,"Control agree: 2809 Ek Madde 37 founds Sabanci Universitesi by the Haci Omer Sabanci Vakfi as 'yeni bir vakif universitesi'; board elected by the foundation's organ (2547 Ek Madde 5, reused from TUR-K); private_nonprofit, legal_form, same as TUR-K/TUR-B. govt_dependent_flag no agree (no state per-student teaching transfer; same as TUR peers; not independently re-searched). Band agree: Sep 2023 capture '2023-2024 Akademik yılında ÖSYM kanalıyla yerleştirilen yeni girişli tüm lisans programları ... öğrenim ücreti %10 KDV dahil 510.000 TL’dir'; if only fall is paid at registration, spring is 295,000 (total 550,000). 510,000 = 160.6% of GDP pc 2023 (317,506) -> high by a wide margin (550,000 = 173%). The full-year-upfront price is open to every student; band unaffected. No separate compulsory fee on the page. ÖSYM full/half scholarship seats, martyr/earthquake quotas, athlete and diploma awards are exam/status-based, not aid: agree. Aid: govt_fee no / govt_cash yes consistent with TUR-K/TUR-B (KYK/GSB burs, family socio-economic situation + score). inst_cash_aid yes agree, nearest year (flagged): 2024/25 announcement 'Aylık nakit ödemeyi kapsar, karşılıksızdır' with 'Anne ve babaya ait gelir durumunu gösteren belgeler' and evaluation of 'ihtiyaçlılık durumunu gösteren belgeler'; the standing page describes the İhtiyaç Bursu as recurring ('öğrencinin her akademik yıl başında yeni başvuru yapması gerekir'). No 2023/24 capture of the standing page or of a 2023 announcement exists in the Wayback Machine (CDX searched), so the 2023/24 instance remains unverified; the regime is standing, so yes is acceptable with the flag. inst_fee_aid unknown agree: the standing page lists need-and-merit tuition exemptions (Sakıp Sabancı Teşvik Bursu for 'ihtiyaç sahibi ve başarılı' students in a limited quota; Tuluğ Gökçetin half-tuition for one 'ihtiyaç sahibi' student) but the text refers to 2016-2017. Enrolment not spot-checked (YÖK statistics portal needs a ZK AJAX session; only one TUR institution in scope)."
SAU-KFU,V028,agree,agree,"SAU-KFU-S04 (my.gov.sa Nov 2023 capture, national rule, as reused); SAU-KFU-S01 (1414 AH law; quote identical to SAU-KKU-S01, not re-opened); SAU-KFU-S06 (Student Fund 2020 capture: menu only); KFU Student Fund page Aug 2020 capture (new, SAU-KFU-CV028-02); KFU Loans and Grants page (box2.aspx) May 2024 and Nov 2020 captures (new, SAU-KFU-CV028-01); THE KFU profile (enrolment)",inst_cash_aid: unknown -> yes (KFU Student Fund grant rules require the guardian's salary certificate and a social-worker case study),correction_proposed,"Control agree: state-created university listed in the 1414 AH law (art. 4(7)), legal personality, no private founder; public on ownership, as SAU-KFUPM; transfer to the 1441 law by 2023/24 not established (does not change the code). Band agree: headline 0 by the national rule (my.gov.sa: bachelor's at government universities 'بشكل مجاني للمواطنين'), free; paid/intisab tracks excluded under D039. govt_cash_aid no agree (the universal monthly stipend is not means-tested; consistent with SAU-KAU/KSU/IAU). inst_cash_aid: the collector could not read the fund rules. The KFU Deanship of Student Affairs page 'القروض والإعانات' (captured 27 May 2024, i.e. during 2023/24; same text in Nov 2020) sets the grant rules: 'ثانياً: الإعانة: تصرف إعانة للطلبة خلال العام الدراسي وفق الضوابط التالية: ... 2- انقطاع المكافئة الشهرية ... 6- ارفاق ما يؤيد الحاجة للإعانة والأوراق المطلوبة: ... ب- تعريف براتب الولي. ج- صورة من السجل المدني للولي. 7- مقابلة الباحث الاجتماعي / الباحثة الاجتماعية لدراسة الحالة وتقييمها.' Need is documented with the guardian's (parent's) salary and assessed by a social worker -> household means test, non-repayable, university-run (Student Fund, D036) -> inst_cash_aid yes (low confidence: eligibility also requires that the student's monthly stipend has stopped, so the population is narrow; amounts not stated). Same basis as SAU-IAU (guardian salary certificate), coded yes. Loans (deducted from the stipend) excluded. No shares. Enrolment spot-check: THE profile 'Student total 22366' (WUR 2026 data) -> confirmed as recorded (FTE fallback, low confidence; reference year not stated)."
SAU-KKU,V028,agree,agree,"SAU-KKU-S08 (KKU Student Fund page, Mar 2024 capture, re-read incl. raw HTML of the services list); KKU Deanship of Student Affairs nodes 763-769 (2024 captures; unrelated pages); sa.kku.edu.sa/ar/forms (2022 capture; no fund form); Wayback CDX for sa.kku.edu.sa (no fund rules page or files found); sa.kku.edu.sa live (no response); THE KKU profile (enrolment)",inst_cash_aid: yes -> unknown (only the fund's aims are documented; no household/parental means test or case-study procedure shown),correction_proposed,"Control agree: KKU 'About' page (S04): created by royal order M/7/78 of 1419 AH with its first budget 'ضمن الميزانية العامة للدولة'; no private founder; public on ownership (1414 law framework; 1441 transfer not established), consistent with SAU-KFU/KFUPM. Band agree: free by the national rule; admission guide 1445 asks for a bank account for the stipend and lists no tuition for regular admission. govt_cash_aid no agree. inst_cash_aid: the only evidence is the Student Fund page: aims 'لتحقيق الاستقرار النفسي للطلبة المحتاجين مالياً' and 'تقديم العون المادي ... عن طريق الإعانات'; the services list reads 'تقديم القروض الطلابية | اعانات الطلاب ذوي الظروف الصعبة | اعانة الطلاب المتزوجين | الخدمات الأساسية | اعانات النظارات ...'. No eligibility rule, document list or case study is shown; 'difficult circumstances' may be emergency-based, and whose means are tested is not stated. Under D037 a yes needs a household/parental means test; SAU-KSU (documents proving need + case study), SAU-IAU and SAU-KFU (guardian salary certificate) have that evidence, KKU does not. Proposed unknown (recode to yes if KKU fund rules show a case study or guardian-income documents; a search should look for 'صندوق الطلاب جامعة الملك خالد ضوابط الإعانة' or 'تعريف براتب الولي'). Married-student grants are not means-tested; eyeglass grants are in-kind; loans excluded. Enrolment spot-check: THE profile 'Student total 29832' (WUR 2026 data) -> confirmed as recorded (FTE fallback, low confidence). The undated secondary 61,708 headcount remains unverified; KKU has large intisab cohorts, so FTE may understate headcount substantially."
EGY-EJUST,V028,agree,agree,"EGY-EJUST-S01 (PM Decree 102/2015 on laweg.net, re-read incl. arts. 8, 9, 15-17; fuller quote recorded as EGY-EJUST-CV028-02); EGY-EJUST-S02 (CAPMAS 2023/24 bulletin, 68 MB PDF downloaded; p.129 Table 86 rendered and read visually; p.130 continuation and footnote read, EGY-EJUST-CV028-01); EGY-EJUST-S03/S05 (2024/25 fee page, Jun 2025 capture, re-read); EGY-EJUST-S06 (scholarship programme, live 2026/27, re-read); Wayback CDX for ejust.edu.eg fee pages (only the Jun 2025 capture exists; nothing for 2023-2024)",,none_needed,"Control agree (public, ownership). Decree 102/2015 art. 1 'مرفق تعليمى عام ذات طبيعة خاصة' with independent legal personality; art. 15 resources start with 'الاعتمادات المالية التى تخصصها الحكومة المصرية للجامعة فى الموازنة العامة للدولة' and Japanese government contributions; art. 17 its funds are public funds. Art. 8: the whole board is formed by decree of the Minister of Higher Education; Egyptian members are chosen by the Minister in consultation with other ministries, Japanese members by 'الجانب اليابانى'. Every member is thus chosen by one of the two governments' sides, which under D037 (ownership by states collectively = public) would also support public on appointment; but whether 'the Japanese side' means the Japanese government/JICA or a university consortium is not stated, so ownership is the safer basis (agree). CAPMAS conflict explained, not resolved: Table 86 (private and ahliya universities) lists 'Egyptian Japanese' individually in the private block, while its continuation (p.130) has a separate row 'Branches of foreign universities and international agreements' and the footnote '(*) include branches of foreign universities, and international agreements.' This is a statistical grouping of universities outside Law 49/1972, not an ownership finding; the strict test follows the decree. Band agree: 2024/25 official table (Engineering 90,000; IBH 65,000; CSIT 70,000; Pharmacy 95,000; Architecture 80,000; Art & Design 50,000; Basic & Applied Sciences 40,000), midpoint 67,500 = 76% of GDP pc 2023 (88,666); min 40,000 = 45%; the 2022/23 figures (62,000-85,000, El Watan quoting the official site 'after government subsidy') are also high. 2023/24 fees could fall below the 25% cut-off (22,166 EGP) only if they were under about half the lowest adjacent-year fee, which neither adjacent year suggests. Nearest-year flag correct. Compulsory fees 0: only the application fee (excluded), late fines and repeat-course fees are listed. Aid agree (all unknown): the scholarship programme (2026/27) is merit/sport/status-based; governorate scholarships nominate by 'تفوقهم لدراسي وحالتهم الاجتماعية' (not a household income test); the 2023/24 version was not found. Enrolment spot-check: Table 86 row 'Egyptian Japanese' total 2,949 (M 1,809, F 1,140; Egyptians 2,941 + arrivals 8; 8 colleges) -> confirmed as recorded. Whether postgraduates are included is not stated (the 2024/25 fee table has 7 undergraduate faculties while CAPMAS counts 8 colleges, so a graduate unit may be counted); keep the measure flagged as inferred."
EGY-DELTA,V028,agree,agree,"EGY-DELTA-S01 (Decree 147/2007 gazette scan, manshurat.org; p.30 rendered and read visually); EGY-DELTA-S03 (Shbabbek 18 Jul 2023, re-read); CAPMAS 2023/24 bulletin p.129 (enrolment); deltauniv.edu.eg live (homepage returns a 157-byte stub; Fees.html 404) and Wayback CDX 2023-2024 (only redirects/404 for Fees.html; no fee or scholarship page captured)",,none_needed,"Control agree (private_forprofit, legal_form): gazette p.30 art. 4 'وتتضمن توزيع صافى الفائض الناتج عن نشاطها ، بما يحقق دعم احتياطى الجامعة وتحسين الخدمة التعليمية بها ، وبما يضمن توزيع نسبة من الفائض على المؤسسين ، وفقا للنظام الذى يتفقون عليه'; art. 5 board 'من بين المؤسسين وغيرهم', the first board from the founders' group. Same reading as EGY-FE (surplus distribution to founders). govt_dependent_flag no agree (not specifically searched by me either). Band agree: Shbabbek reports the 2023/24 bulletin amounts after a 25% early-registration discount (Arts 28,000 ... Medicine 135,000; the Management line is garbled). Undiscounted range 37,333-180,000, midpoint 108,667 = 123% of GDP pc 2023; discounted midpoint 81,500 = 92%; even the lowest discounted faculty (28,000) = 31.6% > 25%. High under every reading; treating the timing-conditional discount as not universal does not change the band. Secondary source only (low confidence) - agree. compulsory_fees_std empty (unknown) is correct and cannot lower the band. Aid all unknown agree: no Delta fee, scholarship or aid page could be reached (live site stub, no Wayback captures). Unresolved: a search should look for 'منح جامعة الدلتا للعلوم والتكنولوجيا' / 'تخفيض المصروفات الحالات الاجتماعية جامعة الدلتا' and for Ministry scholarship schemes at private universities. Enrolment spot-check: Table 86 row 'Delta for Science and Technology' total 16,997 (M 9,168, F 7,829; Egyptians 16,815 + arrivals 182; 11 colleges) -> confirmed."
IND-IITM,V029,agree,agree,"IND-IITM-S02/S04/S07 (Jan-May 2023 fees circular; figures taken as recorded, not re-rendered); IND-IITM-S10/S11 (IITM scholarships page, Wayback 2023-11-30, re-opened); NIRF 2025 data PDF IR-O-U-0456 (enrolment, re-opened)",,none_needed,"Control agree: IIT Madras is an institution of national importance incorporated under the Institutes of Technology Act 1961 (S01), no private founder -> public, ownership (same as IND-IITB/IITD/IITK). Band agree: tuition alone (100,000 per semester x 2 = 200,000) is 99% of GDP pc 2023 (201,547 INR); headline 217,900 = 108%; without seat rent (205,900) or with the 2025 extra-curricular/wellness rates (219,500) still high by a wide margin, so the seat-rent and year questions (collector point 5) do not affect the band. Aid agree: IITM page (Nov 2023 capture) verbatim: 'Institute Merit-cumMeans Scholarship Parents annual income not exceeding Rs.4,50,000/- Available for 25% of students admitted ... 67% Tuition fee exemption' and 'Institute SC/ST Scholarship Parents annual income not exceeding Rs.4,50,000/- Free messing and pocket allowance of Rs. 250/- per month' -> inst_fee yes, inst_cash yes (small; consistent with IND-IITD). 25% is a cap, correctly not entered as a share. Govt fee/cash yes follow the national IIT remission rule and CSSS (as other IIT rows). Enrolment spot-check agree: NIRF 2025 PDF 'UG [4 Years ...] 2824 765 3589' and 'UG [5 Years ...] 961 225 1186' -> 4,775 (reference year inferred, as noted)."
PAK-PU,V029,agree,agree,"PAK-PU-S01/S02 (PU Act 1973, re-opened, s.25(1)); PAK-PU-S03/S04/S05 (FY 2023-24 dues schedule, Wayback 2023-12-06, re-opened, all 33 pages listed)",,none_needed,"Control agree (public, ownership_and_appointment): PU Act s.25(1) Syndicate = VC; Pro-VC 'if any'; one MPA 'nominated by the Speaker'; two elected by the Senate; Chief Justice LHC or nominee; Education Secretary; Finance Secretary; UGC nominee; one Dean 'nominated by the Chancellor'; four elected teachers; 'three persons of eminence ... to be nominated by the Chancellor'; one Principal 'nominated by the Chancellor'; President of the Students Union. State-appointed or ex-officio state members = 11 of 19 without counting the Chief Justice (10 of 18 if there is no Pro-VC), so the majority does not depend on treating the Chief Justice as a state appointee (collector point 4). Band agree: schedule verbatim 'BS Programs (Except HCBF, IBIT and FCIT) Admission & Tuition Fee 4,900 ... G. Total 26,037 22,412'; BBIT 34,137/30,512; Lib. Security 2,000 correctly excluded ('* Security will be charged in first semester of admission'). Headline 54,549 = 16.1% of GDP pc (337,977 PKR); range 13.7-18.5%; without the bus pass (7,000/yr) 14.1%: moderate in every variant. D039: the remaining pages are 'Replica/ Self Support' schedules (e.g. 'Pharm D (Self Support)' G. Total Rs 81,137/77,512; 'BSc (Engg) Chemical, Mettalurgy & Materials, Industrial Engineering & Management (Self Support)' Rs 82,962/79,337; 'BS Software Engineering, Data Sciences (Self Support)' Rs 81,137/77,512). 'Replica' indicates copies of regular programmes, so exclusion is right. RESIDUAL RISK: if any field were offered only on self-support, D039 would put it in the range (max about 156,649/yr = 46%) and the midpoint would be about 101,500 = 30% (high). Not verified: pu.edu.pk admission captures for 2023 could not be retrieved (Wayback CDX returned 'Temporarily Offline'). A search should look for the PU Undergraduate Admissions 2023 advertisement listing Morning (merit) vs Self-Support programmes, especially Software Engineering, Data Science, Pharm-D and the engineering programmes. Aid agree (govt fee+cash yes via HEC Need-Based Scholarship at public universities; inst unknown), consistent with PAK-QIA/PIEAS. Enrolment: none recorded (collector searched); not spot-checked."
PAK-UOL,V029,agree,unresolved,"PAK-UOL-S01 (HEC profile, as recorded); Wayback CDX for uol.edu.pk 2023-2024 (fee pages captured only as 503/301/403) and for the *.uol.edu.pk domain (5,573 status-200 captures, none of fee schedules; admissions.uol.edu.pk only a Cloudflare challenge asset)",,unresolved,"Control agree (private_nonprofit, legal_form): HEC profile 'Sector: Private Chartered By: Government of Punjab'; trust sponsor per collector; not re-verified beyond that. Band unresolved: no 2023/24 schedule reachable. uol.edu.pk and sgd.uol.edu.pk are behind Cloudflare/403 (not bypassed); Wayback captures of 'https://www.uol.edu.pk/feeguide' (2023-01-03) and 'https://uol.edu.pk/admissions/scholarships/' are 503; the fee_guide PDFs are 301 redirects only. Note for the coordinator: 25% of GDP pc is 84,494 PKR/yr; the unverified snippet indications (semester totals about 77,000-186,500) would all be high, but they are not evidence. A search should look for the Fall 2023 UOL departmental fee PDFs (uol.edu.pk/wp-content/uploads/2023/06/...) in another archive (archive.today, Scribd full text) or a UOL prospectus 2023 with per-credit-hour rates. Aid unknown agrees. Enrolment: none."
NGA-OAU,V029,agree,agree,"NGA-OAU-S04 (OAU post 13 Sep 2023, re-opened); NGA-OAU-S06 (BusinessDay 26 Sep 2023, re-opened); oauife.edu.ng WordPress post listing 14 Sep-15 Oct 2023 (no reduction notice); Wayback CDX oauife.edu.ng Sep-Dec 2023 (no fee pages); oauife.edu.ng/key-institutional-data (enrolment, re-opened)",,none_needed,"Control agree: federal takeover Act, President Visitor, NUC federal list; ownership basis consistent with NGA-L/NGA-I. Band agree (low_moderate): BusinessDay quotes the VC's statement: 'For the students in Humanities, the initial sundry charges of N89, 200 for returning students have been reduced to #76,000 ... the initial charges of N101,200, for returning students is now N86,000 ... the returning students in the Pharmacy and College of Health Sciences will now pay #109,000' (Naira sign rendered as N here). Pre-review figures match the official OAU post of 13 Sep 2023 ('Returning students: N89,200 ... N101,200 ... N128,200'). The official reduction notice was not found on oauife.edu.ng (posts 14 Sep-15 Oct 2023 listed via the site API). Returning-student rates as the standard year follow the NGA-L precedent and D032 (the freshers' premium of about 55,000 is not itemised but charged only in year 1). Headline 92,500 = 6.71% of GDP pc (1,378,004 NGN); range 5.5-7.9%, all low_moderate; the freshers' midpoint 147,500 = 10.7% (moderate) is the band-relevant sensitivity and should stay in notes. NGA-I (freshers' amounts only, no returning data) remains the inconsistent row, as V010 noted. Aid unknown for all four agrees with NGA-I. Enrolment spot-check agree: page table '2025 | 15016 | 13994 | 2703 | 993 | 32706' -> UG 29,010, year 2025 (nearest year, flagged)."
NGA-ABU,V029,agree,agree,"NGA-ABU-S04/S05 (ABU Special Bulletin 1 Dec 2023, re-opened; 463 of 473 rows machine-read and level statistics computed); NGA-ABU-S01/S02 (as recorded)","Range should follow the returning-student (200-level) rates, per the NGA-L/NGA-OAU precedent; the 100-level premium is systematic, contrary to the draft note",correction_proposed,"Control agree (as OAU/UNN). Band agree (low_moderate; headline 78,875 = 5.72% of GDP pc) but the range and the year-level choice need correcting. Bulletin columns 'TOTAL Nigerians | Tuition Non-Nigerians Resident | Non-Nigerians Non-Resident'. Among 103 programmes with both levels, the 100-level total is HIGHER than the 200-level total in 83 and lower in 20 (e.g. '1 | Administration | B.A Local Government & Development Studies | 100 | 75,125.00' vs '2 | ... | 200 | 69,500.00'; B. Agriculture 100 = 78,875 vs 200 = 73,250). The draft statement that 100-level totals are 'not systematically higher' is not supported; the typical 100-level premium (5,625) looks like first-year items (D032). Exceptions: MBBS/BDS (200 = 95,750/92,000), engineering (84,500) and three Arts programmes. For consistency with NGA-L and NGA-OAU (returning-student rates), use the 200-level rates: min 62,000 (B. Pharmacy 200), max 95,750 (MBBS 200), midpoint 78,875, identical to the draft headline, so headline and band are unchanged. The 300-level range is the same (62,000-95,750). The min is 4.50% of GDP pc (low), so band_unstable becomes yes; the headline is within 20% of the 5% cut-off. TISHIP inclusion unknown (as in the draft). tuition_std blank is acceptable: unlike NGA-L ('NIL') and NGA-I (explicit exemption), ABU shows tuition only in the non-Nigerian columns; the headline is unaffected. Aid unknown agrees with NGA-I. Enrolment: none recorded."
NGA-UNN,V029,agree,unresolved,"NGA-UNN-S01/S02/S03 (as recorded); UNN WordPress API post searches (charges, fees, school fees, levy; posts 2016-2026); UNN post 'Updated Consolidated Fee Schedule for 2021/2022' (16 Dec 2022) and its PDF (4 pages, rendered and read visually); UNN post 'URGENT INFORMATION TO ALL NEW STUDENTS (FRESHMEN)' (3 Aug 2023; no amounts); UNN 2023-2024-STUDENT-DATA.docx (enrolment, re-opened)",,unresolved,"Control agree (public, ownership; as NGA-L/NGA-I). Band unresolved: no 2023/24 schedule found. The UNN site's post list has no fee schedule after 'Updated Consolidated Fee Schedule for 2021/2022' (posted 2022-12-16; PDF stamped 'Office of the Vice Chancellor ... 09 DEC 2022'). Read visually: 'SCHEDULE OF UNDERGRADUATE CONSOLIDATED SERVICE CHARGES FOR 2021/2022 SESSION': FIRST YEAR totals 110,800 (Social Sciences, Agriculture, Education, Arts etc.) to 120,550 (Medicine, Dentistry, Pharmacy, Health Sc & Tech, Basic Medical Sciences); SECOND YEAR 74,750 (most faculties) to 84,750 (Vet Medicine, Law, Medicine, Pharmacy, Dentistry, Health Sc & Tech, Basic Medical Sciences); FINAL YEAR 70,500 to 80,000. Each includes 'Health Insurance Scheme' 3,000 (excludable as insurance, like NGA-L's TISHIP). SENSITIVITY ONLY (not proposed as a headline, since the 2023/24 regime is not documented): if this schedule still applied in 2023/24, the returning-student midpoint would be 79,750 (76,750 without health insurance) = 5.6-5.8% of GDP pc, and the first-year midpoint 115,675 = 8.4%: low_moderate in every variant. The 2022 ASUU strike delayed the 2021/22 session, so this schedule may have been charged into 2023; the next documented change is the 2025/26 increase reported in Jan 2026 (collector). A search should look for a UNN 2022/2023 or 2023/2024 schedule of consolidated service charges, or news of a UNN fee change in 2023-2024 (Vanguard, Punch, Guardian, Daily Post). Aid unknown agrees. Enrolment spot-check agree: docx 'TOTAL NUMBER OF UNN UNDERGRADUATE STUDENT BY FACULTY/DEPARTMENT AS AT 2023/2024 SESSION' ... 'GRAND-TOTAL 14242 20459 34701'."
TWN-NTNU,V029,agree,agree,"TWN-NTNU-S04 (111 bachelor schedule PDF, re-opened); TWN-NTNU-S09 (student living grant rules, re-opened); TWN-NTNU-S02 / 112_student.csv (enrolment, re-opened)",,none_needed,"Control agree (national university, MOE-established; ownership, as other TWN rows). Band agree (low_moderate, band_unstable): 111 schedule rows '1 教育學系 16690 6900 23590 33380 13800 47180 文' and '2 教育心理與輔導學系 16850 10530 27380 33700 21060 54760 理' (per semester and annual columns); the collector's 113 figures are identical, so bracketing 112 is reasonable (not directly observed). Headline 52,190 = 5.16% of the derived GDP pc (1,010,939 TWD), within 20% of the 5% cut-off; min 48,180 = 4.77% (low). Same pattern as TWN-TST/TWN-TH. Aid: inst_cash yes accepted, consistent with TWN-NTU/NCKU/TH/TST. The rules (2024 text) read: '依據「教育部大專校院弱勢學生助學計畫」，獎助本校在學之經濟弱勢學生，並輔導學生參與校內不以獲取報酬為目的之生活服務學習'; '前一年度家庭年所得(包括學生本人、父母或監護人)，學士班學生未達新臺幣90萬元'; '本助學金經費來源為學生公費及獎勵金'; '每月核發助學金6,000 元'. So the test is on household income, the money comes from the university's budget line, and the service is unpaid service-learning, not wage work (collector point 6). The version in force in 2023/24 (amended 107/09/19) was not read, but the amendment history on the PDF lists no change between 107 (2018) and 113 (2024), which supports continuity. govt_fee yes and inst_fee no agree. Enrolment spot-check agree: '112,0004,國立臺灣師範大學,D 日,B 學士,8503,...'."
KOR-SKKU,V029,agree,agree,"KOR-SKKU-S03 (field-average table, as recorded); KOR-SKKU-S05 (2025-1 registration guide, re-opened: no tuition amounts); SKKU tuition committee minutes page (skku.edu/skku/about/status/tuition_2018.do) and 2023 minutes of the 1st, 2nd, 3rd and 5th meetings (PDFs, downloaded); Wayback CDX for skku.edu and admission.skku.edu 2023-2024 (no tuition table captured)",,none_needed,"Control agree (private school corporation 학교법인 성균관대학; KESS '사립'; legal_form). govt_dependent_flag no agrees (portable national scholarships). Band agree (moderate): the official 2023 programme tuition table was not found. The official 2023 tuition committee minutes confirm the freeze: 2nd meeting (5 Jan 2023): '위원장이 학교 측 2023학년도 등록금 책정 관련 내국인 학부 동결을 제시하다'; the student member cites '10년 이상 지속된 학부 등록금 동결' and states '학부 내국인 등록금 동결에 동의한다'. The minutes contain no amounts. Wayback holds no SKKU tuition table (the admission.skku.edu CDX query returned only a 504 page). Robustness: headline 9,494,957 = 20.4% of GDP pc (46,578,329 KRW). With the humanities field average as the minimum, the midpoint would reach 25% only if the maximum were at least 15.64m KRW/yr. That is above the highest 2023 private medical rate in the dataset (KOR-Y 13,986,000). The medical average 11,338,000.0 is a round figure and is probably the single medical rate. The band therefore stays moderate unless the true minimum is well above the humanities average. band_unstable: max 11,338,000 = 24.3%, just under 25%; if the official medical rate exceeds 11.64m the row becomes band_unstable (headline unaffected). Confidence low is appropriate. A search should look for '성균관대 2023학년도 등록금 계열별', the 대학알리미 tuition page for SKKU (학과별 등록금), or the 2023 모집요강 tuition table. Aid: govt_fee yes (national share 41.0%) and inst_fee yes (문행장학금 '가정형편이 어려운 자') agree with KOR-Y/KOR-K. Enrolment not re-opened (KESS file as recorded)."
NZL-UC,V029,agree,agree,"NZL-UC-S03 (UC domestic tuition fees page, Wayback 2023-11-29, re-opened, all 2023 estimates extracted); NZL-UC-S04 (SSL, as recorded)",,none_needed,"Control agree (tertiary education institution = Crown entity category; ownership; same as other NZL rows). Band agree (moderate, band_unstable): 2023 bachelor's estimates on the page run from '2023 Tuition Fee estimate: $6,564 per 120 points' (Bachelor of Teaching and Learning) to 7,761 (BE(Hons) first year); 8,238 for later BE years and the 135-point conjoint rates are excluded as described. Midpoint 7,162.50 + SSL 992.40 = 8,154.90 = 10.16% of GDP pc (80,286 NZD), within 20% of the 10% cut-off; the min 7,556.40 = 9.41% (low_moderate), as for NZL-UW/UO/VUW. NZL convention followed (collector point 8): headline before Fees Free (D032); govt_fee no; govt_cash yes via the Student Allowance with its parental income test; inst unknown. Enrolment not re-opened (same Education Counts file as other NZL rows)."
IDN-UB,V029,agree,agree,"IDN-UB-S02 (Peraturan Rektor UB 44/2023 PDF, re-opened, pdftotext); IDN-UB-S01/S09 (PP 108/2021, as recorded); PDDikti API semester 20231 (enrolment, re-queried)",,none_needed,"Control agree (PTN-BH; ownership; MWA 'ditetapkan oleh Menteri berdasarkan usulan SAU', treated as for IDN-UI/UGM/ITB/UNAIR; collector point 7). Band agree (high): regulation rows re-read, e.g. '1. Bahasa dan Sastra Prancis ... 3.978.000 4.446.000 4.680.000 6.280.000 6.520.000' and 'Kedokteran Gigi ... 23.566.000'. Rates are per semester, annualised x2: full-pay 13.04m-48.0m; midpoint 30.52m = 41.1% of GDP pc (74.30m IDR). The lowest full-pay programme alone is 17.6% (moderate), hence band_unstable yes, as for the other IDN rows. inst_fee_aid yes is consistent with IDN-UI: the upper UKT groups are set by the institution and assigned by economic capacity, and the statute requires at least 20% economically disadvantaged entrants with 'bantuan biaya pendidikan'. The UB-specific evidence is thinner than ITB's (a documented 'beasiswa UKT' reduction scheme): the statute says UB 'dapat' give assistance, and the detik report says students 'dapat mengajukan bantuan keuangan'. Acceptable under the IDN-UI precedent. If the coordinator reads the rule more strictly, the alternative is 'unknown', as for UNAIR. Enrolment spot-check agree: PDDikti API semester 20231 returns 81 S1 programmes summing to 67,192."
SVK-UK,V030,agree,agree,SVK-UK-CV030-01; SVK-UK-S05/S06 (Vp_2023_08_priloha_4.pdf opened); SVK-UK-N053-P01/P02 (2025/26 annex opened),no,none_needed,"Control public on ownership agreed. Opened Act 131/2002 consolidated version in force 1.1.2023-31.8.2024 (slov-lex static PDF; the cited zakonypreludi Wayback capture returned HTTP 429 and the live zakonypreludi page is behind a Cloudflare challenge, not bypassed): § 5(1) 'Verejná vysoká škola je verejnoprávna a samosprávna inštitúcia, ktorá sa zriaďuje a zrušuje zákonom'; § 40(2) the minister appoints 'Druhú polovicu ostatných členov' of the board (half of the members other than the co-opted one), so no state majority; control_basis ownership correct; govt_dependent_flag no (public). Band free agreed: § 92(4) 'Študent verejnej vysokej školy v dennej forme štúdia je povinný uhradiť ročné školné, ak mu vznikne povinnosť uhradiť ročné školné podľa odseku 5, 6 alebo odseku 8' (D038(2) default waiver -> 0). § 92(12)-(15) allow only admission, rigorosum and document fees, so no other recurring statutory fee exists; card fees are § 92(15) document fees. 1% of GDP per capita 2023 = 227.6 EUR (2025: 252.6 EUR), so even the largest student-card amount cannot move the band. Aid agreed: § 96(1) 'Na sociálne štipendium má študent právny nárok' (household income test per Decree 102/2006 as cited by the collector; decree not re-opened) -> govt_cash_aid yes; fee variables not_applicable at headline 0. UK 2023/24 annex section 14 lists only document fees (card without ISIC 10,00 EUR, revalidation 3,00 EUR) and no enrolment fee; confirmed. inst_cash_aid unknown accepted (VP_2025_28 not re-opened). Enrolment not spot-checked for UK."
SVK-STU,V030,agree,agree,SVK-UK-CV030-01 (same Act); STU annual report 2023 (enrolment),no,none_needed,"Control public on ownership agreed. Opened Act 131/2002 consolidated version in force 1.1.2023-31.8.2024 (slov-lex static PDF; the cited zakonypreludi Wayback capture returned HTTP 429 and the live zakonypreludi page is behind a Cloudflare challenge, not bypassed): § 5(1) 'Verejná vysoká škola je verejnoprávna a samosprávna inštitúcia, ktorá sa zriaďuje a zrušuje zákonom'; § 40(2) the minister appoints 'Druhú polovicu ostatných členov' of the board (half of the members other than the co-opted one), so no state majority; control_basis ownership correct; govt_dependent_flag no (public). Band free agreed: § 92(4) 'Študent verejnej vysokej školy v dennej forme štúdia je povinný uhradiť ročné školné, ak mu vznikne povinnosť uhradiť ročné školné podľa odseku 5, 6 alebo odseku 8' (D038(2) default waiver -> 0). § 92(12)-(15) allow only admission, rigorosum and document fees, so no other recurring statutory fee exists; card fees are § 92(15) document fees. 1% of GDP per capita 2023 = 227.6 EUR (2025: 252.6 EUR), so even the largest student-card amount cannot move the band. Aid agreed: § 96(1) 'Na sociálne štipendium má študent právny nárok' (household income test per Decree 102/2006 as cited by the collector; decree not re-opened) -> govt_cash_aid yes; fee variables not_applicable at headline 0. STU fee directive not re-opened (band cannot move). Enrolment spot-check: VS_STU_2023.pdf Tabuľka 1a block 'V dennej aj v externej forme spolu' row 1, column 2023 = 7 260; figure, measure (first-cycle headcount at 31.10.2023) and year confirmed."
SVK-UPJS,V030,agree,agree,SVK-UK-CV030-01 (same Act),no,none_needed,"Control public on ownership agreed. Opened Act 131/2002 consolidated version in force 1.1.2023-31.8.2024 (slov-lex static PDF; the cited zakonypreludi Wayback capture returned HTTP 429 and the live zakonypreludi page is behind a Cloudflare challenge, not bypassed): § 5(1) 'Verejná vysoká škola je verejnoprávna a samosprávna inštitúcia, ktorá sa zriaďuje a zrušuje zákonom'; § 40(2) the minister appoints 'Druhú polovicu ostatných členov' of the board (half of the members other than the co-opted one), so no state majority; control_basis ownership correct; govt_dependent_flag no (public). Band free agreed: § 92(4) 'Študent verejnej vysokej školy v dennej forme štúdia je povinný uhradiť ročné školné, ak mu vznikne povinnosť uhradiť ročné školné podľa odseku 5, 6 alebo odseku 8' (D038(2) default waiver -> 0). § 92(12)-(15) allow only admission, rigorosum and document fees, so no other recurring statutory fee exists; card fees are § 92(15) document fees. 1% of GDP per capita 2023 = 227.6 EUR (2025: 252.6 EUR), so even the largest student-card amount cannot move the band. Aid agreed: § 96(1) 'Na sociálne štipendium má študent právny nárok' (household income test per Decree 102/2006 as cited by the collector; decree not re-opened) -> govt_cash_aid yes; fee variables not_applicable at headline 0. UPJS fee decision not re-opened (library 12 EUR and card fees, if included, stay far below the 227.6 EUR free cut-off). inst_cash_aid unknown accepted."
SVK-TUKE,V030,agree,agree,"SVK-UK-CV030-01; SVK-TUKE-S05/S06 (PR_TUKE_10_22 via Wayback, opened); SVK-TUKE-N053-P02 (PR_TUKE_03_24, opened); SVK-TUKE-CV030-01",no,correction_proposed,"Control public on ownership agreed. Opened Act 131/2002 consolidated version in force 1.1.2023-31.8.2024 (slov-lex static PDF; the cited zakonypreludi Wayback capture returned HTTP 429 and the live zakonypreludi page is behind a Cloudflare challenge, not bypassed): § 5(1) 'Verejná vysoká škola je verejnoprávna a samosprávna inštitúcia, ktorá sa zriaďuje a zrušuje zákonom'; § 40(2) the minister appoints 'Druhú polovicu ostatných členov' of the board (half of the members other than the co-opted one), so no state majority; control_basis ownership correct; govt_dependent_flag no (public). Band free agreed: § 92(4) 'Študent verejnej vysokej školy v dennej forme štúdia je povinný uhradiť ročné školné, ak mu vznikne povinnosť uhradiť ročné školné podľa odseku 5, 6 alebo odseku 8' (D038(2) default waiver -> 0). § 92(12)-(15) allow only admission, rigorosum and document fees, so no other recurring statutory fee exists; card fees are § 92(15) document fees. 1% of GDP per capita 2023 = 227.6 EUR (2025: 252.6 EUR), so even the largest student-card amount cannot move the band. Aid agreed: § 96(1) 'Na sociálne štipendium má študent právny nárok' (household income test per Decree 102/2006 as cited by the collector; decree not re-opened) -> govt_cash_aid yes; fee variables not_applicable at headline 0. Collector question (10 EUR online enrolment fee): confirmed in PR/TUKE/10/22 Part III item 3) d) 'úkony spojené so zápisom: - online zápis na štúdium' 10,- / 'zápis na štúdium na študijnom oddelení' 40,- (values read with pdftotext -raw; table headed 'v EUR/akad. rok'); same 10/40 in PR/TUKE/03/24 for 2025/26. TUKE's instructions for admitted applicants (SVK-TUKE-CV030-01) show first-year entrants receive a fee decision for 'poplatky spojené so zápisom na štúdium' and 'AK NEUHRADÍTE POPLATOK DO STANOVENÉHO TERMÍNU, POVAŽUJE SA TO ZA VÁŠ NEZÁUJEM ZAPÍSAŤ SA NA ŠTÚDIUM', so the enrolment fee is compulsory for first-year students; it recurs at each annual enrolment per the per-academic-year table (the instructions document is undated). Note the fee is listed under the heading '3) doklady o štúdiu – originály (§ 92 ods. 15)', i.e. TUKE classes it as a document fee; including it (10 EUR) while card fees are excluded elsewhere is defensible (recurring enrolment charge) and band-neutral (0.04% of GDP per capita). govt_fee_aid yes via D047 (social scholarship usable against the 10 EUR) accepted as a consistent D047 reading; inst_fee_aid unknown accepted (rector's discretionary waiver 'v ťažkej sociálnej situácii', no income test). Correction proposed is a notes append only. Enrolment not spot-checked for TUKE."
SVK-UNIZA,V030,agree,agree,SVK-UK-CV030-01 (same Act),no,none_needed,"Control public on ownership agreed. Opened Act 131/2002 consolidated version in force 1.1.2023-31.8.2024 (slov-lex static PDF; the cited zakonypreludi Wayback capture returned HTTP 429 and the live zakonypreludi page is behind a Cloudflare challenge, not bypassed): § 5(1) 'Verejná vysoká škola je verejnoprávna a samosprávna inštitúcia, ktorá sa zriaďuje a zrušuje zákonom'; § 40(2) the minister appoints 'Druhú polovicu ostatných členov' of the board (half of the members other than the co-opted one), so no state majority; control_basis ownership correct; govt_dependent_flag no (public). Band free agreed: § 92(4) 'Študent verejnej vysokej školy v dennej forme štúdia je povinný uhradiť ročné školné, ak mu vznikne povinnosť uhradiť ročné školné podľa odseku 5, 6 alebo odseku 8' (D038(2) default waiver -> 0). § 92(12)-(15) allow only admission, rigorosum and document fees, so no other recurring statutory fee exists; card fees are § 92(15) document fees. 1% of GDP per capita 2023 = 227.6 EUR (2025: 252.6 EUR), so even the largest student-card amount cannot move the band. Aid agreed: § 96(1) 'Na sociálne štipendium má študent právny nárok' (household income test per Decree 102/2006 as cited by the collector; decree not re-opened) -> govt_cash_aid yes; fee variables not_applicable at headline 0. UNIZA card price list still not located (not searched further: band-neutral). Enrolment not spot-checked."
SVK-SPU,V030,agree,agree,SVK-UK-CV030-01 (same Act); SPU annual report 2023 (enrolment),no,none_needed,"Control public on ownership agreed. Opened Act 131/2002 consolidated version in force 1.1.2023-31.8.2024 (slov-lex static PDF; the cited zakonypreludi Wayback capture returned HTTP 429 and the live zakonypreludi page is behind a Cloudflare challenge, not bypassed): § 5(1) 'Verejná vysoká škola je verejnoprávna a samosprávna inštitúcia, ktorá sa zriaďuje a zrušuje zákonom'; § 40(2) the minister appoints 'Druhú polovicu ostatných členov' of the board (half of the members other than the co-opted one), so no state majority; control_basis ownership correct; govt_dependent_flag no (public). Band free agreed: § 92(4) 'Študent verejnej vysokej školy v dennej forme štúdia je povinný uhradiť ročné školné, ak mu vznikne povinnosť uhradiť ročné školné podľa odseku 5, 6 alebo odseku 8' (D038(2) default waiver -> 0). § 92(12)-(15) allow only admission, rigorosum and document fees, so no other recurring statutory fee exists; card fees are § 92(15) document fees. 1% of GDP per capita 2023 = 227.6 EUR (2025: 252.6 EUR), so even the largest student-card amount cannot move the band. Aid agreed: § 96(1) 'Na sociálne štipendium má študent právny nárok' (household income test per Decree 102/2006 as cited by the collector; decree not re-opened) -> govt_cash_aid yes; fee variables not_applicable at headline 0. Enrolment spot-check: SPU annual report 2023 Tabuľka 1a 'V dennej aj v externej forme spolu' row 1, 2023 = 2801; figure, measure and year confirmed."
PHL-UP,V030,agree,agree,"PHL-UP-S01/S02 (RA 9500, lawphil); PHL-UP-S04 (UniFAST FHE live); UniFAST TES page live; PHL-UP-S05/S08 (UP Tacloban SLAS page); UP at a Glance (enrolment)",no,none_needed,"Control public on ownership agreed: RA 9500 Sec. 3 'As the national university, a public and secular institution of higher learning'. Board of Regents (Sec. 12(1)) has 11 members; appointed by the state are the CHED Chair and the 3 regents 'to be appointed by the President of the Philippines' (4 of 11), plus two legislators ex officio and the UP President (elected by the Board), so the appointment test is not met; ownership basis is right (the collector's '6 of 11' counts ex officio officials, which are not board appointments). Headline 0 agreed: RA 10931 Sec. 4 (UniFAST FHE page) 'shall be exempt from paying tuition and other school fees for units enrolled in', 13 listed other school fees incl. registration, library, laboratory, medical/dental, school ID; UP Tacloban page (AY 2024-25): 'All UP students except those who have exceeded the approved duration ... enjoy free tuition under RA 10931'. Overstayers pay (D038(2) -> 0). 1% of GDP per capita 2023 = 2,116 PHP, so a small uncovered fee could not change the band (no residual fee searched for). Aid agreed: TES (household per-capita income prioritisation) -> govt_cash_aid yes; UP GIAP table 'Below Php 80,000 | FDS: Full discount + P 5,000 monthly stipend' -> inst_cash_aid yes (UP-run; nearest year AY 2024-25; UP Tacloban campus page); fee variables not_applicable. Enrolment spot-check: 'UP at a Glance' shows '64,144 Total Students' (all levels, year not stated on page) - confirmed as drafted, including the low-confidence flags."
PHL-ATENEO,V030,agree,agree,PHL-ATENEO-S01 (trustees page Wayback 2023-01-31); PHL-ATENEO-S03/S04 (tuition page Wayback 2023-10-03 and 2024-02-24); PHL-ATENEO-S08 (FAQ Wayback 2025-01-07); UniFAST TES page live,no,none_needed,"Control private_nonprofit agreed: 'According to the By-Laws of Ateneo de Manila University, Inc. ... the Board of Trustees shall be composed of 15 members, 8 of whom shall be members of the Society of Jesus'; no state appointment; govt_dependent_flag no (TES/TDP are means-tested student grants, analogous to Pell; no per-student teaching transfer). Band high agreed: 'For School Year 2023-2024, you may find the average tuition and fees charged per semester ... Tuition (20 units) 98,516 Basic Fees 10,076 Other Fees 7,194' ('Updated as of 1 September 2023'); x2 = 231,572 = 109% of GDP per capita 2023 (211,622.5). Uniform rule on a published average accepted (lab fees only raise it). Aid agreed: FAQ 'Financial Aid Scholarships are awarded based on financial need, consistent academic performance ...' -> inst_fee_aid yes; inst_cash_aid unknown accepted (the stipends in the FAQ are DOST stipends, a government merit scholarship, not Ateneo's). Enrolment not spot-checked."
PHL-DLSU,V030,agree,agree,"PHL-DLSU-S02 (governance page Wayback 2023-05-18); PHL-DLSU-S03 (projected fees AY 2023-24 PDF, Wayback 2023-06-27); PHL-DLSU-N056-P01 (AY 2025-26 PDF, live); PHL-DLSU-S08 (St. La Salle grant, Wayback 2023-03-08)",no,none_needed,"Control private_nonprofit agreed: 'Overall governance of De La Salle University is vested on and exercised by its 15-member Board of Trustees composed of Lasallian Brothers and lay partners'; no state role; flag no. Band high agreed: AY 2023-24 Term 1 'Average Tuition and Fees (for 18-unit load)' CCS 74,000, BAGCED 69,000, CLA 74,000, RVRCOB 79,000, GCOE 79,000, COS 86,000, SOE 83,000 (collector's min/max correct); x3 trimesters = 207,000-258,000; even the minimum is 98% of GDP per capita, and a x2 annualisation would still be high. Aid agreed: 'Only those whose annual family income is PhP 700,000 and below will be considered' ... 'covers tuition and fees only' -> inst_fee_aid yes, inst_cash_aid unknown. Enrolment not spot-checked."
PHL-UST,V030,agree,agree,"PHL-UST-S01 (UST identity page live); PHL-UST-S04 (CTHM schedule 2023-24 image, read visually); PHL-UST-S08 (OFAD page live); PHL-UST-CV030-01 (scholarship manual); Varsitarian 2023-08-23 (enrolment)",no,correction_proposed,"Control private_nonprofit agreed (Dominican, Pontifical and Catholic university; no state ownership or appointment; flag no); non-profit status and board not re-checked. Band high agreed: CTHM First Term AY 2023-2024, Travel Operation and Recreation & Leisure 'I 12lec, PE, NSTP' Total (Full) 43,965 (visually confirmed); min annualised 87,930 = 41.5% of GDP per capita 2023, so the band is high whatever the maximum (CRS image not re-read). The x2 convention is approximate but band-neutral. Aid: inst_fee_aid yes now documented with an income test: UST Scholarship Program Manual (as of AY 2020-2021) San Martin de Porres internal scholarship, tertiary level 'Must belong to a family whose gross annual income does not exceed Php 300, 000.00', benefit '50% defrayal of tuition and P.E.' (nearest-year evidence). Proposed: add source and append to notes (no value change). Enrolment spot-check: Varsitarian 2023-08-23 'UST’s Term 1 student population consisted of 34,569 students enrolled in undergraduate and graduate programs' confirmed (total higher-education headcount, AY 2023-24 Term 1, secondary report of registrar data)."
PHL-ADAMSON,V030,agree,agree,PHL-ADAMSON-S01 (about page live); PHL-ADAMSON-S02 (fees page Wayback 2023-09-24); PHL-ADAMSON-S06 (OSGP page live),no,none_needed,"Control private_nonprofit agreed (founded by the Adamson family; now Catholic and Vincentian; no state role); flag no; non-profit status not re-checked. Band high agreed: 'Tentative Tuition and Other School Fees for Incoming Freshmen, First Semester School Year 2023 - 2024', 34 programme totals parsed, min Php 39,094, max Php 68,445 (matches draft); x2 semesters = 78,188-136,890; minimum = 36.9% of GDP per capita 2023. Aid: inst_fee_aid yes accepted with a caveat for the coordinator: OSGP grantees 'are required to render work in the University's various offices ... in exchange for 100 % free tuition fee and monthly allowance' and must submit a parent's income tax return; it is need-screened but work-conditioned (close to a student assistantship). No protocol rule excludes work-conditioned aid, so no correction is proposed; a stricter reading would give inst_fee_aid unknown. Enrolment: none found by the collector; not attempted."
ARE-UAEU,V031,agree,agree,"ARE-UAEU-S03 (UAEU undergraduate rates page, Wayback 2023-10-01, re-opened: only 'International Students' rates); ARE-UAEU-S07 (UAEU financial aid service page, re-opened); ARE-UAEU-S05 (MoCE Social Welfare page, re-opened); ARE-UAEU-CV031-01 (UAE Constitution art. 17, English translation); ARE-UAEU-CV031-02 (UAEU undergraduate scholarships page, current)",,none_needed,"Control agree: federal university created by Federal Law No. 4 of 1976; council selected by the Cabinet (by-law, as drafted); public, ownership_and_appointment. Band agree: free (0). Collector point: no UAEU document stating verbatim that nationals pay no undergraduate tuition was found either. Supporting evidence added: UAE Constitution art. 17 (Constitute Project translation) 'Education ... is free of charge at all stages in the UAE'; the 2023/24 Student Account Office page publishes undergraduate rates only under 'Undergraduate Programs (International Students)'; the current scholarship page defines tuition discounts only for international students and children of UAEU staff (from 2025/26). A search-engine summary citing an aggregator ('AED 8,000 to 20,000 per year for UAE nationals') could not be traced to any official source and was not used; if it were true the band would be low/moderate, so the zero stays medium confidence. Aid agree: govt_cash yes - MoCE page re-opened: 'Academic Excellence Allowance for Higher Education: To be eligible, the student must: Reside in the UAE and belong to a family benefiting from the Social Welfare Program ... Be a full-time undergraduate student for a bachelor's degree. Have a GPA of 3.3' (household-means-tested programme plus a merit condition; counts as means-tested; start of the allowance in 2023 per Gulf News, not re-opened). inst_cash yes - UAEU service page re-opened: 'UAEU provides Financial Aid Fund to support deserving Undergrad students from low -income families ... Apply for Cash Financial Aid request ... Student should open his/her own bank account'. Fee variables not_applicable (headline 0). 2024/25 price row 0 agree. Enrolment not spot-checked."
ARE-KU,V031,agree,unresolved,"ARE-KU-S05 (KU undergraduate scholarships page, Wayback 2023-11-29, re-opened); ARE-KU-S06 (KU Scholarship FAQ, live, re-opened); ARE-KU-S03 and ARE-KU-S07 (2023-24 catalog tuition and UAE-national scholarship pages, re-opened); KU undergraduate scholarships page (live 2026, re-opened); Wayback CDX for ku.ac.ae/scholarship-faqs (no captures returned)","Headline 0 (free) vs 82,500 (high, 45.1% of GDP pc) depends on whether Emirati entrants can be placed in paying tiers.",unresolved,"Control agree (Abu Dhabi Law 5/2017: trustees all appointed by resolution of the Chairman of the Executive Council; public, ownership_and_appointment; not re-opened). Band unresolved. Evidence for 0: the Nov 2023 scholarship page lists for 'Scholarship for UAE National and Children of Emirati Mothers' 'Full coverage of tuition fees.' while only 'International students are evaluated and mapped to a specific scholarship Tier'; the same wording is on the live page. Evidence against: the same page says 'Scholarship eligibility is assessed as part of the admission process ... The number of available scholarship slots is limited ... Meeting the minimum eligibility criteria does not guarantee a scholarship award' (text applies to UAE National and International students); the 2023-24 catalog says 'Full/Partial coverage of tuition fees'; and the live FAQ ('The new benefits scheme is applicable to all undergraduate, Master's, and PhD students newly admitted from Fall 2023 onwards') gives a bachelor tier table headed 'Emirati & Expat students ... Tuition 0% 50 or 75% 100%' ('Percentage represents the amount the students will need to pay'). The FAQ's four-tier 'Emirati Students' tables with 0/0/0/25% and 0/0/50/75% apply to graduate study (Master's/PhD), not to bachelor entrants - the web-search summary that described them as undergraduate tiers is wrong. No Wayback capture of the FAQ exists to date the bachelor tier table. No document gives the share of Emirati bachelor entrants in paying tiers. Recommendation: keep headline 0 in the main result (the dedicated national-scholarship page, contemporaneous with 2023/24, states full coverage) with confidence low and the conflict in notes; report 82,500 (D038(1) full-pay) as a sensitivity; ask KU admissions if the investigator wants certainty. No correction proposed. Aid: govt_cash yes (national Social Welfare allowance, see ARE-UAEU check); inst_cash unknown agree ('students in need may receive financial aid' - no means test or cash stated). Enrolment not spot-checked."
ARE-AUS,V031,disagree,agree,"ARE-AUS-S01 (Sharjah University City page, re-opened); ARE-AUS-CV031-01 (Sharjah Official Gazette, Decree-Law No. 3 of 2023 reorganising AUS, full text); ARE-AUS-S02 (Emiri Decree 6/2023, via search result only); AUS Fast Facts Fall 2023 image tile (enrolment); AUS faculty handbook 2023 (no governance clause)",Control unresolved in draft; the reorganisation decree-law in force for 2023/24 makes AUS wholly government-owned with an Emiri-decree-appointed president/board chair.,correction_proposed,"Control: disagree with 'unresolved' -> public, control_basis ownership_and_appointment. Sharjah Decree-Law No. 3 of 2023 (dated 10 Aug 2023, in force on issuance, art. 23) art. 2: 'الجامعة مؤسسة علمية أكاديمية غير ربحية ... وتعود ملكيتها بالكامل لحكومة الإمارة' (a non-profit academic institution ... wholly owned by the Government of the Emirate); art. 6: the president, who chairs the board, 'يصدر بتعيينه مرسوم أميري' (is appointed by Emiri decree); art. 9: the board is formed by decision of the president, and the reorganised board by Emiri decree of the Ruler (Emiri Decree No. 53 of 2023, cited in the preamble); art. 17: university funds are public funds; art. 21: replaces Law No. 3 of 1998 establishing AUS. The 1998 law (in force before 10 Aug 2023) was not opened; the reference year starts after the new decree-law. govt_dependent_flag becomes moot (public -> no). Band agree: 102,960 + 630 = 103,590 = 56.6% of GDP pc 2023, high by a wide margin (not re-opened; far from any cut-off). Aid unchanged (not re-checked beyond the collector's sources). 2024/25 price (105,860 = 57.3% of GDP pc 2024) high, agree. Enrolment spot-check agree: image tile https://www.aus.edu/sites/default/files/1_81.jpg reads '5233 Bachelor's Students 412 Master's Students 119 PhD Students 112 Achievement Academy Students' (the tile was opened directly; its placement on the 'Fast Facts - Fall 2023' page was not re-verified)."
ARE-UOS,V031,agree,agree,"ARE-UOS-CV031-01 (Sharjah Law No. 3 of 2019 reorganising UoS, Official Gazette viewer); ARE-UOS-CV031-02 (UoS executive regulation 1/2019); UoS admissions portal (enrolment); Wayback CDX for sharjah.ac.ae fees pages 2024-06 to 2025-05 (for a 2024/25 price)",,correction_proposed,"Control agree (public); control_basis should be ownership_and_appointment rather than appointment: Law 3/2019 art. 2 'الجامعة مؤسسة علمية أكاديمية إسلامية عربية غير ربحية ... وتعود ملكيتها للحكومة' (owned by the Government of Sharjah); art. 6 'يكون الحاكم رئيساً للجامعة ورئيسًا للمجلس' (the Ruler is president of the university and chair of the board); executive regulation art. 3: the board 'يشكل بقرار من الرئيس' (is formed by decision of the president). Band agree: 80,600 = 44.0% of GDP pc 2023 (min 42,900 = 23.4% moderate, max 118,300 = 64.6%: band_unstable yes by construction, midpoint well above 25%); fee table not re-opened. 2024/25 price: not established, agree - CDX of the fees-scholar pages for Jun 2024-May 2025 shows no capture of the new-entrant table (nsu.aspx); so under D062 the most-recent view keeps the 2023/24 price with GDP 2023 (high). Aid not re-checked. Enrolment spot-check agree: portal text 'Enrolled students Fall (2023-2024) Bachelor level: 16,096'."
ARE-AJMAN,V031,agree,agree,"ARE-AJMAN-S01 (AU news on Emiri Decree 14/2023, English, re-opened, dated Wednesday, Dec 20, 2023); ARE-AJMAN-CV031-01 (same news, Arabic); ARE-AJMAN-CV031-02 (AU news on Emiri Decree 13/2014 forming the board); ARE-AJMAN-CV031-03 (Sharjah24/WAM on the 2021 reorganisation decree); AU Arabic board-of-trustees page (no appointment clause)",,correction_proposed,"Control agree (public, ownership) with a timing caveat added to notes: the decree making AU 'owned by the Government of Ajman' ('وتعود ملكيتها لحكومة الإمارة') is reported on 20 Dec 2023 and is 'effective from the date of its issuance', so ownership covers only part of 2023/24. Before it AU was a for-profit entity created by Emiri Decree No. 4 of 1988 (as Ajman University College of Science and Technology) and reorganised by Emiri decree in 2021; in 2014 its board was formed by Emiri decree of the Ruler and chaired by him (Decree 13/2014), which suggests state appointment also before Dec 2023, but the 2023/24 board appointment instrument was not found. Owner of the pre-2023 for-profit entity not documented. Band agree: 82,330.50 = 45.0% of GDP pc 2023; min 36,524.25 = 20.0% (moderate), max 128,136.75 = 70.0%: band_unstable yes; midpoint far above 25% (not re-opened). 2024/25 price 78,461.75 = 42.5% of GDP pc 2024, high (VAT zero-rating from 2024/25 as drafted; not re-opened; any value between the drafted schedules is high). Aid not re-checked. Enrolment not spot-checked."
ARE-ADU,V031,agree,agree,"ARE-ADU-S02/S03 (ADU 2023-24 fee PDF, Wayback 2024-05-06, re-opened, all undergraduate rates re-read); ARE-ADU-S01 (Amanat press release 2022, re-opened); ARE-ADU-V031-P01 (ADU fee PDF Arabic, 2024-25, Wayback 2025-04-18, new); Wayback CDX of the ADU fee-PDF folder",,none_needed,"Control agree: private_forprofit (legal_form) - Amanat press release: NEMA Holding 'formerly Abu Dhabi University Holding Company' is Amanat's 'portfolio company'; ownership in 2023/24 not re-checked. Band agree but near the cut-off: headline 51,371.25 = 28.06% of GDP pc 2023 (cut-off 25% = 45,769; margin 5,602 AED, about 11%); min 39,480 = 21.6% (moderate) and max 63,262.50 = 34.6% -> band_unstable yes. Rates re-read: Abu Dhabi campus 'Arts & Sciences 1540 ... Health Sciences 1985 ... Law 1540'; Al Ain 'Arts & Sciences 1230 ... Health Sciences 1985'; 'Student Services 350 175'; 'The above fees are subject to VAT 5% excluding the Accommodation and the transportation fees.' The band would fall to moderate only if the annual load were below about 26.7 credits at the midpoint rate; ADU programmes are 120-131 credits over 4 years, so 30 is conservative. Rates are charged by the college offering each course, so real programme costs mix rates; the midpoint rule is applied as written. The per-semester 'Healthcare Services' charge (110 Abu Dhabi / 50 Al Ain) appears to be charged to all students; the collector excluded it as health-related (including it adds at most 231/yr; no band effect) - coordinator may prefer to include it as a compulsory fee. Aid not re-checked. NEW: a 2024/25 schedule exists (Arabic PDF, V: 092024, 'للعام الدراسي 2025-2024'): undergraduate rates and fees identical to 2023/24 -> price correction proposed in data/prices/checks/corrections_V031.csv. Enrolment: none (ADU blocked; not re-tried)."
OMN-SQU,V031,agree,agree,"OMN-SQU-S05 (HEAC Student Guide 2023/24, Wayback, p.43 rendered and read; also full-text search of all 154 pages for 'رسوم'/'مجان'); OMN-SQU-CV031-01 (ONA/Al-Sahwa report on Afaq, March 2025); Oman Basic Statute 2021 art. 16 (qanoon.om, no free-tuition clause)",,none_needed,"Control agree (SQU Law RD 71/2006: state-created legal person; council chaired by the Minister with Cabinet-appointed members; not re-opened). Band agree: free (0). Collector point: still no document stating verbatim that HEAC-admitted Omani students pay no tuition at SQU. The HEAC 2023/24 guide's SQU table (p.43, read visually) lists only allowances under 'الدعم المالي' and no fee; a full-text search of the guide finds 'رسوم' only in scholarship and private-HEI contexts. Added indirect evidence: the March 2025 ONA report is headed 'لأول مرة.. فرص تعليمية بنظام الرسوم الدراسية في جامعة السلطان قابوس' (for the first time, fee-based places at SQU). The Basic Statute (2021) art. 16 guarantees access to higher education on merit but does not state it is free (not used). Aid agree: p.43 'المعونة المالية المخصصة لطلبة الضمان الاجتماعي (40 ريال عماني)' and 'معونة الدخل المحدود للطلبة المستحقين لها (35 ريال عماني)' -> govt_cash yes (social-security and limited-income students); inst_cash unknown agree. 2025/26: Afaq facts - the report says Afaq seats are added 'دون المساس بعدد المقاعد المخصصة التي يتنافس عليها الطلبة العُمانيون من خلال مركز القبول الموحد', at most 300 seats for international and Omani students together, excluding the College of Medicine and Health Sciences, with Omanis applying through HEAC. This supports treating Afaq as a separate parallel track (D062/D039): fee places are added, not a rationing of free places. The collector's '150 Omani seats' figure was not re-verified. Enrolment not spot-checked."
OMN-DU,V031,agree,agree,"OMN-DU-S07 (DU fees page, Wayback 2024-02-24, re-opened); OMN-DU-S08 (DU Undergraduate Academic Regulations 2024, re-opened: fee table and credit load); DU FAQ (Wayback 2023-11-18, enrolment)",,none_needed,"Control agree (private_nonprofit, legal_form; not re-opened). Band agree but near the cut-off: 2,100 = 25.97% of GDP pc 2023 (25% cut-off = 2,021 OMR; margin 79 OMR, about 4%). Fees page: '70 Omani Riyals for each credit hour taken in the fall, spring and summer semesters for all day programs.' Regulations: 'All Undergraduate Programs as existed in 2023/2024 OMR 70'; 'A full-time student should register for not less than 12 credits and not more than 15 credits (18 for engineering and Law students) in any regular (Fall and Spring) semester.' The 30-credit annualisation uses the top of the non-engineering range; at 29 credits or fewer per year the row would be moderate (2,030 at 29 is 25.1%; 28 -> 24.2%). Pointing the other way: engineering/law allow 18 credits, and the regulations state tuition 'do not include books, transportation or registration fees' - a registration fee exists but its amount was not found, so the headline is a lower bound. Band kept high; flag as threshold-sensitive (row is effectively on the 25% line and should be listed in the sensitivity notes). Aid: govt_fee no / govt_cash yes as drafted (HEAC guide p.48 read visually: BS scholarships 'مخصصة لجميع الطلبة'; 'يمكن لطلبة الضمان الاجتماعي التقدم لهذه البرامج ، مع بقاء حصولهم على المخصص الشهري'). Caveat on govt_cash for all six private Omani rows: the guide does not say whether 'المخصص الشهري' is a student allowance or the family's social-security benefit; if it is the family welfare benefit, it is not a higher-education grant and govt_cash would be unknown. Not changed. 2025/26 price 3,900 (with MD) = 50.8% of GDP pc 2025; 2,100 alone = 27.4%: high either way, agree. Enrolment spot-check agree: FAQ 'How many students are there at DU? DU has around 5000 students.' (approximate, all levels)."
OMN-UNIZWA,V031,unresolved,agree,"OMN-UNIZWA-S01 (About UoN, re-opened); OMN-UNIZWA-CV031-01 (Chancellor's message, establishment under RD 41/99 on private universities); UoN board page (re-opened, no appointment clause); Ministerial Decision 1/2004 establishing UoN (qanoon.om page opened; the PDF is behind a JavaScript/cookie check - not bypassed; decree.om translation behind a subscription - not opened)",Board appointment mechanism not documented; the board is chaired by the 'Representative of His Majesty the Sultan' and includes serving officials.,unresolved,"Control: the private legal form is supported - established by Ministerial Decision 1/2004 'as an execution of his Majesty Royal Decree number 41/99 in relation to private universities'; self-description 'faculty governed not-for-profit private university'; MoHERI lists it as Private. Whether the State appoints a majority of the board (which would make it public under D041) is still not documented; the instrument appointing the chair ('Representative of His Majesty the Sultan') and members was not found. Main coding private_nonprofit can stand; the row should be counted in the 'unresolved counted as public' sensitivity. No correction proposed. Band agree: 2,850 = 35.25% of GDP pc 2023; min 2,490 = 30.8% - high throughout (fee pages not re-opened). 2025/26 price 3,120 = 40.7% of GDP pc 2025, agree. Aid as drafted (see OMN-DU note on the monthly-allowance caveat). Enrolment not spot-checked."
OMN-SOHAR,V031,agree,agree,"OMN-SOHAR-S01/S04 (SU Annual Report 2022-23, re-opened: ownership sentence and p.16-17 student profile); OMN-SOHAR-S06 (fees structure, arithmetic re-checked from the draft quote)",,none_needed,"Control agree: 'SU is owned by the Oman Education and Training Investment Company' (annual report 2022-23) - private; for-profit follows from the investment-company owner (listing not verified). Band agree; annualisation question: programme total / 4 years (2,194.5-2,771, midpoint 2,482.75 = 30.71% of GDP pc 2023) is the average annual charge over the standard 4-year plan and is consistent with protocol §4 (annualise by the institution's charged periods and standard duration); first-year-only rates (1,908-2,412, midpoint 2,160 = 26.7%) are also high, so the choice does not move the band. Engineering arithmetic checked: 18x134 + 19x134 + 16x161 + 16x161 = 10,110. Minimum 2,194.5 = 27.1% - high throughout. 2025/26 price 2,505.25 = 32.7% of GDP pc 2025, agree. Aid as drafted (see OMN-DU caveat). Enrolment spot-check agree with the figure as derived: the report's bar chart gives FB 1357, FCIT 832, FEA 2434, FE 735, FLS 483, FL 501, GFP 1189 (sum 7,531, AY 2022-2023, includes foundation), 'Undergraduate 91% Postgraduate 9%'."
OMN-NUST,V031,agree,agree,"OMN-NUST-S01/S02 (NU history and founders pages, via draft quotes); web search for the owning company (no official register found; MoHERI 'Study in Oman' profile returned a server error)",,none_needed,"Control agree that NU is not public (private, established under the private-university regime; MoHERI lists it as Private). The for-profit vs not-for-profit subtype remains undocumented - private_forprofit is provisional; it does not affect the public share. Band agree: 5,875 = 72.7% of GDP pc 2023 (min 3,150 = 39.0%), high by a wide margin (schedule not re-opened). 2025/26 price 5,901.5 = 76.9% of GDP pc 2025, agree. Aid as drafted (see OMN-DU caveat). Enrolment not spot-checked."
OMN-GUTECH,V031,agree,agree,OMN-GUTECH-S01 and S04 (draft quotes reviewed; not re-opened),,none_needed,"Control agree: established by Oman Educational Services L.L.C., 'a limited liability company' founded by private investors - private_forprofit (legal_form) is consistent. Band agree: 5,640 = 69.8% of GDP pc 2023 (min 5,400 = 66.8%), high by a wide margin. 2025/26 price 5,640 = 73.5% of GDP pc 2025, agree. Aid as drafted (see OMN-DU caveat). Sources not re-opened because no value is near a cut-off. Enrolment not spot-checked."
OMN-ASU,V031,agree,agree,"OMN-ASU-S01 (About ASU, via draft quote); web search for the owning company (no official register found)",,none_needed,"Control agree that ASU is not public ('a private institution of higher education ... established in 2009 by Ministerial Decision (78/2009)'; MoHERI lists it as Private). For-profit vs not-for-profit remains undocumented - private_forprofit is provisional; no effect on the public share. Band agree: 2,550 = 31.5% of GDP pc 2023; min 2,100 = 26.0% (just above 25%), max 3,000 = 37.1% - the midpoint is not near the cut-off. 2025/26 price 2,550 = 33.2% of GDP pc 2025, agree. Aid: inst_fee/inst_cash no as drafted (policy AC0029 read by the collector from a 2025/26 version; the 2023/24 version was not read - 'no' rests on a nearest-year document). Enrolment not spot-checked."
KAZ-KAZNU,V032,agree,agree,"zakon.uchet.kz P1900000752 (Decree 752, item 23, re-opened); Bizmedia 2023-07-04 (2023 ranges); quota order 357 original wording (history 26.07.2023); Almaty social-assistance rules 2015 No 347 and 2023 No 73; Decree 116 (stipend rules); univision.kz Wayback 2024-09-15 (enrolment); welcome.kaznu.kz fee page (2025/26 citizen schedule not listed)",govt_cash_aid: no -> yes (Almaty municipal means-tested student allowance),correction_proposed,"Control agree: Decree 752 item 23 converts the republican state enterprise into an NAO with 100% state participation; the Ministry holds the shares (item 4) -> public, ownership. Band agree: Bizmedia (July 2023) independently reports 1,000,000-1,600,000, matching the draft; midpoint 1,300,000 = 22.1% of GDP pc 2023 (5,875,144) -> moderate; the 25% cut-off (1,468,786) would need a midpoint 13% higher. No compulsory fee found. Aid: the 2023 original wording of quota order 357 (the collector read only the 2024/2025 wording) also has no household-income category, so national grant quotas are not means-tested; govt_fee_aid stays unknown (regional akimat grants for students from other regions not verified; Almaty rules have no tuition clause). govt_cash_aid: Almaty city pays 10,000 KZT/month to students of Almaty universities from large families with excellent grades and household per-capita income <= 1 subsistence minimum (2015 rules p.20-1; 2023 rules p.22) -> yes (narrow). inst aid unknown (not re-searched). Enrolment spot-check agree: capture shows ""Бакалавриат - 17586"" (aggregator, year inferred)."
KAZ-ENU,V032,agree,agree,"zakon.uchet.kz P1900000752 (item 6); Bizmedia 2023-07-04; Astana social-assistance rules V17AZ001149 (history 09.08.2023); nur.kz 2022-08-02 and 2024-07-10 (same scheme, WebFetch); baq.kz 2018; quota order 357 original wording; Decree 116",govt_fee_aid: unknown -> yes (Astana municipal tuition payment with household-income test),correction_proposed,"Control agree (NAO, 100% state, Decree 752 item 6; public, ownership). Band agree: Bizmedia (July 2023) reports 1,020,000-1,240,000, identical to the draft; midpoint 1,130,000 = 19.2% -> moderate, far from both cut-offs. Aid: Astana city rules (wording in force 09.08.2023) pay the actual cost of full-time study at Astana universities for Astana school graduates in listed categories with household per-capita income <= 4 subsistence minima, every year of study -> govt_fee_aid yes (local government; narrow; no share found). govt_cash_aid no agreed (state stipend is performance-based; the Astana rules have no student cash clause). inst_fee_aid no accepted as coded (discount table not re-opened). Enrolment not spot-checked (live aggregator page, year unknown, as flagged by the collector)."
KAZ-SATBAYEV,V032,agree,agree,"zakon.uchet.kz P1400001330 (Decree 1330, re-opened); Bizmedia 2023-07-04; Satbayev development programme 2023 (zakon.uchet.kz P2300000401, social section); quota order 357 original wording; Almaty rules 2015/2023",govt_cash_aid: no -> yes (Almaty municipal allowance),correction_proposed,"Control agree: Decree 1330 p.1 creates NAO KazNITU with 100% state participation; board elected by the Sole Shareholder (collector source) -> public, ownership_and_appointment. Band agree: Bizmedia reports 799,100-1,004,700, identical to the draft; midpoint 901,900 = 15.4% -> moderate. The 2023 development programme lists a 2.5 MRZP back-to-school payment to large/low-income families, but it is part of the staff social package, not student aid (not coded). govt_cash_aid yes via the Almaty rule (as KAZ-KAZNU). inst_fee_aid unknown agreed (discounts for socially vulnerable groups without an explicit income test). Enrolment not spot-checked."
KAZ-ABAI,V032,agree,agree,"zakon.uchet.kz P1900000752 (item 25); abiturient.abaiuniversity.edu.kz bacelor.php Wayback 2023-08-11 and page=1,2,3,9 captures 2023-10-04; Bizmedia 2023-07-04; quota order 357 original wording; Almaty rules 2015/2023","2023/24 components (draft uses the 2024/25 schedule 900,000-1,130,000; 2023/24 was 816,656-1,121,098); govt_cash_aid no -> yes",correction_proposed,"Control agree (Decree 752 item 25; public, ownership). Band agree: collector point resolved - the official admissions site archived in Aug/Oct 2023 shows 816,656 (teacher training, special pedagogy) and 933,121 (natural sciences, IT, regional studies) per year; Bizmedia (4 July 2023) gives 816,656-1,121,098. Midpoint 968,877 = 16.5% of GDP pc 2023 (draft 17.3%) -> moderate either way; the minimum alone is 13.9%. Corrections proposed to components, year and confidence. govt_cash_aid yes via the Almaty rule. inst_fee_aid no agreed (July 2023 discount list is categorical). Enrolment not spot-checked."
KAZ-KAZNARU,V032,agree,agree,"adilet.zan.kz P1500000659 via Wayback 2016-10-07 (Decree 659 full text, curl; direct zakon.uchet.kz curl timed out); kaznaru.edu.kz/ru/news/8610 (re-opened, curl); univision.kz Wayback 2025-05-18 (enrolment); inbusiness.kz 2024-06-02; quota order 357 original wording; Almaty rules 2015/2023",govt_cash_aid: no -> yes (Almaty municipal allowance),correction_proposed,"Control agree, with a clarification (collector point resolved; decree read verbatim via a Wayback capture, not only WebFetch): Decree 659 p.3.1 converts the republican state enterprise into NAO KazNARU with 100% state participation, and p.5.2 transfers 100% of its shares into the charter capital of NAO National Agrarian Scientific-Educational Centre, itself 100% state-owned with the state shares held by the Ministry of Agriculture (p.1, p.6.3). KazNARU is therefore state-owned indirectly through a wholly state-owned holding -> public, ownership (notes should say indirect). Later changes of shareholder not checked. Band agree: official announcement to 2023 applicants reads verbatim ""Стоимость обучения на все образовательные программы – 650 000 тенге"" -> 11.1% of GDP pc 2023; 11% above the 10% cut-off (587,514), uniform, official -> moderate. govt_cash_aid yes via the Almaty rule. ENROLMENT spot-check: capture confirms ""Бакалавриат - 2858"" and ""Специалитет - 970"" (total 4,117). The low figure is partly because 5-year specialist first-degree programmes (e.g. veterinary) are listed separately; I recommend 3,828 (bachelor + specialitet, both first-degree) or flagging the row. inbusiness.kz (2 June 2024, citing QS) gives 6.6 thousand students in total incl. 943 foreign, which suggests the aggregator may undercount; no official count found (1 search)."
KAZ-SKU,V032,agree,disagree,zakon.uchet.kz P1900000752 (item 18); newtimes.kz 2023-07-10; auezov.edu.kz tuition page and student guides 2022-23 and 2026-27 (no amounts); Wayback CDX of auezov.edu.kz 2023-2024 (no price file); Shymkent social-assistance rules 2019 No 47/369-6c (final wording); quota order 357 original wording; Decree 116,"Band moderate -> low_moderate (2023/24 price 550,000, not 625,000)",correction_proposed,"Control agree (Decree 752 item 18; public, ownership). Band disagree: NewTimes.kz (10 July 2023, overview of Shymkent universities for 2023 applicants) states ""Стоимость года обучения бакалавриата составляет 550 тыс тенге""; 550,000 = 9.36% of GDP pc 2023 -> low_moderate. The draft figure (625,000, vipusknik.kz 2024) is a 2024/25 price (10.64% on GDP 2023; 9.42% on GDP 2024). Both sources are secondary; no official schedule found (payment pages empty; the student guide says the fee is set annually by the head of the institution, without amounts). The row is within 7% of the 10% cut-off, so it is band-sensitive and should be flagged. Aid: Shymkent city rules in force in 2023/24 contain no student or tuition provision (full text searched); national quotas have no income category; govt_fee_aid stays unknown only because regional akimat grants for students from other regions were not verified. Enrolment not spot-checked."
UZB-NUUZ,V033,agree,agree,"UZB-NUUZ-S01 (PP-61), UZB-NUUZ-S06, UZB-NUUZ-S07, 2021/22 national table (tsue.uz PDF), UZB-NUUZ-CV033-01..04",no,none_needed,"Control public on ownership agreed: PP-61 (lex.uz Wayback 2024-06-12, Russian) re-opened; the institution is listed in Appendix 1 and financially autonomous state HEIs 'являются государственной организацией — получателем бюджетных средств со статусом юридического лица'; control_basis ownership correct; govt_dependent_flag no. Band: national 2023/24 base amounts re-checked against the 2021/22 national table (same amounts: 6,412,610 / 7,091,940 / 7,771,270 / 9,129,930 / 9,809,260), frozen in 2022/23 and 2023/24 'jumladan, moliyaviy mustaqillik berilgan' HEIs (Ministry statements via gazeta.uz 27.08.2022 and the NUUz/TSTRU channels 05.09.2023). 25% of GDP per capita 2023 = 8,847,997 UZS. Aid: Yoshlar daftari (CM 312, para. 35, 8-ILOVA incl. 'Оиласи кам таъминланган талаба') re-opened -> govt_fee_aid yes; girls' special stipend (para. 10-2) re-opened: household means test (Unified Social Protection Register) plus all-excellent grades -> counts under D046 (not merit-only); funder govt under D036 (national rule; Student Incentive Fund = 10% of budgeted state stipend funds + 2% of planned contract revenue, so co-financed; flag). inst_fee_aid/inst_cash_aid unknown accepted (not searched further). D032/one-off charges: none found. NUUZ: 6,412,610-9,809,260, midpoint 8,110,935 = 22.9% moderate (8.3% below the cut); max 27.7% high -> band_unstable yes. Own 2023/24 schedule still not found, but NUUz's own channel republished the national 2023/24 base table (post 8301) and its 2024/25 list equals the national base. Caveat: TSUL (another autonomous university) charged 18,522,000 in 2023/24, so not every autonomous HEI used the base; if NUUz had charged more than 1.09x base the row would be high. Keep low confidence. Enrolment: no figure in draft (not found by collector)."
UZB-SAMSU,V033,agree,agree,"UZB-SAMSU-S01 (PP-61), UZB-SAMSU-S05, UZB-SAMSU-S06, UZB-SAMSU-CV033-01..02; SamDU channel search (t.me/s/samdu_uz?q=kontrakt: no 2023 results)",no,none_needed,"Control public on ownership agreed: PP-61 (lex.uz Wayback 2024-06-12, Russian) re-opened; the institution is listed in Appendix 1 and financially autonomous state HEIs 'являются государственной организацией — получателем бюджетных средств со статусом юридического лица'; control_basis ownership correct; govt_dependent_flag no. Band: national 2023/24 base amounts re-checked against the 2021/22 national table (same amounts: 6,412,610 / 7,091,940 / 7,771,270 / 9,129,930 / 9,809,260), frozen in 2022/23 and 2023/24 'jumladan, moliyaviy mustaqillik berilgan' HEIs (Ministry statements via gazeta.uz 27.08.2022 and the NUUz/TSTRU channels 05.09.2023). 25% of GDP per capita 2023 = 8,847,997 UZS. Aid: Yoshlar daftari (CM 312, para. 35, 8-ILOVA incl. 'Оиласи кам таъминланган талаба') re-opened -> govt_fee_aid yes; girls' special stipend (para. 10-2) re-opened: household means test (Unified Social Protection Register) plus all-excellent grades -> counts under D046 (not merit-only); funder govt under D036 (national rule; Student Incentive Fund = 10% of budgeted state stipend funds + 2% of planned contract revenue, so co-financed; flag). inst_fee_aid/inst_cash_aid unknown accepted (not searched further). D032/one-off charges: none found. SAMSU: 6,412,610-9,809,260, midpoint 8,110,935 = 22.9% moderate; band_unstable yes. SamSU's own 2023/24 schedule not found; the national base assumption is supported by the freeze statements but remains an assumption (low confidence). Enrolment: none in draft."
UZB-TIIAME,V033,agree,agree,"UZB-TIIAME-S01, UZB-TIIAME-S07, UZB-TIIAME-S08, UZB-TIIAME-CV033-01 (F-31), UZB-TIIAME-CV033-02; enrolment page (Wayback 2024-03-04)","yes (figures only, band unchanged)",correction_proposed,"Control public on ownership agreed: PP-61 (lex.uz Wayback 2024-06-12, Russian) re-opened; the institution is listed in Appendix 1 and financially autonomous state HEIs 'являются государственной организацией — получателем бюджетных средств со статусом юридического лица'; control_basis ownership correct; govt_dependent_flag no. Band: national 2023/24 base amounts re-checked against the 2021/22 national table (same amounts: 6,412,610 / 7,091,940 / 7,771,270 / 9,129,930 / 9,809,260), frozen in 2022/23 and 2023/24 'jumladan, moliyaviy mustaqillik berilgan' HEIs (Ministry statements via gazeta.uz 27.08.2022 and the NUUz/TSTRU channels 05.09.2023). 25% of GDP per capita 2023 = 8,847,997 UZS. Aid: Yoshlar daftari (CM 312, para. 35, 8-ILOVA incl. 'Оиласи кам таъминланган талаба') re-opened -> govt_fee_aid yes; girls' special stipend (para. 10-2) re-opened: household means test (Unified Social Protection Register) plus all-excellent grades -> counts under D046 (not merit-only); funder govt under D036 (national rule; Student Incentive Fund = 10% of budgeted state stipend funds + 2% of planned contract revenue, so co-financed; flag). inst_fee_aid/inst_cash_aid unknown accepted (not searched further). D032/one-off charges: none found. TIIAME: F-31 (15.06.2023) lists Yurisprudensiya with 10 state-grant places at TIIAME-NRU for 2023/24, so the range should include the national law base: 6,412,610-9,809,260, midpoint 8,110,935 = 22.9% moderate (draft 7,771,270 = 22.0%); band unchanged; band_unstable yes (max 27.7% high). Enrolment spot-check: Wayback capture confirms 'Jami talabalar soni | 5488 | bakalavriat | 4755 | magistratura | 333'; measure undergraduate headcount; year not stated (capture 2024-03-04), as flagged by the collector. Only UZB institution with an enrolment value, so a second UZB spot-check was not possible."
UZB-TSTU,V033,agree,agree,"UZB-TSTU-S01, UZB-TSTU-S05, UZB-TSTU-S06, UZB-TSTU-CV033-01 (F-31), UZB-TSTU-CV033-02; tdtu_uz Telegram search (no 2023 results)",no,none_needed,"Control public on ownership agreed: PP-61 (lex.uz Wayback 2024-06-12, Russian) re-opened; the institution is listed in Appendix 1 and financially autonomous state HEIs 'являются государственной организацией — получателем бюджетных средств со статусом юридического лица'; control_basis ownership correct; govt_dependent_flag no. Band: national 2023/24 base amounts re-checked against the 2021/22 national table (same amounts: 6,412,610 / 7,091,940 / 7,771,270 / 9,129,930 / 9,809,260), frozen in 2022/23 and 2023/24 'jumladan, moliyaviy mustaqillik berilgan' HEIs (Ministry statements via gazeta.uz 27.08.2022 and the NUUz/TSTRU channels 05.09.2023). 25% of GDP per capita 2023 = 8,847,997 UZS. Aid: Yoshlar daftari (CM 312, para. 35, 8-ILOVA incl. 'Оиласи кам таъминланган талаба') re-opened -> govt_fee_aid yes; girls' special stipend (para. 10-2) re-opened: household means test (Unified Social Protection Register) plus all-excellent grades -> counts under D046 (not merit-only); funder govt under D036 (national rule; Student Incentive Fund = 10% of budgeted state stipend funds + 2% of planned contract revenue, so co-financed; flag). inst_fee_aid/inst_cash_aid unknown accepted (not searched further). D032/one-off charges: none found. TSTU: collector question resolved - Iqtisodiyot (5 places) and Menejment (5 places) had state-grant places in 2023/24 (F-31), so 6,412,610-9,129,930 stands; midpoint 7,771,270 = 22.0% moderate; max 25.8% high -> band_unstable yes. TSTU's own 2023/24 schedule not found. Enrolment: none in draft."
UZB-TSTRU,V033,agree,agree,"UZB-TSTRU-S01, UZB-TSTRU-S05, UZB-TSTRU-S06, UZB-TSTRU-CV033-01, UZB-TSTRU-CV033-02 (F-31); transport_abituriyent posts 2221, 2229-2238",no,none_needed,"Control public on ownership agreed: PP-61 (lex.uz Wayback 2024-06-12, Russian) re-opened; the institution is listed in Appendix 1 and financially autonomous state HEIs 'являются государственной организацией — получателем бюджетных средств со статусом юридического лица'; control_basis ownership correct; govt_dependent_flag no. Band: national 2023/24 base amounts re-checked against the 2021/22 national table (same amounts: 6,412,610 / 7,091,940 / 7,771,270 / 9,129,930 / 9,809,260), frozen in 2022/23 and 2023/24 'jumladan, moliyaviy mustaqillik berilgan' HEIs (Ministry statements via gazeta.uz 27.08.2022 and the NUUz/TSTRU channels 05.09.2023). 25% of GDP per capita 2023 = 8,847,997 UZS. Aid: Yoshlar daftari (CM 312, para. 35, 8-ILOVA incl. 'Оиласи кам таъминланган талаба') re-opened -> govt_fee_aid yes; girls' special stipend (para. 10-2) re-opened: household means test (Unified Social Protection Register) plus all-excellent grades -> counts under D046 (not merit-only); funder govt under D036 (national rule; Student Incentive Fund = 10% of budgeted state stipend funds + 2% of planned contract revenue, so co-financed; flag). inst_fee_aid/inst_cash_aid unknown accepted (not searched further). D032/one-off charges: none found. TSTRU: collector question resolved - Yurisprudensiya (xalqaro transport huquqi), Iqtisodiyot, Menejment, accounting and marketing had state-grant places in 2023/24 (F-31), so 6,412,610-9,809,260, midpoint 8,110,935 = 22.9% moderate stands; band_unstable yes. TSTRU's admissions channel posted the Ministry freeze statement (2231) and the super-contract multipliers (2238) but no TSTRU-specific table was found. Enrolment: none in draft."
UZB-TSUE,V033,agree,agree,"UZB-TSUE-S01, UZB-TSUE-S07, UZB-TSUE-S08, UZB-TSUE-CV033-01 (F-31); TSUE 2025/26 PDF",no,none_needed,"Control public on ownership agreed: PP-61 (lex.uz Wayback 2024-06-12, Russian) re-opened; the institution is listed in Appendix 1 and financially autonomous state HEIs 'являются государственной организацией — получателем бюджетных средств со статусом юридического лица'; control_basis ownership correct; govt_dependent_flag no. Band: national 2023/24 base amounts re-checked against the 2021/22 national table (same amounts: 6,412,610 / 7,091,940 / 7,771,270 / 9,129,930 / 9,809,260), frozen in 2022/23 and 2023/24 'jumladan, moliyaviy mustaqillik berilgan' HEIs (Ministry statements via gazeta.uz 27.08.2022 and the NUUz/TSTRU channels 05.09.2023). 25% of GDP per capita 2023 = 8,847,997 UZS. Aid: Yoshlar daftari (CM 312, para. 35, 8-ILOVA incl. 'Оиласи кам таъминланган талаба') re-opened -> govt_fee_aid yes; girls' special stipend (para. 10-2) re-opened: household means test (Unified Social Protection Register) plus all-excellent grades -> counts under D046 (not merit-only); funder govt under D036 (national rule; Student Incentive Fund = 10% of budgeted state stipend funds + 2% of planned contract revenue, so co-financed; flag). inst_fee_aid/inst_cash_aid unknown accepted (not searched further). D032/one-off charges: none found. TSUE: 7,091,940-9,809,260, midpoint 8,450,600 = 23.9% moderate (4.5% below the cut); band_unstable yes. F-31 shows TSUE also had Professional ta'lim in 2023/24; if priced in the pedagogy category (6,412,610) the midpoint falls to 8,110,935 (22.9%) - moderate either way (note only, no value change). Enrolment: none in draft."
KGZ-AUCA,V033,agree,agree,"KGZ-AUCA-S03, KGZ-AUCA-S04 (Wayback captures re-opened), https://www.auca.kg/en/tuition_payment/, https://auca.kg/en/tuition_fees_payment/, KGZ-AUCA-CV033-01..02; 2 web searches",yes (currency/amount; band unchanged),correction_proposed,"Control private_nonprofit accepted on legal_form: trustees page and OSI/USAID endowment history as cited; no state appointee or state ownership seen; exact legal form still not read in a charter or registry (not resolved in budget). govt_dependent_flag no (no per-student state teaching funds found). Band: exchange-students capture of 2023-12-01 confirms 'Tuition for all exchange students will be the same as for AUCA undergraduate students: $2,850 per semester.' No current bachelor fee schedule found: the tuition_payment page says fees 'are established by an official AUCA order for each academic year' without an amount; the summer-school page gives only per-credit summer rates. Converted: 5,700 x 87.8561255862776 = 500,780 KGS (WDI 2023); ratio 266.6% -> high; any plausible list price is high. Aid: Resolution 355 (30.06.2022) read via the cbd.minjust.gov.kg JSON API (the page itself is a JavaScript application): it repealed Decree 256 of 2011 (the collector's source); the 2023 admission procedure (edition 28.02.2023) sets categorical grant quotas (disability, orphans, ethnic Kyrgyz, victims' children, kairylman; point 52) and a regional split of the grant competition (Instruction point 1), with no household-income criterion -> govt_fee_aid no / govt_cash_aid no confirmed (fee not_applicable at MANAS). inst_fee_aid yes accepted ('Скидка предоставляется с учетом материального положения студента'; 'financial aid based on financial need'); no means-tested share. Enrolment: none in draft."
KGZ-KSTU,V033,agree,agree,"KGZ-KSTU-S02/S03/S04 (2023-2024 PDF re-downloaded; pp. 6 and 13 rendered), KGZ-KSTU-CV033-01..04",no,none_needed,"Control public on ownership accepted (state university reorganised by Cabinet Resolution 414/2022; special status). Band: p. 13 rendered: the five 'Экс.у/п' specialist programmes at 120,000 are in the citizens full-time column (foreign rate 130,500); two are listed as regular specialist programmes in KSTU's admissions guide (Kaktus.media, 2026/27) -> regular first-degree programmes for citizens, kept under the §4 outlier rule. 31,800-120,000, midpoint 75,900 = 40.4% high; band_unstable yes (min 16.9% moderate). Sensitivity: excluding all experimental rows (also a 100,000 Game development row on p. 8 not mentioned by the collector) the max is 65,100 (Software engineering, p. 6, citizens, course I) and the midpoint 48,450 = 25.8% -> still high, but only 0.8 points above the cut. Aid: Resolution 355 (30.06.2022) read via the cbd.minjust.gov.kg JSON API (the page itself is a JavaScript application): it repealed Decree 256 of 2011 (the collector's source); the 2023 admission procedure (edition 28.02.2023) sets categorical grant quotas (disability, orphans, ethnic Kyrgyz, victims' children, kairylman; point 52) and a regional split of the grant competition (Instruction point 1), with no household-income criterion -> govt_fee_aid no / govt_cash_aid no confirmed (fee not_applicable at MANAS). inst_fee_aid no / inst_cash_aid unknown accepted (not re-opened). Enrolment: none in draft."
KGZ-KNU,V033,agree,agree,"KGZ-KNU-S02 (knu.kg archives/1170), KGZ-KNU-S03/S04 (2023-2024 PDF re-downloaded, pp. 1 and 16 rendered, citizen bachelor sections scanned by script), KGZ-KNU-S06 (Naryn list rendered), KGZ-KNU-CV033-01..02",no,none_needed,"Control public on ownership agreed: knu.kg archives/1170 states the founder is the Government via the Ministry of Education and Science. Band: citizen full-time bachelor 1st-course prices 31,000-46,500 confirmed (46,500 = Kyrgyz-European Faculty, p. 16; no higher citizen daytime bachelor price found by a script scan); midpoint 38,750 = 20.6% moderate; max 24.75% (just under the high cut) so band_unstable no. Regional faculties: the Naryn list is issued for the 'гуманитарно-естественнонаучным факультетом КНУ им.Ж.Баласагына г.Нарын' and approved by the KNU rector - a regional faculty of the same legal entity, not a separate institution; including it (24,000-46,500, midpoint 35,250 = 18.8%) leaves the band moderate (coordinator choice; no value correction). Aid: Resolution 355 (30.06.2022) read via the cbd.minjust.gov.kg JSON API (the page itself is a JavaScript application): it repealed Decree 256 of 2011 (the collector's source); the 2023 admission procedure (edition 28.02.2023) sets categorical grant quotas (disability, orphans, ethnic Kyrgyz, victims' children, kairylman; point 52) and a regional split of the grant competition (Instruction point 1), with no household-income criterion -> govt_fee_aid no / govt_cash_aid no confirmed (fee not_applicable at MANAS). inst aid unknown accepted. Enrolment spot-check: archives/1170 confirms 'по программам высшего профессионального образования (бакалавриат, специалитет) — 13100 чел.' as of 01.01.2019 (undergraduate headcount, 2019 - old, correctly flagged)."
KGZ-KRSU,V033,agree,agree,"KGZ-KRSU-S01/S03/S04/S05 (order 163-P PDF re-downloaded from Wayback, pp. 1, 3-5 rendered), KGZ-KRSU-CV033-01..02",no,none_needed,"Control public (intergovernmental, D037) agreed: the letterhead of order 163-P names both the Kyrgyz Ministry of Education and Science and the Russian Ministry of Science and Higher Education and styles KRSU 'Государственное образовательное учреждение высшего профессионального образования'. Band: Appendix 1 rows 1-17 read visually: min 29,500 (row 17, other bachelor programmes of the Faculty of Architecture, Design and Construction), max 65,000 (row 14, Dentistry, 5 years); zaochnoe 26,000 and master's excluded. Midpoint 47,250 = 25.15% high - only 0.15 points above the cut; band_unstable yes (min 15.7% moderate, max 34.6% high). Sensitivity without Dentistry: 43,250 = 23.0% moderate. Aid: Resolution 355 (30.06.2022) read via the cbd.minjust.gov.kg JSON API (the page itself is a JavaScript application): it repealed Decree 256 of 2011 (the collector's source); the 2023 admission procedure (edition 28.02.2023) sets categorical grant quotas (disability, orphans, ethnic Kyrgyz, victims' children, kairylman; point 52) and a regional split of the grant competition (Instruction point 1), with no household-income criterion -> govt_fee_aid no / govt_cash_aid no confirmed (fee not_applicable at MANAS). inst aid unknown accepted. Enrolment: none in draft."
KGZ-MANAS,V033,agree,agree,"KGZ-MANAS-S02 (Wayback 2024-02-06 facts page re-opened), KGZ-MANAS-N060-P02/P03 (news 6696 and 6698 re-opened), KGZ-MANAS-CV033-01..02",no,none_needed,"Control public (intergovernmental, D037) accepted on the Erasmus+ overview listing of interstate universities; board composition not re-checked. Band free agreed: facts page capture 2024-02-06 'Оплата за обучение | Обучение бесплатное'. Aid: Resolution 355 (30.06.2022) read via the cbd.minjust.gov.kg JSON API (the page itself is a JavaScript application): it repealed Decree 256 of 2011 (the collector's source); the 2023 admission procedure (edition 28.02.2023) sets categorical grant quotas (disability, orphans, ethnic Kyrgyz, victims' children, kairylman; point 52) and a regional split of the grant competition (Instruction point 1), with no household-income criterion -> govt_fee_aid no / govt_cash_aid no confirmed (fee not_applicable at MANAS). inst_cash_aid yes accepted with caution: the Social Assistance Fund gives 'продовольственную и финансовую помощь' to needy students listed by curators, funded by staff donations and run by the university (D036); need is assessed informally (no household-income test stated) and only a current page exists (no 2022-2024 Wayback capture found), so the coordinator may prefer unknown. Enrolment spot-check: capture confirms 'Студенты (2022/2023 учебный год. 03.10.2022) | Бакалавриат – 4201 | Студенты-иностранцы – 503 (12%)'; undergraduate headcount, 2022/23, as drafted."
AZE-UNEC,V034,agree,agree,"AZE-UNEC-S01 (TKTA UNEC report p.4 and p.79-80: 'Azərbaycan Dövlət İqtisad Universiteti' Publik Hüquqi Şəxs; charter Cabinet Decision No 365 of 22 Aug 2019); AZE-UNEC-S02 (UNEC 2024/25 bachelor fee PDF, re-read: amounts 1,600-2,600 incl. part-time column; Maliyyə 2600, Kompüter elmləri 1900); AZE-UNEC-N059-P01 (Wayback 2025-10-15 admissions page, same 1,900-2,600); AZE-UNEC-S03 (insanoid 2023 compilation); Wayback CDX listing of unec.edu.az/application/uploads/2023/ (no 2023/24 bachelor fee file captured); AZE-UNEC-S08 (Cabinet Decision 38/2016 para 2.1, stipends by ÜOMG); edu.gov.az FAQ; AZE-UNEC-CV034-01 (MoSE '2023-2024 in numbers': 5,565 social loans); AZE-UNEC-CV034-02 (azedu.az Oct 2023 survey)",no,none_needed,"Control public (publik hüquqi şəxs created by the state; charter approved by Cabinet) confirmed; basis ownership_and_appointment accepted. Band: midpoint 2,250 = 18.6% of GDP pc 2023 -> moderate; robust to every variant found (2022/23 min 1,700 -> 2,150 = 17.7%; Zaqatala branch 1,200 in 2022/23 -> 1,900 = 15.7%; Modern.az Aug 2024 '2000-2500' -> 18.6%). No official 2023/24 UNEC bachelor schedule in the Wayback index (only 2022/23 foreign-student and 2024/25 files). No recurring compulsory fee found either. Aid: govt_fee_aid no and govt_cash_aid no confirmed (2020 Decision 138 limited to the 2020 semesters, extended only to spring 2020/21; stipends by ÜOMG; in 2023/24 the state channel for low-income students is the social student loan - 5,565 social TTK in 2023/24, a loan). Categorical exemptions (orphans, disability, IDPs) in the MoSE portal are not household-means-tested. inst_* unknown kept: UNEC told azedu.az (Oct 2023) only that late payers may pay in instalments before the exam (deferral, not aid); trade-union material aid is a separate body (D036). Enrolment not spot-checked for UNEC (done for BSU, ASOIU, KHAZAR)."
AZE-BSU,V034,agree,unresolved,"AZE-BSU-S01 (BSU charter, Cabinet Decision 172/2019: paras 1.1 public legal entity, 4.5 Ministry exercises founder powers, 4.7 Ministry approves Board of Trustees, 4.10 rector appointed by the President; 3.2.4 BSU may open branches); AZE-BSU-S02 (insanoid 22 Aug 2023: Law 4,500, Economics 3,000, IS and Psychology 2,100); AZE-BSU-S03 (Modern.az Aug 2024: 'ötən il ... 2000 manat' for teacher/science programmes); AZE-BSU-N059-P01 (Modern.az 11 Aug 2025); AZE-BSU-N059-P02 (Banker.az 5 Aug 2025: Qazax branch 1,500 in 2024/25); AZE-BSU-N059-P03 (Ölkə.az 9 Aug 2025); AZE-BSU-CV034-01 (TKTA BSU accreditation report p.56: Qazax branch director sits on BSU's Academic Council); AZE-BSU-CV034-02 (BSU Qazax branch faculty statute); AZE-BSU-CV034-03 (Modern.az 10 Aug 2026: Qazax branch 1,500-1,600 for 2026/27); TKTA BDU.PDF p.4 (enrolment)",yes,unresolved,"Control public (ownership_and_appointment) confirmed from the charter. Band: under the draft scope (Baku main campus only) the range 2,000-4,500 is confirmed to the band - min 2,000 (Modern.az 2024: 'ötən il illik təhsil haqqı 2000 manat olan ... müəllimliyi ... ixtisasların qiyməti bu il 2100 manat olacaq'), max 4,500 Law (insanoid 2023; unchanged in 2025) -> 3,250 = 26.8%, high. It only goes below the 25% cut (3,032 AZN) if min < 1,563. That depends on the Qazax branch. The branch is a filial of the same legal person, not a separate institution: the charter (3.2.4) lets BSU open branches, the branch director sits on BSU's Academic Council (TKTA report p.56), and the faculty statute calls it 'Bakı Dövlət Universitetinin Qazax filialı'. Its full-time teacher programmes cost 1,500 in 2024/25 (Banker.az) and 1,500-1,600 in 2026/27 (Modern.az 2026). If the branch enters the range (D040 reads 'the legal institution ... all its centres'), the 2023/24 min is at most 1,500 (the 2023/24 branch price itself was NOT found; fees did not fall in the documented years, so the value is inferred, not observed) -> midpoint <= 3,000 = <= 24.7%, moderate. The collector's exclusion is a rule choice not covered by the protocol; the band therefore depends on a coordinator/investigator decision on branches (the same issue affects UNEC Zaqatala, where it does not move the band). Recommend: set band_unstable = yes and record both variants; if branches are included, charge_min <= 1,500 and headline <= 3,000 (moderate). Aid codes agree (same national evidence as UNEC); inst_* unknown kept (not searched further). zero_pay share: the press secretary's 'orta hesabla 70 faizi dövlət sifarişi' (Ölkə.az Aug 2025) re-read; rightly not entered as a 2023/24 figure. Enrolment spot-check: 21,885 bachelor students confirmed at TKTA BDU.PDF p.4 ('Bakalavriat: 21885'); reference year is not printed (2022/23 inferred by the collector); whether it includes the Qazax branch is not stated."
AZE-ASOIU,V034,agree,agree,"AZE-ASOIU-S02 (Qafqazinfo 26 Jul 2024); AZE-ASOIU-S03 (insanoid 2023: IS 2,000, Economics 2,500); AZE-ASOIU-S04 (Modern.az 1 Aug 2024: 3,000 for several group II programmes in 2024/25); AZE-ASOIU-S05 (Wayback 2024-08-14 exemption page); AZE-ASOIU-N059-P01/P02; TKTA ADNSU report 28.11.2024 p.3 (enrolment); AZE-UNEC-CV034-02 (azedu.az Oct 2023)",no,none_needed,"Control public (ownership_and_appointment) accepted: the S01 self-evaluation was not re-downloaded, but the pattern (publik hüquqi şəxs, presidentially appointed rector, Ministry-approved board) is the same as in the BSU/BEU/AzTU charters opened. Band: 2,000-2,500 -> 2,250 = 18.6%; with the 3,000 press figure -> 2,500 = 20.6%; moderate either way. Reading of the dispute: insanoid (Aug 2023) gives ASOIU Economics 2,500 while Modern.az (Aug 2024) says Economics was 3,000 at ASOIU in 2024/25, so at least some group II fees rose in 2024/25 despite the 'no change' statement. The 3,000 figures are therefore 2024/25 evidence, not 2023/24 evidence; the draft's 2023/24 range is the better-supported one. inst_fee_aid no confirmed (exemption page: war veterans with disability only, 'universitetin büdcədənkənar vəsaiti hesabına' - categorical). Instalments before the exam session (azedu.az) are not aid. Enrolment spot-check: 14,965 bachelor confirmed at TKTA ADNSU report p.3; year not printed (collector says 2023/24 inferred) - acceptable, flag as inferred."
AZE-AZTU,V034,agree,agree,"AZE-AZTU-S01 (Cabinet Decision 214 of 19 Apr 2024 + charter: 4.4 founder powers by the Ministry except rector appointment, 4.6 Ministry approves Board of Trustees); AZE-AZTU-S02 (Ölkə.az 9 Aug 2025); AZE-AZTU-S04 (insanoid 2023: IS 2,100, Economics 2,100); AZE-AZTU-N059-P02 (Banker.az 1,700-2,100); AZE-UNEC-CV034-02 (azedu.az Oct 2023)",no,none_needed,"Control public confirmed: state university under the Ministry in 2023/24, reorganised into a publik hüquqi şəxs 'Azərbaycan Texniki Universitetinə çevrilmə yolu ilə' in Apr 2024. Band: 1,900-2,200 -> 2,050 = 16.9%; Banker's 1,700-2,100 -> 1,900 = 15.7%; moderate in all variants. AzTU told azedu.az (Oct 2023) that fees can be paid in instalments and that low-income students get a deferral on written request ('Aztəminatlı ailələrin üzvləri olan tələbələr ... möhlət verilir'). That is a deferral, not a reduction, so it does not count; inst_* unknown kept."
AZE-AZUAC,V034,agree,agree,"AZE-AZUAC-S01 (Report.az 10 Sep 2024); AZE-AZUAC-S02 (Qafqazinfo 26 Jul 2024: 2,000-2,500); AZE-AZUAC-S03 (insanoid 2023: IS 2,000, Economics 2,300); AZE-AZUAC-S04 / AZE-AZUAC-N059-P01 (Banker.az Aug 2025: English-taught Architecture 2,500; part-time 1,700); AZE-AZUAC-N059-P02 (Modern.az Aug 2024); AZE-AZUAC-CV034-01 (azedu.az Oct 2023)",no,none_needed,"Control public on ownership (state university before the Sep 2024 conversion to a public legal entity) accepted; board appointment for 2023/24 not documented, as the draft says. Band: 2,000-2,300 -> 2,150 = 17.7%; including the English-taught Architecture track (D039) 2,250 = 18.6%; moderate either way. Aid: AzUAC told azedu.az (Oct 2023) that fee-paying students may pay 50% at registration and the rest in instalments, and that the university asks alumni businessmen to pay fees for needy students ('ehtiyacı olan tələbələrin təhsil haqlarını ödənilməsi ilə bağlı müraciət göndərirlər'). This is ad hoc brokering of third-party payments without a documented means test or institutional scheme, so it is not coded as inst aid (D036 needs aid awarded under the institution's own rules). inst_* unknown kept and flagged."
AZE-BEU,V034,agree,agree,"AZE-BEU-S01 (BEU charter page: 1.1 public legal entity created by Presidential Order 2429 of 8 Nov 2016 under the Ministry of Education; 4.6 Ministry approves the Board of Trustees; 4.7 rector appointed by the President); AZE-BEU-S02 (insanoid 2023: IS 2,300, Economics 2,300); AZE-BEU-S03 (Banker.az 2024/25 group I 2,200-2,700); Modern.az 481602 (5 Aug 2024 BEU admissions article: no fees); Modern.az 481136 (Aug 2024: BEU Industrial management 2,300); Wayback CDX index of beu.edu.az (no fee page captured)",no,none_needed,"Control public confirmed (QS 'private' lead correctly overridden: BEU is a public legal entity created by Presidential order, with a presidentially appointed rector and a Ministry-approved board; ownership_and_appointment). Band: 2,200-2,700 -> 2,450 = 20.2%; with the 2019/20 finance figure 2,900 -> 2,550 = 21.0%. The band would change only if some full-time Azerbaijani/English programme cost >= 3,863, and no evidence of that was found. Group II 2023/24 prices remain undocumented, but the documented group II points (Economics 2,300 in 2023; Industrial management 2,300 in 2024/25) are low. The dual-diploma (ikili diplom) programme seen in BEU announcements, if separately priced, would fall under D039. Moderate agreed; not re-searched for inst aid."
AZE-KHAZAR,V034,disagree,agree,"AZE-KHAZAR-S01/S03/S04 (TKTA Khazar report: p.4 licence 'dövlət təhsil müəssisələri istisna olmaqla', bachelor 2,952; p.25 Qrafik 6 data 933/599; p.96 Board of Directors and Trustees; p.105-106 founder controls finances, state-order tuition paid by the Ministry under Decision 120/2010); AZE-KHAZAR-S05 (Qafqazinfo 2024: 4,000-5,000); AZE-KHAZAR-S06 (Modern.az 2024: Management 3,000); AZE-KHAZAR-S07 (Wayback 2023-03-22 fee-discount page); AZE-KHAZAR-N059-P01 (Ölkə.az 2025); AZE-KHAZAR-CV034-01 (Reportyor.az 26 Jan 2024: converted to an MMC); AZE-KHAZAR-CV034-02 (Banker.az 24 Nov 2023: same); AZE-KHAZAR-CV034-03 (Civil Code art. 43.5-43.6); en.wikipedia and studyinazerbaijan.edu.az (only 'private', no profit status)",yes,correction_proposed,"Control: private confirmed (founder Hamlet Isakhanli; licensed as a non-state institution; the founder controls finances). The draft's provisional private_nonprofit is contradicted: Khazar changed its organisational-legal form to a limited liability company (MMC). Banker.az 24 Nov 2023: 'təşkilati-hüquqi formasını dəyişərək Xəzər Universiteti MMC-yə çevrildiyini elan edir'; Reportyor.az 26 Jan 2024: 'Təhsil müəssisəsi Məhdud Məsuliyyətli Cəmiyyətə çevrilib'. Under the Civil Code (art. 43.5-43.6), commercial legal persons have profit as their main purpose, and non-commercial ones take the forms of public associations, foundations or unions of legal persons; an MMC is a business company. Proposed control = private_forprofit (legal_form) for 2023/24, since it held that form from Nov 2023. The pre-conversion legal form was not found. If it was non-commercial, the first months of 2023/24 fell under another form, so the coordinator may prefer to note the change. Primary registry evidence (tax-service reorganisation notice) was not found. Govt_dependent_flag yes confirmed: the Ministry pays state-order students' tuition to the university from the state budget ('Elm və Təhsil Nazirliyi tərəfindən bank hesabına köçürülür'); 599 of 933 = 64.2% of 2022/23 bachelor entrants (chart labels confirmed; pairing by order). Band: 4,000-5,000 -> 4,500 = 37.1%, high; with Management 3,000 -> 4,000 = 33.0%; high in all variants. Aid: inst_fee_aid no confirmed (discount list: entry score, staff children, siblings, martyrs' and Karabakh-disabled families, orphans, bereaved, World School/Khazar alumni; no household means test); inst_cash_aid unknown kept. Enrolment spot-check: 2,952 bachelor confirmed at TKTA report p.4."
